status,selected_side,stat,period,line,conditional_on_appearance,hat_m,expected_minutes,hat_p,g,mu,beta,bundle_hash,n_draws,seed,player_name,player_id,book,commence_time,quote_ts,feature_as_of,season_type,over_model_probability,over_raw_implied_probability,over_vig_free_probability,over_edge,over_ev,under_model_probability,under_raw_implied_probability,under_vig_free_probability,under_edge,under_ev,reason
PRICED,over,PTS,full_game,12.5,True,24.841453552246094,24.820706058119114,13.153303146362305,0.08412677494648925,13.237429921308793,0.5327606694856868,78bf92243997831090f4e81bdc0a5d4d7ba172f90b72e1ee43b198174beb3eea,4000,42,Reed Sheppard,1642263,Bovada,2026-02-11,2026-02-10 14:47:44,2026-02-10,Regular Season,0.5455,0.35714285714285715,0.3346265761396702,0.2108734238603298,0.5273999999999999,0.4545,0.7101449275362319,0.6653734238603297,-0.2108734238603297,-0.35998979591836733,
PRICED,over,PTS,full_game,13.5,True,22.980871200561523,23.18365704640076,13.551445007324219,-0.04473851957369768,13.50670648775052,0.4915060991395564,78bf92243997831090f4e81bdc0a5d4d7ba172f90b72e1ee43b198174beb3eea,4000,42,Keldon Johnson,1629640,Bovada,2026-02-11,2026-02-10 14:47:44,2026-02-10,Regular Season,0.4825,0.3225806451612903,0.30256012412723043,0.17993987587276955,0.4957499999999999,0.5175000000000001,0.7435897435897436,0.6974398758727697,-0.1799398758727696,-0.304051724137931,
PRICED,over,PTS,full_game,6.5,True,21.780101776123047,21.982887621962284,7.237109661102295,-0.006584975716871184,7.230524685385424,0.4915060991395564,78bf92243997831090f4e81bdc0a5d4d7ba172f90b72e1ee43b198174beb3eea,4000,42,Oso Ighodaro,1642345,Bovada,2026-02-11,2026-02-10 14:47:44,2026-02-10,Regular Season,0.55225,0.37037037037037035,0.34700315457413244,0.20524684542586757,0.49107500000000015,0.44775,0.696969696969697,0.6529968454258674,-0.20524684542586746,-0.35757608695652177,
PRICED,over,PTS,full_game,14.5,True,25.61603546142578,25.595287967298802,19.277191162109375,0.036710908544042395,19.313902070653416,0.5327606694856868,78bf92243997831090f4e81bdc0a5d4d7ba172f90b72e1ee43b198174beb3eea,4000,42,Franz Wagner,1630532,FanDuel,2026-02-12,2026-02-10 14:47:44,2026-02-10,Regular Season,0.75,0.504950495049505,0.4718423169750604,0.2781576830249396,0.4852941176470589,0.25,0.5652173913043478,0.5281576830249397,-0.2781576830249397,-0.5576923076923077,
PRICED,over,PTS,full_game,11.5,True,26.543115615844727,26.522368121717747,11.435935974121094,0.14697996836226443,11.582915942483359,0.5327606694856868,78bf92243997831090f4e81bdc0a5d4d7ba172f90b72e1ee43b198174beb3eea,4000,42,Jordan Goodwin,1630692,Bovada,2026-02-11,2026-02-10 14:47:44,2026-02-10,Regular Season,0.49475,0.3333333333333333,0.3125,0.18225000000000002,0.48425000000000007,0.50525,0.7333333333333333,0.6875,-0.18225000000000002,-0.3110227272727273,
PRICED,over,PTS,full_game,11.5,True,24.841453552246094,24.820706058119114,13.153303146362305,0.08412677494648925,13.237429921308793,0.5327606694856868,78bf92243997831090f4e81bdc0a5d4d7ba172f90b72e1ee43b198174beb3eea,4000,42,Reed Sheppard,1642263,Bovada,2026-02-11,2026-02-10 14:47:44,2026-02-10,Regular Season,0.60975,0.4166666666666667,0.39094650205761317,0.21880349794238685,0.46340000000000003,0.39025,0.6491228070175439,0.6090534979423868,-0.21880349794238685,-0.39880405405405406,
PRICED,over,PTS,full_game,11.5,True,26.756629943847656,26.735882449720677,11.537163734436035,0.03702039253973528,11.574184126975771,0.5327606694856868,78bf92243997831090f4e81bdc0a5d4d7ba172f90b72e1ee43b198174beb3eea,4000,42,Julian Champagnie,1630577,Bovada,2026-02-11,2026-02-10 14:47:44,2026-02-10,Regular Season,0.4775,0.3333333333333333,0.3125,0.16499999999999998,0.4325,0.5225,0.7333333333333333,0.6875,-0.16500000000000004,-0.2874999999999999,
PRICED,over,PTS,full_game,12.5,True,22.980871200561523,23.18365704640076,13.551445007324219,-0.04473851957369768,13.50670648775052,0.4915060991395564,78bf92243997831090f4e81bdc0a5d4d7ba172f90b72e1ee43b198174beb3eea,4000,42,Keldon Johnson,1629640,Bovada,2026-02-11,2026-02-10 14:47:44,2026-02-10,Regular Season,0.55075,0.38461538461538464,0.36041189931350115,0.1903381006864988,0.43194999999999995,0.44925000000000004,0.6825396825396826,0.6395881006864989,-0.1903381006864988,-0.3417965116279069,
PRICED,over,PTS,full_game,8.5,True,26.65955352783203,26.638806033705052,10.706583023071289,0.09390418693592344,10.800487210007212,0.5327606694856868,78bf92243997831090f4e81bdc0a5d4d7ba172f90b72e1ee43b198174beb3eea,4000,42,Harrison Barnes,203084,BetRivers,2026-02-11,2026-02-10 14:47:44,2026-02-10,Regular Season,0.64375,0.45454545454545453,0.4208701134930643,0.22287988650693574,0.41625000000000023,0.35624999999999996,0.6254681647940075,0.5791298865069356,-0.2228798865069357,-0.4304266467065869,
PRICED,over,PTS,full_game,10.5,True,26.543115615844727,26.522368121717747,11.435935974121094,0.14697996836226443,11.582915942483359,0.5327606694856868,78bf92243997831090f4e81bdc0a5d4d7ba172f90b72e1ee43b198174beb3eea,4000,42,Jordan Goodwin,1630692,Bovada,2026-02-11,2026-02-10 14:47:44,2026-02-10,Regular Season,0.56175,0.4,0.375,0.18674999999999997,0.40437499999999993,0.43825000000000003,0.6666666666666666,0.625,-0.18674999999999997,-0.34262499999999996,
PRICED,over,PTS,full_game,5.5,True,21.780101776123047,21.982887621962284,7.237109661102295,-0.006584975716871184,7.230524685385424,0.4915060991395564,78bf92243997831090f4e81bdc0a5d4d7ba172f90b72e1ee43b198174beb3eea,4000,42,Oso Ighodaro,1642345,Bovada,2026-02-11,2026-02-10 14:47:44,2026-02-10,Regular Season,0.64525,0.46511627906976744,0.43668122270742354,0.20856877729257645,0.3872874999999999,0.35475,0.6,0.5633187772925764,-0.2085687772925764,-0.40875000000000006,
PRICED,over,PTS,full_game,10.5,True,21.870361328125,22.073147173964237,11.323517799377441,0.044482027608289086,11.36799982698573,0.4915060991395564,78bf92243997831090f4e81bdc0a5d4d7ba172f90b72e1ee43b198174beb3eea,4000,42,Klay Thompson,202691,Bovada,2026-02-11,2026-02-10 14:47:44,2026-02-10,Regular Season,0.53325,0.38461538461538464,0.36041189931350115,0.17283810068649885,0.38645000000000007,0.46675,0.6825396825396826,0.6395881006864989,-0.17283810068649885,-0.3161569767441861,
PRICED,over,PTS,full_game,10.5,True,24.841453552246094,24.820706058119114,13.153303146362305,0.08412677494648925,13.237429921308793,0.5327606694856868,78bf92243997831090f4e81bdc0a5d4d7ba172f90b72e1ee43b198174beb3eea,4000,42,Reed Sheppard,1642263,Bovada,2026-02-11,2026-02-10 14:47:44,2026-02-10,Regular Season,0.6755,0.4878048780487805,0.4592085979482169,0.2162914020517831,0.38477499999999987,0.3245,0.574468085106383,0.5407914020517831,-0.2162914020517831,-0.43512962962962964,
PRICED,over,PTS,full_game,10.5,True,24.841453552246094,24.820706058119114,13.153303146362305,0.08412677494648925,13.237429921308793,0.5327606694856868,78bf92243997831090f4e81bdc0a5d4d7ba172f90b72e1ee43b198174beb3eea,4000,42,Reed Sheppard,1642263,BetRivers,2026-02-11,2026-02-10 14:47:44,2026-02-10,Regular Season,0.6755,0.4878048780487805,0.4546740873502499,0.2208259126497501,0.38477499999999987,0.3245,0.5850622406639004,0.5453259126497499,-0.22082591264974993,-0.4453581560283687,
PRICED,over,PTS,full_game,10.5,True,26.65955352783203,26.638806033705052,10.706583023071289,0.09390418693592344,10.800487210007212,0.5327606694856868,78bf92243997831090f4e81bdc0a5d4d7ba172f90b72e1ee43b198174beb3eea,4000,42,Harrison Barnes,203084,Bovada,2026-02-11,2026-02-10 14:47:44,2026-02-10,Regular Season,0.50325,0.36363636363636365,0.33999999999999997,0.16325,0.38393749999999993,0.49675,0.7058823529411765,0.66,-0.16325,-0.29627083333333326,
PRICED,over,PTS,full_game,10.5,True,26.756629943847656,26.735882449720677,11.537163734436035,0.03702039253973528,11.574184126975771,0.5327606694856868,78bf92243997831090f4e81bdc0a5d4d7ba172f90b72e1ee43b198174beb3eea,4000,42,Julian Champagnie,1630577,Bovada,2026-02-11,2026-02-10 14:47:44,2026-02-10,Regular Season,0.551,0.4,0.375,0.17600000000000005,0.37750000000000006,0.44899999999999995,0.6666666666666666,0.625,-0.17600000000000005,-0.32650000000000007,
PRICED,over,PTS,full_game,18.5,True,34.018096923828125,34.176092681407994,18.46609115600586,0.0743639184426799,18.540455074448538,0.6420909777808131,78bf92243997831090f4e81bdc0a5d4d7ba172f90b72e1ee43b198174beb3eea,4000,42,OG Anunoby,1628384,Bovada,2026-02-11,2026-02-10 14:47:44,2026-02-10,Regular Season,0.499,0.36363636363636365,0.33999999999999997,0.15900000000000003,0.37224999999999997,0.501,0.7058823529411765,0.66,-0.15900000000000003,-0.29024999999999995,
PRICED,over,PTS,full_game,11.5,True,25.51629066467285,25.495543170545872,11.054433822631836,0.15562935524424365,11.21006317787608,0.5327606694856868,78bf92243997831090f4e81bdc0a5d4d7ba172f90b72e1ee43b198174beb3eea,4000,42,Landry Shamet,1629013,Bovada,2026-02-11,2026-02-10 14:47:44,2026-02-10,Regular Season,0.4725,0.3448275862068966,0.32315978456014366,0.14934021543985632,0.37024999999999986,0.5275000000000001,0.7222222222222222,0.6768402154398564,-0.14934021543985632,-0.2696153846153846,
PRICED,over,PTS,full_game,11.5,True,22.980871200561523,23.18365704640076,13.551445007324219,-0.04473851957369768,13.50670648775052,0.4915060991395564,78bf92243997831090f4e81bdc0a5d4d7ba172f90b72e1ee43b198174beb3eea,4000,42,Keldon Johnson,1629640,Bovada,2026-02-11,2026-02-10 14:47:44,2026-02-10,Regular Season,0.62125,0.45454545454545453,0.4248366013071895,0.1964133986928105,0.36675,0.37875000000000003,0.6153846153846154,0.5751633986928104,-0.19641339869281038,-0.38453124999999994,
PRICED,over,PTS,full_game,17.5,True,34.018096923828125,34.176092681407994,18.46609115600586,0.0743639184426799,18.540455074448538,0.6420909777808131,78bf92243997831090f4e81bdc0a5d4d7ba172f90b72e1ee43b198174beb3eea,4000,42,OG Anunoby,1628384,Bovada,2026-02-11,2026-02-10 14:47:44,2026-02-10,Regular Season,0.56525,0.4166666666666667,0.39094650205761317,0.17430349794238686,0.35660000000000003,0.43474999999999997,0.6491228070175439,0.6090534979423868,-0.17430349794238686,-0.33025000000000004,
PRICED,over,PTS,full_game,11.5,True,22.980871200561523,23.18365704640076,13.551445007324219,-0.04473851957369768,13.50670648775052,0.4915060991395564,78bf92243997831090f4e81bdc0a5d4d7ba172f90b72e1ee43b198174beb3eea,4000,42,Keldon Johnson,1629640,BetRivers,2026-02-11,2026-02-10 14:47:44,2026-02-10,Regular Season,0.62125,0.45871559633027525,0.42590545549125436,0.1953445445087456,0.3543249999999998,0.37875000000000003,0.6183206106870229,0.5740945445087458,-0.19534454450874572,-0.38745370370370363,
PRICED,over,PTS,full_game,10.5,True,24.841453552246094,24.820706058119114,13.153303146362305,0.08412677494648925,13.237429921308793,0.5327606694856868,78bf92243997831090f4e81bdc0a5d4d7ba172f90b72e1ee43b198174beb3eea,4000,42,Reed Sheppard,1642263,BetOnline.ag,2026-02-11,2026-02-10 14:47:44,2026-02-10,Regular Season,0.6755,0.5,0.4693877551020409,0.2061122448979591,0.351,0.3245,0.5652173913043478,0.5306122448979592,-0.2061122448979592,-0.4258846153846154,
PRICED,over,PTS,full_game,9.5,True,26.543115615844727,26.522368121717747,11.435935974121094,0.14697996836226443,11.582915942483359,0.5327606694856868,78bf92243997831090f4e81bdc0a5d4d7ba172f90b72e1ee43b198174beb3eea,4000,42,Jordan Goodwin,1630692,BetRivers,2026-02-11,2026-02-10 14:47:44,2026-02-10,Regular Season,0.63,0.4672897196261682,0.43340416202907345,0.19659583797092656,0.34819999999999984,0.37,0.6108949416342413,0.5665958379709265,-0.1965958379709265,-0.39433121019108286,
PRICED,over,PTS,full_game,8.5,True,26.543115615844727,26.522368121717747,11.435935974121094,0.14697996836226443,11.582915942483359,0.5327606694856868,78bf92243997831090f4e81bdc0a5d4d7ba172f90b72e1ee43b198174beb3eea,4000,42,Jordan Goodwin,1630692,BetMGM,2026-02-11,2026-02-10 14:47:44,2026-02-10,Regular Season,0.68975,0.5121951219512195,0.4796954314720812,0.21005456852791876,0.34665476190476185,0.31025,0.5555555555555556,0.5203045685279188,-0.21005456852791882,-0.44154999999999994,
PRICED,over,PTS,full_game,10.5,True,26.228897094726562,26.208149600599583,9.920047760009766,0.1736983175517913,10.093746077561557,0.5327606694856868,78bf92243997831090f4e81bdc0a5d4d7ba172f90b72e1ee43b198174beb3eea,4000,42,Derrick Jones,1627884,Bovada,2026-02-11,2026-02-10 14:47:44,2026-02-10,Regular Season,0.44725,0.3333333333333333,0.3125,0.13474999999999998,0.3417499999999999,0.5527500000000001,0.7333333333333333,0.6875,-0.13474999999999993,-0.24624999999999989,
PRICED,over,PTS,full_game,10.5,True,24.841453552246094,24.820706058119114,13.153303146362305,0.08412677494648925,13.237429921308793,0.5327606694856868,78bf92243997831090f4e81bdc0a5d4d7ba172f90b72e1ee43b198174beb3eea,4000,42,Reed Sheppard,1642263,FanDuel,2026-02-11,2026-02-10 14:47:44,2026-02-10,Regular Season,0.6755,0.504950495049505,0.47614107883817425,0.19935892116182574,0.3377549019607844,0.3245,0.5555555555555556,0.5238589211618258,-0.19935892116182574,-0.4159,
PRICED,over,PTS,full_game,9.5,True,21.870361328125,22.073147173964237,11.323517799377441,0.044482027608289086,11.36799982698573,0.4915060991395564,78bf92243997831090f4e81bdc0a5d4d7ba172f90b72e1ee43b198174beb3eea,4000,42,Klay Thompson,202691,Bovada,2026-02-11,2026-02-10 14:47:44,2026-02-10,Regular Season,0.60775,0.45454545454545453,0.4248366013071895,0.18291339869281054,0.3370500000000002,0.39225,0.6153846153846154,0.5751633986928104,-0.18291339869281042,-0.36259375000000005,
PRICED,over,PTS,full_game,15.5,True,34.018096923828125,34.176092681407994,18.46609115600586,0.0743639184426799,18.540455074448538,0.6420909777808131,78bf92243997831090f4e81bdc0a5d4d7ba172f90b72e1ee43b198174beb3eea,4000,42,OG Anunoby,1628384,FanDuel,2026-02-11,2026-02-10 14:47:44,2026-02-10,Regular Season,0.68,0.5098039215686274,0.48124062031015497,0.19875937968984508,0.333846153846154,0.31999999999999995,0.5495495495495496,0.5187593796898449,-0.19875937968984492,-0.417704918032787,
PRICED,over,PTS,full_game,10.5,True,25.51629066467285,25.495543170545872,11.054433822631836,0.15562935524424365,11.21006317787608,0.5327606694856868,78bf92243997831090f4e81bdc0a5d4d7ba172f90b72e1ee43b198174beb3eea,4000,42,Landry Shamet,1629013,Bovada,2026-02-11,2026-02-10 14:47:44,2026-02-10,Regular Season,0.5425,0.40816326530612246,0.3838517538054269,0.15864824619457307,0.329125,0.4575,0.6551724137931034,0.6161482461945731,-0.15864824619457307,-0.30171052631578954,
PRICED,over,PTS,full_game,9.5,True,24.841453552246094,24.820706058119114,13.153303146362305,0.08412677494648925,13.237429921308793,0.5327606694856868,78bf92243997831090f4e81bdc0a5d4d7ba172f90b72e1ee43b198174beb3eea,4000,42,Reed Sheppard,1642263,DraftKings,2026-02-11,2026-02-10 14:47:44,2026-02-10,Regular Season,0.7325,0.5515695067264574,0.519675254742772,0.21282474525722805,0.32802845528455293,0.26749999999999996,0.5098039215686274,0.480324745257228,-0.21282474525722805,-0.4752884615384616,
PRICED,over,PTS,full_game,8.5,True,27.703153610229492,27.682406116102513,12.198012351989746,0.11686478149592155,12.314877133485668,0.5327606694856868,78bf92243997831090f4e81bdc0a5d4d7ba172f90b72e1ee43b198174beb3eea,4000,42,Wendell Carter Jr,1628976,FanDuel,2026-02-12,2026-02-10 14:47:44,2026-02-10,Regular Season,0.74975,0.5652173913043478,0.5281576830249397,0.22159231697506032,0.3264807692307692,0.25025,0.504950495049505,0.4718423169750604,-0.22159231697506043,-0.504406862745098,
PRICED,over,PTS,full_game,9.5,True,21.870361328125,22.073147173964237,11.323517799377441,0.044482027608289086,11.36799982698573,0.4915060991395564,78bf92243997831090f4e81bdc0a5d4d7ba172f90b72e1ee43b198174beb3eea,4000,42,Klay Thompson,202691,BetRivers,2026-02-11,2026-02-10 14:47:44,2026-02-10,Regular Season,0.60775,0.45871559633027525,0.42590545549125436,0.18184454450874565,0.3248949999999998,0.39225,0.6183206106870229,0.5740945445087458,-0.18184454450874576,-0.3656203703703704,
PRICED,over,PTS,full_game,9.5,True,26.65955352783203,26.638806033705052,10.706583023071289,0.09390418693592344,10.800487210007212,0.5327606694856868,78bf92243997831090f4e81bdc0a5d4d7ba172f90b72e1ee43b198174beb3eea,4000,42,Harrison Barnes,203084,Bovada,2026-02-11,2026-02-10 14:47:44,2026-02-10,Regular Season,0.57525,0.43478260869565216,0.40847201210287437,0.16677798789712567,0.323075,0.42474999999999996,0.6296296296296297,0.5915279878971256,-0.1667779878971256,-0.32539705882352943,
PRICED,over,PTS,full_game,9.5,True,26.543115615844727,26.522368121717747,11.435935974121094,0.14697996836226443,11.582915942483359,0.5327606694856868,78bf92243997831090f4e81bdc0a5d4d7ba172f90b72e1ee43b198174beb3eea,4000,42,Jordan Goodwin,1630692,Bovada,2026-02-11,2026-02-10 14:47:44,2026-02-10,Regular Season,0.63,0.47619047619047616,0.4458598726114649,0.18414012738853508,0.32300000000000006,0.37,0.5918367346938775,0.554140127388535,-0.18414012738853502,-0.37482758620689655,
PRICED,over,PTS,full_game,16.5,True,34.018096923828125,34.176092681407994,18.46609115600586,0.0743639184426799,18.540455074448538,0.6420909777808131,78bf92243997831090f4e81bdc0a5d4d7ba172f90b72e1ee43b198174beb3eea,4000,42,OG Anunoby,1628384,BetRivers,2026-02-11,2026-02-10 14:47:44,2026-02-10,Regular Season,0.62325,0.4716981132075472,0.43694311172035644,0.18630688827964353,0.32128999999999996,0.37675000000000003,0.6078431372549019,0.5630568882796436,-0.1863068882796436,-0.38018548387096773,
PRICED,over,PTS,full_game,10.5,True,22.980871200561523,23.18365704640076,13.551445007324219,-0.04473851957369768,13.50670648775052,0.4915060991395564,78bf92243997831090f4e81bdc0a5d4d7ba172f90b72e1ee43b198174beb3eea,4000,42,Keldon Johnson,1629640,Bovada,2026-02-11,2026-02-10 14:47:44,2026-02-10,Regular Season,0.692,0.5238095238095238,0.48987854251012153,0.20212145748987842,0.3210909090909091,0.30800000000000005,0.5454545454545454,0.5101214574898786,-0.20212145748987853,-0.4353333333333332,
PRICED,over,PTS,full_game,10.5,True,24.841453552246094,24.820706058119114,13.153303146362305,0.08412677494648925,13.237429921308793,0.5327606694856868,78bf92243997831090f4e81bdc0a5d4d7ba172f90b72e1ee43b198174beb3eea,4000,42,Reed Sheppard,1642263,BetMGM,2026-02-11,2026-02-10 14:47:44,2026-02-10,Regular Season,0.6755,0.5121951219512195,0.4796954314720812,0.19580456852791878,0.3188333333333333,0.3245,0.5555555555555556,0.5203045685279188,-0.19580456852791883,-0.4159,
PRICED,over,PTS,full_game,23.5,True,33.81440353393555,33.972399291515416,23.20493507385254,0.1280203400202326,23.33295541387277,0.6420909777808131,78bf92243997831090f4e81bdc0a5d4d7ba172f90b72e1ee43b198174beb3eea,4000,42,Dillon Brooks,1628415,Bovada,2026-02-11,2026-02-10 14:47:44,2026-02-10,Regular Season,0.479,0.36363636363636365,0.33999999999999997,0.139,0.3172499999999999,0.521,0.7058823529411765,0.66,-0.139,-0.2619166666666666,
PRICED,over,PTS,full_game,14.5,True,30.246252059936523,30.404247817516392,14.552579879760742,0.12287915252810674,14.675459032288849,0.6420909777808131,78bf92243997831090f4e81bdc0a5d4d7ba172f90b72e1ee43b198174beb3eea,4000,42,Collin Gillespie,1631221,Bovada,2026-02-11,2026-02-10 14:47:44,2026-02-10,Regular Season,0.506,0.38461538461538464,0.36041189931350115,0.14558810068649886,0.3156000000000001,0.494,0.6825396825396826,0.6395881006864989,-0.14558810068649886,-0.27623255813953496,
PRICED,over,PTS,full_game,15.5,True,34.018096923828125,34.176092681407994,18.46609115600586,0.0743639184426799,18.540455074448538,0.6420909777808131,78bf92243997831090f4e81bdc0a5d4d7ba172f90b72e1ee43b198174beb3eea,4000,42,OG Anunoby,1628384,DraftKings,2026-02-11,2026-02-10 14:47:44,2026-02-10,Regular Season,0.68,0.5169082125603864,0.487517163899638,0.19248283610036204,0.3155140186915889,0.31999999999999995,0.54337899543379,0.512482836100362,-0.1924828361003621,-0.41109243697479,
PRICED,over,PTS,full_game,15.5,True,34.018096923828125,34.176092681407994,18.46609115600586,0.0743639184426799,18.540455074448538,0.6420909777808131,78bf92243997831090f4e81bdc0a5d4d7ba172f90b72e1ee43b198174beb3eea,4000,42,OG Anunoby,1628384,BetOnline.ag,2026-02-11,2026-02-10 14:47:44,2026-02-10,Regular Season,0.68,0.5192307692307693,0.4876847290640395,0.19231527093596057,0.3096296296296298,0.31999999999999995,0.5454545454545454,0.5123152709359606,-0.19231527093596068,-0.4133333333333334,
PRICED,over,PTS,full_game,16.5,True,34.018096923828125,34.176092681407994,18.46609115600586,0.0743639184426799,18.540455074448538,0.6420909777808131,78bf92243997831090f4e81bdc0a5d4d7ba172f90b72e1ee43b198174beb3eea,4000,42,OG Anunoby,1628384,Bovada,2026-02-11,2026-02-10 14:47:44,2026-02-10,Regular Season,0.62325,0.47619047619047616,0.4458598726114649,0.17739012738853505,0.308825,0.37675000000000003,0.5918367346938775,0.554140127388535,-0.177390127388535,-0.36342241379310336,
PRICED,over,PTS,full_game,22.5,True,33.81440353393555,33.972399291515416,23.20493507385254,0.1280203400202326,23.33295541387277,0.6420909777808131,78bf92243997831090f4e81bdc0a5d4d7ba172f90b72e1ee43b198174beb3eea,4000,42,Dillon Brooks,1628415,Bovada,2026-02-11,2026-02-10 14:47:44,2026-02-10,Regular Season,0.5335,0.40816326530612246,0.3838517538054269,0.14964824619457306,0.307075,0.4665,0.6551724137931034,0.6161482461945731,-0.14964824619457306,-0.2879736842105264,
PRICED,over,PTS,full_game,9.5,True,24.841453552246094,24.820706058119114,13.153303146362305,0.08412677494648925,13.237429921308793,0.5327606694856868,78bf92243997831090f4e81bdc0a5d4d7ba172f90b72e1ee43b198174beb3eea,4000,42,Reed Sheppard,1642263,BetRivers,2026-02-11,2026-02-10 14:47:44,2026-02-10,Regular Season,0.7325,0.5633187772925764,0.523767082590612,0.20873291740938804,0.30032945736434113,0.26749999999999996,0.5121951219512195,0.47623291740938806,-0.2087329174093881,-0.47773809523809535,
PRICED,over,PTS,full_game,13.5,True,19.82642364501953,20.02920949085877,13.143952369689941,-0.012136382169332539,13.131815987520609,0.4915060991395564,78bf92243997831090f4e81bdc0a5d4d7ba172f90b72e1ee43b198174beb3eea,4000,42,Brandon Williams,1630314,Bovada,2026-02-11,2026-02-10 14:47:44,2026-02-10,Regular Season,0.47225,0.36363636363636365,0.33999999999999997,0.13225000000000003,0.2986875000000001,0.5277499999999999,0.7058823529411765,0.66,-0.1322500000000001,-0.25235416666666666,
PRICED,over,PTS,full_game,9.5,True,24.841453552246094,24.820706058119114,13.153303146362305,0.08412677494648925,13.237429921308793,0.5327606694856868,78bf92243997831090f4e81bdc0a5d4d7ba172f90b72e1ee43b198174beb3eea,4000,42,Reed Sheppard,1642263,Bovada,2026-02-11,2026-02-10 14:47:44,2026-02-10,Regular Season,0.7325,0.5652173913043478,0.5306122448979592,0.20188775510204082,0.2959615384615385,0.26749999999999996,0.5,0.4693877551020409,-0.20188775510204093,-0.4650000000000001,
PRICED,over,PTS,full_game,9.5,True,26.756629943847656,26.735882449720677,11.537163734436035,0.03702039253973528,11.574184126975771,0.5327606694856868,78bf92243997831090f4e81bdc0a5d4d7ba172f90b72e1ee43b198174beb3eea,4000,42,Julian Champagnie,1630577,Bovada,2026-02-11,2026-02-10 14:47:44,2026-02-10,Regular Season,0.617,0.47619047619047616,0.4458598726114649,0.17114012738853507,0.2957000000000001,0.383,0.5918367346938775,0.554140127388535,-0.171140127388535,-0.3528620689655172,
PRICED,over,PTS,full_game,21.5,True,33.81440353393555,33.972399291515416,23.20493507385254,0.1280203400202326,23.33295541387277,0.6420909777808131,78bf92243997831090f4e81bdc0a5d4d7ba172f90b72e1ee43b198174beb3eea,4000,42,Dillon Brooks,1628415,Bovada,2026-02-11,2026-02-10 14:47:44,2026-02-10,Regular Season,0.5885,0.45454545454545453,0.4248366013071895,0.16366339869281055,0.2947000000000002,0.4115,0.6153846153846154,0.5751633986928104,-0.16366339869281044,-0.3313125,
PRICED,over,PTS,full_game,10.5,True,22.980871200561523,23.18365704640076,13.551445007324219,-0.04473851957369768,13.50670648775052,0.4915060991395564,78bf92243997831090f4e81bdc0a5d4d7ba172f90b72e1ee43b198174beb3eea,4000,42,Keldon Johnson,1629640,BetOnline.ag,2026-02-11,2026-02-10 14:47:44,2026-02-10,Regular Season,0.692,0.5348837209302325,0.5030953363598845,0.1889046636401155,0.2937391304347824,0.30800000000000005,0.5283018867924528,0.4969046636401156,-0.18890466364011554,-0.4169999999999999,
PRICED,over,PTS,full_game,4.5,True,18.505216598510742,18.70800244434998,6.6425065994262695,-0.05178477135357866,6.590721828072691,0.4915060991395564,78bf92243997831090f4e81bdc0a5d4d7ba172f90b72e1ee43b198174beb3eea,4000,42,Luke Kornet,1628436,BetMGM,2026-02-11,2026-02-10 14:47:44,2026-02-10,Regular Season,0.67425,0.5238095238095238,0.49179655455291227,0.18245344544708775,0.28720454545454555,0.32575,0.5412844036697247,0.5082034454470877,-0.18245344544708775,-0.39819067796610175,
PRICED,over,PTS,full_game,10.5,True,22.980871200561523,23.18365704640076,13.551445007324219,-0.04473851957369768,13.50670648775052,0.4915060991395564,78bf92243997831090f4e81bdc0a5d4d7ba172f90b72e1ee43b198174beb3eea,4000,42,Keldon Johnson,1629640,BetRivers,2026-02-11,2026-02-10 14:47:44,2026-02-10,Regular Season,0.692,0.5391705069124424,0.5,0.19199999999999995,0.2834529914529914,0.30800000000000005,0.5391705069124424,0.5,-0.19199999999999995,-0.42875213675213664,
PRICED,over,PTS,full_game,12.5,True,31.463350296020508,31.621346053600377,11.934615135192871,0.11112589001758977,12.04574102521046,0.6420909777808131,78bf92243997831090f4e81bdc0a5d4d7ba172f90b72e1ee43b198174beb3eea,4000,42,Royce O'Neale,1626220,Bovada,2026-02-11,2026-02-10 14:47:44,2026-02-10,Regular Season,0.4665,0.36363636363636365,0.33999999999999997,0.12650000000000006,0.2828750000000001,0.5335,0.7058823529411765,0.66,-0.12650000000000006,-0.24420833333333333,
PRICED,over,PTS,full_game,17.5,True,32.49763488769531,32.65563064527518,19.715816497802734,0.08053929883335156,19.796355796636085,0.6420909777808131,78bf92243997831090f4e81bdc0a5d4d7ba172f90b72e1ee43b198174beb3eea,4000,42,De'Aaron Fox,1628368,BetRivers,2026-02-11,2026-02-10 14:47:44,2026-02-10,Regular Season,0.62525,0.4878048780487805,0.4546740873502499,0.17057591264975008,0.2817624999999998,0.37475,0.5850622406639004,0.5453259126497499,-0.17057591264974992,-0.3594698581560283,
PRICED,over,PTS,full_game,8.5,True,25.51629066467285,25.495543170545872,11.054433822631836,0.15562935524424365,11.21006317787608,0.5327606694856868,78bf92243997831090f4e81bdc0a5d4d7ba172f90b72e1ee43b198174beb3eea,4000,42,Landry Shamet,1629013,BetRivers,2026-02-11,2026-02-10 14:47:44,2026-02-10,Regular Season,0.66975,0.5238095238095238,0.48800959232613905,0.1817404076738609,0.27861363636363634,0.33025000000000004,0.5495495495495496,0.511990407673861,-0.1817404076738609,-0.3990532786885245,
PRICED,over,PTS,full_game,10.5,True,22.980871200561523,23.18365704640076,13.551445007324219,-0.04473851957369768,13.50670648775052,0.4915060991395564,78bf92243997831090f4e81bdc0a5d4d7ba172f90b72e1ee43b198174beb3eea,4000,42,Keldon Johnson,1629640,DraftKings,2026-02-11,2026-02-10 14:47:44,2026-02-10,Regular Season,0.692,0.5412844036697247,0.510397604391948,0.18160239560805191,0.2784406779661016,0.30800000000000005,0.5192307692307693,0.4896023956080519,-0.18160239560805186,-0.4068148148148147,
PRICED,over,PTS,full_game,7.5,True,26.65955352783203,26.638806033705052,10.706583023071289,0.09390418693592344,10.800487210007212,0.5327606694856868,78bf92243997831090f4e81bdc0a5d4d7ba172f90b72e1ee43b198174beb3eea,4000,42,Harrison Barnes,203084,DraftKings,2026-02-11,2026-02-10 14:47:44,2026-02-10,Regular Season,0.70425,0.5515695067264574,0.519675254742772,0.18457474525722806,0.2768109756097562,0.29574999999999996,0.5098039215686274,0.480324745257228,-0.18457474525722806,-0.41987500000000005,
PRICED,over,PTS,full_game,4.5,True,21.780101776123047,21.982887621962284,7.237109661102295,-0.006584975716871184,7.230524685385424,0.4915060991395564,78bf92243997831090f4e81bdc0a5d4d7ba172f90b72e1ee43b198174beb3eea,4000,42,Oso Ighodaro,1642345,Bovada,2026-02-11,2026-02-10 14:47:44,2026-02-10,Regular Season,0.72075,0.5652173913043478,0.5306122448979592,0.19013775510204078,0.2751730769230769,0.27925,0.5,0.4693877551020409,-0.1901377551020409,-0.4415,
PRICED,over,PTS,full_game,8.5,True,26.543115615844727,26.522368121717747,11.435935974121094,0.14697996836226443,11.582915942483359,0.5327606694856868,78bf92243997831090f4e81bdc0a5d4d7ba172f90b72e1ee43b198174beb3eea,4000,42,Jordan Goodwin,1630692,FanDuel,2026-02-11,2026-02-10 14:47:44,2026-02-10,Regular Season,0.68975,0.5412844036697247,0.510397604391948,0.17935239560805194,0.2742838983050847,0.31025,0.5192307692307693,0.4896023956080519,-0.17935239560805188,-0.4024814814814814,
PRICED,over,PTS,full_game,8.5,True,26.543115615844727,26.522368121717747,11.435935974121094,0.14697996836226443,11.582915942483359,0.5327606694856868,78bf92243997831090f4e81bdc0a5d4d7ba172f90b72e1ee43b198174beb3eea,4000,42,Jordan Goodwin,1630692,BetOnline.ag,2026-02-11,2026-02-10 14:47:44,2026-02-10,Regular Season,0.68975,0.5412844036697247,0.5082034454470877,0.18154655455291224,0.2742838983050847,0.31025,0.5238095238095238,0.49179655455291227,-0.18154655455291224,-0.4077045454545454,
PRICED,over,PTS,full_game,7.5,True,26.65955352783203,26.638806033705052,10.706583023071289,0.09390418693592344,10.800487210007212,0.5327606694856868,78bf92243997831090f4e81bdc0a5d4d7ba172f90b72e1ee43b198174beb3eea,4000,42,Harrison Barnes,203084,BetRivers,2026-02-11,2026-02-10 14:47:44,2026-02-10,Regular Season,0.70425,0.5535714285714286,0.5138121546961325,0.19043784530386754,0.27219354838709686,0.29574999999999996,0.5238095238095238,0.4861878453038673,-0.19043784530386737,-0.4353863636363637,
PRICED,over,PTS,full_game,8.5,True,26.756629943847656,26.735882449720677,11.537163734436035,0.03702039253973528,11.574184126975771,0.5327606694856868,78bf92243997831090f4e81bdc0a5d4d7ba172f90b72e1ee43b198174beb3eea,4000,42,Julian Champagnie,1630577,BetMGM,2026-02-11,2026-02-10 14:47:44,2026-02-10,Regular Season,0.6885,0.5412844036697247,0.5082034454470877,0.18029655455291227,0.2719745762711864,0.3115,0.5238095238095238,0.49179655455291227,-0.18029655455291227,-0.4053181818181818,
PRICED,over,PTS,full_game,15.5,True,34.018096923828125,34.176092681407994,18.46609115600586,0.0743639184426799,18.540455074448538,0.6420909777808131,78bf92243997831090f4e81bdc0a5d4d7ba172f90b72e1ee43b198174beb3eea,4000,42,OG Anunoby,1628384,Bovada,2026-02-11,2026-02-10 14:47:44,2026-02-10,Regular Season,0.68,0.5348837209302325,0.5,0.18000000000000005,0.2713043478260869,0.31999999999999995,0.5348837209302325,0.5,-0.18000000000000005,-0.40173913043478277,
PRICED,over,PTS,full_game,8.5,True,21.870361328125,22.073147173964237,11.323517799377441,0.044482027608289086,11.36799982698573,0.4915060991395564,78bf92243997831090f4e81bdc0a5d4d7ba172f90b72e1ee43b198174beb3eea,4000,42,Klay Thompson,202691,BetMGM,2026-02-11,2026-02-10 14:47:44,2026-02-10,Regular Season,0.66525,0.5238095238095238,0.48987854251012153,0.17537145748987848,0.27002272727272736,0.33475,0.5454545454545454,0.5101214574898786,-0.1753714574898786,-0.38629166666666664,
PRICED,over,PTS,full_game,8.5,True,21.870361328125,22.073147173964237,11.323517799377441,0.044482027608289086,11.36799982698573,0.4915060991395564,78bf92243997831090f4e81bdc0a5d4d7ba172f90b72e1ee43b198174beb3eea,4000,42,Klay Thompson,202691,Bovada,2026-02-11,2026-02-10 14:47:44,2026-02-10,Regular Season,0.66525,0.5238095238095238,0.48987854251012153,0.17537145748987848,0.27002272727272736,0.33475,0.5454545454545454,0.5101214574898786,-0.1753714574898786,-0.38629166666666664,
PRICED,over,PTS,full_game,8.5,True,26.543115615844727,26.522368121717747,11.435935974121094,0.14697996836226443,11.582915942483359,0.5327606694856868,78bf92243997831090f4e81bdc0a5d4d7ba172f90b72e1ee43b198174beb3eea,4000,42,Jordan Goodwin,1630692,DraftKings,2026-02-11,2026-02-10 14:47:44,2026-02-10,Regular Season,0.68975,0.54337899543379,0.512482836100362,0.17726716389963793,0.2693718487394958,0.31025,0.5169082125603864,0.487517163899638,-0.17726716389963798,-0.39979672897196256,
PRICED,over,PTS,full_game,5.5,True,21.780101776123047,21.982887621962284,7.237109661102295,-0.006584975716871184,7.230524685385424,0.4915060991395564,78bf92243997831090f4e81bdc0a5d4d7ba172f90b72e1ee43b198174beb3eea,4000,42,Oso Ighodaro,1642345,FanDuel,2026-02-11,2026-02-10 14:47:44,2026-02-10,Regular Season,0.64525,0.5098039215686274,0.48124062031015497,0.16400937968984503,0.26568269230769237,0.35475,0.5495495495495496,0.5187593796898449,-0.16400937968984486,-0.35447131147540983,
PRICED,over,PTS,full_game,8.5,True,26.543115615844727,26.522368121717747,11.435935974121094,0.14697996836226443,11.582915942483359,0.5327606694856868,78bf92243997831090f4e81bdc0a5d4d7ba172f90b72e1ee43b198174beb3eea,4000,42,Jordan Goodwin,1630692,Bovada,2026-02-11,2026-02-10 14:47:44,2026-02-10,Regular Season,0.68975,0.5454545454545454,0.5101214574898786,0.1796285425101214,0.2645416666666667,0.31025,0.5238095238095238,0.48987854251012153,-0.1796285425101215,-0.4077045454545454,
PRICED,over,PTS,full_game,8.5,True,25.51629066467285,25.495543170545872,11.054433822631836,0.15562935524424365,11.21006317787608,0.5327606694856868,78bf92243997831090f4e81bdc0a5d4d7ba172f90b72e1ee43b198174beb3eea,4000,42,Landry Shamet,1629013,FanDuel,2026-02-11,2026-02-10 14:47:44,2026-02-10,Regular Season,0.66975,0.5305164319248826,0.5,0.16974999999999996,0.2624491150442477,0.33025000000000004,0.5305164319248826,0.5,-0.16974999999999996,-0.3774933628318583,
PRICED,over,PTS,full_game,13.5,True,30.246252059936523,30.404247817516392,14.552579879760742,0.12287915252810674,14.675459032288849,0.6420909777808131,78bf92243997831090f4e81bdc0a5d4d7ba172f90b72e1ee43b198174beb3eea,4000,42,Collin Gillespie,1631221,Bovada,2026-02-11,2026-02-10 14:47:44,2026-02-10,Regular Season,0.56075,0.4444444444444444,0.4165029469548134,0.1442470530451866,0.26168749999999996,0.43925000000000003,0.6226415094339622,0.5834970530451867,-0.1442470530451867,-0.2945378787878788,
PRICED,over,PTS,full_game,15.5,True,34.018096923828125,34.176092681407994,18.46609115600586,0.0743639184426799,18.540455074448538,0.6420909777808131,78bf92243997831090f4e81bdc0a5d4d7ba172f90b72e1ee43b198174beb3eea,4000,42,OG Anunoby,1628384,BetRivers,2026-02-11,2026-02-10 14:47:44,2026-02-10,Regular Season,0.68,0.5391705069124424,0.5,0.18000000000000005,0.2611965811965813,0.31999999999999995,0.5391705069124424,0.5,-0.18000000000000005,-0.4064957264957266,
PRICED,over,PTS,full_game,8.5,True,26.543115615844727,26.522368121717747,11.435935974121094,0.14697996836226443,11.582915942483359,0.5327606694856868,78bf92243997831090f4e81bdc0a5d4d7ba172f90b72e1ee43b198174beb3eea,4000,42,Jordan Goodwin,1630692,BetRivers,2026-02-11,2026-02-10 14:47:44,2026-02-10,Regular Season,0.68975,0.5475113122171946,0.5078823946715012,0.18186760532849877,0.25979132231404944,0.31025,0.5305164319248826,0.49211760532849874,-0.18186760532849872,-0.41519247787610614,
PRICED,over,PTS,full_game,21.5,True,33.81440353393555,33.972399291515416,23.20493507385254,0.1280203400202326,23.33295541387277,0.6420909777808131,78bf92243997831090f4e81bdc0a5d4d7ba172f90b72e1ee43b198174beb3eea,4000,42,Dillon Brooks,1628415,BetRivers,2026-02-11,2026-02-10 14:47:44,2026-02-10,Regular Season,0.5885,0.4672897196261682,0.43340416202907345,0.15509583797092658,0.2593899999999999,0.4115,0.6108949416342413,0.5665958379709265,-0.15509583797092652,-0.3263980891719746,
PRICED,over,PTS,full_game,10.5,True,22.980871200561523,23.18365704640076,13.551445007324219,-0.04473851957369768,13.50670648775052,0.4915060991395564,78bf92243997831090f4e81bdc0a5d4d7ba172f90b72e1ee43b198174beb3eea,4000,42,Keldon Johnson,1629640,FanDuel,2026-02-11,2026-02-10 14:47:44,2026-02-10,Regular Season,0.692,0.5495495495495496,0.5141838223374939,0.17781617766250601,0.25921311475409825,0.30800000000000005,0.5192307692307693,0.48581617766250607,-0.17781617766250601,-0.4068148148148147,
PRICED,over,PTS,full_game,9.5,True,26.228897094726562,26.208149600599583,9.920047760009766,0.1736983175517913,10.093746077561557,0.5327606694856868,78bf92243997831090f4e81bdc0a5d4d7ba172f90b72e1ee43b198174beb3eea,4000,42,Derrick Jones,1627884,Bovada,2026-02-11,2026-02-10 14:47:44,2026-02-10,Regular Season,0.5135,0.40816326530612246,0.3838517538054269,0.12964824619457305,0.25807499999999994,0.48650000000000004,0.6551724137931034,0.6161482461945731,-0.12964824619457305,-0.25744736842105265,
PRICED,over,PTS,full_game,12.5,True,19.82642364501953,20.02920949085877,13.143952369689941,-0.012136382169332539,13.131815987520609,0.4915060991395564,78bf92243997831090f4e81bdc0a5d4d7ba172f90b72e1ee43b198174beb3eea,4000,42,Brandon Williams,1630314,Bovada,2026-02-11,2026-02-10 14:47:44,2026-02-10,Regular Season,0.53525,0.425531914893617,0.3982930298719772,0.13695697012802283,0.25783750000000005,0.46475,0.6428571428571429,0.6017069701280228,-0.13695697012802277,-0.27705555555555555,
PRICED,over,PTS,full_game,8.5,True,25.51629066467285,25.495543170545872,11.054433822631836,0.15562935524424365,11.21006317787608,0.5327606694856868,78bf92243997831090f4e81bdc0a5d4d7ba172f90b72e1ee43b198174beb3eea,4000,42,Landry Shamet,1629013,DraftKings,2026-02-11,2026-02-10 14:47:44,2026-02-10,Regular Season,0.66975,0.5327102803738317,0.5020774472328402,0.16767255276715975,0.25725,0.33025000000000004,0.5283018867924528,0.4979225527671597,-0.16767255276715964,-0.3748839285714285,
PRICED,over,PTS,full_game,8.5,True,26.65955352783203,26.638806033705052,10.706583023071289,0.09390418693592344,10.800487210007212,0.5327606694856868,78bf92243997831090f4e81bdc0a5d4d7ba172f90b72e1ee43b198174beb3eea,4000,42,Harrison Barnes,203084,Bovada,2026-02-11,2026-02-10 14:47:44,2026-02-10,Regular Season,0.64375,0.5121951219512195,0.4796954314720812,0.16405456852791883,0.2568452380952382,0.35624999999999996,0.5555555555555556,0.5203045685279188,-0.1640545685279189,-0.35875000000000007,
PRICED,over,PTS,full_game,10.5,True,31.463350296020508,31.621346053600377,11.934615135192871,0.11112589001758977,12.04574102521046,0.6420909777808131,78bf92243997831090f4e81bdc0a5d4d7ba172f90b72e1ee43b198174beb3eea,4000,42,Royce O'Neale,1626220,BetRivers,2026-02-11,2026-02-10 14:47:44,2026-02-10,Regular Season,0.598,0.47619047619047616,0.4424778761061947,0.15552212389380526,0.2558,0.402,0.6,0.5575221238938053,-0.15552212389380526,-0.33,
PRICED,over,PTS,full_game,7.5,True,26.65955352783203,26.638806033705052,10.706583023071289,0.09390418693592344,10.800487210007212,0.5327606694856868,78bf92243997831090f4e81bdc0a5d4d7ba172f90b72e1ee43b198174beb3eea,4000,42,Harrison Barnes,203084,BetOnline.ag,2026-02-11,2026-02-10 14:47:44,2026-02-10,Regular Season,0.70425,0.5614035087719298,0.5276888998277135,0.17656110017228654,0.25444531250000013,0.29574999999999996,0.5024875621890548,0.4723111001722865,-0.17656110017228654,-0.41142821782178224,
PRICED,over,PTS,full_game,9.5,True,22.980871200561523,23.18365704640076,13.551445007324219,-0.04473851957369768,13.50670648775052,0.4915060991395564,78bf92243997831090f4e81bdc0a5d4d7ba172f90b72e1ee43b198174beb3eea,4000,42,Keldon Johnson,1629640,Bovada,2026-02-11,2026-02-10 14:47:44,2026-02-10,Regular Season,0.7525,0.6,0.5633187772925764,0.18918122270742355,0.25416666666666643,0.24750000000000005,0.46511627906976744,0.43668122270742354,-0.1891812227074235,-0.46787499999999993,
PRICED,over,PTS,full_game,10.5,True,22.421634674072266,22.624420519911503,11.707038879394531,0.06799061301403314,11.775029492408564,0.4915060991395564,78bf92243997831090f4e81bdc0a5d4d7ba172f90b72e1ee43b198174beb3eea,4000,42,Dylan Harper,1642844,BetMGM,2026-02-11,2026-02-10 14:47:44,2026-02-10,Regular Season,0.57,0.45454545454545453,0.4248366013071895,0.14516339869281047,0.254,0.43000000000000005,0.6153846153846154,0.5751633986928104,-0.14516339869281036,-0.3012499999999999,
PRICED,over,PTS,full_game,15.5,True,34.018096923828125,34.176092681407994,18.46609115600586,0.0743639184426799,18.540455074448538,0.6420909777808131,78bf92243997831090f4e81bdc0a5d4d7ba172f90b72e1ee43b198174beb3eea,4000,42,OG Anunoby,1628384,BetMGM,2026-02-11,2026-02-10 14:47:44,2026-02-10,Regular Season,0.68,0.5454545454545454,0.5101214574898786,0.16987854251012147,0.2466666666666668,0.31999999999999995,0.5238095238095238,0.48987854251012153,-0.16987854251012158,-0.38909090909090915,
PRICED,over,PTS,full_game,7.5,True,26.65955352783203,26.638806033705052,10.706583023071289,0.09390418693592344,10.800487210007212,0.5327606694856868,78bf92243997831090f4e81bdc0a5d4d7ba172f90b72e1ee43b198174beb3eea,4000,42,Harrison Barnes,203084,FanDuel,2026-02-11,2026-02-10 14:47:44,2026-02-10,Regular Season,0.70425,0.5652173913043478,0.5281576830249397,0.17609231697506034,0.24598076923076928,0.29574999999999996,0.504950495049505,0.4718423169750604,-0.17609231697506045,-0.4142990196078432,
PRICED,over,PTS,full_game,20.5,True,33.81440353393555,33.972399291515416,23.20493507385254,0.1280203400202326,23.33295541387277,0.6420909777808131,78bf92243997831090f4e81bdc0a5d4d7ba172f90b72e1ee43b198174beb3eea,4000,42,Dillon Brooks,1628415,Bovada,2026-02-11,2026-02-10 14:47:44,2026-02-10,Regular Season,0.63775,0.5121951219512195,0.4796954314720812,0.15805456852791883,0.2451309523809524,0.36224999999999996,0.5555555555555556,0.5203045685279188,-0.15805456852791888,-0.34795000000000004,
PRICED,over,PTS,full_game,19.5,True,32.49763488769531,32.65563064527518,19.715816497802734,0.08053929883335156,19.796355796636085,0.6420909777808131,78bf92243997831090f4e81bdc0a5d4d7ba172f90b72e1ee43b198174beb3eea,4000,42,De'Aaron Fox,1628368,Bovada,2026-02-11,2026-02-10 14:47:44,2026-02-10,Regular Season,0.508,0.40816326530612246,0.3838517538054269,0.1241482461945731,0.24460000000000015,0.492,0.6551724137931034,0.6161482461945731,-0.1241482461945731,-0.24905263157894747,
PRICED,over,PTS,full_game,17.5,True,32.49763488769531,32.65563064527518,19.715816497802734,0.08053929883335156,19.796355796636085,0.6420909777808131,78bf92243997831090f4e81bdc0a5d4d7ba172f90b72e1ee43b198174beb3eea,4000,42,De'Aaron Fox,1628368,DraftKings,2026-02-11,2026-02-10 14:47:44,2026-02-10,Regular Season,0.62525,0.5024875621890548,0.47404053829539794,0.15120946170460203,0.24430940594059403,0.37475,0.5575221238938053,0.5259594617046021,-0.15120946170460203,-0.3278293650793651,
PRICED,over,PTS,full_game,20.5,True,34.532196044921875,34.690191802501744,23.429956436157227,0.02394602453971575,23.45390246069694,0.6420909777808131,78bf92243997831090f4e81bdc0a5d4d7ba172f90b72e1ee43b198174beb3eea,4000,42,Paolo Banchero,1631094,FanDuel,2026-02-12,2026-02-10 14:47:44,2026-02-10,Regular Season,0.6505,0.5238095238095238,0.48800959232613905,0.16249040767386091,0.2418636363636364,0.34950000000000003,0.5495495495495496,0.511990407673861,-0.16249040767386091,-0.36402459016393435,
PRICED,over,PTS,full_game,9.5,True,25.51629066467285,25.495543170545872,11.054433822631836,0.15562935524424365,11.21006317787608,0.5327606694856868,78bf92243997831090f4e81bdc0a5d4d7ba172f90b72e1ee43b198174beb3eea,4000,42,Landry Shamet,1629013,Bovada,2026-02-11,2026-02-10 14:47:44,2026-02-10,Regular Season,0.60475,0.4878048780487805,0.4592085979482169,0.14554140205178312,0.23973749999999994,0.39525,0.574468085106383,0.5407914020517831,-0.14554140205178312,-0.31197222222222226,
PRICED,over,PTS,full_game,8.5,True,26.756629943847656,26.735882449720677,11.537163734436035,0.03702039253973528,11.574184126975771,0.5327606694856868,78bf92243997831090f4e81bdc0a5d4d7ba172f90b72e1ee43b198174beb3eea,4000,42,Julian Champagnie,1630577,Bovada,2026-02-11,2026-02-10 14:47:44,2026-02-10,Regular Season,0.6885,0.5555555555555556,0.5203045685279188,0.16819543147208116,0.23930000000000007,0.3115,0.5121951219512195,0.4796954314720812,-0.1681954314720812,-0.39183333333333337,
PRICED,over,PTS,full_game,11.5,True,31.463350296020508,31.621346053600377,11.934615135192871,0.11112589001758977,12.04574102521046,0.6420909777808131,78bf92243997831090f4e81bdc0a5d4d7ba172f90b72e1ee43b198174beb3eea,4000,42,Royce O'Neale,1626220,Bovada,2026-02-11,2026-02-10 14:47:44,2026-02-10,Regular Season,0.538,0.43478260869565216,0.40847201210287437,0.12952798789712566,0.23739999999999994,0.46199999999999997,0.6296296296296297,0.5915279878971256,-0.1295279878971256,-0.26623529411764707,
PRICED,over,PTS,full_game,11.5,True,19.82642364501953,20.02920949085877,13.143952369689941,-0.012136382169332539,13.131815987520609,0.4915060991395564,78bf92243997831090f4e81bdc0a5d4d7ba172f90b72e1ee43b198174beb3eea,4000,42,Brandon Williams,1630314,Bovada,2026-02-11,2026-02-10 14:47:44,2026-02-10,Regular Season,0.60275,0.4878048780487805,0.4592085979482169,0.14354140205178312,0.23563749999999994,0.39725,0.574468085106383,0.5407914020517831,-0.14354140205178312,-0.3084907407407408,
PRICED,over,PTS,full_game,9.5,True,26.756629943847656,26.735882449720677,11.537163734436035,0.03702039253973528,11.574184126975771,0.5327606694856868,78bf92243997831090f4e81bdc0a5d4d7ba172f90b72e1ee43b198174beb3eea,4000,42,Julian Champagnie,1630577,BetOnline.ag,2026-02-11,2026-02-10 14:47:44,2026-02-10,Regular Season,0.617,0.5,0.4693877551020409,0.1476122448979591,0.23399999999999999,0.383,0.5652173913043478,0.5306122448979592,-0.1476122448979592,-0.3223846153846154,
PRICED,over,PTS,full_game,20.5,True,32.49763488769531,32.65563064527518,19.715816497802734,0.08053929883335156,19.796355796636085,0.6420909777808131,78bf92243997831090f4e81bdc0a5d4d7ba172f90b72e1ee43b198174beb3eea,4000,42,De'Aaron Fox,1628368,Bovada,2026-02-11,2026-02-10 14:47:44,2026-02-10,Regular Season,0.44825,0.36363636363636365,0.33999999999999997,0.10825000000000001,0.23268750000000005,0.55175,0.7058823529411765,0.66,-0.10825000000000007,-0.21835416666666663,
PRICED,over,PTS,full_game,8.5,True,26.228897094726562,26.208149600599583,9.920047760009766,0.1736983175517913,10.093746077561557,0.5327606694856868,78bf92243997831090f4e81bdc0a5d4d7ba172f90b72e1ee43b198174beb3eea,4000,42,Derrick Jones,1627884,Bovada,2026-02-11,2026-02-10 14:47:44,2026-02-10,Regular Season,0.586,0.47619047619047616,0.4458598726114649,0.14014012738853504,0.23060000000000003,0.41400000000000003,0.5918367346938775,0.554140127388535,-0.14014012738853499,-0.30048275862068957,
PRICED,over,PTS,full_game,13.5,True,27.664525985717773,27.643778491590794,12.663832664489746,0.04857682566221813,12.712409490151964,0.5327606694856868,78bf92243997831090f4e81bdc0a5d4d7ba172f90b72e1ee43b198174beb3eea,4000,42,P.J. Washington,1629023,Bovada,2026-02-11,2026-02-10 14:47:44,2026-02-10,Regular Season,0.43925,0.35714285714285715,0.3346265761396702,0.1046234238603298,0.22989999999999977,0.5607500000000001,0.7101449275362319,0.6653734238603297,-0.10462342386032963,-0.21037244897959176,
PRICED,over,PTS,full_game,9.5,True,28.278295516967773,28.25754802284079,8.795963287353516,0.12187236190845936,8.917835649261974,0.5327606694856868,78bf92243997831090f4e81bdc0a5d4d7ba172f90b72e1ee43b198174beb3eea,4000,42,Kris Dunn,1627739,Bovada,2026-02-11,2026-02-10 14:47:44,2026-02-10,Regular Season,0.447,0.36363636363636365,0.33999999999999997,0.10700000000000004,0.22925000000000006,0.5529999999999999,0.7058823529411765,0.66,-0.1070000000000001,-0.21658333333333332,
PRICED,over,PTS,full_game,17.5,True,32.49763488769531,32.65563064527518,19.715816497802734,0.08053929883335156,19.796355796636085,0.6420909777808131,78bf92243997831090f4e81bdc0a5d4d7ba172f90b72e1ee43b198174beb3eea,4000,42,De'Aaron Fox,1628368,FanDuel,2026-02-11,2026-02-10 14:47:44,2026-02-10,Regular Season,0.62525,0.5098039215686274,0.47591522157996147,0.1493347784200385,0.22645192307692308,0.37475,0.5614035087719298,0.5240847784200385,-0.1493347784200385,-0.33247656249999996,
PRICED,over,PTS,full_game,18.5,True,32.49763488769531,32.65563064527518,19.715816497802734,0.08053929883335156,19.796355796636085,0.6420909777808131,78bf92243997831090f4e81bdc0a5d4d7ba172f90b72e1ee43b198174beb3eea,4000,42,De'Aaron Fox,1628368,Bovada,2026-02-11,2026-02-10 14:47:44,2026-02-10,Regular Season,0.57,0.46511627906976744,0.43668122270742354,0.1333187772925764,0.2254999999999998,0.43000000000000005,0.6,0.5633187772925764,-0.13331877729257635,-0.2833333333333333,
PRICED,over,PTS,full_game,17.5,True,32.49763488769531,32.65563064527518,19.715816497802734,0.08053929883335156,19.796355796636085,0.6420909777808131,78bf92243997831090f4e81bdc0a5d4d7ba172f90b72e1ee43b198174beb3eea,4000,42,De'Aaron Fox,1628368,BetOnline.ag,2026-02-11,2026-02-10 14:47:44,2026-02-10,Regular Season,0.62525,0.5121951219512195,0.48149290561381863,0.14375709438618134,0.22072619047619035,0.37475,0.5515695067264574,0.5185070943861814,-0.14375709438618134,-0.3205752032520325,
PRICED,over,PTS,full_game,14.5,True,34.018096923828125,34.176092681407994,18.46609115600586,0.0743639184426799,18.540455074448538,0.6420909777808131,78bf92243997831090f4e81bdc0a5d4d7ba172f90b72e1ee43b198174beb3eea,4000,42,OG Anunoby,1628384,Bovada,2026-02-11,2026-02-10 14:47:44,2026-02-10,Regular Season,0.73175,0.6,0.5633187772925764,0.1684312227074236,0.21958333333333324,0.26825,0.46511627906976744,0.43668122270742354,-0.16843122270742356,-0.42326250000000004,
PRICED,over,PTS,full_game,19.5,True,33.81440353393555,33.972399291515416,23.20493507385254,0.1280203400202326,23.33295541387277,0.6420909777808131,78bf92243997831090f4e81bdc0a5d4d7ba172f90b72e1ee43b198174beb3eea,4000,42,Dillon Brooks,1628415,Bovada,2026-02-11,2026-02-10 14:47:44,2026-02-10,Regular Season,0.68825,0.5652173913043478,0.5306122448979592,0.1576377551020408,0.2176730769230769,0.31174999999999997,0.5,0.4693877551020409,-0.15763775510204092,-0.37650000000000006,
PRICED,over,PTS,full_game,16.5,True,32.49763488769531,32.65563064527518,19.715816497802734,0.08053929883335156,19.796355796636085,0.6420909777808131,78bf92243997831090f4e81bdc0a5d4d7ba172f90b72e1ee43b198174beb3eea,4000,42,De'Aaron Fox,1628368,BetRivers,2026-02-11,2026-02-10 14:47:44,2026-02-10,Regular Season,0.68125,0.5594713656387665,0.5186523207413807,0.16259767925861934,0.21766732283464563,0.31875,0.5192307692307693,0.4813476792586193,-0.16259767925861934,-0.3861111111111111,
PRICED,over,PTS,full_game,9.5,True,22.980871200561523,23.18365704640076,13.551445007324219,-0.04473851957369768,13.50670648775052,0.4915060991395564,78bf92243997831090f4e81bdc0a5d4d7ba172f90b72e1ee43b198174beb3eea,4000,42,Keldon Johnson,1629640,BetRivers,2026-02-11,2026-02-10 14:47:44,2026-02-10,Regular Season,0.7525,0.6183206106870229,0.5740945445087458,0.1784054554912542,0.21700617283950613,0.24750000000000005,0.45871559633027525,0.42590545549125436,-0.1784054554912543,-0.46044999999999997,
PRICED,over,PTS,full_game,26.5,True,33.23477554321289,33.39277130079276,24.253170013427734,0.09476419807287856,24.34793421150061,0.6420909777808131,78bf92243997831090f4e81bdc0a5d4d7ba172f90b72e1ee43b198174beb3eea,4000,42,Pascal Siakam,1627783,Bovada,2026-02-11,2026-02-10 14:47:44,2026-02-10,Regular Season,0.39225,0.3225806451612903,0.30256012412723043,0.08968987587276955,0.21597500000000003,0.60775,0.7435897435897436,0.6974398758727697,-0.08968987587276966,-0.1826810344827586,
PRICED,over,PTS,full_game,8.5,True,21.870361328125,22.073147173964237,11.323517799377441,0.044482027608289086,11.36799982698573,0.4915060991395564,78bf92243997831090f4e81bdc0a5d4d7ba172f90b72e1ee43b198174beb3eea,4000,42,Klay Thompson,202691,BetRivers,2026-02-11,2026-02-10 14:47:44,2026-02-10,Regular Season,0.66525,0.5475113122171946,0.5089278628680263,0.15632213713197374,0.215043388429752,0.33475,0.5283018867924528,0.49107213713197356,-0.15632213713197357,-0.36636607142857147,
PRICED,over,PTS,full_game,24.5,True,33.23477554321289,33.39277130079276,24.253170013427734,0.09476419807287856,24.34793421150061,0.6420909777808131,78bf92243997831090f4e81bdc0a5d4d7ba172f90b72e1ee43b198174beb3eea,4000,42,Pascal Siakam,1627783,Bovada,2026-02-11,2026-02-10 14:47:44,2026-02-10,Regular Season,0.49575,0.40816326530612246,0.3838517538054269,0.11189824619457311,0.21458750000000015,0.50425,0.6551724137931034,0.6161482461945731,-0.11189824619457311,-0.23035526315789484,
PRICED,over,PTS,full_game,8.5,True,24.841453552246094,24.820706058119114,13.153303146362305,0.08412677494648925,13.237429921308793,0.5327606694856868,78bf92243997831090f4e81bdc0a5d4d7ba172f90b72e1ee43b198174beb3eea,4000,42,Reed Sheppard,1642263,Bovada,2026-02-11,2026-02-10 14:47:44,2026-02-10,Regular Season,0.78825,0.6491228070175439,0.6090534979423868,0.17919650205761317,0.21433108108108112,0.21175,0.4166666666666667,0.39094650205761317,-0.17919650205761317,-0.4918,
PRICED,over,PTS,full_game,11.5,True,22.980871200561523,23.18365704640076,13.551445007324219,-0.04473851957369768,13.50670648775052,0.4915060991395564,78bf92243997831090f4e81bdc0a5d4d7ba172f90b72e1ee43b198174beb3eea,4000,42,Keldon Johnson,1629640,BetMGM,2026-02-11,2026-02-10 14:47:44,2026-02-10,Regular Season,0.62125,0.5121951219512195,0.4796954314720812,0.14155456852791876,0.21291666666666653,0.37875000000000003,0.5555555555555556,0.5203045685279188,-0.1415545685279188,-0.3182499999999999,
PRICED,over,PTS,full_game,25.5,True,33.23477554321289,33.39277130079276,24.253170013427734,0.09476419807287856,24.34793421150061,0.6420909777808131,78bf92243997831090f4e81bdc0a5d4d7ba172f90b72e1ee43b198174beb3eea,4000,42,Pascal Siakam,1627783,Bovada,2026-02-11,2026-02-10 14:47:44,2026-02-10,Regular Season,0.441,0.36363636363636365,0.33999999999999997,0.10100000000000003,0.2127500000000001,0.5589999999999999,0.7058823529411765,0.66,-0.10100000000000009,-0.20808333333333331,
PRICED,over,PTS,full_game,10.5,True,26.756629943847656,26.735882449720677,11.537163734436035,0.03702039253973528,11.574184126975771,0.5327606694856868,78bf92243997831090f4e81bdc0a5d4d7ba172f90b72e1ee43b198174beb3eea,4000,42,Julian Champagnie,1630577,BetRivers,2026-02-11,2026-02-10 14:47:44,2026-02-10,Regular Season,0.551,0.45454545454545453,0.4208701134930643,0.13012988650693574,0.21220000000000017,0.44899999999999995,0.6254681647940075,0.5791298865069356,-0.1301298865069357,-0.28213772455089836,
PRICED,over,PTS,full_game,8.5,True,21.870361328125,22.073147173964237,11.323517799377441,0.044482027608289086,11.36799982698573,0.4915060991395564,78bf92243997831090f4e81bdc0a5d4d7ba172f90b72e1ee43b198174beb3eea,4000,42,Klay Thompson,202691,FanDuel,2026-02-11,2026-02-10 14:47:44,2026-02-10,Regular Season,0.66525,0.5495495495495496,0.5187593796898449,0.14649062031015514,0.21053688524590164,0.33475,0.5098039215686274,0.48124062031015497,-0.14649062031015497,-0.343375,
PRICED,over,PTS,full_game,12.5,True,27.664525985717773,27.643778491590794,12.663832664489746,0.04857682566221813,12.712409490151964,0.5327606694856868,78bf92243997831090f4e81bdc0a5d4d7ba172f90b72e1ee43b198174beb3eea,4000,42,P.J. Washington,1629023,Bovada,2026-02-11,2026-02-10 14:47:44,2026-02-10,Regular Season,0.50425,0.4166666666666667,0.39094650205761317,0.11330349794238681,0.21019999999999994,0.49575,0.6491228070175439,0.6090534979423868,-0.11330349794238681,-0.23627702702702696,
PRICED,over,PTS,full_game,12.5,True,30.246252059936523,30.404247817516392,14.552579879760742,0.12287915252810674,14.675459032288849,0.6420909777808131,78bf92243997831090f4e81bdc0a5d4d7ba172f90b72e1ee43b198174beb3eea,4000,42,Collin Gillespie,1631221,Bovada,2026-02-11,2026-02-10 14:47:44,2026-02-10,Regular Season,0.61975,0.5121951219512195,0.4796954314720812,0.1400545685279188,0.20998809523809525,0.38025,0.5555555555555556,0.5203045685279188,-0.14005456852791887,-0.31555,
PRICED,over,PTS,full_game,15.5,True,28.56736946105957,28.546621966932587,14.167806625366211,0.007943410747915124,14.175750036114126,0.5327606694856868,78bf92243997831090f4e81bdc0a5d4d7ba172f90b72e1ee43b198174beb3eea,4000,42,Devin Vassell,1630170,Bovada,2026-02-11,2026-02-10 14:47:44,2026-02-10,Regular Season,0.417,0.3448275862068966,0.32315978456014366,0.09384021543985632,0.20929999999999993,0.583,0.7222222222222222,0.6768402154398564,-0.09384021543985643,-0.19276923076923078,
PRICED,over,PTS,full_game,10.5,True,31.463350296020508,31.621346053600377,11.934615135192871,0.11112589001758977,12.04574102521046,0.6420909777808131,78bf92243997831090f4e81bdc0a5d4d7ba172f90b72e1ee43b198174beb3eea,4000,42,Royce O'Neale,1626220,BetOnline.ag,2026-02-11,2026-02-10 14:47:44,2026-02-10,Regular Season,0.598,0.49504950495049505,0.46526552222043954,0.13273447777956043,0.20795999999999992,0.402,0.5689655172413793,0.5347344777795604,-0.13273447777956038,-0.2934545454545454,
PRICED,over,PTS,full_game,9.5,True,31.463350296020508,31.621346053600377,11.934615135192871,0.11112589001758977,12.04574102521046,0.6420909777808131,78bf92243997831090f4e81bdc0a5d4d7ba172f90b72e1ee43b198174beb3eea,4000,42,Royce O'Neale,1626220,FanDuel,2026-02-11,2026-02-10 14:47:44,2026-02-10,Regular Season,0.65875,0.5454545454545454,0.5145711906744379,0.14417880932556204,0.20770833333333338,0.34125000000000005,0.5145631067961165,0.48542880932556204,-0.14417880932556199,-0.33681603773584895,
PRICED,over,PTS,full_game,7.5,True,26.65955352783203,26.638806033705052,10.706583023071289,0.09390418693592344,10.800487210007212,0.5327606694856868,78bf92243997831090f4e81bdc0a5d4d7ba172f90b72e1ee43b198174beb3eea,4000,42,Harrison Barnes,203084,BetMGM,2026-02-11,2026-02-10 14:47:44,2026-02-10,Regular Season,0.70425,0.5833333333333334,0.5445920303605313,0.15965796963946877,0.2072857142857144,0.29574999999999996,0.4878048780487805,0.4554079696394686,-0.15965796963946866,-0.39371250000000013,
PRICED,over,PTS,full_game,8.5,True,21.870361328125,22.073147173964237,11.323517799377441,0.044482027608289086,11.36799982698573,0.4915060991395564,78bf92243997831090f4e81bdc0a5d4d7ba172f90b72e1ee43b198174beb3eea,4000,42,Klay Thompson,202691,BetOnline.ag,2026-02-11,2026-02-10 14:47:44,2026-02-10,Regular Season,0.66525,0.5515695067264574,0.519675254742772,0.14557474525722802,0.2061036585365854,0.33475,0.5098039215686274,0.480324745257228,-0.14557474525722802,-0.343375,
PRICED,over,PTS,full_game,8.5,True,25.51629066467285,25.495543170545872,11.054433822631836,0.15562935524424365,11.21006317787608,0.5327606694856868,78bf92243997831090f4e81bdc0a5d4d7ba172f90b72e1ee43b198174beb3eea,4000,42,Landry Shamet,1629013,BetMGM,2026-02-11,2026-02-10 14:47:44,2026-02-10,Regular Season,0.66975,0.5555555555555556,0.5203045685279188,0.14944543147208111,0.2055499999999999,0.33025000000000004,0.5121951219512195,0.4796954314720812,-0.14944543147208117,-0.3552261904761904,
PRICED,over,PTS,full_game,12.5,True,30.246252059936523,30.404247817516392,14.552579879760742,0.12287915252810674,14.675459032288849,0.6420909777808131,78bf92243997831090f4e81bdc0a5d4d7ba172f90b72e1ee43b198174beb3eea,4000,42,Collin Gillespie,1631221,BetRivers,2026-02-11,2026-02-10 14:47:44,2026-02-10,Regular Season,0.61975,0.5145631067961165,0.4773835745752045,0.14236642542479555,0.20441981132075482,0.38025,0.5633187772925764,0.5226164254247954,-0.14236642542479538,-0.3249825581395349,
PRICED,over,PTS,full_game,9.5,True,31.463350296020508,31.621346053600377,11.934615135192871,0.11112589001758977,12.04574102521046,0.6420909777808131,78bf92243997831090f4e81bdc0a5d4d7ba172f90b72e1ee43b198174beb3eea,4000,42,Royce O'Neale,1626220,BetRivers,2026-02-11,2026-02-10 14:47:44,2026-02-10,Regular Season,0.65875,0.5475113122171946,0.5078823946715012,0.15086760532849874,0.2031714876033056,0.34125000000000005,0.5305164319248826,0.49211760532849874,-0.1508676053284987,-0.356758849557522,
PRICED,over,PTS,full_game,20.5,True,33.81440353393555,33.972399291515416,23.20493507385254,0.1280203400202326,23.33295541387277,0.6420909777808131,78bf92243997831090f4e81bdc0a5d4d7ba172f90b72e1ee43b198174beb3eea,4000,42,Dillon Brooks,1628415,DraftKings,2026-02-11,2026-02-10 14:47:44,2026-02-10,Regular Season,0.63775,0.5305164319248826,0.5,0.13775000000000004,0.20213053097345146,0.36224999999999996,0.5305164319248826,0.5,-0.13775000000000004,-0.317174778761062,
PRICED,over,PTS,full_game,20.5,True,33.81440353393555,33.972399291515416,23.20493507385254,0.1280203400202326,23.33295541387277,0.6420909777808131,78bf92243997831090f4e81bdc0a5d4d7ba172f90b72e1ee43b198174beb3eea,4000,42,Dillon Brooks,1628415,BetRivers,2026-02-11,2026-02-10 14:47:44,2026-02-10,Regular Season,0.63775,0.5305164319248826,0.49211760532849874,0.1456323946715013,0.20213053097345146,0.36224999999999996,0.5475113122171946,0.5078823946715012,-0.14563239467150124,-0.3383698347107439,
PRICED,over,PTS,full_game,7.5,True,23.322145462036133,23.52493130787537,6.6030426025390625,-0.055994843446586784,6.547047759092476,0.4915060991395564,78bf92243997831090f4e81bdc0a5d4d7ba172f90b72e1ee43b198174beb3eea,4000,42,Caleb Martin,1628997,Bovada,2026-02-11,2026-02-10 14:47:44,2026-02-10,Regular Season,0.4005,0.3333333333333333,0.3125,0.08800000000000002,0.20150000000000012,0.5994999999999999,0.7333333333333333,0.6875,-0.08800000000000008,-0.18249999999999997,
PRICED,over,PTS,full_game,17.5,True,30.004634857177734,30.162630614757603,19.049888610839844,0.013775649729551014,19.063664260569396,0.6420909777808131,78bf92243997831090f4e81bdc0a5d4d7ba172f90b72e1ee43b198174beb3eea,4000,42,Stephon Castle,1642264,BetRivers,2026-02-11,2026-02-10 14:47:44,2026-02-10,Regular Season,0.572,0.47619047619047616,0.4424778761061947,0.12952212389380524,0.20119999999999993,0.42800000000000005,0.6,0.5575221238938053,-0.12952212389380524,-0.2866666666666666,
PRICED,over,PTS,full_game,14.5,True,34.018096923828125,34.176092681407994,18.46609115600586,0.0743639184426799,18.540455074448538,0.6420909777808131,78bf92243997831090f4e81bdc0a5d4d7ba172f90b72e1ee43b198174beb3eea,4000,42,OG Anunoby,1628384,BetRivers,2026-02-11,2026-02-10 14:47:44,2026-02-10,Regular Season,0.73175,0.6108949416342413,0.5665958379709265,0.16515416202907351,0.19783280254777064,0.26825,0.4672897196261682,0.43340416202907345,-0.16515416202907346,-0.42594500000000013,
PRICED,over,PTS,full_game,10.5,True,19.82642364501953,20.02920949085877,13.143952369689941,-0.012136382169332539,13.131815987520609,0.4915060991395564,78bf92243997831090f4e81bdc0a5d4d7ba172f90b72e1ee43b198174beb3eea,4000,42,Brandon Williams,1630314,Bovada,2026-02-11,2026-02-10 14:47:44,2026-02-10,Regular Season,0.677,0.5652173913043478,0.5306122448979592,0.14638775510204083,0.1977692307692308,0.32299999999999995,0.5,0.4693877551020409,-0.14638775510204094,-0.3540000000000001,
PRICED,over,PTS,full_game,10.5,True,31.463350296020508,31.621346053600377,11.934615135192871,0.11112589001758977,12.04574102521046,0.6420909777808131,78bf92243997831090f4e81bdc0a5d4d7ba172f90b72e1ee43b198174beb3eea,4000,42,Royce O'Neale,1626220,Bovada,2026-02-11,2026-02-10 14:47:44,2026-02-10,Regular Season,0.598,0.5,0.4693877551020409,0.12861224489795908,0.19599999999999995,0.402,0.5652173913043478,0.5306122448979592,-0.1286122448979592,-0.2887692307692308,
PRICED,over,PTS,full_game,12.5,True,22.421634674072266,22.624420519911503,11.707038879394531,0.06799061301403314,11.775029492408564,0.4915060991395564,78bf92243997831090f4e81bdc0a5d4d7ba172f90b72e1ee43b198174beb3eea,4000,42,Dylan Harper,1642844,Bovada,2026-02-11,2026-02-10 14:47:44,2026-02-10,Regular Season,0.4265,0.35714285714285715,0.3346265761396702,0.09187342386032982,0.19419999999999993,0.5735,0.7101449275362319,0.6653734238603297,-0.0918734238603297,-0.19241836734693876,
PRICED,over,PTS,full_game,8.5,True,28.278295516967773,28.25754802284079,8.795963287353516,0.12187236190845936,8.917835649261974,0.5327606694856868,78bf92243997831090f4e81bdc0a5d4d7ba172f90b72e1ee43b198174beb3eea,4000,42,Kris Dunn,1627739,Bovada,2026-02-11,2026-02-10 14:47:44,2026-02-10,Regular Season,0.519,0.43478260869565216,0.40847201210287437,0.11052798789712565,0.19369999999999998,0.481,0.6296296296296297,0.5915279878971256,-0.11052798789712559,-0.2360588235294117,
PRICED,over,PTS,full_game,11.5,True,19.82642364501953,20.02920949085877,13.143952369689941,-0.012136382169332539,13.131815987520609,0.4915060991395564,78bf92243997831090f4e81bdc0a5d4d7ba172f90b72e1ee43b198174beb3eea,4000,42,Brandon Williams,1630314,FanDuel,2026-02-11,2026-02-10 14:47:44,2026-02-10,Regular Season,0.60275,0.504950495049505,0.47614107883817425,0.12660892116182576,0.19368137254901963,0.39725,0.5555555555555556,0.5238589211618258,-0.12660892116182576,-0.28495,
PRICED,over,PTS,full_game,17.5,True,32.49763488769531,32.65563064527518,19.715816497802734,0.08053929883335156,19.796355796636085,0.6420909777808131,78bf92243997831090f4e81bdc0a5d4d7ba172f90b72e1ee43b198174beb3eea,4000,42,De'Aaron Fox,1628368,Bovada,2026-02-11,2026-02-10 14:47:44,2026-02-10,Regular Season,0.62525,0.5238095238095238,0.48987854251012153,0.13537145748987844,0.19365909090909095,0.37475,0.5454545454545454,0.5101214574898786,-0.13537145748987855,-0.3129583333333332,
PRICED,over,PTS,full_game,23.5,True,29.846834182739258,29.826086688612275,24.257722854614258,0.11274141186321193,24.37046426647747,0.5327606694856868,78bf92243997831090f4e81bdc0a5d4d7ba172f90b72e1ee43b198174beb3eea,4000,42,Victor Wembanyama,1641705,BetRivers,2026-02-11,2026-02-10 14:47:44,2026-02-10,Regular Season,0.5425,0.45454545454545453,0.4208701134930643,0.12162988650693568,0.1935,0.4575,0.6254681647940075,0.5791298865069356,-0.12162988650693562,-0.26854790419161684,
PRICED,over,PTS,full_game,11.5,True,22.421634674072266,22.624420519911503,11.707038879394531,0.06799061301403314,11.775029492408564,0.4915060991395564,78bf92243997831090f4e81bdc0a5d4d7ba172f90b72e1ee43b198174beb3eea,4000,42,Dylan Harper,1642844,Bovada,2026-02-11,2026-02-10 14:47:44,2026-02-10,Regular Season,0.49675,0.4166666666666667,0.39094650205761317,0.10580349794238686,0.19220000000000004,0.50325,0.6491228070175439,0.6090534979423868,-0.10580349794238686,-0.224722972972973,
PRICED,over,PTS,full_game,5.5,True,21.780101776123047,21.982887621962284,7.237109661102295,-0.006584975716871184,7.230524685385424,0.4915060991395564,78bf92243997831090f4e81bdc0a5d4d7ba172f90b72e1ee43b198174beb3eea,4000,42,Oso Ighodaro,1642345,DraftKings,2026-02-11,2026-02-10 14:47:44,2026-02-10,Regular Season,0.64525,0.5412844036697247,0.510397604391948,0.13485239560805196,0.19207203389830507,0.35475,0.5192307692307693,0.4896023956080519,-0.1348523956080519,-0.3167777777777777,
PRICED,over,PTS,full_game,7.5,True,26.65955352783203,26.638806033705052,10.706583023071289,0.09390418693592344,10.800487210007212,0.5327606694856868,78bf92243997831090f4e81bdc0a5d4d7ba172f90b72e1ee43b198174beb3eea,4000,42,Harrison Barnes,203084,Bovada,2026-02-11,2026-02-10 14:47:44,2026-02-10,Regular Season,0.70425,0.5918367346938775,0.554140127388535,0.15010987261146502,0.1899396551724139,0.29574999999999996,0.47619047619047616,0.4458598726114649,-0.15010987261146497,-0.37892500000000007,
PRICED,over,PTS,full_game,7.5,True,26.228897094726562,26.208149600599583,9.920047760009766,0.1736983175517913,10.093746077561557,0.5327606694856868,78bf92243997831090f4e81bdc0a5d4d7ba172f90b72e1ee43b198174beb3eea,4000,42,Derrick Jones,1627884,BetOnline.ag,2026-02-11,2026-02-10 14:47:44,2026-02-10,Regular Season,0.66,0.5555555555555556,0.5226570545829042,0.1373429454170958,0.18800000000000006,0.33999999999999997,0.5073891625615764,0.4773429454170958,-0.13734294541709585,-0.3299029126213593,
PRICED,over,PTS,full_game,16.5,True,32.49763488769531,32.65563064527518,19.715816497802734,0.08053929883335156,19.796355796636085,0.6420909777808131,78bf92243997831090f4e81bdc0a5d4d7ba172f90b72e1ee43b198174beb3eea,4000,42,De'Aaron Fox,1628368,Bovada,2026-02-11,2026-02-10 14:47:44,2026-02-10,Regular Season,0.68125,0.574468085106383,0.5407914020517831,0.1404585979482169,0.18587962962962967,0.31875,0.4878048780487805,0.4592085979482169,-0.1404585979482169,-0.3465625000000001,
PRICED,over,PTS,full_game,8.5,True,25.51629066467285,25.495543170545872,11.054433822631836,0.15562935524424365,11.21006317787608,0.5327606694856868,78bf92243997831090f4e81bdc0a5d4d7ba172f90b72e1ee43b198174beb3eea,4000,42,Landry Shamet,1629013,BetOnline.ag,2026-02-11,2026-02-10 14:47:44,2026-02-10,Regular Season,0.66975,0.5652173913043478,0.5306122448979592,0.13913775510204074,0.18494230769230757,0.33025000000000004,0.5,0.4693877551020409,-0.13913775510204085,-0.3394999999999999,
PRICED,over,PTS,full_game,8.5,True,25.51629066467285,25.495543170545872,11.054433822631836,0.15562935524424365,11.21006317787608,0.5327606694856868,78bf92243997831090f4e81bdc0a5d4d7ba172f90b72e1ee43b198174beb3eea,4000,42,Landry Shamet,1629013,Bovada,2026-02-11,2026-02-10 14:47:44,2026-02-10,Regular Season,0.66975,0.5652173913043478,0.5306122448979592,0.13913775510204074,0.18494230769230757,0.33025000000000004,0.5,0.4693877551020409,-0.13913775510204085,-0.3394999999999999,
PRICED,over,PTS,full_game,14.5,True,28.56736946105957,28.546621966932587,14.167806625366211,0.007943410747915124,14.175750036114126,0.5327606694856868,78bf92243997831090f4e81bdc0a5d4d7ba172f90b72e1ee43b198174beb3eea,4000,42,Devin Vassell,1630170,Bovada,2026-02-11,2026-02-10 14:47:44,2026-02-10,Regular Season,0.47375,0.4,0.375,0.09875,0.18437500000000007,0.52625,0.6666666666666666,0.625,-0.09875,-0.210625,
PRICED,over,PTS,full_game,10.5,True,31.463350296020508,31.621346053600377,11.934615135192871,0.11112589001758977,12.04574102521046,0.6420909777808131,78bf92243997831090f4e81bdc0a5d4d7ba172f90b72e1ee43b198174beb3eea,4000,42,Royce O'Neale,1626220,DraftKings,2026-02-11,2026-02-10 14:47:44,2026-02-10,Regular Season,0.598,0.504950495049505,0.475259772389906,0.12274022761009395,0.18427450980392157,0.402,0.5575221238938053,0.524740227610094,-0.12274022761009395,-0.27895238095238095,
PRICED,over,PTS,full_game,8.5,True,22.980871200561523,23.18365704640076,13.551445007324219,-0.04473851957369768,13.50670648775052,0.4915060991395564,78bf92243997831090f4e81bdc0a5d4d7ba172f90b72e1ee43b198174beb3eea,4000,42,Keldon Johnson,1629640,Bovada,2026-02-11,2026-02-10 14:47:44,2026-02-10,Regular Season,0.802,0.6774193548387096,0.6333530455351862,0.16864695446481381,0.18390476190476202,0.19799999999999995,0.39215686274509803,0.3666469544648137,-0.16864695446481376,-0.49510000000000015,
PRICED,over,PTS,full_game,8.5,True,26.228897094726562,26.208149600599583,9.920047760009766,0.1736983175517913,10.093746077561557,0.5327606694856868,78bf92243997831090f4e81bdc0a5d4d7ba172f90b72e1ee43b198174beb3eea,4000,42,Derrick Jones,1627884,FanDuel,2026-02-11,2026-02-10 14:47:44,2026-02-10,Regular Season,0.586,0.49504950495049505,0.4669102720259846,0.11908972797401535,0.18372,0.41400000000000003,0.5652173913043478,0.5330897279740154,-0.1190897279740154,-0.2675384615384615,
PRICED,over,PTS,full_game,12.5,True,30.246252059936523,30.404247817516392,14.552579879760742,0.12287915252810674,14.675459032288849,0.6420909777808131,78bf92243997831090f4e81bdc0a5d4d7ba172f90b72e1ee43b198174beb3eea,4000,42,Collin Gillespie,1631221,BetMGM,2026-02-11,2026-02-10 14:47:44,2026-02-10,Regular Season,0.61975,0.5238095238095238,0.48987854251012153,0.1298714574898785,0.183159090909091,0.38025,0.5454545454545454,0.5101214574898786,-0.1298714574898786,-0.302875,
PRICED,over,PTS,full_game,9.5,True,26.756629943847656,26.735882449720677,11.537163734436035,0.03702039253973528,11.574184126975771,0.5327606694856868,78bf92243997831090f4e81bdc0a5d4d7ba172f90b72e1ee43b198174beb3eea,4000,42,Julian Champagnie,1630577,BetRivers,2026-02-11,2026-02-10 14:47:44,2026-02-10,Regular Season,0.617,0.5215311004784688,0.4842053307008884,0.1327946692991116,0.18305504587155963,0.383,0.5555555555555556,0.5157946692991116,-0.13279466929911155,-0.3106,
PRICED,over,PTS,full_game,5.5,True,21.780101776123047,21.982887621962284,7.237109661102295,-0.006584975716871184,7.230524685385424,0.4915060991395564,78bf92243997831090f4e81bdc0a5d4d7ba172f90b72e1ee43b198174beb3eea,4000,42,Oso Ighodaro,1642345,BetMGM,2026-02-11,2026-02-10 14:47:44,2026-02-10,Regular Season,0.64525,0.5454545454545454,0.5101214574898786,0.1351285425101214,0.18295833333333344,0.35475,0.5238095238095238,0.48987854251012153,-0.13512854251012152,-0.3227499999999999,
PRICED,over,PTS,full_game,11.5,True,30.246252059936523,30.404247817516392,14.552579879760742,0.12287915252810674,14.675459032288849,0.6420909777808131,78bf92243997831090f4e81bdc0a5d4d7ba172f90b72e1ee43b198174beb3eea,4000,42,Collin Gillespie,1631221,Bovada,2026-02-11,2026-02-10 14:47:44,2026-02-10,Regular Season,0.67725,0.574468085106383,0.5407914020517831,0.1364585979482169,0.17891666666666672,0.32275,0.4878048780487805,0.4592085979482169,-0.1364585979482169,-0.3383625000000001,
PRICED,over,PTS,full_game,11.5,True,27.664525985717773,27.643778491590794,12.663832664489746,0.04857682566221813,12.712409490151964,0.5327606694856868,78bf92243997831090f4e81bdc0a5d4d7ba172f90b72e1ee43b198174beb3eea,4000,42,P.J. Washington,1629023,Bovada,2026-02-11,2026-02-10 14:47:44,2026-02-10,Regular Season,0.575,0.4878048780487805,0.4592085979482169,0.11579140205178307,0.17874999999999985,0.42500000000000004,0.574468085106383,0.5407914020517831,-0.11579140205178307,-0.26018518518518513,
PRICED,over,PTS,full_game,20.5,True,33.81440353393555,33.972399291515416,23.20493507385254,0.1280203400202326,23.33295541387277,0.6420909777808131,78bf92243997831090f4e81bdc0a5d4d7ba172f90b72e1ee43b198174beb3eea,4000,42,Dillon Brooks,1628415,FanDuel,2026-02-11,2026-02-10 14:47:44,2026-02-10,Regular Season,0.63775,0.5412844036697247,0.510397604391948,0.127352395608052,0.1782161016949153,0.36224999999999996,0.5192307692307693,0.4896023956080519,-0.12735239560805195,-0.30233333333333334,
PRICED,over,PTS,full_game,5.5,True,23.322145462036133,23.52493130787537,6.6030426025390625,-0.055994843446586784,6.547047759092476,0.4915060991395564,78bf92243997831090f4e81bdc0a5d4d7ba172f90b72e1ee43b198174beb3eea,4000,42,Caleb Martin,1628997,BetRivers,2026-02-11,2026-02-10 14:47:44,2026-02-10,Regular Season,0.5745,0.4878048780487805,0.4546740873502499,0.11982591264975012,0.1777249999999999,0.4255,0.5850622406639004,0.5453259126497499,-0.11982591264974995,-0.27272695035460987,
PRICED,over,PTS,full_game,5.5,True,23.322145462036133,23.52493130787537,6.6030426025390625,-0.055994843446586784,6.547047759092476,0.4915060991395564,78bf92243997831090f4e81bdc0a5d4d7ba172f90b72e1ee43b198174beb3eea,4000,42,Caleb Martin,1628997,Bovada,2026-02-11,2026-02-10 14:47:44,2026-02-10,Regular Season,0.5745,0.4878048780487805,0.4592085979482169,0.11529140205178312,0.1777249999999999,0.4255,0.574468085106383,0.5407914020517831,-0.11529140205178312,-0.25931481481481483,
PRICED,over,PTS,full_game,7.5,True,25.51629066467285,25.495543170545872,11.054433822631836,0.15562935524424365,11.21006317787608,0.5327606694856868,78bf92243997831090f4e81bdc0a5d4d7ba172f90b72e1ee43b198174beb3eea,4000,42,Landry Shamet,1629013,BetRivers,2026-02-11,2026-02-10 14:47:44,2026-02-10,Regular Season,0.7325,0.6226415094339622,0.5757963822634864,0.15670361773651365,0.17643939393939395,0.26749999999999996,0.45871559633027525,0.42420361773651355,-0.1567036177365136,-0.41685000000000016,
PRICED,over,PTS,full_game,18.5,True,33.81440353393555,33.972399291515416,23.20493507385254,0.1280203400202326,23.33295541387277,0.6420909777808131,78bf92243997831090f4e81bdc0a5d4d7ba172f90b72e1ee43b198174beb3eea,4000,42,Dillon Brooks,1628415,Bovada,2026-02-11,2026-02-10 14:47:44,2026-02-10,Regular Season,0.7325,0.6226415094339622,0.5834970530451867,0.1490029469548133,0.17643939393939395,0.26749999999999996,0.4444444444444444,0.4165029469548134,-0.14900294695481342,-0.39812500000000006,
PRICED,over,PTS,full_game,7.5,True,26.543115615844727,26.522368121717747,11.435935974121094,0.14697996836226443,11.582915942483359,0.5327606694856868,78bf92243997831090f4e81bdc0a5d4d7ba172f90b72e1ee43b198174beb3eea,4000,42,Jordan Goodwin,1630692,Bovada,2026-02-11,2026-02-10 14:47:44,2026-02-10,Regular Season,0.7535,0.6428571428571429,0.6017069701280228,0.15179302987197718,0.17211111111111105,0.24650000000000005,0.425531914893617,0.3982930298719772,-0.15179302987197713,-0.42072499999999985,
PRICED,over,PTS,full_game,7.5,True,26.228897094726562,26.208149600599583,9.920047760009766,0.1736983175517913,10.093746077561557,0.5327606694856868,78bf92243997831090f4e81bdc0a5d4d7ba172f90b72e1ee43b198174beb3eea,4000,42,Derrick Jones,1627884,DraftKings,2026-02-11,2026-02-10 14:47:44,2026-02-10,Regular Season,0.66,0.5633187772925764,0.5310164041860369,0.12898359581396313,0.17162790697674424,0.33999999999999997,0.4975124378109453,0.468983595813963,-0.12898359581396301,-0.31660000000000016,
PRICED,over,PTS,full_game,23.5,True,33.23477554321289,33.39277130079276,24.253170013427734,0.09476419807287856,24.34793421150061,0.6420909777808131,78bf92243997831090f4e81bdc0a5d4d7ba172f90b72e1ee43b198174beb3eea,4000,42,Pascal Siakam,1627783,Bovada,2026-02-11,2026-02-10 14:47:44,2026-02-10,Regular Season,0.5445,0.46511627906976744,0.43668122270742354,0.10781877729257644,0.1706749999999999,0.4555,0.6,0.5633187772925764,-0.10781877729257638,-0.2408333333333334,
PRICED,over,PTS,full_game,19.5,True,33.81440353393555,33.972399291515416,23.20493507385254,0.1280203400202326,23.33295541387277,0.6420909777808131,78bf92243997831090f4e81bdc0a5d4d7ba172f90b72e1ee43b198174beb3eea,4000,42,Dillon Brooks,1628415,BetRivers,2026-02-11,2026-02-10 14:47:44,2026-02-10,Regular Season,0.68825,0.588477366255144,0.5479742549946055,0.14027574500539453,0.16954370629370624,0.31174999999999997,0.4854368932038835,0.4520257450053946,-0.14027574500539464,-0.35779500000000003,
PRICED,over,PTS,full_game,20.5,True,33.81440353393555,33.972399291515416,23.20493507385254,0.1280203400202326,23.33295541387277,0.6420909777808131,78bf92243997831090f4e81bdc0a5d4d7ba172f90b72e1ee43b198174beb3eea,4000,42,Dillon Brooks,1628415,BetMGM,2026-02-11,2026-02-10 14:47:44,2026-02-10,Regular Season,0.63775,0.5454545454545454,0.5101214574898786,0.12762854251012146,0.16920833333333352,0.36224999999999996,0.5238095238095238,0.48987854251012153,-0.12762854251012157,-0.30843181818181825,
PRICED,over,PTS,full_game,5.5,True,16.462724685668945,16.533726109775113,6.158402442932129,0.36662705178739924,6.525029494719528,0.44940254752247744,78bf92243997831090f4e81bdc0a5d4d7ba172f90b72e1ee43b198174beb3eea,4000,42,Yanic Konan Niederhauser,1642949,BetOnline.ag,2026-02-11,2026-02-10 14:47:44,2026-02-10,Regular Season,0.5845,0.5,0.4693877551020409,0.11511224489795913,0.16900000000000004,0.4155,0.5652173913043478,0.5306122448979592,-0.11511224489795924,-0.26488461538461544,
PRICED,over,PTS,full_game,13.5,True,34.018096923828125,34.176092681407994,18.46609115600586,0.0743639184426799,18.540455074448538,0.6420909777808131,78bf92243997831090f4e81bdc0a5d4d7ba172f90b72e1ee43b198174beb3eea,4000,42,OG Anunoby,1628384,Bovada,2026-02-11,2026-02-10 14:47:44,2026-02-10,Regular Season,0.779,0.6666666666666666,0.625,0.15400000000000003,0.16850000000000004,0.22099999999999997,0.4,0.375,-0.15400000000000003,-0.44750000000000006,
PRICED,over,PTS,full_game,10.5,True,22.421634674072266,22.624420519911503,11.707038879394531,0.06799061301403314,11.775029492408564,0.4915060991395564,78bf92243997831090f4e81bdc0a5d4d7ba172f90b72e1ee43b198174beb3eea,4000,42,Dylan Harper,1642844,Bovada,2026-02-11,2026-02-10 14:47:44,2026-02-10,Regular Season,0.57,0.4878048780487805,0.4592085979482169,0.11079140205178306,0.16849999999999976,0.43000000000000005,0.574468085106383,0.5407914020517831,-0.11079140205178306,-0.2514814814814814,
PRICED,over,PTS,full_game,7.5,True,26.756629943847656,26.735882449720677,11.537163734436035,0.03702039253973528,11.574184126975771,0.5327606694856868,78bf92243997831090f4e81bdc0a5d4d7ba172f90b72e1ee43b198174beb3eea,4000,42,Julian Champagnie,1630577,Bovada,2026-02-11,2026-02-10 14:47:44,2026-02-10,Regular Season,0.751,0.6428571428571429,0.6017069701280228,0.14929302987197723,0.16822222222222222,0.249,0.425531914893617,0.3982930298719772,-0.14929302987197718,-0.41485,
PRICED,over,PTS,full_game,12.5,True,30.246252059936523,30.404247817516392,14.552579879760742,0.12287915252810674,14.675459032288849,0.6420909777808131,78bf92243997831090f4e81bdc0a5d4d7ba172f90b72e1ee43b198174beb3eea,4000,42,Collin Gillespie,1631221,FanDuel,2026-02-11,2026-02-10 14:47:44,2026-02-10,Regular Season,0.61975,0.5305164319248826,0.5,0.11975000000000002,0.16820132743362837,0.38025,0.5305164319248826,0.5,-0.11975000000000002,-0.28324557522123894,
PRICED,over,PTS,full_game,16.5,True,32.49763488769531,32.65563064527518,19.715816497802734,0.08053929883335156,19.796355796636085,0.6420909777808131,78bf92243997831090f4e81bdc0a5d4d7ba172f90b72e1ee43b198174beb3eea,4000,42,De'Aaron Fox,1628368,BetMGM,2026-02-11,2026-02-10 14:47:44,2026-02-10,Regular Season,0.68125,0.5833333333333334,0.5445920303605313,0.13665796963946875,0.16785714285714298,0.31875,0.4878048780487805,0.4554079696394686,-0.13665796963946863,-0.3465625000000001,
PRICED,over,PTS,full_game,7.5,True,26.228897094726562,26.208149600599583,9.920047760009766,0.1736983175517913,10.093746077561557,0.5327606694856868,78bf92243997831090f4e81bdc0a5d4d7ba172f90b72e1ee43b198174beb3eea,4000,42,Derrick Jones,1627884,Bovada,2026-02-11,2026-02-10 14:47:44,2026-02-10,Regular Season,0.66,0.5652173913043478,0.5306122448979592,0.1293877551020408,0.1676923076923077,0.33999999999999997,0.5,0.4693877551020409,-0.12938775510204092,-0.32000000000000006,
PRICED,over,PTS,full_game,7.5,True,26.228897094726562,26.208149600599583,9.920047760009766,0.1736983175517913,10.093746077561557,0.5327606694856868,78bf92243997831090f4e81bdc0a5d4d7ba172f90b72e1ee43b198174beb3eea,4000,42,Derrick Jones,1627884,BetMGM,2026-02-11,2026-02-10 14:47:44,2026-02-10,Regular Season,0.66,0.5652173913043478,0.5306122448979592,0.1293877551020408,0.1676923076923077,0.33999999999999997,0.5,0.4693877551020409,-0.12938775510204092,-0.32000000000000006,
PRICED,over,PTS,full_game,6.5,True,23.322145462036133,23.52493130787537,6.6030426025390625,-0.055994843446586784,6.547047759092476,0.4915060991395564,78bf92243997831090f4e81bdc0a5d4d7ba172f90b72e1ee43b198174beb3eea,4000,42,Caleb Martin,1628997,Bovada,2026-02-11,2026-02-10 14:47:44,2026-02-10,Regular Season,0.4865,0.4166666666666667,0.39094650205761317,0.09555349794238682,0.16759999999999986,0.5135000000000001,0.6491228070175439,0.6090534979423868,-0.09555349794238677,-0.20893243243243237,
PRICED,over,PTS,full_game,7.5,True,21.870361328125,22.073147173964237,11.323517799377441,0.044482027608289086,11.36799982698573,0.4915060991395564,78bf92243997831090f4e81bdc0a5d4d7ba172f90b72e1ee43b198174beb3eea,4000,42,Klay Thompson,202691,Bovada,2026-02-11,2026-02-10 14:47:44,2026-02-10,Regular Season,0.72675,0.6226415094339622,0.5834970530451867,0.14325294695481328,0.16720454545454538,0.27325,0.4444444444444444,0.4165029469548134,-0.1432529469548134,-0.3851875,
PRICED,over,PTS,full_game,22.5,True,33.23477554321289,33.39277130079276,24.253170013427734,0.09476419807287856,24.34793421150061,0.6420909777808131,78bf92243997831090f4e81bdc0a5d4d7ba172f90b72e1ee43b198174beb3eea,4000,42,Pascal Siakam,1627783,FanDuel,2026-02-11,2026-02-10 14:47:44,2026-02-10,Regular Season,0.595,0.5098039215686274,0.48124062031015497,0.11375937968984501,0.16711538461538467,0.405,0.5495495495495496,0.5187593796898449,-0.11375937968984484,-0.26303278688524584,
PRICED,over,PTS,full_game,16.5,True,30.004634857177734,30.162630614757603,19.049888610839844,0.013775649729551014,19.063664260569396,0.6420909777808131,78bf92243997831090f4e81bdc0a5d4d7ba172f90b72e1ee43b198174beb3eea,4000,42,Stephon Castle,1642264,BetRivers,2026-02-11,2026-02-10 14:47:44,2026-02-10,Regular Season,0.636,0.5454545454545454,0.5059101654846335,0.1300898345153665,0.16600000000000015,0.364,0.5327102803738317,0.4940898345153664,-0.13008983451536643,-0.31670175438596493,
PRICED,over,PTS,full_game,16.5,True,30.004634857177734,30.162630614757603,19.049888610839844,0.013775649729551014,19.063664260569396,0.6420909777808131,78bf92243997831090f4e81bdc0a5d4d7ba172f90b72e1ee43b198174beb3eea,4000,42,Stephon Castle,1642264,BetMGM,2026-02-11,2026-02-10 14:47:44,2026-02-10,Regular Season,0.636,0.5454545454545454,0.5101214574898786,0.12587854251012143,0.16600000000000015,0.364,0.5238095238095238,0.48987854251012153,-0.12587854251012154,-0.3050909090909091,
PRICED,over,PTS,full_game,16.5,True,30.004634857177734,30.162630614757603,19.049888610839844,0.013775649729551014,19.063664260569396,0.6420909777808131,78bf92243997831090f4e81bdc0a5d4d7ba172f90b72e1ee43b198174beb3eea,4000,42,Stephon Castle,1642264,BetOnline.ag,2026-02-11,2026-02-10 14:47:44,2026-02-10,Regular Season,0.636,0.5454545454545454,0.5123152709359606,0.12368472906403938,0.16600000000000015,0.364,0.5192307692307693,0.4876847290640395,-0.12368472906403949,-0.29896296296296293,
PRICED,over,PTS,full_game,16.5,True,30.004634857177734,30.162630614757603,19.049888610839844,0.013775649729551014,19.063664260569396,0.6420909777808131,78bf92243997831090f4e81bdc0a5d4d7ba172f90b72e1ee43b198174beb3eea,4000,42,Stephon Castle,1642264,DraftKings,2026-02-11,2026-02-10 14:47:44,2026-02-10,Regular Season,0.636,0.5454545454545454,0.5145711906744379,0.1214288093255621,0.16600000000000015,0.364,0.5145631067961165,0.48542880932556204,-0.12142880932556205,-0.2926037735849057,
PRICED,over,PTS,full_game,9.5,True,31.463350296020508,31.621346053600377,11.934615135192871,0.11112589001758977,12.04574102521046,0.6420909777808131,78bf92243997831090f4e81bdc0a5d4d7ba172f90b72e1ee43b198174beb3eea,4000,42,Royce O'Neale,1626220,BetMGM,2026-02-11,2026-02-10 14:47:44,2026-02-10,Regular Season,0.65875,0.5652173913043478,0.5246062992125985,0.13414370078740145,0.16548076923076904,0.34125000000000005,0.5121951219512195,0.4753937007874017,-0.13414370078740162,-0.33374999999999994,
PRICED,over,PTS,full_game,11.5,True,30.246252059936523,30.404247817516392,14.552579879760742,0.12287915252810674,14.675459032288849,0.6420909777808131,78bf92243997831090f4e81bdc0a5d4d7ba172f90b72e1ee43b198174beb3eea,4000,42,Collin Gillespie,1631221,BetRivers,2026-02-11,2026-02-10 14:47:44,2026-02-10,Regular Season,0.67725,0.5815899581589958,0.542636252296387,0.134613747703613,0.16448021582733813,0.32275,0.49019607843137253,0.45736374770361293,-0.13461374770361295,-0.34159,
PRICED,over,PTS,full_game,10.5,True,22.421634674072266,22.624420519911503,11.707038879394531,0.06799061301403314,11.775029492408564,0.4915060991395564,78bf92243997831090f4e81bdc0a5d4d7ba172f90b72e1ee43b198174beb3eea,4000,42,Dylan Harper,1642844,BetRivers,2026-02-11,2026-02-10 14:47:44,2026-02-10,Regular Season,0.57,0.49019607843137253,0.45736374770361293,0.11263625229638702,0.16279999999999994,0.43000000000000005,0.5815899581589958,0.542636252296387,-0.11263625229638696,-0.2606474820143884,
PRICED,over,PTS,full_game,22.5,True,33.23477554321289,33.39277130079276,24.253170013427734,0.09476419807287856,24.34793421150061,0.6420909777808131,78bf92243997831090f4e81bdc0a5d4d7ba172f90b72e1ee43b198174beb3eea,4000,42,Pascal Siakam,1627783,Bovada,2026-02-11,2026-02-10 14:47:44,2026-02-10,Regular Season,0.595,0.5121951219512195,0.4796954314720812,0.11530456852791876,0.16166666666666663,0.405,0.5555555555555556,0.5203045685279188,-0.11530456852791882,-0.2709999999999999,
PRICED,over,PTS,full_game,21.5,True,33.23477554321289,33.39277130079276,24.253170013427734,0.09476419807287856,24.34793421150061,0.6420909777808131,78bf92243997831090f4e81bdc0a5d4d7ba172f90b72e1ee43b198174beb3eea,4000,42,Pascal Siakam,1627783,DraftKings,2026-02-11,2026-02-10 14:47:44,2026-02-10,Regular Season,0.643,0.5535714285714286,0.5217643644805572,0.12123563551944283,0.16154838709677422,0.357,0.5073891625615764,0.47823563551944287,-0.12123563551944289,-0.2963980582524272,
PRICED,over,PTS,full_game,7.5,True,24.841453552246094,24.820706058119114,13.153303146362305,0.08412677494648925,13.237429921308793,0.5327606694856868,78bf92243997831090f4e81bdc0a5d4d7ba172f90b72e1ee43b198174beb3eea,4000,42,Reed Sheppard,1642263,Bovada,2026-02-11,2026-02-10 14:47:44,2026-02-10,Regular Season,0.83875,0.7222222222222222,0.6768402154398564,0.1619097845601436,0.1613461538461538,0.16125,0.3448275862068966,0.32315978456014366,-0.16190978456014365,-0.532375,
PRICED,over,PTS,full_game,10.5,True,27.664525985717773,27.643778491590794,12.663832664489746,0.04857682566221813,12.712409490151964,0.5327606694856868,78bf92243997831090f4e81bdc0a5d4d7ba172f90b72e1ee43b198174beb3eea,4000,42,P.J. Washington,1629023,Bovada,2026-02-11,2026-02-10 14:47:44,2026-02-10,Regular Season,0.645,0.5555555555555556,0.5203045685279188,0.12469543147208118,0.16100000000000003,0.355,0.5121951219512195,0.4796954314720812,-0.12469543147208123,-0.30690476190476196,
PRICED,over,PTS,full_game,22.5,True,29.846834182739258,29.826086688612275,24.257722854614258,0.11274141186321193,24.37046426647747,0.5327606694856868,78bf92243997831090f4e81bdc0a5d4d7ba172f90b72e1ee43b198174beb3eea,4000,42,Victor Wembanyama,1641705,BetRivers,2026-02-11,2026-02-10 14:47:44,2026-02-10,Regular Season,0.59975,0.5169082125603864,0.4802285578710111,0.11952144212898891,0.1602640186915889,0.40025,0.5594713656387665,0.519771442128989,-0.11952144212898896,-0.2845925196850394,
PRICED,over,PTS,full_game,3.5,True,21.780101776123047,21.982887621962284,7.237109661102295,-0.006584975716871184,7.230524685385424,0.4915060991395564,78bf92243997831090f4e81bdc0a5d4d7ba172f90b72e1ee43b198174beb3eea,4000,42,Oso Ighodaro,1642345,Bovada,2026-02-11,2026-02-10 14:47:44,2026-02-10,Regular Season,0.791,0.6825396825396826,0.6395881006864989,0.15141189931350119,0.15890697674418602,0.20899999999999996,0.38461538461538464,0.36041189931350115,-0.15141189931350119,-0.45660000000000006,
PRICED,over,PTS,full_game,12.5,True,30.246252059936523,30.404247817516392,14.552579879760742,0.12287915252810674,14.675459032288849,0.6420909777808131,78bf92243997831090f4e81bdc0a5d4d7ba172f90b72e1ee43b198174beb3eea,4000,42,Collin Gillespie,1631221,BetOnline.ag,2026-02-11,2026-02-10 14:47:44,2026-02-10,Regular Season,0.61975,0.5348837209302325,0.5030953363598845,0.11665466364011556,0.15866304347826088,0.38025,0.5283018867924528,0.4969046636401156,-0.11665466364011562,-0.2802410714285715,
PRICED,over,PTS,full_game,9.5,True,26.756629943847656,26.735882449720677,11.537163734436035,0.03702039253973528,11.574184126975771,0.5327606694856868,78bf92243997831090f4e81bdc0a5d4d7ba172f90b72e1ee43b198174beb3eea,4000,42,Julian Champagnie,1630577,DraftKings,2026-02-11,2026-02-10 14:47:44,2026-02-10,Regular Season,0.617,0.5327102803738317,0.5020774472328402,0.11492255276715979,0.1582280701754386,0.383,0.5283018867924528,0.4979225527671597,-0.11492255276715968,-0.2750357142857143,
PRICED,over,PTS,full_game,16.5,True,30.004634857177734,30.162630614757603,19.049888610839844,0.013775649729551014,19.063664260569396,0.6420909777808131,78bf92243997831090f4e81bdc0a5d4d7ba172f90b72e1ee43b198174beb3eea,4000,42,Stephon Castle,1642264,FanDuel,2026-02-11,2026-02-10 14:47:44,2026-02-10,Regular Season,0.636,0.5495495495495496,0.5141838223374939,0.12181617766250608,0.15731147540983614,0.364,0.5192307692307693,0.48581617766250607,-0.12181617766250608,-0.29896296296296293,
PRICED,over,PTS,full_game,16.5,True,32.66553497314453,32.8235307307244,17.9714298248291,-0.0037961940938964454,17.967633630735204,0.6420909777808131,78bf92243997831090f4e81bdc0a5d4d7ba172f90b72e1ee43b198174beb3eea,4000,42,Anthony Black,1641710,FanDuel,2026-02-12,2026-02-10 14:47:44,2026-02-10,Regular Season,0.584,0.504950495049505,0.4718423169750604,0.11215768302493956,0.15654901960784307,0.41600000000000004,0.5652173913043478,0.5281576830249397,-0.11215768302493967,-0.26399999999999996,
PRICED,over,PTS,full_game,22.5,True,33.23477554321289,33.39277130079276,24.253170013427734,0.09476419807287856,24.34793421150061,0.6420909777808131,78bf92243997831090f4e81bdc0a5d4d7ba172f90b72e1ee43b198174beb3eea,4000,42,Pascal Siakam,1627783,BetOnline.ag,2026-02-11,2026-02-10 14:47:44,2026-02-10,Regular Season,0.595,0.5145631067961165,0.483560743054414,0.11143925694558598,0.15632075471698104,0.405,0.5495495495495496,0.5164392569455861,-0.1114392569455861,-0.26303278688524584,
PRICED,over,PTS,full_game,12.5,True,28.56736946105957,28.546621966932587,14.167806625366211,0.007943410747915124,14.175750036114126,0.5327606694856868,78bf92243997831090f4e81bdc0a5d4d7ba172f90b72e1ee43b198174beb3eea,4000,42,Devin Vassell,1630170,BetRivers,2026-02-11,2026-02-10 14:47:44,2026-02-10,Regular Season,0.59225,0.5121951219512195,0.4753937007874017,0.11685629921259838,0.15629761904761907,0.40774999999999995,0.5652173913043478,0.5246062992125985,-0.11685629921259855,-0.278596153846154,
PRICED,over,PTS,full_game,5.5,True,23.322145462036133,23.52493130787537,6.6030426025390625,-0.055994843446586784,6.547047759092476,0.4915060991395564,78bf92243997831090f4e81bdc0a5d4d7ba172f90b72e1ee43b198174beb3eea,4000,42,Caleb Martin,1628997,DraftKings,2026-02-11,2026-02-10 14:47:44,2026-02-10,Regular Season,0.5745,0.4975124378109453,0.46983184965380814,0.10466815034619187,0.1547449999999999,0.4255,0.5614035087719298,0.5301681503461919,-0.10466815034619192,-0.24207812500000003,
PRICED,over,PTS,full_game,14.5,True,34.660003662109375,34.817999419689244,15.4271240234375,0.01646890033136811,15.443592923768868,0.6420909777808131,78bf92243997831090f4e81bdc0a5d4d7ba172f90b72e1ee43b198174beb3eea,4000,42,Jabari Smith Jr,1631095,BetRivers,2026-02-11,2026-02-10 14:47:44,2026-02-10,Regular Season,0.5345,0.46296296296296297,0.4299183321160614,0.10458166788393858,0.15452,0.4655,0.6138996138996139,0.5700816678839387,-0.10458166788393863,-0.24173270440251576,
PRICED,over,PTS,full_game,11.5,True,27.664525985717773,27.643778491590794,12.663832664489746,0.04857682566221813,12.712409490151964,0.5327606694856868,78bf92243997831090f4e81bdc0a5d4d7ba172f90b72e1ee43b198174beb3eea,4000,42,P.J. Washington,1629023,BetMGM,2026-02-11,2026-02-10 14:47:44,2026-02-10,Regular Season,0.575,0.5,0.4653465346534653,0.10965346534653464,0.1499999999999999,0.42500000000000004,0.574468085106383,0.5346534653465347,-0.10965346534653464,-0.26018518518518513,
PRICED,over,PTS,full_game,11.5,True,18.252639770507812,18.45542561634705,13.040478706359863,0.09658202921154194,13.137060735571405,0.4915060991395564,78bf92243997831090f4e81bdc0a5d4d7ba172f90b72e1ee43b198174beb3eea,4000,42,Jalen Green,1630224,BetMGM,2026-02-11,2026-02-10 14:47:44,2026-02-10,Regular Season,0.60225,0.5238095238095238,0.49179655455291227,0.11045344544708768,0.14974999999999994,0.39775000000000005,0.5412844036697247,0.5082034454470877,-0.11045344544708768,-0.2651737288135593,
PRICED,over,PTS,full_game,12.5,True,30.246252059936523,30.404247817516392,14.552579879760742,0.12287915252810674,14.675459032288849,0.6420909777808131,78bf92243997831090f4e81bdc0a5d4d7ba172f90b72e1ee43b198174beb3eea,4000,42,Collin Gillespie,1631221,DraftKings,2026-02-11,2026-02-10 14:47:44,2026-02-10,Regular Season,0.61975,0.5391705069124424,0.5083149711054754,0.11143502889452461,0.14945085470085484,0.38025,0.5215311004784688,0.4916850288945246,-0.11143502889452461,-0.2708967889908257,
PRICED,over,PTS,full_game,25.5,True,35.22593688964844,35.383932647228306,26.00609588623047,0.18855496918299786,26.194650855413467,0.6420909777808131,78bf92243997831090f4e81bdc0a5d4d7ba172f90b72e1ee43b198174beb3eea,4000,42,Devin Booker,1626164,BetRivers,2026-02-11,2026-02-10 14:47:44,2026-02-10,Regular Season,0.5295,0.4608294930875576,0.427030022492421,0.10246997750757897,0.1490149999999999,0.47050000000000003,0.6183206106870229,0.5729699775075789,-0.10246997750757891,-0.23906790123456784,
PRICED,over,PTS,full_game,5.5,True,23.322145462036133,23.52493130787537,6.6030426025390625,-0.055994843446586784,6.547047759092476,0.4915060991395564,78bf92243997831090f4e81bdc0a5d4d7ba172f90b72e1ee43b198174beb3eea,4000,42,Caleb Martin,1628997,FanDuel,2026-02-11,2026-02-10 14:47:44,2026-02-10,Regular Season,0.5745,0.5,0.4710743801652893,0.10342561983471071,0.14900000000000002,0.4255,0.5614035087719298,0.5289256198347108,-0.10342561983471077,-0.24207812500000003,
PRICED,over,PTS,full_game,5.5,True,23.322145462036133,23.52493130787537,6.6030426025390625,-0.055994843446586784,6.547047759092476,0.4915060991395564,78bf92243997831090f4e81bdc0a5d4d7ba172f90b72e1ee43b198174beb3eea,4000,42,Caleb Martin,1628997,BetMGM,2026-02-11,2026-02-10 14:47:44,2026-02-10,Regular Season,0.5745,0.5,0.4653465346534653,0.1091534653465347,0.14900000000000002,0.4255,0.574468085106383,0.5346534653465347,-0.1091534653465347,-0.25931481481481483,
PRICED,over,PTS,full_game,13.5,True,28.56736946105957,28.546621966932587,14.167806625366211,0.007943410747915124,14.175750036114126,0.5327606694856868,78bf92243997831090f4e81bdc0a5d4d7ba172f90b72e1ee43b198174beb3eea,4000,42,Devin Vassell,1630170,Bovada,2026-02-11,2026-02-10 14:47:44,2026-02-10,Regular Season,0.534,0.46511627906976744,0.43668122270742354,0.09731877729257649,0.1481,0.46599999999999997,0.6,0.5633187772925764,-0.09731877729257643,-0.22333333333333344,
PRICED,over,PTS,full_game,20.5,True,33.81440353393555,33.972399291515416,23.20493507385254,0.1280203400202326,23.33295541387277,0.6420909777808131,78bf92243997831090f4e81bdc0a5d4d7ba172f90b72e1ee43b198174beb3eea,4000,42,Dillon Brooks,1628415,BetOnline.ag,2026-02-11,2026-02-10 14:47:44,2026-02-10,Regular Season,0.63775,0.5555555555555556,0.5226570545829042,0.1150929454170958,0.14795000000000014,0.36224999999999996,0.5073891625615764,0.4773429454170958,-0.11509294541709586,-0.2860509708737865,
PRICED,over,PTS,full_game,11.5,True,26.338134765625,26.31738727149802,13.653534889221191,-0.09065846890815568,13.562876420313035,0.5327606694856868,78bf92243997831090f4e81bdc0a5d4d7ba172f90b72e1ee43b198174beb3eea,4000,42,Bobby Portis,1626171,FanDuel,2026-02-12,2026-02-10 14:47:44,2026-02-10,Regular Season,0.626,0.5454545454545454,0.5101214574898786,0.11587854251012142,0.14766666666666672,0.374,0.5238095238095238,0.48987854251012153,-0.11587854251012153,-0.286,
PRICED,over,PTS,full_game,9.5,True,31.463350296020508,31.621346053600377,11.934615135192871,0.11112589001758977,12.04574102521046,0.6420909777808131,78bf92243997831090f4e81bdc0a5d4d7ba172f90b72e1ee43b198174beb3eea,4000,42,Royce O'Neale,1626220,Bovada,2026-02-11,2026-02-10 14:47:44,2026-02-10,Regular Season,0.65875,0.574468085106383,0.5407914020517831,0.11795859794821684,0.14671296296296282,0.34125000000000005,0.4878048780487805,0.4592085979482169,-0.11795859794821684,-0.30043749999999997,
PRICED,over,PTS,full_game,11.5,True,19.82642364501953,20.02920949085877,13.143952369689941,-0.012136382169332539,13.131815987520609,0.4915060991395564,78bf92243997831090f4e81bdc0a5d4d7ba172f90b72e1ee43b198174beb3eea,4000,42,Brandon Williams,1630314,BetOnline.ag,2026-02-11,2026-02-10 14:47:44,2026-02-10,Regular Season,0.60275,0.5260663507109005,0.4948402542722694,0.1079097457277306,0.1457680180180181,0.39725,0.5370370370370371,0.5051597457277305,-0.10790974572773049,-0.2602931034482759,
PRICED,over,PTS,full_game,11.5,True,18.252639770507812,18.45542561634705,13.040478706359863,0.09658202921154194,13.137060735571405,0.4915060991395564,78bf92243997831090f4e81bdc0a5d4d7ba172f90b72e1ee43b198174beb3eea,4000,42,Jalen Green,1630224,FanDuel,2026-02-11,2026-02-10 14:47:44,2026-02-10,Regular Season,0.60225,0.5260663507109005,0.4958445875753168,0.10640541242468315,0.14481756756756758,0.39775000000000005,0.5348837209302325,0.5041554124246831,-0.10640541242468304,-0.25638043478260863,
PRICED,over,PTS,full_game,15.5,True,32.49763488769531,32.65563064527518,19.715816497802734,0.08053929883335156,19.796355796636085,0.6420909777808131,78bf92243997831090f4e81bdc0a5d4d7ba172f90b72e1ee43b198174beb3eea,4000,42,De'Aaron Fox,1628368,Bovada,2026-02-11,2026-02-10 14:47:44,2026-02-10,Regular Season,0.73475,0.6428571428571429,0.6017069701280228,0.13304302987197725,0.14294444444444449,0.26525,0.425531914893617,0.3982930298719772,-0.1330430298719772,-0.3766625,
PRICED,over,PTS,full_game,9.5,True,19.82642364501953,20.02920949085877,13.143952369689941,-0.012136382169332539,13.131815987520609,0.4915060991395564,78bf92243997831090f4e81bdc0a5d4d7ba172f90b72e1ee43b198174beb3eea,4000,42,Brandon Williams,1630314,Bovada,2026-02-11,2026-02-10 14:47:44,2026-02-10,Regular Season,0.73425,0.6428571428571429,0.6017069701280228,0.1325430298719772,0.1421666666666666,0.26575000000000004,0.425531914893617,0.3982930298719772,-0.13254302987197714,-0.37548749999999986,
PRICED,over,PTS,full_game,12.5,True,28.56736946105957,28.546621966932587,14.167806625366211,0.007943410747915124,14.175750036114126,0.5327606694856868,78bf92243997831090f4e81bdc0a5d4d7ba172f90b72e1ee43b198174beb3eea,4000,42,Devin Vassell,1630170,FanDuel,2026-02-11,2026-02-10 14:47:44,2026-02-10,Regular Season,0.59225,0.5192307692307693,0.48581617766250607,0.10643382233749399,0.14062962962962977,0.40774999999999995,0.5495495495495496,0.5141838223374939,-0.10643382233749399,-0.25802868852459027,
PRICED,over,PTS,full_game,10.5,True,22.421634674072266,22.624420519911503,11.707038879394531,0.06799061301403314,11.775029492408564,0.4915060991395564,78bf92243997831090f4e81bdc0a5d4d7ba172f90b72e1ee43b198174beb3eea,4000,42,Dylan Harper,1642844,BetOnline.ag,2026-02-11,2026-02-10 14:47:44,2026-02-10,Regular Season,0.57,0.5,0.4693877551020409,0.10061224489795906,0.1399999999999999,0.43000000000000005,0.5652173913043478,0.5306122448979592,-0.10061224489795917,-0.2392307692307692,
PRICED,over,PTS,full_game,11.5,True,18.252639770507812,18.45542561634705,13.040478706359863,0.09658202921154194,13.137060735571405,0.4915060991395564,78bf92243997831090f4e81bdc0a5d4d7ba172f90b72e1ee43b198174beb3eea,4000,42,Jalen Green,1630224,DraftKings,2026-02-11,2026-02-10 14:47:44,2026-02-10,Regular Season,0.60225,0.5283018867924528,0.4979225527671597,0.10432744723284026,0.1399732142857142,0.39775000000000005,0.5327102803738317,0.5020774472328402,-0.10432744723284015,-0.25334649122807007,
PRICED,over,PTS,full_game,17.5,True,33.81440353393555,33.972399291515416,23.20493507385254,0.1280203400202326,23.33295541387277,0.6420909777808131,78bf92243997831090f4e81bdc0a5d4d7ba172f90b72e1ee43b198174beb3eea,4000,42,Dillon Brooks,1628415,Bovada,2026-02-11,2026-02-10 14:47:44,2026-02-10,Regular Season,0.77675,0.6825396825396826,0.6395881006864989,0.1371618993135012,0.1380290697674419,0.22324999999999995,0.38461538461538464,0.36041189931350115,-0.1371618993135012,-0.4195500000000001,
PRICED,over,PTS,full_game,21.5,True,33.23477554321289,33.39277130079276,24.253170013427734,0.09476419807287856,24.34793421150061,0.6420909777808131,78bf92243997831090f4e81bdc0a5d4d7ba172f90b72e1ee43b198174beb3eea,4000,42,Pascal Siakam,1627783,Bovada,2026-02-11,2026-02-10 14:47:44,2026-02-10,Regular Season,0.643,0.5652173913043478,0.5306122448979592,0.1123877551020408,0.13761538461538458,0.357,0.5,0.4693877551020409,-0.11238775510204091,-0.28600000000000003,
PRICED,over,PTS,full_game,12.5,True,34.018096923828125,34.176092681407994,18.46609115600586,0.0743639184426799,18.540455074448538,0.6420909777808131,78bf92243997831090f4e81bdc0a5d4d7ba172f90b72e1ee43b198174beb3eea,4000,42,OG Anunoby,1628384,Bovada,2026-02-11,2026-02-10 14:47:44,2026-02-10,Regular Season,0.8195,0.7222222222222222,0.6768402154398564,0.1426597845601436,0.13469230769230767,0.1805,0.3448275862068966,0.32315978456014366,-0.14265978456014367,-0.47655000000000003,
PRICED,over,PTS,full_game,9.5,True,22.421634674072266,22.624420519911503,11.707038879394531,0.06799061301403314,11.775029492408564,0.4915060991395564,78bf92243997831090f4e81bdc0a5d4d7ba172f90b72e1ee43b198174beb3eea,4000,42,Dylan Harper,1642844,Bovada,2026-02-11,2026-02-10 14:47:44,2026-02-10,Regular Season,0.641,0.5652173913043478,0.5306122448979592,0.1103877551020408,0.13407692307692304,0.359,0.5,0.4693877551020409,-0.11038775510204091,-0.28200000000000003,
PRICED,over,PTS,full_game,21.5,True,29.846834182739258,29.826086688612275,24.257722854614258,0.11274141186321193,24.37046426647747,0.5327606694856868,78bf92243997831090f4e81bdc0a5d4d7ba172f90b72e1ee43b198174beb3eea,4000,42,Victor Wembanyama,1641705,BetRivers,2026-02-11,2026-02-10 14:47:44,2026-02-10,Regular Season,0.64875,0.5726495726495726,0.5338645418326693,0.11488545816733076,0.13289179104477616,0.35124999999999995,0.5,0.4661354581673307,-0.11488545816733076,-0.2975000000000001,
PRICED,over,PTS,full_game,8.5,True,26.756629943847656,26.735882449720677,11.537163734436035,0.03702039253973528,11.574184126975771,0.5327606694856868,78bf92243997831090f4e81bdc0a5d4d7ba172f90b72e1ee43b198174beb3eea,4000,42,Julian Champagnie,1630577,BetRivers,2026-02-11,2026-02-10 14:47:44,2026-02-10,Regular Season,0.6885,0.6078431372549019,0.5653656042270325,0.12313439577296748,0.13269354838709668,0.3115,0.4672897196261682,0.4346343957729675,-0.12313439577296748,-0.3333900000000001,
PRICED,over,PTS,full_game,23.5,True,33.23477554321289,33.39277130079276,24.253170013427734,0.09476419807287856,24.34793421150061,0.6420909777808131,78bf92243997831090f4e81bdc0a5d4d7ba172f90b72e1ee43b198174beb3eea,4000,42,Pascal Siakam,1627783,BetRivers,2026-02-11,2026-02-10 14:47:44,2026-02-10,Regular Season,0.5445,0.4807692307692308,0.44617156016119747,0.09832843983880252,0.13256,0.4555,0.5967741935483871,0.5538284398388026,-0.09832843983880257,-0.23672972972972972,
PRICED,over,PTS,full_game,15.5,True,30.914600372314453,31.072596129894322,16.036575317382812,0.044943961032316654,16.08151927841513,0.6420909777808131,78bf92243997831090f4e81bdc0a5d4d7ba172f90b72e1ee43b198174beb3eea,4000,42,Naji Marshall,1630230,BetRivers,2026-02-11,2026-02-10 14:47:44,2026-02-10,Regular Season,0.52675,0.46511627906976744,0.43225969220418803,0.09449030779581202,0.13251250000000003,0.47324999999999995,0.6108949416342413,0.567740307795812,-0.09449030779581202,-0.22531687898089187,
PRICED,over,PTS,full_game,9.5,True,27.664525985717773,27.643778491590794,12.663832664489746,0.04857682566221813,12.712409490151964,0.5327606694856868,78bf92243997831090f4e81bdc0a5d4d7ba172f90b72e1ee43b198174beb3eea,4000,42,P.J. Washington,1629023,Bovada,2026-02-11,2026-02-10 14:47:44,2026-02-10,Regular Season,0.712,0.6296296296296297,0.5915279878971256,0.12047201210287439,0.13082352941176473,0.28800000000000003,0.43478260869565216,0.40847201210287437,-0.12047201210287434,-0.33759999999999996,
PRICED,over,PTS,full_game,12.5,True,28.56736946105957,28.546621966932587,14.167806625366211,0.007943410747915124,14.175750036114126,0.5327606694856868,78bf92243997831090f4e81bdc0a5d4d7ba172f90b72e1ee43b198174beb3eea,4000,42,Devin Vassell,1630170,BetOnline.ag,2026-02-11,2026-02-10 14:47:44,2026-02-10,Regular Season,0.59225,0.5238095238095238,0.49179655455291227,0.10045344544708779,0.1306590909090911,0.40774999999999995,0.5412844036697247,0.5082034454470877,-0.10045344544708779,-0.246699152542373,
PRICED,over,PTS,full_game,12.5,True,28.56736946105957,28.546621966932587,14.167806625366211,0.007943410747915124,14.175750036114126,0.5327606694856868,78bf92243997831090f4e81bdc0a5d4d7ba172f90b72e1ee43b198174beb3eea,4000,42,Devin Vassell,1630170,BetMGM,2026-02-11,2026-02-10 14:47:44,2026-02-10,Regular Season,0.59225,0.5238095238095238,0.48987854251012153,0.10237145748987853,0.1306590909090911,0.40774999999999995,0.5454545454545454,0.5101214574898786,-0.10237145748987864,-0.2524583333333334,
PRICED,over,PTS,full_game,11.5,True,18.252639770507812,18.45542561634705,13.040478706359863,0.09658202921154194,13.137060735571405,0.4915060991395564,78bf92243997831090f4e81bdc0a5d4d7ba172f90b72e1ee43b198174beb3eea,4000,42,Jalen Green,1630224,BetOnline.ag,2026-02-11,2026-02-10 14:47:44,2026-02-10,Regular Season,0.60225,0.5327102803738317,0.5,0.10224999999999995,0.13053947368421048,0.39775000000000005,0.5327102803738317,0.5,-0.10224999999999995,-0.25334649122807007,
PRICED,over,PTS,full_game,18.5,True,30.004634857177734,30.162630614757603,19.049888610839844,0.013775649729551014,19.063664260569396,0.6420909777808131,78bf92243997831090f4e81bdc0a5d4d7ba172f90b72e1ee43b198174beb3eea,4000,42,Stephon Castle,1642264,Bovada,2026-02-11,2026-02-10 14:47:44,2026-02-10,Regular Season,0.51325,0.45454545454545453,0.4248366013071895,0.08841339869281051,0.1291500000000001,0.48675,0.6153846153846154,0.5751633986928104,-0.0884133986928104,-0.20903125,
PRICED,over,PTS,full_game,7.5,True,25.51629066467285,25.495543170545872,11.054433822631836,0.15562935524424365,11.21006317787608,0.5327606694856868,78bf92243997831090f4e81bdc0a5d4d7ba172f90b72e1ee43b198174beb3eea,4000,42,Landry Shamet,1629013,Bovada,2026-02-11,2026-02-10 14:47:44,2026-02-10,Regular Season,0.7325,0.6491228070175439,0.6090534979423868,0.1234465020576132,0.12844594594594605,0.26749999999999996,0.4166666666666667,0.39094650205761317,-0.1234465020576132,-0.3580000000000001,
PRICED,over,PTS,full_game,11.5,True,27.664525985717773,27.643778491590794,12.663832664489746,0.04857682566221813,12.712409490151964,0.5327606694856868,78bf92243997831090f4e81bdc0a5d4d7ba172f90b72e1ee43b198174beb3eea,4000,42,P.J. Washington,1629023,FanDuel,2026-02-11,2026-02-10 14:47:44,2026-02-10,Regular Season,0.575,0.5098039215686274,0.48124062031015497,0.09375937968984499,0.12788461538461537,0.42500000000000004,0.5495495495495496,0.5187593796898449,-0.09375937968984482,-0.22663934426229498,
PRICED,over,PTS,full_game,11.5,True,27.664525985717773,27.643778491590794,12.663832664489746,0.04857682566221813,12.712409490151964,0.5327606694856868,78bf92243997831090f4e81bdc0a5d4d7ba172f90b72e1ee43b198174beb3eea,4000,42,P.J. Washington,1629023,BetRivers,2026-02-11,2026-02-10 14:47:44,2026-02-10,Regular Season,0.575,0.5098039215686274,0.4725791287997492,0.10242087120025073,0.12788461538461537,0.42500000000000004,0.5689655172413793,0.5274208712002507,-0.10242087120025067,-0.25303030303030294,
PRICED,over,PTS,full_game,12.5,True,18.252639770507812,18.45542561634705,13.040478706359863,0.09658202921154194,13.137060735571405,0.4915060991395564,78bf92243997831090f4e81bdc0a5d4d7ba172f90b72e1ee43b198174beb3eea,4000,42,Jalen Green,1630224,BetRivers,2026-02-11,2026-02-10 14:47:44,2026-02-10,Regular Season,0.527,0.4672897196261682,0.43340416202907345,0.09359583797092658,0.1277799999999999,0.473,0.6108949416342413,0.5665958379709265,-0.09359583797092652,-0.22572611464968162,
PRICED,over,PTS,full_game,15.5,True,30.533061981201172,30.69105773878104,14.098180770874023,0.009718664191524031,14.107899435065548,0.6420909777808131,78bf92243997831090f4e81bdc0a5d4d7ba172f90b72e1ee43b198174beb3eea,4000,42,Max Christie,1631108,Bovada,2026-02-11,2026-02-10 14:47:44,2026-02-10,Regular Season,0.40275,0.35714285714285715,0.3346265761396702,0.06812342386032982,0.1276999999999998,0.5972500000000001,0.7101449275362319,0.6653734238603297,-0.06812342386032966,-0.15897448979591833,
PRICED,over,PTS,full_game,16.5,True,29.479877471923828,29.459129977796845,14.371039390563965,0.1361857447098507,14.507225135273815,0.5327606694856868,78bf92243997831090f4e81bdc0a5d4d7ba172f90b72e1ee43b198174beb3eea,4000,42,John Collins,1628381,Bovada,2026-02-11,2026-02-10 14:47:44,2026-02-10,Regular Season,0.36375,0.3225806451612903,0.30256012412723043,0.061189875872769584,0.1276250000000001,0.63625,0.7435897435897436,0.6974398758727697,-0.061189875872769695,-0.14435344827586208,
PRICED,over,PTS,full_game,18.5,True,34.86334228515625,35.02133804273612,16.03276824951172,0.20245570815579692,16.235223957667515,0.6420909777808131,78bf92243997831090f4e81bdc0a5d4d7ba172f90b72e1ee43b198174beb3eea,4000,42,Mikal Bridges,1628969,Bovada,2026-02-11,2026-02-10 14:47:44,2026-02-10,Regular Season,0.36325,0.3225806451612903,0.30256012412723043,0.06068987587276958,0.12607500000000016,0.6367499999999999,0.7435897435897436,0.6974398758727697,-0.06068987587276975,-0.14368103448275865,
PRICED,over,PTS,full_game,9.5,True,27.568115234375,27.54736774024802,10.78536605834961,0.0674645980528681,10.852830656402478,0.5327606694856868,78bf92243997831090f4e81bdc0a5d4d7ba172f90b72e1ee43b198174beb3eea,4000,42,Cason Wallace,1641717,FanDuel,2026-02-12,2026-02-10 14:47:44,2026-02-10,Regular Season,0.57375,0.5098039215686274,0.47591522157996147,0.09783477842003852,0.12543269230769238,0.42625,0.5614035087719298,0.5240847784200385,-0.09783477842003852,-0.24074218749999998,
PRICED,over,PTS,full_game,16.5,True,30.004634857177734,30.162630614757603,19.049888610839844,0.013775649729551014,19.063664260569396,0.6420909777808131,78bf92243997831090f4e81bdc0a5d4d7ba172f90b72e1ee43b198174beb3eea,4000,42,Stephon Castle,1642264,Bovada,2026-02-11,2026-02-10 14:47:44,2026-02-10,Regular Season,0.636,0.5652173913043478,0.5306122448979592,0.10538775510204079,0.1252307692307692,0.364,0.5,0.4693877551020409,-0.1053877551020409,-0.272,
PRICED,over,PTS,full_game,13.5,True,18.252639770507812,18.45542561634705,13.040478706359863,0.09658202921154194,13.137060735571405,0.4915060991395564,78bf92243997831090f4e81bdc0a5d4d7ba172f90b72e1ee43b198174beb3eea,4000,42,Jalen Green,1630224,Bovada,2026-02-11,2026-02-10 14:47:44,2026-02-10,Regular Season,0.45925,0.40816326530612246,0.3838517538054269,0.07539824619457308,0.12516249999999995,0.5407500000000001,0.6551724137931034,0.6161482461945731,-0.07539824619457303,-0.1746447368421053,
PRICED,over,PTS,full_game,28.5,True,35.22593688964844,35.383932647228306,26.00609588623047,0.18855496918299786,26.194650855413467,0.6420909777808131,78bf92243997831090f4e81bdc0a5d4d7ba172f90b72e1ee43b198174beb3eea,4000,42,Devin Booker,1626164,Bovada,2026-02-11,2026-02-10 14:47:44,2026-02-10,Regular Season,0.37475,0.3333333333333333,0.3125,0.06225000000000003,0.12425000000000008,0.62525,0.7333333333333333,0.6875,-0.06225000000000003,-0.1473863636363636,
PRICED,over,PTS,full_game,13.5,True,27.58598518371582,27.56523768958884,13.79241943359375,0.24128627485474533,14.033705708448496,0.5327606694856868,78bf92243997831090f4e81bdc0a5d4d7ba172f90b72e1ee43b198174beb3eea,4000,42,Mark Williams,1631109,BetRivers,2026-02-11,2026-02-10 14:47:44,2026-02-10,Regular Season,0.53025,0.4716981132075472,0.4388409027584286,0.09140909724157142,0.12413000000000007,0.46975,0.6031746031746031,0.5611590972415714,-0.09140909724157142,-0.22120394736842103,
PRICED,over,PTS,full_game,8.5,True,26.228897094726562,26.208149600599583,9.920047760009766,0.1736983175517913,10.093746077561557,0.5327606694856868,78bf92243997831090f4e81bdc0a5d4d7ba172f90b72e1ee43b198174beb3eea,4000,42,Derrick Jones,1627884,BetRivers,2026-02-11,2026-02-10 14:47:44,2026-02-10,Regular Season,0.586,0.5215311004784688,0.48509894301835804,0.10090105698164192,0.12361467889908251,0.41400000000000003,0.5535714285714286,0.5149010569816419,-0.10090105698164187,-0.2521290322580645,
PRICED,over,PTS,full_game,13.5,True,34.660003662109375,34.817999419689244,15.4271240234375,0.01646890033136811,15.443592923768868,0.6420909777808131,78bf92243997831090f4e81bdc0a5d4d7ba172f90b72e1ee43b198174beb3eea,4000,42,Jabari Smith Jr,1631095,FanDuel,2026-02-11,2026-02-10 14:47:44,2026-02-10,Regular Season,0.59575,0.5305164319248826,0.5,0.09575,0.12296238938053106,0.40425,0.5305164319248826,0.5,-0.09575,-0.23800663716814158,
PRICED,over,PTS,full_game,9.5,True,26.756629943847656,26.735882449720677,11.537163734436035,0.03702039253973528,11.574184126975771,0.5327606694856868,78bf92243997831090f4e81bdc0a5d4d7ba172f90b72e1ee43b198174beb3eea,4000,42,Julian Champagnie,1630577,FanDuel,2026-02-11,2026-02-10 14:47:44,2026-02-10,Regular Season,0.617,0.5495495495495496,0.5141838223374939,0.10281617766250606,0.12273770491803282,0.383,0.5192307692307693,0.48581617766250607,-0.10281617766250606,-0.2623703703703703,
PRICED,over,PTS,full_game,15.5,True,30.004634857177734,30.162630614757603,19.049888610839844,0.013775649729551014,19.063664260569396,0.6420909777808131,78bf92243997831090f4e81bdc0a5d4d7ba172f90b72e1ee43b198174beb3eea,4000,42,Stephon Castle,1642264,BetRivers,2026-02-11,2026-02-10 14:47:44,2026-02-10,Regular Season,0.689,0.6138996138996139,0.5700816678839387,0.11891833211606129,0.12233333333333313,0.31100000000000005,0.46296296296296297,0.4299183321160614,-0.11891833211606134,-0.32823999999999987,
PRICED,over,PTS,full_game,6.5,True,26.756629943847656,26.735882449720677,11.537163734436035,0.03702039253973528,11.574184126975771,0.5327606694856868,78bf92243997831090f4e81bdc0a5d4d7ba172f90b72e1ee43b198174beb3eea,4000,42,Julian Champagnie,1630577,Bovada,2026-02-11,2026-02-10 14:47:44,2026-02-10,Regular Season,0.81,0.7222222222222222,0.6768402154398564,0.13315978456014366,0.1215384615384616,0.18999999999999995,0.3448275862068966,0.32315978456014366,-0.1331597845601437,-0.4490000000000002,
PRICED,over,PTS,full_game,12.5,True,28.56736946105957,28.546621966932587,14.167806625366211,0.007943410747915124,14.175750036114126,0.5327606694856868,78bf92243997831090f4e81bdc0a5d4d7ba172f90b72e1ee43b198174beb3eea,4000,42,Devin Vassell,1630170,DraftKings,2026-02-11,2026-02-10 14:47:44,2026-02-10,Regular Season,0.59225,0.5283018867924528,0.4979225527671597,0.09432744723284037,0.12104464285714289,0.40774999999999995,0.5327102803738317,0.5020774472328402,-0.09432744723284026,-0.23457456140350885,
PRICED,over,PTS,full_game,26.5,True,29.846834182739258,29.826086688612275,24.257722854614258,0.11274141186321193,24.37046426647747,0.5327606694856868,78bf92243997831090f4e81bdc0a5d4d7ba172f90b72e1ee43b198174beb3eea,4000,42,Victor Wembanyama,1641705,Bovada,2026-02-11,2026-02-10 14:47:44,2026-02-10,Regular Season,0.393,0.3508771929824561,0.32941176470588235,0.06358823529411767,0.1200500000000001,0.607,0.7142857142857143,0.6705882352941177,-0.06358823529411772,-0.15020000000000008,
PRICED,over,PTS,full_game,19.5,True,30.004634857177734,30.162630614757603,19.049888610839844,0.013775649729551014,19.063664260569396,0.6420909777808131,78bf92243997831090f4e81bdc0a5d4d7ba172f90b72e1ee43b198174beb3eea,4000,42,Stephon Castle,1642264,Bovada,2026-02-11,2026-02-10 14:47:44,2026-02-10,Regular Season,0.448,0.4,0.375,0.07300000000000001,0.12,0.552,0.6666666666666666,0.625,-0.07299999999999995,-0.172,
PRICED,over,PTS,full_game,9.5,True,22.421634674072266,22.624420519911503,11.707038879394531,0.06799061301403314,11.775029492408564,0.4915060991395564,78bf92243997831090f4e81bdc0a5d4d7ba172f90b72e1ee43b198174beb3eea,4000,42,Dylan Harper,1642844,BetRivers,2026-02-11,2026-02-10 14:47:44,2026-02-10,Regular Season,0.641,0.5726495726495726,0.5302120692343677,0.11078793076563231,0.11935820895522387,0.359,0.5073891625615764,0.4697879307656324,-0.11078793076563243,-0.2924563106796117,
PRICED,over,PTS,full_game,6.5,True,21.870361328125,22.073147173964237,11.323517799377441,0.044482027608289086,11.36799982698573,0.4915060991395564,78bf92243997831090f4e81bdc0a5d4d7ba172f90b72e1ee43b198174beb3eea,4000,42,Klay Thompson,202691,Bovada,2026-02-11,2026-02-10 14:47:44,2026-02-10,Regular Season,0.79,0.7058823529411765,0.66,0.13,0.11916666666666675,0.20999999999999996,0.36363636363636365,0.33999999999999997,-0.13,-0.4225000000000001,
PRICED,over,PTS,full_game,27.5,True,35.22593688964844,35.383932647228306,26.00609588623047,0.18855496918299786,26.194650855413467,0.6420909777808131,78bf92243997831090f4e81bdc0a5d4d7ba172f90b72e1ee43b198174beb3eea,4000,42,Devin Booker,1626164,Bovada,2026-02-11,2026-02-10 14:47:44,2026-02-10,Regular Season,0.422,0.37735849056603776,0.35437430786268,0.06762569213732,0.11829999999999985,0.5780000000000001,0.6875,0.6456256921373201,-0.06762569213732006,-0.15927272727272718,
PRICED,over,PTS,full_game,10.5,True,30.246252059936523,30.404247817516392,14.552579879760742,0.12287915252810674,14.675459032288849,0.6420909777808131,78bf92243997831090f4e81bdc0a5d4d7ba172f90b72e1ee43b198174beb3eea,4000,42,Collin Gillespie,1631221,Bovada,2026-02-11,2026-02-10 14:47:44,2026-02-10,Regular Season,0.7325,0.6551724137931034,0.6161482461945731,0.11635175380542695,0.11802631578947365,0.26749999999999996,0.40816326530612246,0.3838517538054269,-0.11635175380542695,-0.34462500000000007,
PRICED,over,PTS,full_game,26.5,True,35.22593688964844,35.383932647228306,26.00609588623047,0.18855496918299786,26.194650855413467,0.6420909777808131,78bf92243997831090f4e81bdc0a5d4d7ba172f90b72e1ee43b198174beb3eea,4000,42,Devin Booker,1626164,Bovada,2026-02-11,2026-02-10 14:47:44,2026-02-10,Regular Season,0.47575,0.425531914893617,0.3982930298719772,0.07745697012802283,0.11801250000000008,0.52425,0.6428571428571429,0.6017069701280228,-0.07745697012802277,-0.1845,
PRICED,over,PTS,full_game,20.5,True,33.23477554321289,33.39277130079276,24.253170013427734,0.09476419807287856,24.34793421150061,0.6420909777808131,78bf92243997831090f4e81bdc0a5d4d7ba172f90b72e1ee43b198174beb3eea,4000,42,Pascal Siakam,1627783,Bovada,2026-02-11,2026-02-10 14:47:44,2026-02-10,Regular Season,0.688,0.6153846153846154,0.5751633986928104,0.11283660130718953,0.11799999999999988,0.31200000000000006,0.45454545454545453,0.4248366013071895,-0.11283660130718942,-0.3135999999999998,
PRICED,over,PTS,full_game,7.5,True,28.278295516967773,28.25754802284079,8.795963287353516,0.12187236190845936,8.917835649261974,0.5327606694856868,78bf92243997831090f4e81bdc0a5d4d7ba172f90b72e1ee43b198174beb3eea,4000,42,Kris Dunn,1627739,Bovada,2026-02-11,2026-02-10 14:47:44,2026-02-10,Regular Season,0.58525,0.5238095238095238,0.48987854251012153,0.09537145748987852,0.11729545454545465,0.41474999999999995,0.5454545454545454,0.5101214574898786,-0.09537145748987863,-0.23962500000000003,
PRICED,over,PTS,full_game,17.5,True,30.004634857177734,30.162630614757603,19.049888610839844,0.013775649729551014,19.063664260569396,0.6420909777808131,78bf92243997831090f4e81bdc0a5d4d7ba172f90b72e1ee43b198174beb3eea,4000,42,Stephon Castle,1642264,Bovada,2026-02-11,2026-02-10 14:47:44,2026-02-10,Regular Season,0.572,0.5121951219512195,0.4796954314720812,0.09230456852791874,0.11676190476190462,0.42800000000000005,0.5555555555555556,0.5203045685279188,-0.0923045685279188,-0.22959999999999992,
PRICED,over,PTS,full_game,11.5,True,28.56736946105957,28.546621966932587,14.167806625366211,0.007943410747915124,14.175750036114126,0.5327606694856868,78bf92243997831090f4e81bdc0a5d4d7ba172f90b72e1ee43b198174beb3eea,4000,42,Devin Vassell,1630170,BetRivers,2026-02-11,2026-02-10 14:47:44,2026-02-10,Regular Season,0.64875,0.5815899581589958,0.542636252296387,0.10611374770361304,0.11547661870503606,0.35124999999999995,0.49019607843137253,0.45736374770361293,-0.10611374770361298,-0.2834500000000001,
PRICED,over,PTS,full_game,6.5,True,26.65955352783203,26.638806033705052,10.706583023071289,0.09390418693592344,10.800487210007212,0.5327606694856868,78bf92243997831090f4e81bdc0a5d4d7ba172f90b72e1ee43b198174beb3eea,4000,42,Harrison Barnes,203084,Bovada,2026-02-11,2026-02-10 14:47:44,2026-02-10,Regular Season,0.761,0.6825396825396826,0.6395881006864989,0.12141189931350116,0.11495348837209302,0.239,0.38461538461538464,0.36041189931350115,-0.12141189931350116,-0.3786,
PRICED,over,PTS,full_game,14.5,True,29.479877471923828,29.459129977796845,14.371039390563965,0.1361857447098507,14.507225135273815,0.5327606694856868,78bf92243997831090f4e81bdc0a5d4d7ba172f90b72e1ee43b198174beb3eea,4000,42,John Collins,1628381,Bovada,2026-02-11,2026-02-10 14:47:44,2026-02-10,Regular Season,0.48475,0.43478260869565216,0.40847201210287437,0.07627798789712564,0.11492499999999994,0.51525,0.6296296296296297,0.5915279878971256,-0.07627798789712559,-0.1816617647058823,
PRICED,over,PTS,full_game,13.5,True,34.660003662109375,34.817999419689244,15.4271240234375,0.01646890033136811,15.443592923768868,0.6420909777808131,78bf92243997831090f4e81bdc0a5d4d7ba172f90b72e1ee43b198174beb3eea,4000,42,Jabari Smith Jr,1631095,BetRivers,2026-02-11,2026-02-10 14:47:44,2026-02-10,Regular Season,0.59575,0.5348837209302325,0.4970261697065821,0.09872383029341791,0.1137934782608695,0.40425,0.5412844036697247,0.5029738302934179,-0.09872383029341791,-0.25316525423728814,
PRICED,over,PTS,full_game,14.5,True,18.252639770507812,18.45542561634705,13.040478706359863,0.09658202921154194,13.137060735571405,0.4915060991395564,78bf92243997831090f4e81bdc0a5d4d7ba172f90b72e1ee43b198174beb3eea,4000,42,Jalen Green,1630224,Bovada,2026-02-11,2026-02-10 14:47:44,2026-02-10,Regular Season,0.39075,0.3508771929824561,0.32941176470588235,0.06133823529411764,0.11363749999999995,0.6092500000000001,0.7142857142857143,0.6705882352941177,-0.06133823529411764,-0.14705000000000001,
PRICED,over,PTS,full_game,6.5,True,26.543115615844727,26.522368121717747,11.435935974121094,0.14697996836226443,11.582915942483359,0.5327606694856868,78bf92243997831090f4e81bdc0a5d4d7ba172f90b72e1ee43b198174beb3eea,4000,42,Jordan Goodwin,1630692,Bovada,2026-02-11,2026-02-10 14:47:44,2026-02-10,Regular Season,0.804,0.7222222222222222,0.6768402154398564,0.12715978456014365,0.11323076923076925,0.19599999999999995,0.3448275862068966,0.32315978456014366,-0.1271597845601437,-0.43160000000000015,
PRICED,over,PTS,full_game,15.5,True,29.479877471923828,29.459129977796845,14.371039390563965,0.1361857447098507,14.507225135273815,0.5327606694856868,78bf92243997831090f4e81bdc0a5d4d7ba172f90b72e1ee43b198174beb3eea,4000,42,John Collins,1628381,Bovada,2026-02-11,2026-02-10 14:47:44,2026-02-10,Regular Season,0.42,0.37735849056603776,0.35437430786268,0.06562569213732,0.11299999999999988,0.5800000000000001,0.6875,0.6456256921373201,-0.06562569213732006,-0.15636363636363632,
PRICED,over,PTS,full_game,24.5,True,35.22593688964844,35.383932647228306,26.00609588623047,0.18855496918299786,26.194650855413467,0.6420909777808131,78bf92243997831090f4e81bdc0a5d4d7ba172f90b72e1ee43b198174beb3eea,4000,42,Devin Booker,1626164,BetRivers,2026-02-11,2026-02-10 14:47:44,2026-02-10,Regular Season,0.57525,0.5169082125603864,0.4802285578710111,0.09502144212898894,0.11286682242990664,0.42474999999999996,0.5594713656387665,0.519771442128989,-0.095021442128989,-0.24080118110236232,
PRICED,over,PTS,full_game,10.5,True,22.421634674072266,22.624420519911503,11.707038879394531,0.06799061301403314,11.775029492408564,0.4915060991395564,78bf92243997831090f4e81bdc0a5d4d7ba172f90b72e1ee43b198174beb3eea,4000,42,Dylan Harper,1642844,DraftKings,2026-02-11,2026-02-10 14:47:44,2026-02-10,Regular Season,0.57,0.5121951219512195,0.48240894039735094,0.08759105960264901,0.11285714285714277,0.43000000000000005,0.5495495495495496,0.517591059602649,-0.0875910596026489,-0.21754098360655727,
PRICED,over,PTS,full_game,16.5,True,33.81440353393555,33.972399291515416,23.20493507385254,0.1280203400202326,23.33295541387277,0.6420909777808131,78bf92243997831090f4e81bdc0a5d4d7ba172f90b72e1ee43b198174beb3eea,4000,42,Dillon Brooks,1628415,Bovada,2026-02-11,2026-02-10 14:47:44,2026-02-10,Regular Season,0.816,0.7333333333333333,0.6875,0.12849999999999995,0.11272727272727273,0.18400000000000005,0.3333333333333333,0.3125,-0.12849999999999995,-0.44799999999999984,
PRICED,over,PTS,full_game,11.5,True,18.252639770507812,18.45542561634705,13.040478706359863,0.09658202921154194,13.137060735571405,0.4915060991395564,78bf92243997831090f4e81bdc0a5d4d7ba172f90b72e1ee43b198174beb3eea,4000,42,Jalen Green,1630224,BetRivers,2026-02-11,2026-02-10 14:47:44,2026-02-10,Regular Season,0.60225,0.5412844036697247,0.5029738302934179,0.09927616970658204,0.1126313559322033,0.39775000000000005,0.5348837209302325,0.4970261697065821,-0.09927616970658204,-0.25638043478260863,
PRICED,over,PTS,full_game,7.5,True,28.278295516967773,28.25754802284079,8.795963287353516,0.12187236190845936,8.917835649261974,0.5327606694856868,78bf92243997831090f4e81bdc0a5d4d7ba172f90b72e1ee43b198174beb3eea,4000,42,Kris Dunn,1627739,FanDuel,2026-02-11,2026-02-10 14:47:44,2026-02-10,Regular Season,0.58525,0.5260663507109005,0.4958445875753168,0.08940541242468325,0.11250225225225241,0.41474999999999995,0.5348837209302325,0.5041554124246831,-0.08940541242468314,-0.22459782608695666,
PRICED,over,PTS,full_game,14.5,True,32.49763488769531,32.65563064527518,19.715816497802734,0.08053929883335156,19.796355796636085,0.6420909777808131,78bf92243997831090f4e81bdc0a5d4d7ba172f90b72e1ee43b198174beb3eea,4000,42,De'Aaron Fox,1628368,Bovada,2026-02-11,2026-02-10 14:47:44,2026-02-10,Regular Season,0.78525,0.7058823529411765,0.66,0.12524999999999997,0.11243750000000008,0.21475,0.36363636363636365,0.33999999999999997,-0.12524999999999997,-0.4094375,
PRICED,over,PTS,full_game,11.5,True,27.664525985717773,27.643778491590794,12.663832664489746,0.04857682566221813,12.712409490151964,0.5327606694856868,78bf92243997831090f4e81bdc0a5d4d7ba172f90b72e1ee43b198174beb3eea,4000,42,P.J. Washington,1629023,DraftKings,2026-02-11,2026-02-10 14:47:44,2026-02-10,Regular Season,0.575,0.5169082125603864,0.487517163899638,0.08748283610036195,0.11238317757009342,0.42500000000000004,0.54337899543379,0.512482836100362,-0.087482836100362,-0.21785714285714275,
PRICED,over,PTS,full_game,23.5,True,29.846834182739258,29.826086688612275,24.257722854614258,0.11274141186321193,24.37046426647747,0.5327606694856868,78bf92243997831090f4e81bdc0a5d4d7ba172f90b72e1ee43b198174beb3eea,4000,42,Victor Wembanyama,1641705,Bovada,2026-02-11,2026-02-10 14:47:44,2026-02-10,Regular Season,0.5425,0.4878048780487805,0.4592085979482169,0.08329140205178309,0.11212499999999992,0.4575,0.574468085106383,0.5407914020517831,-0.08329140205178309,-0.20361111111111108,
PRICED,over,PTS,full_game,12.5,True,27.58598518371582,27.56523768958884,13.79241943359375,0.24128627485474533,14.033705708448496,0.5327606694856868,78bf92243997831090f4e81bdc0a5d4d7ba172f90b72e1ee43b198174beb3eea,4000,42,Mark Williams,1631109,DraftKings,2026-02-11,2026-02-10 14:47:44,2026-02-10,Regular Season,0.59,0.5305164319248826,0.5,0.08999999999999997,0.11212389380530974,0.41000000000000003,0.5305164319248826,0.5,-0.08999999999999997,-0.22716814159292026,
PRICED,over,PTS,full_game,12.5,True,27.58598518371582,27.56523768958884,13.79241943359375,0.24128627485474533,14.033705708448496,0.5327606694856868,78bf92243997831090f4e81bdc0a5d4d7ba172f90b72e1ee43b198174beb3eea,4000,42,Mark Williams,1631109,FanDuel,2026-02-11,2026-02-10 14:47:44,2026-02-10,Regular Season,0.59,0.5305164319248826,0.5,0.08999999999999997,0.11212389380530974,0.41000000000000003,0.5305164319248826,0.5,-0.08999999999999997,-0.22716814159292026,
PRICED,over,PTS,full_game,25.5,True,35.22593688964844,35.383932647228306,26.00609588623047,0.18855496918299786,26.194650855413467,0.6420909777808131,78bf92243997831090f4e81bdc0a5d4d7ba172f90b72e1ee43b198174beb3eea,4000,42,Devin Booker,1626164,Bovada,2026-02-11,2026-02-10 14:47:44,2026-02-10,Regular Season,0.5295,0.47619047619047616,0.4458598726114649,0.08364012738853505,0.11195,0.47050000000000003,0.5918367346938775,0.554140127388535,-0.08364012738853499,-0.20501724137931027,
PRICED,over,PTS,full_game,13.5,True,30.533061981201172,30.69105773878104,14.098180770874023,0.009718664191524031,14.107899435065548,0.6420909777808131,78bf92243997831090f4e81bdc0a5d4d7ba172f90b72e1ee43b198174beb3eea,4000,42,Max Christie,1631108,BetRivers,2026-02-11,2026-02-10 14:47:44,2026-02-10,Regular Season,0.51,0.45871559633027525,0.42590545549125436,0.08409454450874565,0.1117999999999999,0.49,0.6183206106870229,0.5740945445087458,-0.08409454450874576,-0.20753086419753086,
PRICED,over,PTS,full_game,8.5,True,28.278295516967773,28.25754802284079,8.795963287353516,0.12187236190845936,8.917835649261974,0.5327606694856868,78bf92243997831090f4e81bdc0a5d4d7ba172f90b72e1ee43b198174beb3eea,4000,42,Kris Dunn,1627739,BetRivers,2026-02-11,2026-02-10 14:47:44,2026-02-10,Regular Season,0.519,0.4672897196261682,0.43340416202907345,0.08559583797092657,0.11065999999999987,0.481,0.6108949416342413,0.5665958379709265,-0.08559583797092651,-0.21263057324840773,
PRICED,over,PTS,full_game,13.5,True,34.660003662109375,34.817999419689244,15.4271240234375,0.01646890033136811,15.443592923768868,0.6420909777808131,78bf92243997831090f4e81bdc0a5d4d7ba172f90b72e1ee43b198174beb3eea,4000,42,Jabari Smith Jr,1631095,BetOnline.ag,2026-02-11,2026-02-10 14:47:44,2026-02-10,Regular Season,0.59575,0.5370370370370371,0.5051597457277305,0.09059025427226952,0.10932758620689653,0.40425,0.5260663507109005,0.4948402542722694,-0.09059025427226941,-0.23156081081081076,
PRICED,over,PTS,full_game,15.5,True,27.58598518371582,27.56523768958884,13.79241943359375,0.24128627485474533,14.033705708448496,0.5327606694856868,78bf92243997831090f4e81bdc0a5d4d7ba172f90b72e1ee43b198174beb3eea,4000,42,Mark Williams,1631109,Bovada,2026-02-11,2026-02-10 14:47:44,2026-02-10,Regular Season,0.41075,0.37037037037037035,0.34700315457413244,0.06374684542586756,0.10902500000000004,0.58925,0.696969696969697,0.6529968454258674,-0.0637468454258674,-0.15455434782608696,
PRICED,over,PTS,full_game,22.5,True,29.846834182739258,29.826086688612275,24.257722854614258,0.11274141186321193,24.37046426647747,0.5327606694856868,78bf92243997831090f4e81bdc0a5d4d7ba172f90b72e1ee43b198174beb3eea,4000,42,Victor Wembanyama,1641705,FanDuel,2026-02-11,2026-02-10 14:47:44,2026-02-10,Regular Season,0.59975,0.5412844036697247,0.5060689431946916,0.09368105680530836,0.10801271186440675,0.40025,0.5283018867924528,0.4939310568053083,-0.0936810568053083,-0.2423839285714286,
PRICED,over,PTS,full_game,7.5,True,28.278295516967773,28.25754802284079,8.795963287353516,0.12187236190845936,8.917835649261974,0.5327606694856868,78bf92243997831090f4e81bdc0a5d4d7ba172f90b72e1ee43b198174beb3eea,4000,42,Kris Dunn,1627739,BetOnline.ag,2026-02-11,2026-02-10 14:47:44,2026-02-10,Regular Season,0.58525,0.5283018867924528,0.4969046636401156,0.08834533635988445,0.10779464285714291,0.41474999999999995,0.5348837209302325,0.5030953363598845,-0.08834533635988451,-0.22459782608695666,
PRICED,over,PTS,full_game,7.5,True,28.278295516967773,28.25754802284079,8.795963287353516,0.12187236190845936,8.917835649261974,0.5327606694856868,78bf92243997831090f4e81bdc0a5d4d7ba172f90b72e1ee43b198174beb3eea,4000,42,Kris Dunn,1627739,DraftKings,2026-02-11,2026-02-10 14:47:44,2026-02-10,Regular Season,0.58525,0.5283018867924528,0.4979225527671597,0.08732744723284036,0.10779464285714291,0.41474999999999995,0.5327102803738317,0.5020774472328402,-0.08732744723284025,-0.22143421052631584,
PRICED,over,PTS,full_game,10.5,True,22.421634674072266,22.624420519911503,11.707038879394531,0.06799061301403314,11.775029492408564,0.4915060991395564,78bf92243997831090f4e81bdc0a5d4d7ba172f90b72e1ee43b198174beb3eea,4000,42,Dylan Harper,1642844,FanDuel,2026-02-11,2026-02-10 14:47:44,2026-02-10,Regular Season,0.57,0.5145631067961165,0.4808467741935484,0.08915322580645157,0.10773584905660372,0.43000000000000005,0.5555555555555556,0.5191532258064516,-0.08915322580645157,-0.22599999999999987,
PRICED,over,PTS,full_game,12.5,True,27.58598518371582,27.56523768958884,13.79241943359375,0.24128627485474533,14.033705708448496,0.5327606694856868,78bf92243997831090f4e81bdc0a5d4d7ba172f90b72e1ee43b198174beb3eea,4000,42,Mark Williams,1631109,BetOnline.ag,2026-02-11,2026-02-10 14:47:44,2026-02-10,Regular Season,0.59,0.5327102803738317,0.5,0.08999999999999997,0.10754385964912283,0.41000000000000003,0.5327102803738317,0.5,-0.08999999999999997,-0.23035087719298236,
PRICED,over,PTS,full_game,12.5,True,28.56736946105957,28.546621966932587,14.167806625366211,0.007943410747915124,14.175750036114126,0.5327606694856868,78bf92243997831090f4e81bdc0a5d4d7ba172f90b72e1ee43b198174beb3eea,4000,42,Devin Vassell,1630170,Bovada,2026-02-11,2026-02-10 14:47:44,2026-02-10,Regular Season,0.59225,0.5348837209302325,0.5,0.09225000000000005,0.10725000000000007,0.40774999999999995,0.5348837209302325,0.5,-0.09225000000000005,-0.2376847826086958,
PRICED,over,PTS,full_game,12.5,True,18.252639770507812,18.45542561634705,13.040478706359863,0.09658202921154194,13.137060735571405,0.4915060991395564,78bf92243997831090f4e81bdc0a5d4d7ba172f90b72e1ee43b198174beb3eea,4000,42,Jalen Green,1630224,Bovada,2026-02-11,2026-02-10 14:47:44,2026-02-10,Regular Season,0.527,0.47619047619047616,0.4458598726114649,0.0811401273885351,0.10670000000000013,0.473,0.5918367346938775,0.554140127388535,-0.08114012738853504,-0.2007931034482759,
PRICED,over,PTS,full_game,25.5,True,29.846834182739258,29.826086688612275,24.257722854614258,0.11274141186321193,24.37046426647747,0.5327606694856868,78bf92243997831090f4e81bdc0a5d4d7ba172f90b72e1ee43b198174beb3eea,4000,42,Victor Wembanyama,1641705,Bovada,2026-02-11,2026-02-10 14:47:44,2026-02-10,Regular Season,0.4425,0.4,0.375,0.0675,0.10625000000000007,0.5575,0.6666666666666666,0.625,-0.0675,-0.16375,
PRICED,over,PTS,full_game,11.5,True,18.252639770507812,18.45542561634705,13.040478706359863,0.09658202921154194,13.137060735571405,0.4915060991395564,78bf92243997831090f4e81bdc0a5d4d7ba172f90b72e1ee43b198174beb3eea,4000,42,Jalen Green,1630224,Bovada,2026-02-11,2026-02-10 14:47:44,2026-02-10,Regular Season,0.60225,0.5454545454545454,0.5101214574898786,0.09212854251012137,0.10412500000000002,0.39775000000000005,0.5238095238095238,0.48987854251012153,-0.09212854251012148,-0.24065909090909077,
PRICED,over,PTS,full_game,22.5,True,33.23477554321289,33.39277130079276,24.253170013427734,0.09476419807287856,24.34793421150061,0.6420909777808131,78bf92243997831090f4e81bdc0a5d4d7ba172f90b72e1ee43b198174beb3eea,4000,42,Pascal Siakam,1627783,BetRivers,2026-02-11,2026-02-10 14:47:44,2026-02-10,Regular Season,0.595,0.5391705069124424,0.5,0.09499999999999997,0.10354700854700849,0.405,0.5391705069124424,0.5,-0.09499999999999997,-0.24884615384615377,
PRICED,over,PTS,full_game,8.5,True,31.463350296020508,31.621346053600377,11.934615135192871,0.11112589001758977,12.04574102521046,0.6420909777808131,78bf92243997831090f4e81bdc0a5d4d7ba172f90b72e1ee43b198174beb3eea,4000,42,Royce O'Neale,1626220,Bovada,2026-02-11,2026-02-10 14:47:44,2026-02-10,Regular Season,0.723,0.6551724137931034,0.6161482461945731,0.10685175380542689,0.10352631578947352,0.277,0.40816326530612246,0.3838517538054269,-0.10685175380542689,-0.3213499999999999,
PRICED,over,PTS,full_game,17.5,True,34.86334228515625,35.02133804273612,16.03276824951172,0.20245570815579692,16.235223957667515,0.6420909777808131,78bf92243997831090f4e81bdc0a5d4d7ba172f90b72e1ee43b198174beb3eea,4000,42,Mikal Bridges,1628969,Bovada,2026-02-11,2026-02-10 14:47:44,2026-02-10,Regular Season,0.416,0.37735849056603776,0.35437430786268,0.06162569213732,0.10239999999999982,0.5840000000000001,0.6875,0.6456256921373201,-0.061625692137320054,-0.15054545454545448,
PRICED,over,PTS,full_game,14.5,True,27.58598518371582,27.56523768958884,13.79241943359375,0.24128627485474533,14.033705708448496,0.5327606694856868,78bf92243997831090f4e81bdc0a5d4d7ba172f90b72e1ee43b198174beb3eea,4000,42,Mark Williams,1631109,Bovada,2026-02-11,2026-02-10 14:47:44,2026-02-10,Regular Season,0.469,0.425531914893617,0.3982930298719772,0.0707069701280228,0.10214999999999996,0.531,0.6428571428571429,0.6017069701280228,-0.07070697012802274,-0.17399999999999993,
PRICED,over,PTS,full_game,12.5,True,30.533061981201172,30.69105773878104,14.098180770874023,0.009718664191524031,14.107899435065548,0.6420909777808131,78bf92243997831090f4e81bdc0a5d4d7ba172f90b72e1ee43b198174beb3eea,4000,42,Max Christie,1631108,Bovada,2026-02-11,2026-02-10 14:47:44,2026-02-10,Regular Season,0.57675,0.5238095238095238,0.48987854251012153,0.08687145748987846,0.10106818181818189,0.42325,0.5454545454545454,0.5101214574898786,-0.08687145748987857,-0.22404166666666658,
PRICED,over,PTS,full_game,14.5,True,30.533061981201172,30.69105773878104,14.098180770874023,0.009718664191524031,14.107899435065548,0.6420909777808131,78bf92243997831090f4e81bdc0a5d4d7ba172f90b72e1ee43b198174beb3eea,4000,42,Max Christie,1631108,Bovada,2026-02-11,2026-02-10 14:47:44,2026-02-10,Regular Season,0.4585,0.4166666666666667,0.39094650205761317,0.06755349794238685,0.10040000000000004,0.5415,0.6491228070175439,0.6090534979423868,-0.06755349794238685,-0.1657972972972973,
PRICED,over,PTS,full_game,11.5,True,28.60940170288086,28.588654208753876,13.121929168701172,0.07177499104160903,13.193704159742781,0.5327606694856868,78bf92243997831090f4e81bdc0a5d4d7ba172f90b72e1ee43b198174beb3eea,4000,42,Myles Turner,1626167,FanDuel,2026-02-12,2026-02-10 14:47:44,2026-02-10,Regular Season,0.61775,0.5614035087719298,0.5240847784200385,0.09366522157996149,0.10036718750000007,0.38225,0.5098039215686274,0.47591522157996147,-0.09366522157996149,-0.25020192307692307,
PRICED,over,PTS,full_game,24.5,True,29.846834182739258,29.826086688612275,24.257722854614258,0.11274141186321193,24.37046426647747,0.5327606694856868,78bf92243997831090f4e81bdc0a5d4d7ba172f90b72e1ee43b198174beb3eea,4000,42,Victor Wembanyama,1641705,Bovada,2026-02-11,2026-02-10 14:47:44,2026-02-10,Regular Season,0.489,0.4444444444444444,0.4165029469548134,0.07249705304518661,0.10024999999999995,0.511,0.6226415094339622,0.5834970530451867,-0.07249705304518672,-0.17930303030303035,
PRICED,over,PTS,full_game,18.5,True,32.91017532348633,33.0681710810662,19.902345657348633,0.05813695229992101,19.960482609648555,0.6420909777808131,78bf92243997831090f4e81bdc0a5d4d7ba172f90b72e1ee43b198174beb3eea,4000,42,Desmond Bane,1630217,FanDuel,2026-02-12,2026-02-10 14:47:44,2026-02-10,Regular Season,0.57625,0.5238095238095238,0.48987854251012153,0.08637145748987851,0.10011363636363646,0.42374999999999996,0.5454545454545454,0.5101214574898786,-0.08637145748987862,-0.22312500000000002,
PRICED,over,PTS,full_game,22.5,True,29.846834182739258,29.826086688612275,24.257722854614258,0.11274141186321193,24.37046426647747,0.5327606694856868,78bf92243997831090f4e81bdc0a5d4d7ba172f90b72e1ee43b198174beb3eea,4000,42,Victor Wembanyama,1641705,Bovada,2026-02-11,2026-02-10 14:47:44,2026-02-10,Regular Season,0.59975,0.5454545454545454,0.5101214574898786,0.08962854251012142,0.09954166666666675,0.40025,0.5238095238095238,0.48987854251012153,-0.08962854251012153,-0.23588636363636362,
PRICED,over,PTS,full_game,22.5,True,29.846834182739258,29.826086688612275,24.257722854614258,0.11274141186321193,24.37046426647747,0.5327606694856868,78bf92243997831090f4e81bdc0a5d4d7ba172f90b72e1ee43b198174beb3eea,4000,42,Victor Wembanyama,1641705,BetMGM,2026-02-11,2026-02-10 14:47:44,2026-02-10,Regular Season,0.59975,0.5454545454545454,0.5101214574898786,0.08962854251012142,0.09954166666666675,0.40025,0.5238095238095238,0.48987854251012153,-0.08962854251012153,-0.23588636363636362,
PRICED,over,PTS,full_game,20.5,True,30.004634857177734,30.162630614757603,19.049888610839844,0.013775649729551014,19.063664260569396,0.6420909777808131,78bf92243997831090f4e81bdc0a5d4d7ba172f90b72e1ee43b198174beb3eea,4000,42,Stephon Castle,1642264,Bovada,2026-02-11,2026-02-10 14:47:44,2026-02-10,Regular Season,0.38575,0.3508771929824561,0.32941176470588235,0.05633823529411763,0.09938750000000007,0.61425,0.7142857142857143,0.6705882352941177,-0.056338235294117744,-0.14005000000000006,
PRICED,over,PTS,full_game,22.5,True,34.161006927490234,34.3190026850701,23.29507827758789,0.2199113257338447,23.514989603321734,0.6420909777808131,78bf92243997831090f4e81bdc0a5d4d7ba172f90b72e1ee43b198174beb3eea,4000,42,Cooper Flagg,1642843,BetRivers,2026-02-11,2026-02-10 14:47:44,2026-02-10,Regular Season,0.54425,0.49504950495049505,0.461322848133297,0.08292715186670302,0.09938500000000006,0.45575,0.5780590717299579,0.5386771518667031,-0.08292715186670307,-0.2115857664233577,
PRICED,over,PTS,full_game,14.5,True,30.914600372314453,31.072596129894322,16.036575317382812,0.044943961032316654,16.08151927841513,0.6420909777808131,78bf92243997831090f4e81bdc0a5d4d7ba172f90b72e1ee43b198174beb3eea,4000,42,Naji Marshall,1630230,FanDuel,2026-02-11,2026-02-10 14:47:44,2026-02-10,Regular Season,0.578,0.5260663507109005,0.4958445875753168,0.08215541242468316,0.09872072072072069,0.42200000000000004,0.5348837209302325,0.5041554124246831,-0.08215541242468305,-0.21104347826086955,
PRICED,over,PTS,full_game,8.5,True,27.664525985717773,27.643778491590794,12.663832664489746,0.04857682566221813,12.712409490151964,0.5327606694856868,78bf92243997831090f4e81bdc0a5d4d7ba172f90b72e1ee43b198174beb3eea,4000,42,P.J. Washington,1629023,Bovada,2026-02-11,2026-02-10 14:47:44,2026-02-10,Regular Season,0.78025,0.7101449275362319,0.6653734238603297,0.11487657613967028,0.09871938775510203,0.21975,0.35714285714285715,0.3346265761396702,-0.11487657613967017,-0.38470000000000004,
PRICED,over,PTS,full_game,24.5,True,35.22593688964844,35.383932647228306,26.00609588623047,0.18855496918299786,26.194650855413467,0.6420909777808131,78bf92243997831090f4e81bdc0a5d4d7ba172f90b72e1ee43b198174beb3eea,4000,42,Devin Booker,1626164,Bovada,2026-02-11,2026-02-10 14:47:44,2026-02-10,Regular Season,0.57525,0.5238095238095238,0.48987854251012153,0.08537145748987851,0.0982045454545456,0.42474999999999996,0.5454545454545454,0.5101214574898786,-0.08537145748987862,-0.22129166666666666,
PRICED,over,PTS,full_game,23.5,True,35.22593688964844,35.383932647228306,26.00609588623047,0.18855496918299786,26.194650855413467,0.6420909777808131,78bf92243997831090f4e81bdc0a5d4d7ba172f90b72e1ee43b198174beb3eea,4000,42,Devin Booker,1626164,BetRivers,2026-02-11,2026-02-10 14:47:44,2026-02-10,Regular Season,0.6285,0.5726495726495726,0.5302120692343677,0.09828793076563225,0.09752985074626852,0.37150000000000005,0.5073891625615764,0.4697879307656324,-0.09828793076563236,-0.26782038834951444,
PRICED,over,PTS,full_game,12.5,True,30.533061981201172,30.69105773878104,14.098180770874023,0.009718664191524031,14.107899435065548,0.6420909777808131,78bf92243997831090f4e81bdc0a5d4d7ba172f90b72e1ee43b198174beb3eea,4000,42,Max Christie,1631108,FanDuel,2026-02-11,2026-02-10 14:47:44,2026-02-10,Regular Season,0.57675,0.5260663507109005,0.4958445875753168,0.08090541242468319,0.09634459459459466,0.42325,0.5348837209302325,0.5041554124246831,-0.08090541242468308,-0.20870652173913046,
PRICED,over,PTS,full_game,10.5,True,27.664525985717773,27.643778491590794,12.663832664489746,0.04857682566221813,12.712409490151964,0.5327606694856868,78bf92243997831090f4e81bdc0a5d4d7ba172f90b72e1ee43b198174beb3eea,4000,42,P.J. Washington,1629023,BetRivers,2026-02-11,2026-02-10 14:47:44,2026-02-10,Regular Season,0.645,0.588477366255144,0.5467686281824116,0.09823137181758845,0.096048951048951,0.355,0.4878048780487805,0.4532313718175883,-0.09823137181758834,-0.2722500000000001,
PRICED,over,PTS,full_game,15.5,True,30.004634857177734,30.162630614757603,19.049888610839844,0.013775649729551014,19.063664260569396,0.6420909777808131,78bf92243997831090f4e81bdc0a5d4d7ba172f90b72e1ee43b198174beb3eea,4000,42,Stephon Castle,1642264,Bovada,2026-02-11,2026-02-10 14:47:44,2026-02-10,Regular Season,0.689,0.6296296296296297,0.5915279878971256,0.09747201210287437,0.0942941176470588,0.31100000000000005,0.43478260869565216,0.40847201210287437,-0.09747201210287432,-0.28469999999999995,
PRICED,over,PTS,full_game,12.5,True,27.58598518371582,27.56523768958884,13.79241943359375,0.24128627485474533,14.033705708448496,0.5327606694856868,78bf92243997831090f4e81bdc0a5d4d7ba172f90b72e1ee43b198174beb3eea,4000,42,Mark Williams,1631109,BetRivers,2026-02-11,2026-02-10 14:47:44,2026-02-10,Regular Season,0.59,0.5391705069124424,0.5,0.08999999999999997,0.09427350427350423,0.41000000000000003,0.5391705069124424,0.5,-0.08999999999999997,-0.2395726495726495,
PRICED,over,PTS,full_game,23.5,True,35.22593688964844,35.383932647228306,26.00609588623047,0.18855496918299786,26.194650855413467,0.6420909777808131,78bf92243997831090f4e81bdc0a5d4d7ba172f90b72e1ee43b198174beb3eea,4000,42,Devin Booker,1626164,Bovada,2026-02-11,2026-02-10 14:47:44,2026-02-10,Regular Season,0.6285,0.574468085106383,0.5407914020517831,0.08770859794821684,0.09405555555555545,0.37150000000000005,0.4878048780487805,0.4592085979482169,-0.08770859794821684,-0.23842499999999994,
PRICED,over,PTS,full_game,6.5,True,26.228897094726562,26.208149600599583,9.920047760009766,0.1736983175517913,10.093746077561557,0.5327606694856868,78bf92243997831090f4e81bdc0a5d4d7ba172f90b72e1ee43b198174beb3eea,4000,42,Derrick Jones,1627884,Bovada,2026-02-11,2026-02-10 14:47:44,2026-02-10,Regular Season,0.7165,0.6551724137931034,0.6161482461945731,0.10035175380542694,0.09360526315789469,0.2835,0.40816326530612246,0.3838517538054269,-0.10035175380542694,-0.305425,
PRICED,over,PTS,full_game,8.5,True,19.82642364501953,20.02920949085877,13.143952369689941,-0.012136382169332539,13.131815987520609,0.4915060991395564,78bf92243997831090f4e81bdc0a5d4d7ba172f90b72e1ee43b198174beb3eea,4000,42,Brandon Williams,1630314,Bovada,2026-02-11,2026-02-10 14:47:44,2026-02-10,Regular Season,0.78925,0.7222222222222222,0.6768402154398564,0.11240978456014361,0.09280769230769231,0.21075,0.3448275862068966,0.32315978456014366,-0.11240978456014367,-0.38882500000000003,
PRICED,over,PTS,full_game,12.5,True,24.499465942382812,24.478718448255833,10.676130294799805,0.33145779773128003,11.007588092531085,0.5327606694856868,78bf92243997831090f4e81bdc0a5d4d7ba172f90b72e1ee43b198174beb3eea,4000,42,Jay Huff,1630643,Bovada,2026-02-11,2026-02-10 14:47:44,2026-02-10,Regular Season,0.3765,0.3448275862068966,0.32315978456014366,0.05334021543985634,0.09184999999999999,0.6234999999999999,0.7222222222222222,0.6768402154398564,-0.05334021543985645,-0.13669230769230772,
PRICED,over,PTS,full_game,12.5,True,27.58598518371582,27.56523768958884,13.79241943359375,0.24128627485474533,14.033705708448496,0.5327606694856868,78bf92243997831090f4e81bdc0a5d4d7ba172f90b72e1ee43b198174beb3eea,4000,42,Mark Williams,1631109,BetMGM,2026-02-11,2026-02-10 14:47:44,2026-02-10,Regular Season,0.59,0.5412844036697247,0.5082034454470877,0.08179655455291224,0.08999999999999991,0.41000000000000003,0.5238095238095238,0.49179655455291227,-0.08179655455291224,-0.21727272727272717,
PRICED,over,PTS,full_game,16.5,True,34.660003662109375,34.817999419689244,15.4271240234375,0.01646890033136811,15.443592923768868,0.6420909777808131,78bf92243997831090f4e81bdc0a5d4d7ba172f90b72e1ee43b198174beb3eea,4000,42,Jabari Smith Jr,1631095,Bovada,2026-02-11,2026-02-10 14:47:44,2026-02-10,Regular Season,0.411,0.37735849056603776,0.35437430786268,0.056625692137319994,0.08914999999999995,0.589,0.6875,0.6456256921373201,-0.05662569213732016,-0.14327272727272722,
PRICED,over,PTS,full_game,22.5,True,34.161006927490234,34.3190026850701,23.29507827758789,0.2199113257338447,23.514989603321734,0.6420909777808131,78bf92243997831090f4e81bdc0a5d4d7ba172f90b72e1ee43b198174beb3eea,4000,42,Cooper Flagg,1642843,FanDuel,2026-02-11,2026-02-10 14:47:44,2026-02-10,Regular Season,0.54425,0.5,0.4710743801652893,0.07317561983471071,0.08850000000000002,0.45575,0.5614035087719298,0.5289256198347108,-0.07317561983471077,-0.18819531250000004,
PRICED,over,PTS,full_game,10.5,True,24.499465942382812,24.478718448255833,10.676130294799805,0.33145779773128003,11.007588092531085,0.5327606694856868,78bf92243997831090f4e81bdc0a5d4d7ba172f90b72e1ee43b198174beb3eea,4000,42,Jay Huff,1630643,Bovada,2026-02-11,2026-02-10 14:47:44,2026-02-10,Regular Season,0.51825,0.47619047619047616,0.4458598726114649,0.07239012738853506,0.08832499999999999,0.48175,0.5918367346938775,0.554140127388535,-0.07239012738853501,-0.18600862068965512,
PRICED,over,PTS,full_game,15.5,True,34.660003662109375,34.817999419689244,15.4271240234375,0.01646890033136811,15.443592923768868,0.6420909777808131,78bf92243997831090f4e81bdc0a5d4d7ba172f90b72e1ee43b198174beb3eea,4000,42,Jabari Smith Jr,1631095,Bovada,2026-02-11,2026-02-10 14:47:44,2026-02-10,Regular Season,0.47275,0.43478260869565216,0.40847201210287437,0.06427798789712563,0.08732499999999987,0.52725,0.6296296296296297,0.5915279878971256,-0.06427798789712558,-0.1626029411764705,
PRICED,over,PTS,full_game,13.5,True,27.58598518371582,27.56523768958884,13.79241943359375,0.24128627485474533,14.033705708448496,0.5327606694856868,78bf92243997831090f4e81bdc0a5d4d7ba172f90b72e1ee43b198174beb3eea,4000,42,Mark Williams,1631109,Bovada,2026-02-11,2026-02-10 14:47:44,2026-02-10,Regular Season,0.53025,0.4878048780487805,0.4592085979482169,0.07104140205178311,0.08701249999999994,0.46975,0.574468085106383,0.5407914020517831,-0.07104140205178311,-0.18228703703703708,
PRICED,over,PTS,full_game,13.5,True,29.479877471923828,29.459129977796845,14.371039390563965,0.1361857447098507,14.507225135273815,0.5327606694856868,78bf92243997831090f4e81bdc0a5d4d7ba172f90b72e1ee43b198174beb3eea,4000,42,John Collins,1628381,DraftKings,2026-02-11,2026-02-10 14:47:44,2026-02-10,Regular Season,0.54275,0.5,0.4710743801652893,0.07167561983471066,0.08549999999999991,0.45725000000000005,0.5614035087719298,0.5289256198347108,-0.07167561983471071,-0.18552343749999994,
PRICED,over,PTS,full_game,13.5,True,29.479877471923828,29.459129977796845,14.371039390563965,0.1361857447098507,14.507225135273815,0.5327606694856868,78bf92243997831090f4e81bdc0a5d4d7ba172f90b72e1ee43b198174beb3eea,4000,42,John Collins,1628381,Bovada,2026-02-11,2026-02-10 14:47:44,2026-02-10,Regular Season,0.54275,0.5,0.4693877551020409,0.07336224489795906,0.08549999999999991,0.45725000000000005,0.5652173913043478,0.5306122448979592,-0.07336224489795917,-0.19101923076923072,
PRICED,over,PTS,full_game,16.5,True,34.86334228515625,35.02133804273612,16.03276824951172,0.20245570815579692,16.235223957667515,0.6420909777808131,78bf92243997831090f4e81bdc0a5d4d7ba172f90b72e1ee43b198174beb3eea,4000,42,Mikal Bridges,1628969,Bovada,2026-02-11,2026-02-10 14:47:44,2026-02-10,Regular Season,0.4715,0.43478260869565216,0.40847201210287437,0.0630279878971256,0.08444999999999991,0.5285,0.6296296296296297,0.5915279878971256,-0.0630279878971256,-0.16061764705882348,
PRICED,over,PTS,full_game,24.5,True,35.22593688964844,35.383932647228306,26.00609588623047,0.18855496918299786,26.194650855413467,0.6420909777808131,78bf92243997831090f4e81bdc0a5d4d7ba172f90b72e1ee43b198174beb3eea,4000,42,Devin Booker,1626164,FanDuel,2026-02-11,2026-02-10 14:47:44,2026-02-10,Regular Season,0.57525,0.5305164319248826,0.5,0.07525000000000004,0.0843207964601771,0.42474999999999996,0.5305164319248826,0.5,-0.07525000000000004,-0.19936504424778767,
PRICED,over,PTS,full_game,12.5,True,30.533061981201172,30.69105773878104,14.098180770874023,0.009718664191524031,14.107899435065548,0.6420909777808131,78bf92243997831090f4e81bdc0a5d4d7ba172f90b72e1ee43b198174beb3eea,4000,42,Max Christie,1631108,BetRivers,2026-02-11,2026-02-10 14:47:44,2026-02-10,Regular Season,0.57675,0.5327102803738317,0.4940898345153664,0.08266016548463356,0.08267105263157892,0.42325,0.5454545454545454,0.5059101654846335,-0.08266016548463351,-0.22404166666666658,
PRICED,over,PTS,full_game,11.5,True,28.56736946105957,28.546621966932587,14.167806625366211,0.007943410747915124,14.175750036114126,0.5327606694856868,78bf92243997831090f4e81bdc0a5d4d7ba172f90b72e1ee43b198174beb3eea,4000,42,Devin Vassell,1630170,Bovada,2026-02-11,2026-02-10 14:47:44,2026-02-10,Regular Season,0.64875,0.6,0.5633187772925764,0.08543122270742365,0.08124999999999999,0.35124999999999995,0.46511627906976744,0.43668122270742354,-0.08543122270742359,-0.24481250000000015,
PRICED,over,PTS,full_game,21.5,True,29.846834182739258,29.826086688612275,24.257722854614258,0.11274141186321193,24.37046426647747,0.5327606694856868,78bf92243997831090f4e81bdc0a5d4d7ba172f90b72e1ee43b198174beb3eea,4000,42,Victor Wembanyama,1641705,Bovada,2026-02-11,2026-02-10 14:47:44,2026-02-10,Regular Season,0.64875,0.6,0.5633187772925764,0.08543122270742365,0.08124999999999999,0.35124999999999995,0.46511627906976744,0.43668122270742354,-0.08543122270742359,-0.24481250000000015,
PRICED,over,PTS,full_game,17.5,True,34.660003662109375,34.817999419689244,15.4271240234375,0.01646890033136811,15.443592923768868,0.6420909777808131,78bf92243997831090f4e81bdc0a5d4d7ba172f90b72e1ee43b198174beb3eea,4000,42,Jabari Smith Jr,1631095,Bovada,2026-02-11,2026-02-10 14:47:44,2026-02-10,Regular Season,0.3545,0.32786885245901637,0.3079416531604538,0.04655834683954618,0.08122499999999999,0.6455,0.7368421052631579,0.6920583468395461,-0.04655834683954618,-0.12396428571428567,
PRICED,over,PTS,full_game,11.5,True,19.82642364501953,20.02920949085877,13.143952369689941,-0.012136382169332539,13.131815987520609,0.4915060991395564,78bf92243997831090f4e81bdc0a5d4d7ba172f90b72e1ee43b198174beb3eea,4000,42,Brandon Williams,1630314,DraftKings,2026-02-11,2026-02-10 14:47:44,2026-02-10,Regular Season,0.60275,0.5575221238938053,0.5259594617046021,0.07679053829539795,0.08112301587301579,0.39725,0.5024875621890548,0.47404053829539794,-0.07679053829539795,-0.20943316831683167,
PRICED,over,PTS,full_game,14.5,True,30.914600372314453,31.072596129894322,16.036575317382812,0.044943961032316654,16.08151927841513,0.6420909777808131,78bf92243997831090f4e81bdc0a5d4d7ba172f90b72e1ee43b198174beb3eea,4000,42,Naji Marshall,1630230,BetRivers,2026-02-11,2026-02-10 14:47:44,2026-02-10,Regular Season,0.578,0.5348837209302325,0.4970261697065821,0.08097383029341787,0.08060869565217377,0.42200000000000004,0.5412844036697247,0.5029738302934179,-0.08097383029341787,-0.22037288135593214,
PRICED,over,PTS,full_game,9.5,True,30.246252059936523,30.404247817516392,14.552579879760742,0.12287915252810674,14.675459032288849,0.6420909777808131,78bf92243997831090f4e81bdc0a5d4d7ba172f90b72e1ee43b198174beb3eea,4000,42,Collin Gillespie,1631221,Bovada,2026-02-11,2026-02-10 14:47:44,2026-02-10,Regular Season,0.78,0.7222222222222222,0.6768402154398564,0.10315978456014363,0.08000000000000002,0.21999999999999997,0.3448275862068966,0.32315978456014366,-0.10315978456014369,-0.3620000000000001,
PRICED,over,PTS,full_game,19.5,True,33.23477554321289,33.39277130079276,24.253170013427734,0.09476419807287856,24.34793421150061,0.6420909777808131,78bf92243997831090f4e81bdc0a5d4d7ba172f90b72e1ee43b198174beb3eea,4000,42,Pascal Siakam,1627783,Bovada,2026-02-11,2026-02-10 14:47:44,2026-02-10,Regular Season,0.73125,0.6774193548387096,0.6333530455351862,0.09789695446481372,0.07946428571428571,0.26875000000000004,0.39215686274509803,0.3666469544648137,-0.09789695446481367,-0.31468749999999995,
PRICED,over,PTS,full_game,11.5,True,27.664525985717773,27.643778491590794,12.663832664489746,0.04857682566221813,12.712409490151964,0.5327606694856868,78bf92243997831090f4e81bdc0a5d4d7ba172f90b72e1ee43b198174beb3eea,4000,42,P.J. Washington,1629023,BetOnline.ag,2026-02-11,2026-02-10 14:47:44,2026-02-10,Regular Season,0.575,0.5327102803738317,0.5,0.07499999999999996,0.07938596491228067,0.42500000000000004,0.5327102803738317,0.5,-0.07499999999999996,-0.20219298245614026,
PRICED,over,PTS,full_game,10.5,True,18.252639770507812,18.45542561634705,13.040478706359863,0.09658202921154194,13.137060735571405,0.4915060991395564,78bf92243997831090f4e81bdc0a5d4d7ba172f90b72e1ee43b198174beb3eea,4000,42,Jalen Green,1630224,BetRivers,2026-02-11,2026-02-10 14:47:44,2026-02-10,Regular Season,0.672,0.6226415094339622,0.5757963822634864,0.09620361773651365,0.07927272727272727,0.32799999999999996,0.45871559633027525,0.42420361773651355,-0.09620361773651359,-0.28496000000000016,
PRICED,over,PTS,full_game,10.5,True,18.252639770507812,18.45542561634705,13.040478706359863,0.09658202921154194,13.137060735571405,0.4915060991395564,78bf92243997831090f4e81bdc0a5d4d7ba172f90b72e1ee43b198174beb3eea,4000,42,Jalen Green,1630224,Bovada,2026-02-11,2026-02-10 14:47:44,2026-02-10,Regular Season,0.672,0.6226415094339622,0.5834970530451867,0.08850294695481331,0.07927272727272727,0.32799999999999996,0.4444444444444444,0.4165029469548134,-0.08850294695481342,-0.2620000000000001,
PRICED,over,PTS,full_game,20.5,True,29.846834182739258,29.826086688612275,24.257722854614258,0.11274141186321193,24.37046426647747,0.5327606694856868,78bf92243997831090f4e81bdc0a5d4d7ba172f90b72e1ee43b198174beb3eea,4000,42,Victor Wembanyama,1641705,Bovada,2026-02-11,2026-02-10 14:47:44,2026-02-10,Regular Season,0.70025,0.6491228070175439,0.6090534979423868,0.0911965020576132,0.07876351351351357,0.29974999999999996,0.4166666666666667,0.39094650205761317,-0.0911965020576132,-0.2806000000000001,
PRICED,over,PTS,full_game,22.5,True,35.22593688964844,35.383932647228306,26.00609588623047,0.18855496918299786,26.194650855413467,0.6420909777808131,78bf92243997831090f4e81bdc0a5d4d7ba172f90b72e1ee43b198174beb3eea,4000,42,Devin Booker,1626164,Bovada,2026-02-11,2026-02-10 14:47:44,2026-02-10,Regular Season,0.6715,0.6226415094339622,0.5834970530451867,0.08800294695481325,0.07846969696969686,0.3285,0.4444444444444444,0.4165029469548134,-0.08800294695481337,-0.26087499999999997,
PRICED,over,PTS,full_game,11.5,True,24.499465942382812,24.478718448255833,10.676130294799805,0.33145779773128003,11.007588092531085,0.5327606694856868,78bf92243997831090f4e81bdc0a5d4d7ba172f90b72e1ee43b198174beb3eea,4000,42,Jay Huff,1630643,Bovada,2026-02-11,2026-02-10 14:47:44,2026-02-10,Regular Season,0.44,0.40816326530612246,0.3838517538054269,0.05614824619457309,0.07800000000000007,0.56,0.6551724137931034,0.6161482461945731,-0.05614824619457304,-0.14526315789473687,
PRICED,over,PTS,full_game,21.5,True,33.23477554321289,33.39277130079276,24.253170013427734,0.09476419807287856,24.34793421150061,0.6420909777808131,78bf92243997831090f4e81bdc0a5d4d7ba172f90b72e1ee43b198174beb3eea,4000,42,Pascal Siakam,1627783,BetRivers,2026-02-11,2026-02-10 14:47:44,2026-02-10,Regular Season,0.643,0.5967741935483871,0.5538284398388026,0.08917156016119743,0.07745945945945948,0.357,0.4807692307692308,0.44617156016119747,-0.08917156016119748,-0.25744,
PRICED,over,PTS,full_game,15.5,True,34.86334228515625,35.02133804273612,16.03276824951172,0.20245570815579692,16.235223957667515,0.6420909777808131,78bf92243997831090f4e81bdc0a5d4d7ba172f90b72e1ee43b198174beb3eea,4000,42,Mikal Bridges,1628969,Bovada,2026-02-11,2026-02-10 14:47:44,2026-02-10,Regular Season,0.5255,0.4878048780487805,0.4592085979482169,0.06629140205178308,0.07727499999999987,0.47450000000000003,0.574468085106383,0.5407914020517831,-0.06629140205178308,-0.17401851851851846,
PRICED,over,PTS,full_game,2.5,True,15.327569961547852,15.400183017402698,4.010460376739502,-0.3103631149562281,3.7000972617832737,0.44940254752247744,78bf92243997831090f4e81bdc0a5d4d7ba172f90b72e1ee43b198174beb3eea,4000,42,Josh Okogie,1629006,BetMGM,2026-02-11,2026-02-10 14:47:44,2026-02-10,Regular Season,0.5875,0.5454545454545454,0.5101214574898786,0.07737854251012144,0.07708333333333345,0.4125,0.5238095238095238,0.48987854251012153,-0.07737854251012155,-0.21250000000000002,
PRICED,over,PTS,full_game,18.5,True,33.23477554321289,33.39277130079276,24.253170013427734,0.09476419807287856,24.34793421150061,0.6420909777808131,78bf92243997831090f4e81bdc0a5d4d7ba172f90b72e1ee43b198174beb3eea,4000,42,Pascal Siakam,1627783,Bovada,2026-02-11,2026-02-10 14:47:44,2026-02-10,Regular Season,0.77725,0.7222222222222222,0.6768402154398564,0.1004097845601436,0.07619230769230767,0.22275,0.3448275862068966,0.32315978456014366,-0.10040978456014366,-0.35402500000000003,
PRICED,over,PTS,full_game,8.5,True,22.421634674072266,22.624420519911503,11.707038879394531,0.06799061301403314,11.775029492408564,0.4915060991395564,78bf92243997831090f4e81bdc0a5d4d7ba172f90b72e1ee43b198174beb3eea,4000,42,Dylan Harper,1642844,Bovada,2026-02-11,2026-02-10 14:47:44,2026-02-10,Regular Season,0.6985,0.6491228070175439,0.6090534979423868,0.08944650205761318,0.0760675675675676,0.3015,0.4166666666666667,0.39094650205761317,-0.08944650205761318,-0.27640000000000003,
PRICED,over,PTS,full_game,24.5,True,35.22593688964844,35.383932647228306,26.00609588623047,0.18855496918299786,26.194650855413467,0.6420909777808131,78bf92243997831090f4e81bdc0a5d4d7ba172f90b72e1ee43b198174beb3eea,4000,42,Devin Booker,1626164,BetMGM,2026-02-11,2026-02-10 14:47:44,2026-02-10,Regular Season,0.57525,0.5348837209302325,0.5,0.07525000000000004,0.07546739130434788,0.42474999999999996,0.5348837209302325,0.5,-0.07525000000000004,-0.2059021739130436,
PRICED,over,PTS,full_game,4.5,True,23.322145462036133,23.52493130787537,6.6030426025390625,-0.055994843446586784,6.547047759092476,0.4915060991395564,78bf92243997831090f4e81bdc0a5d4d7ba172f90b72e1ee43b198174beb3eea,4000,42,Caleb Martin,1628997,Bovada,2026-02-11,2026-02-10 14:47:44,2026-02-10,Regular Season,0.66175,0.6153846153846154,0.5751633986928104,0.08658660130718954,0.07534374999999993,0.33825000000000005,0.45454545454545453,0.4248366013071895,-0.08658660130718943,-0.25584999999999986,
PRICED,over,PTS,full_game,7.5,True,26.228897094726562,26.208149600599583,9.920047760009766,0.1736983175517913,10.093746077561557,0.5327606694856868,78bf92243997831090f4e81bdc0a5d4d7ba172f90b72e1ee43b198174beb3eea,4000,42,Derrick Jones,1627884,BetRivers,2026-02-11,2026-02-10 14:47:44,2026-02-10,Regular Season,0.66,0.6138996138996139,0.5700816678839387,0.08991833211606137,0.07509433962264145,0.33999999999999997,0.46296296296296297,0.4299183321160614,-0.08991833211606143,-0.2656,
PRICED,over,PTS,full_game,12.5,True,29.479877471923828,29.459129977796845,14.371039390563965,0.1361857447098507,14.507225135273815,0.5327606694856868,78bf92243997831090f4e81bdc0a5d4d7ba172f90b72e1ee43b198174beb3eea,4000,42,John Collins,1628381,Bovada,2026-02-11,2026-02-10 14:47:44,2026-02-10,Regular Season,0.607,0.5652173913043478,0.5306122448979592,0.07638775510204077,0.07392307692307687,0.393,0.5,0.4693877551020409,-0.07638775510204088,-0.21399999999999997,
PRICED,over,PTS,full_game,18.5,True,30.914600372314453,31.072596129894322,16.036575317382812,0.044943961032316654,16.08151927841513,0.6420909777808131,78bf92243997831090f4e81bdc0a5d4d7ba172f90b72e1ee43b198174beb3eea,4000,42,Naji Marshall,1630230,Bovada,2026-02-11,2026-02-10 14:47:44,2026-02-10,Regular Season,0.35775,0.3333333333333333,0.3125,0.04525000000000001,0.07325000000000004,0.64225,0.7333333333333333,0.6875,-0.04525000000000001,-0.1242045454545454,
PRICED,over,PTS,full_game,6.5,True,25.51629066467285,25.495543170545872,11.054433822631836,0.15562935524424365,11.21006317787608,0.5327606694856868,78bf92243997831090f4e81bdc0a5d4d7ba172f90b72e1ee43b198174beb3eea,4000,42,Landry Shamet,1629013,Bovada,2026-02-11,2026-02-10 14:47:44,2026-02-10,Regular Season,0.79025,0.7368421052631579,0.6920583468395461,0.09819165316045386,0.07248214285714294,0.20975,0.32786885245901637,0.3079416531604538,-0.0981916531604538,-0.36026250000000004,
PRICED,over,PTS,full_game,21.5,True,34.161006927490234,34.3190026850701,23.29507827758789,0.2199113257338447,23.514989603321734,0.6420909777808131,78bf92243997831090f4e81bdc0a5d4d7ba172f90b72e1ee43b198174beb3eea,4000,42,Cooper Flagg,1642843,BetRivers,2026-02-11,2026-02-10 14:47:44,2026-02-10,Regular Season,0.59325,0.5535714285714286,0.5138121546961325,0.07943784530386755,0.07167741935483879,0.40674999999999994,0.5238095238095238,0.4861878453038673,-0.07943784530386738,-0.2234772727272728,
PRICED,over,PTS,full_game,13.5,True,30.533061981201172,30.69105773878104,14.098180770874023,0.009718664191524031,14.107899435065548,0.6420909777808131,78bf92243997831090f4e81bdc0a5d4d7ba172f90b72e1ee43b198174beb3eea,4000,42,Max Christie,1631108,Bovada,2026-02-11,2026-02-10 14:47:44,2026-02-10,Regular Season,0.51,0.47619047619047616,0.4458598726114649,0.06414012738853508,0.07100000000000006,0.49,0.5918367346938775,0.554140127388535,-0.06414012738853503,-0.17206896551724138,
PRICED,over,PTS,full_game,4.5,True,23.322145462036133,23.52493130787537,6.6030426025390625,-0.055994843446586784,6.547047759092476,0.4915060991395564,78bf92243997831090f4e81bdc0a5d4d7ba172f90b72e1ee43b198174beb3eea,4000,42,Caleb Martin,1628997,BetRivers,2026-02-11,2026-02-10 14:47:44,2026-02-10,Regular Season,0.66175,0.6183206106870229,0.5729699775075789,0.088780022492421,0.07023765432098761,0.33825000000000005,0.4608294930875576,0.427030022492421,-0.08878002249242095,-0.2659974999999999,
PRICED,over,PTS,full_game,10.5,True,25.646570205688477,25.625822711561497,8.9419584274292,0.24031090638376457,9.182269333812965,0.5327606694856868,78bf92243997831090f4e81bdc0a5d4d7ba172f90b72e1ee43b198174beb3eea,4000,42,Brook Lopez,201572,Bovada,2026-02-11,2026-02-10 14:47:44,2026-02-10,Regular Season,0.389,0.36363636363636365,0.33999999999999997,0.049000000000000044,0.06974999999999998,0.611,0.7058823529411765,0.66,-0.049000000000000044,-0.13441666666666663,
PRICED,over,PTS,full_game,13.5,True,29.479877471923828,29.459129977796845,14.371039390563965,0.1361857447098507,14.507225135273815,0.5327606694856868,78bf92243997831090f4e81bdc0a5d4d7ba172f90b72e1ee43b198174beb3eea,4000,42,John Collins,1628381,BetOnline.ag,2026-02-11,2026-02-10 14:47:44,2026-02-10,Regular Season,0.54275,0.5073891625615764,0.4773429454170958,0.06540705458290413,0.06969174757281549,0.45725000000000005,0.5555555555555556,0.5226570545829042,-0.06540705458290419,-0.17694999999999989,
PRICED,over,PTS,full_game,23.5,True,29.846834182739258,29.826086688612275,24.257722854614258,0.11274141186321193,24.37046426647747,0.5327606694856868,78bf92243997831090f4e81bdc0a5d4d7ba172f90b72e1ee43b198174beb3eea,4000,42,Victor Wembanyama,1641705,BetOnline.ag,2026-02-11,2026-02-10 14:47:44,2026-02-10,Regular Season,0.5425,0.5073891625615764,0.4773429454170958,0.06515705458290416,0.06919902912621356,0.4575,0.5555555555555556,0.5226570545829042,-0.06515705458290422,-0.17649999999999993,
PRICED,over,PTS,full_game,14.5,True,34.660003662109375,34.817999419689244,15.4271240234375,0.01646890033136811,15.443592923768868,0.6420909777808131,78bf92243997831090f4e81bdc0a5d4d7ba172f90b72e1ee43b198174beb3eea,4000,42,Jabari Smith Jr,1631095,Bovada,2026-02-11,2026-02-10 14:47:44,2026-02-10,Regular Season,0.5345,0.5,0.4693877551020409,0.06511224489795908,0.06899999999999995,0.4655,0.5652173913043478,0.5306122448979592,-0.06511224489795919,-0.1764230769230769,
PRICED,over,PTS,full_game,6.5,True,28.278295516967773,28.25754802284079,8.795963287353516,0.12187236190845936,8.917835649261974,0.5327606694856868,78bf92243997831090f4e81bdc0a5d4d7ba172f90b72e1ee43b198174beb3eea,4000,42,Kris Dunn,1627739,Bovada,2026-02-11,2026-02-10 14:47:44,2026-02-10,Regular Season,0.65775,0.6153846153846154,0.5751633986928104,0.08258660130718953,0.06884374999999993,0.34225000000000005,0.45454545454545453,0.4248366013071895,-0.08258660130718942,-0.24704999999999983,
PRICED,over,PTS,full_game,13.5,True,34.660003662109375,34.817999419689244,15.4271240234375,0.01646890033136811,15.443592923768868,0.6420909777808131,78bf92243997831090f4e81bdc0a5d4d7ba172f90b72e1ee43b198174beb3eea,4000,42,Jabari Smith Jr,1631095,DraftKings,2026-02-11,2026-02-10 14:47:44,2026-02-10,Regular Season,0.59575,0.5575221238938053,0.5259594617046021,0.06979053829539794,0.06856746031746025,0.40425,0.5024875621890548,0.47404053829539794,-0.06979053829539794,-0.19550247524752473,
PRICED,over,PTS,full_game,12.5,True,34.660003662109375,34.817999419689244,15.4271240234375,0.01646890033136811,15.443592923768868,0.6420909777808131,78bf92243997831090f4e81bdc0a5d4d7ba172f90b72e1ee43b198174beb3eea,4000,42,Jabari Smith Jr,1631095,BetRivers,2026-02-11,2026-02-10 14:47:44,2026-02-10,Regular Season,0.6495,0.6078431372549019,0.5653656042270325,0.08413439577296744,0.06853225806451602,0.35050000000000003,0.4672897196261682,0.4346343957729675,-0.08413439577296744,-0.24993000000000004,
PRICED,over,PTS,full_game,17.5,True,30.914600372314453,31.072596129894322,16.036575317382812,0.044943961032316654,16.08151927841513,0.6420909777808131,78bf92243997831090f4e81bdc0a5d4d7ba172f90b72e1ee43b198174beb3eea,4000,42,Naji Marshall,1630230,Bovada,2026-02-11,2026-02-10 14:47:44,2026-02-10,Regular Season,0.4095,0.38461538461538464,0.36041189931350115,0.049088100686498826,0.06469999999999998,0.5905,0.6825396825396826,0.6395881006864989,-0.049088100686498826,-0.13484883720930235,
PRICED,over,PTS,full_game,21.5,True,35.22593688964844,35.383932647228306,26.00609588623047,0.18855496918299786,26.194650855413467,0.6420909777808131,78bf92243997831090f4e81bdc0a5d4d7ba172f90b72e1ee43b198174beb3eea,4000,42,Devin Booker,1626164,Bovada,2026-02-11,2026-02-10 14:47:44,2026-02-10,Regular Season,0.72025,0.6774193548387096,0.6333530455351862,0.08689695446481371,0.06322619047619044,0.27975000000000005,0.39215686274509803,0.3666469544648137,-0.08689695446481366,-0.28663749999999993,
PRICED,over,PTS,full_game,23.5,True,33.23477554321289,33.39277130079276,24.253170013427734,0.09476419807287856,24.34793421150061,0.6420909777808131,78bf92243997831090f4e81bdc0a5d4d7ba172f90b72e1ee43b198174beb3eea,4000,42,Pascal Siakam,1627783,BetMGM,2026-02-11,2026-02-10 14:47:44,2026-02-10,Regular Season,0.5445,0.5121951219512195,0.4796954314720812,0.06480456852791877,0.06307142857142856,0.4555,0.5555555555555556,0.5203045685279188,-0.06480456852791883,-0.18009999999999993,
PRICED,over,PTS,full_game,9.5,True,18.252639770507812,18.45542561634705,13.040478706359863,0.09658202921154194,13.137060735571405,0.4915060991395564,78bf92243997831090f4e81bdc0a5d4d7ba172f90b72e1ee43b198174beb3eea,4000,42,Jalen Green,1630224,Bovada,2026-02-11,2026-02-10 14:47:44,2026-02-10,Regular Season,0.73075,0.6875,0.6456256921373201,0.08512430786267988,0.06290909090909097,0.26925,0.37735849056603776,0.35437430786268,-0.08512430786268,-0.28648750000000006,
PRICED,over,PTS,full_game,22.5,True,34.161006927490234,34.3190026850701,23.29507827758789,0.2199113257338447,23.514989603321734,0.6420909777808131,78bf92243997831090f4e81bdc0a5d4d7ba172f90b72e1ee43b198174beb3eea,4000,42,Cooper Flagg,1642843,BetMGM,2026-02-11,2026-02-10 14:47:44,2026-02-10,Regular Season,0.54425,0.5121951219512195,0.4753937007874017,0.06885629921259834,0.06258333333333332,0.45575,0.5652173913043478,0.5246062992125985,-0.0688562992125985,-0.19367307692307695,
PRICED,over,PTS,full_game,19.5,True,29.846834182739258,29.826086688612275,24.257722854614258,0.11274141186321193,24.37046426647747,0.5327606694856868,78bf92243997831090f4e81bdc0a5d4d7ba172f90b72e1ee43b198174beb3eea,4000,42,Victor Wembanyama,1641705,Bovada,2026-02-11,2026-02-10 14:47:44,2026-02-10,Regular Season,0.74975,0.7058823529411765,0.66,0.08975,0.0621458333333334,0.25025,0.36363636363636365,0.33999999999999997,-0.08975,-0.31181250000000005,
PRICED,over,PTS,full_game,14.5,True,34.86334228515625,35.02133804273612,16.03276824951172,0.20245570815579692,16.235223957667515,0.6420909777808131,78bf92243997831090f4e81bdc0a5d4d7ba172f90b72e1ee43b198174beb3eea,4000,42,Mikal Bridges,1628969,Bovada,2026-02-11,2026-02-10 14:47:44,2026-02-10,Regular Season,0.59,0.5555555555555556,0.5203045685279188,0.06969543147208113,0.061999999999999944,0.41000000000000003,0.5121951219512195,0.4796954314720812,-0.06969543147208118,-0.1995238095238095,
PRICED,over,PTS,full_game,12.5,True,27.58598518371582,27.56523768958884,13.79241943359375,0.24128627485474533,14.033705708448496,0.5327606694856868,78bf92243997831090f4e81bdc0a5d4d7ba172f90b72e1ee43b198174beb3eea,4000,42,Mark Williams,1631109,Bovada,2026-02-11,2026-02-10 14:47:44,2026-02-10,Regular Season,0.59,0.5555555555555556,0.5203045685279188,0.06969543147208113,0.061999999999999944,0.41000000000000003,0.5121951219512195,0.4796954314720812,-0.06969543147208118,-0.1995238095238095,
PRICED,over,PTS,full_game,7.5,True,31.463350296020508,31.621346053600377,11.934615135192871,0.11112589001758977,12.04574102521046,0.6420909777808131,78bf92243997831090f4e81bdc0a5d4d7ba172f90b72e1ee43b198174beb3eea,4000,42,Royce O'Neale,1626220,Bovada,2026-02-11,2026-02-10 14:47:44,2026-02-10,Regular Season,0.78225,0.7368421052631579,0.6920583468395461,0.09019165316045386,0.06162500000000004,0.21775,0.32786885245901637,0.3079416531604538,-0.0901916531604538,-0.33586250000000006,
PRICED,over,PTS,full_game,11.5,True,30.533061981201172,30.69105773878104,14.098180770874023,0.009718664191524031,14.107899435065548,0.6420909777808131,78bf92243997831090f4e81bdc0a5d4d7ba172f90b72e1ee43b198174beb3eea,4000,42,Max Christie,1631108,BetRivers,2026-02-11,2026-02-10 14:47:44,2026-02-10,Regular Season,0.64025,0.6031746031746031,0.5611590972415714,0.07909090275842856,0.061467105263157906,0.35975,0.4716981132075472,0.4388409027584286,-0.07909090275842856,-0.23732999999999993,
PRICED,over,PTS,full_game,12.5,True,30.533061981201172,30.69105773878104,14.098180770874023,0.009718664191524031,14.107899435065548,0.6420909777808131,78bf92243997831090f4e81bdc0a5d4d7ba172f90b72e1ee43b198174beb3eea,4000,42,Max Christie,1631108,BetOnline.ag,2026-02-11,2026-02-10 14:47:44,2026-02-10,Regular Season,0.57675,0.54337899543379,0.5102580936358787,0.06649190636412128,0.06141386554621853,0.42325,0.5215311004784688,0.48974190636412124,-0.06649190636412122,-0.18844724770642196,
PRICED,over,PTS,full_game,9.5,True,24.499465942382812,24.478718448255833,10.676130294799805,0.33145779773128003,11.007588092531085,0.5327606694856868,78bf92243997831090f4e81bdc0a5d4d7ba172f90b72e1ee43b198174beb3eea,4000,42,Jay Huff,1630643,Bovada,2026-02-11,2026-02-10 14:47:44,2026-02-10,Regular Season,0.5895,0.5555555555555556,0.5203045685279188,0.06919543147208118,0.06110000000000004,0.4105,0.5121951219512195,0.4796954314720812,-0.06919543147208124,-0.19854761904761914,
PRICED,over,PTS,full_game,9.5,True,24.499465942382812,24.478718448255833,10.676130294799805,0.33145779773128003,11.007588092531085,0.5327606694856868,78bf92243997831090f4e81bdc0a5d4d7ba172f90b72e1ee43b198174beb3eea,4000,42,Jay Huff,1630643,BetMGM,2026-02-11,2026-02-10 14:47:44,2026-02-10,Regular Season,0.5895,0.5555555555555556,0.5203045685279188,0.06919543147208118,0.06110000000000004,0.4105,0.5121951219512195,0.4796954314720812,-0.06919543147208124,-0.19854761904761914,
PRICED,over,PTS,full_game,13.5,True,29.479877471923828,29.459129977796845,14.371039390563965,0.1361857447098507,14.507225135273815,0.5327606694856868,78bf92243997831090f4e81bdc0a5d4d7ba172f90b72e1ee43b198174beb3eea,4000,42,John Collins,1628381,BetMGM,2026-02-11,2026-02-10 14:47:44,2026-02-10,Regular Season,0.54275,0.5121951219512195,0.4796954314720812,0.06305456852791874,0.05965476190476182,0.45725000000000005,0.5555555555555556,0.5203045685279188,-0.0630545685279188,-0.17694999999999989,
PRICED,over,PTS,full_game,23.5,True,29.846834182739258,29.826086688612275,24.257722854614258,0.11274141186321193,24.37046426647747,0.5327606694856868,78bf92243997831090f4e81bdc0a5d4d7ba172f90b72e1ee43b198174beb3eea,4000,42,Victor Wembanyama,1641705,DraftKings,2026-02-11,2026-02-10 14:47:44,2026-02-10,Regular Season,0.5425,0.5121951219512195,0.4833368048323266,0.05916319516767338,0.05916666666666659,0.4575,0.5475113122171946,0.5166631951676735,-0.05916319516767343,-0.164400826446281,
PRICED,over,PTS,full_game,8.5,True,22.30351448059082,22.506300326430058,8.774758338928223,0.2991811178800662,9.073939456808288,0.4915060991395564,78bf92243997831090f4e81bdc0a5d4d7ba172f90b72e1ee43b198174beb3eea,4000,42,Ben Sheppard,1641767,BetMGM,2026-02-11,2026-02-10 14:47:44,2026-02-10,Regular Season,0.5165,0.4878048780487805,0.4554079696394686,0.061092030360531346,0.058824999999999794,0.48350000000000004,0.5833333333333334,0.5445920303605313,-0.061092030360531235,-0.17114285714285699,
PRICED,over,PTS,full_game,13.5,True,30.914600372314453,31.072596129894322,16.036575317382812,0.044943961032316654,16.08151927841513,0.6420909777808131,78bf92243997831090f4e81bdc0a5d4d7ba172f90b72e1ee43b198174beb3eea,4000,42,Naji Marshall,1630230,BetRivers,2026-02-11,2026-02-10 14:47:44,2026-02-10,Regular Season,0.64325,0.6078431372549019,0.5653656042270325,0.07788439577296746,0.05824999999999991,0.35675,0.4672897196261682,0.4346343957729675,-0.07788439577296746,-0.23655500000000007,
PRICED,over,PTS,full_game,14.5,True,30.004634857177734,30.162630614757603,19.049888610839844,0.013775649729551014,19.063664260569396,0.6420909777808131,78bf92243997831090f4e81bdc0a5d4d7ba172f90b72e1ee43b198174beb3eea,4000,42,Stephon Castle,1642264,Bovada,2026-02-11,2026-02-10 14:47:44,2026-02-10,Regular Season,0.737,0.696969696969697,0.6529968454258674,0.08400315457413254,0.05743478260869561,0.263,0.37037037037037035,0.34700315457413244,-0.08400315457413243,-0.28989999999999994,
PRICED,over,PTS,full_game,12.5,True,30.533061981201172,30.69105773878104,14.098180770874023,0.009718664191524031,14.107899435065548,0.6420909777808131,78bf92243997831090f4e81bdc0a5d4d7ba172f90b72e1ee43b198174beb3eea,4000,42,Max Christie,1631108,BetMGM,2026-02-11,2026-02-10 14:47:44,2026-02-10,Regular Season,0.57675,0.5454545454545454,0.5101214574898786,0.0666285425101214,0.057375000000000065,0.42325,0.5238095238095238,0.48987854251012153,-0.06662854251012151,-0.19197727272727266,
PRICED,over,PTS,full_game,9.5,True,24.499465942382812,24.478718448255833,10.676130294799805,0.33145779773128003,11.007588092531085,0.5327606694856868,78bf92243997831090f4e81bdc0a5d4d7ba172f90b72e1ee43b198174beb3eea,4000,42,Jay Huff,1630643,DraftKings,2026-02-11,2026-02-10 14:47:44,2026-02-10,Regular Season,0.5895,0.5575221238938053,0.5259594617046021,0.06354053829539796,0.05735714285714283,0.4105,0.5024875621890548,0.47404053829539794,-0.06354053829539796,-0.18306435643564362,
PRICED,over,PTS,full_game,10.5,True,24.499465942382812,24.478718448255833,10.676130294799805,0.33145779773128003,11.007588092531085,0.5327606694856868,78bf92243997831090f4e81bdc0a5d4d7ba172f90b72e1ee43b198174beb3eea,4000,42,Jay Huff,1630643,FanDuel,2026-02-11,2026-02-10 14:47:44,2026-02-10,Regular Season,0.51825,0.49019607843137253,0.46281519310564956,0.05543480689435043,0.05723,0.48175,0.5689655172413793,0.5371848068943506,-0.05543480689435054,-0.15328787878787875,
PRICED,over,PTS,full_game,8.5,True,17.3870849609375,17.457954983520846,9.385170936584473,0.08217423611316227,9.467345172697636,0.44940254752247744,78bf92243997831090f4e81bdc0a5d4d7ba172f90b72e1ee43b198174beb3eea,4000,42,T.J. McConnell,204456,BetMGM,2026-02-11,2026-02-10 14:47:44,2026-02-10,Regular Season,0.541,0.5121951219512195,0.4753937007874017,0.06560629921259836,0.05623809523809531,0.45899999999999996,0.5652173913043478,0.5246062992125985,-0.06560629921259853,-0.18792307692307703,
PRICED,over,PTS,full_game,20.5,True,34.161006927490234,34.3190026850701,23.29507827758789,0.2199113257338447,23.514989603321734,0.6420909777808131,78bf92243997831090f4e81bdc0a5d4d7ba172f90b72e1ee43b198174beb3eea,4000,42,Cooper Flagg,1642843,BetRivers,2026-02-11,2026-02-10 14:47:44,2026-02-10,Regular Season,0.644,0.6108949416342413,0.567740307795812,0.07625969220418805,0.054191082802547696,0.356,0.46511627906976744,0.43225969220418803,-0.07625969220418805,-0.2346000000000001,
PRICED,over,PTS,full_game,13.5,True,34.660003662109375,34.817999419689244,15.4271240234375,0.01646890033136811,15.443592923768868,0.6420909777808131,78bf92243997831090f4e81bdc0a5d4d7ba172f90b72e1ee43b198174beb3eea,4000,42,Jabari Smith Jr,1631095,Bovada,2026-02-11,2026-02-10 14:47:44,2026-02-10,Regular Season,0.59575,0.5652173913043478,0.5306122448979592,0.06513775510204078,0.05401923076923071,0.40425,0.5,0.4693877551020409,-0.0651377551020409,-0.1915,
PRICED,over,PTS,full_game,9.5,True,24.499465942382812,24.478718448255833,10.676130294799805,0.33145779773128003,11.007588092531085,0.5327606694856868,78bf92243997831090f4e81bdc0a5d4d7ba172f90b72e1ee43b198174beb3eea,4000,42,Jay Huff,1630643,BetOnline.ag,2026-02-11,2026-02-10 14:47:44,2026-02-10,Regular Season,0.5895,0.5594713656387665,0.5256105556466153,0.06388944435338473,0.053673228346456714,0.4105,0.504950495049505,0.47438944435338465,-0.06388944435338467,-0.18704901960784315,
PRICED,over,PTS,full_game,8.5,True,22.30351448059082,22.506300326430058,8.774758338928223,0.2991811178800662,9.073939456808288,0.4915060991395564,78bf92243997831090f4e81bdc0a5d4d7ba172f90b72e1ee43b198174beb3eea,4000,42,Ben Sheppard,1641767,FanDuel,2026-02-11,2026-02-10 14:47:44,2026-02-10,Regular Season,0.5165,0.49019607843137253,0.46281519310564956,0.0536848068943504,0.05365999999999993,0.48350000000000004,0.5689655172413793,0.5371848068943506,-0.05368480689435051,-0.15021212121212113,
PRICED,over,PTS,full_game,15.5,True,30.914600372314453,31.072596129894322,16.036575317382812,0.044943961032316654,16.08151927841513,0.6420909777808131,78bf92243997831090f4e81bdc0a5d4d7ba172f90b72e1ee43b198174beb3eea,4000,42,Naji Marshall,1630230,Bovada,2026-02-11,2026-02-10 14:47:44,2026-02-10,Regular Season,0.52675,0.5,0.4693877551020409,0.05736224489795916,0.0535000000000001,0.47324999999999995,0.5652173913043478,0.5306122448979592,-0.05736224489795927,-0.16271153846153857,
PRICED,over,PTS,full_game,7.5,True,28.278295516967773,28.25754802284079,8.795963287353516,0.12187236190845936,8.917835649261974,0.5327606694856868,78bf92243997831090f4e81bdc0a5d4d7ba172f90b72e1ee43b198174beb3eea,4000,42,Kris Dunn,1627739,BetMGM,2026-02-11,2026-02-10 14:47:44,2026-02-10,Regular Season,0.58525,0.5555555555555556,0.5203045685279188,0.0649454314720812,0.05345000000000011,0.41474999999999995,0.5121951219512195,0.4796954314720812,-0.06494543147208126,-0.19025000000000014,
PRICED,over,PTS,full_game,7.5,True,22.421634674072266,22.624420519911503,11.707038879394531,0.06799061301403314,11.775029492408564,0.4915060991395564,78bf92243997831090f4e81bdc0a5d4d7ba172f90b72e1ee43b198174beb3eea,4000,42,Dylan Harper,1642844,Bovada,2026-02-11,2026-02-10 14:47:44,2026-02-10,Regular Season,0.76025,0.7222222222222222,0.6768402154398564,0.08340978456014358,0.05265384615384611,0.23975000000000002,0.3448275862068966,0.32315978456014366,-0.08340978456014364,-0.30472499999999997,
PRICED,over,PTS,full_game,20.5,True,35.22593688964844,35.383932647228306,26.00609588623047,0.18855496918299786,26.194650855413467,0.6420909777808131,78bf92243997831090f4e81bdc0a5d4d7ba172f90b72e1ee43b198174beb3eea,4000,42,Devin Booker,1626164,Bovada,2026-02-11,2026-02-10 14:47:44,2026-02-10,Regular Season,0.75975,0.7222222222222222,0.6768402154398564,0.08290978456014364,0.0519615384615385,0.24024999999999996,0.3448275862068966,0.32315978456014366,-0.0829097845601437,-0.30327500000000013,
PRICED,over,PTS,full_game,19.5,True,33.44410705566406,33.60210281324393,20.194984436035156,0.07294718473312968,20.267931620768287,0.6420909777808131,78bf92243997831090f4e81bdc0a5d4d7ba172f90b72e1ee43b198174beb3eea,4000,42,Alperen Sengun,1630578,FanDuel,2026-02-11,2026-02-10 14:47:44,2026-02-10,Regular Season,0.52075,0.49504950495049505,0.4669102720259846,0.05383972797401543,0.051915000000000155,0.47924999999999995,0.5652173913043478,0.5330897279740154,-0.05383972797401548,-0.15209615384615394,
PRICED,over,PTS,full_game,19.5,True,33.44410705566406,33.60210281324393,20.194984436035156,0.07294718473312968,20.267931620768287,0.6420909777808131,78bf92243997831090f4e81bdc0a5d4d7ba172f90b72e1ee43b198174beb3eea,4000,42,Alperen Sengun,1630578,BetRivers,2026-02-11,2026-02-10 14:47:44,2026-02-10,Regular Season,0.52075,0.49504950495049505,0.45980991958136136,0.06094008041863869,0.051915000000000155,0.47924999999999995,0.5815899581589958,0.5401900804186387,-0.06094008041863874,-0.1759658273381296,
PRICED,over,PTS,full_game,16.5,True,30.914600372314453,31.072596129894322,16.036575317382812,0.044943961032316654,16.08151927841513,0.6420909777808131,78bf92243997831090f4e81bdc0a5d4d7ba172f90b72e1ee43b198174beb3eea,4000,42,Naji Marshall,1630230,Bovada,2026-02-11,2026-02-10 14:47:44,2026-02-10,Regular Season,0.4675,0.4444444444444444,0.4165029469548134,0.05099705304518665,0.051875000000000115,0.5325,0.6226415094339622,0.5834970530451867,-0.05099705304518676,-0.1447727272727274,
PRICED,over,PTS,full_game,10.5,True,30.89021873474121,31.04821449232108,10.945649147033691,0.0108993185179003,10.956548465551592,0.6420909777808131,78bf92243997831090f4e81bdc0a5d4d7ba172f90b72e1ee43b198174beb3eea,4000,42,A.J. Green,1631260,FanDuel,2026-02-12,2026-02-10 14:47:44,2026-02-10,Regular Season,0.51525,0.49019607843137253,0.4581151832460733,0.057134816753926676,0.05110999999999999,0.48475,0.5798319327731093,0.5418848167539267,-0.05713481675392673,-0.16398188405797093,
PRICED,over,PTS,full_game,24.5,True,35.22593688964844,35.383932647228306,26.00609588623047,0.18855496918299786,26.194650855413467,0.6420909777808131,78bf92243997831090f4e81bdc0a5d4d7ba172f90b72e1ee43b198174beb3eea,4000,42,Devin Booker,1626164,DraftKings,2026-02-11,2026-02-10 14:47:44,2026-02-10,Regular Season,0.57525,0.5475113122171946,0.5166631951676735,0.05858680483232659,0.05066322314049587,0.42474999999999996,0.5121951219512195,0.4833368048323266,-0.058586804832326644,-0.1707261904761906,
PRICED,over,PTS,full_game,16.5,True,31.398555755615234,31.556551513195103,17.533660888671875,-0.02355531864543738,17.510105570026436,0.6420909777808131,78bf92243997831090f4e81bdc0a5d4d7ba172f90b72e1ee43b198174beb3eea,4000,42,Andrew Nembhard,1629614,DraftKings,2026-02-11,2026-02-10 14:47:44,2026-02-10,Regular Season,0.564,0.5370370370370371,0.5062344139650873,0.057765586034912664,0.050206896551724,0.43600000000000005,0.5238095238095238,0.4937655860349127,-0.057765586034912664,-0.16763636363636347,
PRICED,over,PTS,full_game,15.5,True,30.914600372314453,31.072596129894322,16.036575317382812,0.044943961032316654,16.08151927841513,0.6420909777808131,78bf92243997831090f4e81bdc0a5d4d7ba172f90b72e1ee43b198174beb3eea,4000,42,Naji Marshall,1630230,BetOnline.ag,2026-02-11,2026-02-10 14:47:44,2026-02-10,Regular Season,0.52675,0.5024875621890548,0.4723111001722865,0.05443889982771355,0.048284653465346605,0.47324999999999995,0.5614035087719298,0.5276888998277135,-0.05443889982771355,-0.15702343750000008,
PRICED,over,PTS,full_game,9.5,True,25.646570205688477,25.625822711561497,8.9419584274292,0.24031090638376457,9.182269333812965,0.5327606694856868,78bf92243997831090f4e81bdc0a5d4d7ba172f90b72e1ee43b198174beb3eea,4000,42,Brook Lopez,201572,Bovada,2026-02-11,2026-02-10 14:47:44,2026-02-10,Regular Season,0.4555,0.43478260869565216,0.40847201210287437,0.047027987897125645,0.04764999999999997,0.5445,0.6296296296296297,0.5915279878971256,-0.04702798789712559,-0.13520588235294112,
PRICED,over,PTS,full_game,11.5,True,27.214576721191406,27.193829227064427,13.565333366394043,0.053224854183223494,13.618558220577267,0.5327606694856868,78bf92243997831090f4e81bdc0a5d4d7ba172f90b72e1ee43b198174beb3eea,4000,42,Jarace Walker,1641716,Bovada,2026-02-11,2026-02-10 14:47:44,2026-02-10,Regular Season,0.652,0.6226415094339622,0.5834970530451867,0.06850294695481329,0.04715151515151511,0.348,0.4444444444444444,0.4165029469548134,-0.0685029469548134,-0.21700000000000008,
PRICED,over,PTS,full_game,7.5,True,28.278295516967773,28.25754802284079,8.795963287353516,0.12187236190845936,8.917835649261974,0.5327606694856868,78bf92243997831090f4e81bdc0a5d4d7ba172f90b72e1ee43b198174beb3eea,4000,42,Kris Dunn,1627739,BetRivers,2026-02-11,2026-02-10 14:47:44,2026-02-10,Regular Season,0.58525,0.5594713656387665,0.519771442128989,0.06547855787101109,0.04607677165354335,0.41474999999999995,0.5169082125603864,0.4802285578710111,-0.06547855787101114,-0.19763317757009352,
PRICED,over,PTS,full_game,13.5,True,29.479877471923828,29.459129977796845,14.371039390563965,0.1361857447098507,14.507225135273815,0.5327606694856868,78bf92243997831090f4e81bdc0a5d4d7ba172f90b72e1ee43b198174beb3eea,4000,42,John Collins,1628381,FanDuel,2026-02-11,2026-02-10 14:47:44,2026-02-10,Regular Season,0.54275,0.5192307692307693,0.4876847290640395,0.055065270935960475,0.04529629629629628,0.45725000000000005,0.5454545454545454,0.5123152709359606,-0.055065270935960586,-0.16170833333333318,
PRICED,over,PTS,full_game,12.5,True,27.214576721191406,27.193829227064427,13.565333366394043,0.053224854183223494,13.618558220577267,0.5327606694856868,78bf92243997831090f4e81bdc0a5d4d7ba172f90b72e1ee43b198174beb3eea,4000,42,Jarace Walker,1641716,Bovada,2026-02-11,2026-02-10 14:47:44,2026-02-10,Regular Season,0.5805,0.5555555555555556,0.5203045685279188,0.06019543147208117,0.04490000000000005,0.4195,0.5121951219512195,0.4796954314720812,-0.06019543147208123,-0.1809761904761905,
PRICED,over,PTS,full_game,8.5,True,24.499465942382812,24.478718448255833,10.676130294799805,0.33145779773128003,11.007588092531085,0.5327606694856868,78bf92243997831090f4e81bdc0a5d4d7ba172f90b72e1ee43b198174beb3eea,4000,42,Jay Huff,1630643,Bovada,2026-02-11,2026-02-10 14:47:44,2026-02-10,Regular Season,0.65725,0.6296296296296297,0.5915279878971256,0.06572201210287443,0.04386764705882362,0.34275,0.43478260869565216,0.40847201210287437,-0.06572201210287437,-0.21167500000000006,
PRICED,over,PTS,full_game,12.5,True,30.533061981201172,30.69105773878104,14.098180770874023,0.009718664191524031,14.107899435065548,0.6420909777808131,78bf92243997831090f4e81bdc0a5d4d7ba172f90b72e1ee43b198174beb3eea,4000,42,Max Christie,1631108,DraftKings,2026-02-11,2026-02-10 14:47:44,2026-02-10,Regular Season,0.57675,0.5535714285714286,0.5229664272590613,0.0537835727409387,0.04187096774193544,0.42325,0.504950495049505,0.4770335727409387,-0.0537835727409387,-0.1617990196078431,
PRICED,over,PTS,full_game,18.5,True,31.398555755615234,31.556551513195103,17.533660888671875,-0.02355531864543738,17.510105570026436,0.6420909777808131,78bf92243997831090f4e81bdc0a5d4d7ba172f90b72e1ee43b198174beb3eea,4000,42,Andrew Nembhard,1629614,Bovada,2026-02-11,2026-02-10 14:47:44,2026-02-10,Regular Season,0.45275,0.43478260869565216,0.40847201210287437,0.044277987897125615,0.041324999999999834,0.54725,0.6296296296296297,0.5915279878971256,-0.04427798789712556,-0.13083823529411753,
PRICED,over,PTS,full_game,11.5,True,30.533061981201172,30.69105773878104,14.098180770874023,0.009718664191524031,14.107899435065548,0.6420909777808131,78bf92243997831090f4e81bdc0a5d4d7ba172f90b72e1ee43b198174beb3eea,4000,42,Max Christie,1631108,Bovada,2026-02-11,2026-02-10 14:47:44,2026-02-10,Regular Season,0.64025,0.6153846153846154,0.5751633986928104,0.06508660130718957,0.04040624999999998,0.35975,0.45454545454545453,0.4248366013071895,-0.06508660130718946,-0.2085499999999999,
PRICED,over,PTS,full_game,13.5,True,34.86334228515625,35.02133804273612,16.03276824951172,0.20245570815579692,16.235223957667515,0.6420909777808131,78bf92243997831090f4e81bdc0a5d4d7ba172f90b72e1ee43b198174beb3eea,4000,42,Mikal Bridges,1628969,Bovada,2026-02-11,2026-02-10 14:47:44,2026-02-10,Regular Season,0.64775,0.6226415094339622,0.5834970530451867,0.06425294695481332,0.04032575757575757,0.35224999999999995,0.4444444444444444,0.4165029469548134,-0.06425294695481343,-0.2074375000000001,
PRICED,over,PTS,full_game,22.5,True,34.161006927490234,34.3190026850701,23.29507827758789,0.2199113257338447,23.514989603321734,0.6420909777808131,78bf92243997831090f4e81bdc0a5d4d7ba172f90b72e1ee43b198174beb3eea,4000,42,Cooper Flagg,1642843,BetOnline.ag,2026-02-11,2026-02-10 14:47:44,2026-02-10,Regular Season,0.54425,0.5238095238095238,0.49179655455291227,0.05245344544708774,0.03902272727272732,0.45575,0.5412844036697247,0.5082034454470877,-0.05245344544708774,-0.15802118644067803,
PRICED,over,PTS,full_game,22.5,True,34.161006927490234,34.3190026850701,23.29507827758789,0.2199113257338447,23.514989603321734,0.6420909777808131,78bf92243997831090f4e81bdc0a5d4d7ba172f90b72e1ee43b198174beb3eea,4000,42,Cooper Flagg,1642843,Bovada,2026-02-11,2026-02-10 14:47:44,2026-02-10,Regular Season,0.54425,0.5238095238095238,0.48987854251012153,0.05437145748987848,0.03902272727272732,0.45575,0.5454545454545454,0.5101214574898786,-0.054371457489878594,-0.16445833333333326,
PRICED,over,PTS,full_game,13.5,True,27.214576721191406,27.193829227064427,13.565333366394043,0.053224854183223494,13.618558220577267,0.5327606694856868,78bf92243997831090f4e81bdc0a5d4d7ba172f90b72e1ee43b198174beb3eea,4000,42,Jarace Walker,1641716,Bovada,2026-02-11,2026-02-10 14:47:44,2026-02-10,Regular Season,0.50675,0.4878048780487805,0.4592085979482169,0.047541402051783144,0.03883749999999997,0.49324999999999997,0.574468085106383,0.5407914020517831,-0.047541402051783144,-0.1413796296296297,
PRICED,over,PTS,full_game,11.5,True,27.58598518371582,27.56523768958884,13.79241943359375,0.24128627485474533,14.033705708448496,0.5327606694856868,78bf92243997831090f4e81bdc0a5d4d7ba172f90b72e1ee43b198174beb3eea,4000,42,Mark Williams,1631109,Bovada,2026-02-11,2026-02-10 14:47:44,2026-02-10,Regular Season,0.64625,0.6226415094339622,0.5834970530451867,0.06275294695481326,0.0379166666666666,0.35375,0.4444444444444444,0.4165029469548134,-0.06275294695481337,-0.20406249999999998,
PRICED,over,PTS,full_game,14.5,True,29.479877471923828,29.459129977796845,14.371039390563965,0.1361857447098507,14.507225135273815,0.5327606694856868,78bf92243997831090f4e81bdc0a5d4d7ba172f90b72e1ee43b198174beb3eea,4000,42,John Collins,1628381,BetRivers,2026-02-11,2026-02-10 14:47:44,2026-02-10,Regular Season,0.48475,0.4672897196261682,0.43340416202907345,0.05134583797092657,0.03736499999999987,0.51525,0.6108949416342413,0.5665958379709265,-0.05134583797092651,-0.15656528662420394,
PRICED,over,PTS,full_game,16.5,True,34.86334228515625,35.02133804273612,16.03276824951172,0.20245570815579692,16.235223957667515,0.6420909777808131,78bf92243997831090f4e81bdc0a5d4d7ba172f90b72e1ee43b198174beb3eea,4000,42,Mikal Bridges,1628969,BetRivers,2026-02-11,2026-02-10 14:47:44,2026-02-10,Regular Season,0.4715,0.45454545454545453,0.4208701134930643,0.05062988650693567,0.03730000000000011,0.5285,0.6254681647940075,0.5791298865069356,-0.05062988650693567,-0.15503293413173663,
PRICED,over,PTS,full_game,20.5,True,33.44410705566406,33.60210281324393,20.194984436035156,0.07294718473312968,20.267931620768287,0.6420909777808131,78bf92243997831090f4e81bdc0a5d4d7ba172f90b72e1ee43b198174beb3eea,4000,42,Alperen Sengun,1630578,Bovada,2026-02-11,2026-02-10 14:47:44,2026-02-10,Regular Season,0.47025,0.45454545454545453,0.4248366013071895,0.045413398692810525,0.03455000000000019,0.5297499999999999,0.6153846153846154,0.5751633986928104,-0.04541339869281047,-0.13915625000000004,
PRICED,over,PTS,full_game,18.5,True,33.44410705566406,33.60210281324393,20.194984436035156,0.07294718473312968,20.267931620768287,0.6420909777808131,78bf92243997831090f4e81bdc0a5d4d7ba172f90b72e1ee43b198174beb3eea,4000,42,Alperen Sengun,1630578,BetRivers,2026-02-11,2026-02-10 14:47:44,2026-02-10,Regular Season,0.57475,0.5555555555555556,0.5157946692991116,0.05895533070088843,0.03454999999999997,0.42525,0.5215311004784688,0.4842053307008884,-0.058955330700888375,-0.18461238532110086,
PRICED,over,PTS,full_game,10.5,True,28.56736946105957,28.546621966932587,14.167806625366211,0.007943410747915124,14.175750036114126,0.5327606694856868,78bf92243997831090f4e81bdc0a5d4d7ba172f90b72e1ee43b198174beb3eea,4000,42,Devin Vassell,1630170,Bovada,2026-02-11,2026-02-10 14:47:44,2026-02-10,Regular Season,0.70075,0.6774193548387096,0.6333530455351862,0.06739695446481375,0.034440476190476244,0.29925,0.39215686274509803,0.3666469544648137,-0.0673969544648137,-0.23691250000000003,
PRICED,over,PTS,full_game,16.5,True,31.398555755615234,31.556551513195103,17.533660888671875,-0.02355531864543738,17.510105570026436,0.6420909777808131,78bf92243997831090f4e81bdc0a5d4d7ba172f90b72e1ee43b198174beb3eea,4000,42,Andrew Nembhard,1629614,BetOnline.ag,2026-02-11,2026-02-10 14:47:44,2026-02-10,Regular Season,0.564,0.5454545454545454,0.5123152709359606,0.051684729064039314,0.033999999999999975,0.43600000000000005,0.5192307692307693,0.4876847290640395,-0.051684729064039425,-0.16029629629629616,
PRICED,over,PTS,full_game,25.5,True,35.22593688964844,35.383932647228306,26.00609588623047,0.18855496918299786,26.194650855413467,0.6420909777808131,78bf92243997831090f4e81bdc0a5d4d7ba172f90b72e1ee43b198174beb3eea,4000,42,Devin Booker,1626164,BetOnline.ag,2026-02-11,2026-02-10 14:47:44,2026-02-10,Regular Season,0.5295,0.5121951219512195,0.48149290561381863,0.04800709438618134,0.0337857142857142,0.47050000000000003,0.5515695067264574,0.5185070943861814,-0.04800709438618134,-0.14697967479674795,
PRICED,over,PTS,full_game,15.5,True,30.914600372314453,31.072596129894322,16.036575317382812,0.044943961032316654,16.08151927841513,0.6420909777808131,78bf92243997831090f4e81bdc0a5d4d7ba172f90b72e1ee43b198174beb3eea,4000,42,Naji Marshall,1630230,DraftKings,2026-02-11,2026-02-10 14:47:44,2026-02-10,Regular Season,0.52675,0.5098039215686274,0.480324745257228,0.04642525474277204,0.03324038461538481,0.47324999999999995,0.5515695067264574,0.519675254742772,-0.04642525474277204,-0.1419939024390245,
PRICED,over,PTS,full_game,21.5,True,34.161006927490234,34.3190026850701,23.29507827758789,0.2199113257338447,23.514989603321734,0.6420909777808131,78bf92243997831090f4e81bdc0a5d4d7ba172f90b72e1ee43b198174beb3eea,4000,42,Cooper Flagg,1642843,Bovada,2026-02-11,2026-02-10 14:47:44,2026-02-10,Regular Season,0.59325,0.574468085106383,0.5407914020517831,0.052458597948216945,0.032694444444444526,0.40674999999999994,0.4878048780487805,0.4592085979482169,-0.052458597948216945,-0.1661625000000002,
PRICED,over,PTS,full_game,22.5,True,33.44410705566406,33.60210281324393,20.194984436035156,0.07294718473312968,20.267931620768287,0.6420909777808131,78bf92243997831090f4e81bdc0a5d4d7ba172f90b72e1ee43b198174beb3eea,4000,42,Alperen Sengun,1630578,Bovada,2026-02-11,2026-02-10 14:47:44,2026-02-10,Regular Season,0.3685,0.35714285714285715,0.3346265761396702,0.03387342386032982,0.03179999999999994,0.6315,0.7101449275362319,0.6653734238603297,-0.033873423860329765,-0.11074489795918369,
PRICED,over,PTS,full_game,12.5,True,34.660003662109375,34.817999419689244,15.4271240234375,0.01646890033136811,15.443592923768868,0.6420909777808131,78bf92243997831090f4e81bdc0a5d4d7ba172f90b72e1ee43b198174beb3eea,4000,42,Jabari Smith Jr,1631095,Bovada,2026-02-11,2026-02-10 14:47:44,2026-02-10,Regular Season,0.6495,0.6296296296296297,0.5915279878971256,0.05797201210287439,0.031558823529411806,0.35050000000000003,0.43478260869565216,0.40847201210287437,-0.05797201210287434,-0.19384999999999997,
PRICED,over,PTS,full_game,8.5,True,28.780670166015625,28.759922671888642,9.875088691711426,-0.10669106931630526,9.76839762239512,0.5327606694856868,78bf92243997831090f4e81bdc0a5d4d7ba172f90b72e1ee43b198174beb3eea,4000,42,Luguentz Dort,1629652,FanDuel,2026-02-12,2026-02-10 14:47:44,2026-02-10,Regular Season,0.583,0.5652173913043478,0.5281576830249397,0.05484231697506026,0.031461538461538374,0.41700000000000004,0.504950495049505,0.4718423169750604,-0.05484231697506037,-0.1741764705882352,
PRICED,over,PTS,full_game,27.5,True,33.281917572021484,33.43991332960135,28.040685653686523,0.3074291481507988,28.348114801837323,0.6420909777808131,78bf92243997831090f4e81bdc0a5d4d7ba172f90b72e1ee43b198174beb3eea,4000,42,Kawhi Leonard,202695,DraftKings,2026-02-11,2026-02-10 14:47:44,2026-02-10,Regular Season,0.55025,0.5348837209302325,0.5041554124246831,0.046094587575316925,0.028728260869565148,0.44975,0.5260663507109005,0.4958445875753168,-0.046094587575316814,-0.1450698198198198,
PRICED,over,PTS,full_game,5.5,True,26.228897094726562,26.208149600599583,9.920047760009766,0.1736983175517913,10.093746077561557,0.5327606694856868,78bf92243997831090f4e81bdc0a5d4d7ba172f90b72e1ee43b198174beb3eea,4000,42,Derrick Jones,1627884,Bovada,2026-02-11,2026-02-10 14:47:44,2026-02-10,Regular Season,0.7715,0.75,0.7026022304832714,0.06889776951672855,0.028666666666666563,0.22850000000000004,0.31746031746031744,0.29739776951672864,-0.0688977695167286,-0.2802249999999999,
PRICED,over,PTS,full_game,23.5,True,34.161006927490234,34.3190026850701,23.29507827758789,0.2199113257338447,23.514989603321734,0.6420909777808131,78bf92243997831090f4e81bdc0a5d4d7ba172f90b72e1ee43b198174beb3eea,4000,42,Cooper Flagg,1642843,Bovada,2026-02-11,2026-02-10 14:47:44,2026-02-10,Regular Season,0.48975,0.47619047619047616,0.4458598726114649,0.043890127388535094,0.028475000000000028,0.51025,0.5918367346938775,0.554140127388535,-0.04389012738853504,-0.1378534482758621,
PRICED,over,PTS,full_game,19.5,True,31.398555755615234,31.556551513195103,17.533660888671875,-0.02355531864543738,17.510105570026436,0.6420909777808131,78bf92243997831090f4e81bdc0a5d4d7ba172f90b72e1ee43b198174beb3eea,4000,42,Andrew Nembhard,1629614,Bovada,2026-02-11,2026-02-10 14:47:44,2026-02-10,Regular Season,0.3955,0.38461538461538464,0.36041189931350115,0.03508810068649887,0.028299999999999992,0.6045,0.6825396825396826,0.6395881006864989,-0.03508810068649881,-0.1143372093023256,
PRICED,over,PTS,full_game,11.5,True,29.479877471923828,29.459129977796845,14.371039390563965,0.1361857447098507,14.507225135273815,0.5327606694856868,78bf92243997831090f4e81bdc0a5d4d7ba172f90b72e1ee43b198174beb3eea,4000,42,John Collins,1628381,Bovada,2026-02-11,2026-02-10 14:47:44,2026-02-10,Regular Season,0.6605,0.6428571428571429,0.6017069701280228,0.05879302987197721,0.027444444444444438,0.3395,0.425531914893617,0.3982930298719772,-0.058793029871977154,-0.20217499999999994,
PRICED,over,PTS,full_game,16.5,True,31.398555755615234,31.556551513195103,17.533660888671875,-0.02355531864543738,17.510105570026436,0.6420909777808131,78bf92243997831090f4e81bdc0a5d4d7ba172f90b72e1ee43b198174beb3eea,4000,42,Andrew Nembhard,1629614,FanDuel,2026-02-11,2026-02-10 14:47:44,2026-02-10,Regular Season,0.564,0.5495495495495496,0.5187593796898449,0.04524062031015508,0.02629508196721303,0.43600000000000005,0.5098039215686274,0.48124062031015497,-0.04524062031015491,-0.1447692307692306,
PRICED,over,PTS,full_game,21.5,True,33.44410705566406,33.60210281324393,20.194984436035156,0.07294718473312968,20.267931620768287,0.6420909777808131,78bf92243997831090f4e81bdc0a5d4d7ba172f90b72e1ee43b198174beb3eea,4000,42,Alperen Sengun,1630578,Bovada,2026-02-11,2026-02-10 14:47:44,2026-02-10,Regular Season,0.41875,0.40816326530612246,0.3838517538054269,0.0348982461945731,0.025937500000000058,0.58125,0.6551724137931034,0.6161482461945731,-0.034898246194573046,-0.11282894736842114,
PRICED,over,PTS,full_game,12.5,True,30.76344871520996,30.92144447278983,12.838892936706543,0.12794439092640422,12.966837327632946,0.6420909777808131,78bf92243997831090f4e81bdc0a5d4d7ba172f90b72e1ee43b198174beb3eea,4000,42,Josh Hart,1628404,FanDuel,2026-02-11,2026-02-10 14:47:44,2026-02-10,Regular Season,0.52275,0.5098039215686274,0.48124062031015497,0.04150937968984508,0.025394230769230974,0.47724999999999995,0.5495495495495496,0.5187593796898449,-0.041509379689844916,-0.13156147540983615,
PRICED,over,PTS,full_game,12.5,True,34.86334228515625,35.02133804273612,16.03276824951172,0.20245570815579692,16.235223957667515,0.6420909777808131,78bf92243997831090f4e81bdc0a5d4d7ba172f90b72e1ee43b198174beb3eea,4000,42,Mikal Bridges,1628969,Bovada,2026-02-11,2026-02-10 14:47:44,2026-02-10,Regular Season,0.70475,0.6875,0.6456256921373201,0.05912430786267986,0.025090909090909108,0.29525,0.37735849056603776,0.35437430786268,-0.05912430786267997,-0.2175875,
PRICED,over,PTS,full_game,8.5,True,25.646570205688477,25.625822711561497,8.9419584274292,0.24031090638376457,9.182269333812965,0.5327606694856868,78bf92243997831090f4e81bdc0a5d4d7ba172f90b72e1ee43b198174beb3eea,4000,42,Brook Lopez,201572,Bovada,2026-02-11,2026-02-10 14:47:44,2026-02-10,Regular Season,0.525,0.5121951219512195,0.4796954314720812,0.04530456852791881,0.025000000000000022,0.475,0.5555555555555556,0.5203045685279188,-0.045304568527918865,-0.14500000000000002,
PRICED,over,PTS,full_game,20.5,True,34.161006927490234,34.3190026850701,23.29507827758789,0.2199113257338447,23.514989603321734,0.6420909777808131,78bf92243997831090f4e81bdc0a5d4d7ba172f90b72e1ee43b198174beb3eea,4000,42,Cooper Flagg,1642843,Bovada,2026-02-11,2026-02-10 14:47:44,2026-02-10,Regular Season,0.644,0.6296296296296297,0.5915279878971256,0.052472012102874444,0.022823529411764798,0.356,0.43478260869565216,0.40847201210287437,-0.05247201210287439,-0.18120000000000008,
PRICED,over,PTS,full_game,14.5,True,30.914600372314453,31.072596129894322,16.036575317382812,0.044943961032316654,16.08151927841513,0.6420909777808131,78bf92243997831090f4e81bdc0a5d4d7ba172f90b72e1ee43b198174beb3eea,4000,42,Naji Marshall,1630230,BetMGM,2026-02-11,2026-02-10 14:47:44,2026-02-10,Regular Season,0.578,0.5652173913043478,0.5246062992125985,0.053393700787401466,0.022615384615384482,0.42200000000000004,0.5121951219512195,0.4753937007874017,-0.05339370078740163,-0.17609523809523803,
PRICED,over,PTS,full_game,14.5,True,30.914600372314453,31.072596129894322,16.036575317382812,0.044943961032316654,16.08151927841513,0.6420909777808131,78bf92243997831090f4e81bdc0a5d4d7ba172f90b72e1ee43b198174beb3eea,4000,42,Naji Marshall,1630230,Bovada,2026-02-11,2026-02-10 14:47:44,2026-02-10,Regular Season,0.578,0.5652173913043478,0.5306122448979592,0.04738775510204074,0.022615384615384482,0.42200000000000004,0.5,0.4693877551020409,-0.04738775510204085,-0.15599999999999992,
PRICED,over,PTS,full_game,26.5,True,34.161006927490234,34.3190026850701,23.29507827758789,0.2199113257338447,23.514989603321734,0.6420909777808131,78bf92243997831090f4e81bdc0a5d4d7ba172f90b72e1ee43b198174beb3eea,4000,42,Cooper Flagg,1642843,Bovada,2026-02-11,2026-02-10 14:47:44,2026-02-10,Regular Season,0.34075,0.3333333333333333,0.3125,0.028249999999999997,0.022249999999999992,0.65925,0.7333333333333333,0.6875,-0.028249999999999997,-0.10102272727272718,
PRICED,over,PTS,full_game,14.5,True,27.214576721191406,27.193829227064427,13.565333366394043,0.053224854183223494,13.618558220577267,0.5327606694856868,78bf92243997831090f4e81bdc0a5d4d7ba172f90b72e1ee43b198174beb3eea,4000,42,Jarace Walker,1641716,Bovada,2026-02-11,2026-02-10 14:47:44,2026-02-10,Regular Season,0.43475,0.425531914893617,0.3982930298719772,0.03645697012802285,0.02166250000000003,0.56525,0.6428571428571429,0.6017069701280228,-0.036456970128022737,-0.12072222222222223,
PRICED,over,PTS,full_game,13.5,True,30.914600372314453,31.072596129894322,16.036575317382812,0.044943961032316654,16.08151927841513,0.6420909777808131,78bf92243997831090f4e81bdc0a5d4d7ba172f90b72e1ee43b198174beb3eea,4000,42,Naji Marshall,1630230,Bovada,2026-02-11,2026-02-10 14:47:44,2026-02-10,Regular Season,0.64325,0.6296296296296297,0.5915279878971256,0.051722012102874415,0.021632352941176547,0.35675,0.43478260869565216,0.40847201210287437,-0.05172201210287436,-0.17947500000000005,
PRICED,over,PTS,full_game,13.5,True,34.660003662109375,34.817999419689244,15.4271240234375,0.01646890033136811,15.443592923768868,0.6420909777808131,78bf92243997831090f4e81bdc0a5d4d7ba172f90b72e1ee43b198174beb3eea,4000,42,Jabari Smith Jr,1631095,BetMGM,2026-02-11,2026-02-10 14:47:44,2026-02-10,Regular Season,0.59575,0.5833333333333334,0.5445920303605313,0.051157969639468726,0.021285714285714352,0.40425,0.4878048780487805,0.4554079696394686,-0.051157969639468615,-0.1712875000000001,
PRICED,over,PTS,full_game,8.5,True,25.646570205688477,25.625822711561497,8.9419584274292,0.24031090638376457,9.182269333812965,0.5327606694856868,78bf92243997831090f4e81bdc0a5d4d7ba172f90b72e1ee43b198174beb3eea,4000,42,Brook Lopez,201572,BetOnline.ag,2026-02-11,2026-02-10 14:47:44,2026-02-10,Regular Season,0.525,0.5145631067961165,0.483560743054414,0.041439256945586034,0.02028301886792455,0.475,0.5495495495495496,0.5164392569455861,-0.041439256945586145,-0.13565573770491807,
PRICED,over,PTS,full_game,8.5,True,25.646570205688477,25.625822711561497,8.9419584274292,0.24031090638376457,9.182269333812965,0.5327606694856868,78bf92243997831090f4e81bdc0a5d4d7ba172f90b72e1ee43b198174beb3eea,4000,42,Brook Lopez,201572,FanDuel,2026-02-11,2026-02-10 14:47:44,2026-02-10,Regular Season,0.525,0.5145631067961165,0.48542880932556204,0.039571190674437984,0.02028301886792455,0.475,0.5454545454545454,0.5145711906744379,-0.03957119067443793,-0.12916666666666665,
PRICED,over,PTS,full_game,10.5,True,27.214576721191406,27.193829227064427,13.565333366394043,0.053224854183223494,13.618558220577267,0.5327606694856868,78bf92243997831090f4e81bdc0a5d4d7ba172f90b72e1ee43b198174beb3eea,4000,42,Jarace Walker,1641716,Bovada,2026-02-11,2026-02-10 14:47:44,2026-02-10,Regular Season,0.711,0.696969696969697,0.6529968454258674,0.05800315457413252,0.02013043478260862,0.28900000000000003,0.37037037037037035,0.34700315457413244,-0.05800315457413241,-0.21969999999999984,
PRICED,over,PTS,full_game,25.5,True,34.161006927490234,34.3190026850701,23.29507827758789,0.2199113257338447,23.514989603321734,0.6420909777808131,78bf92243997831090f4e81bdc0a5d4d7ba172f90b72e1ee43b198174beb3eea,4000,42,Cooper Flagg,1642843,Bovada,2026-02-11,2026-02-10 14:47:44,2026-02-10,Regular Season,0.38475,0.37735849056603776,0.35437430786268,0.03037569213732,0.01958749999999987,0.6152500000000001,0.6875,0.6456256921373201,-0.030375692137320054,-0.10509090909090901,
PRICED,over,PTS,full_game,5.5,True,28.278295516967773,28.25754802284079,8.795963287353516,0.12187236190845936,8.917835649261974,0.5327606694856868,78bf92243997831090f4e81bdc0a5d4d7ba172f90b72e1ee43b198174beb3eea,4000,42,Kris Dunn,1627739,Bovada,2026-02-11,2026-02-10 14:47:44,2026-02-10,Regular Season,0.71825,0.7058823529411765,0.66,0.058250000000000024,0.017520833333333485,0.28174999999999994,0.36363636363636365,0.33999999999999997,-0.058250000000000024,-0.22518750000000015,
PRICED,over,PTS,full_game,18.5,True,33.44410705566406,33.60210281324393,20.194984436035156,0.07294718473312968,20.267931620768287,0.6420909777808131,78bf92243997831090f4e81bdc0a5d4d7ba172f90b72e1ee43b198174beb3eea,4000,42,Alperen Sengun,1630578,Bovada,2026-02-11,2026-02-10 14:47:44,2026-02-10,Regular Season,0.57475,0.5652173913043478,0.5306122448979592,0.044137755102040765,0.01686538461538456,0.42525,0.5,0.4693877551020409,-0.044137755102040876,-0.14949999999999997,
PRICED,over,PTS,full_game,19.5,True,33.44410705566406,33.60210281324393,20.194984436035156,0.07294718473312968,20.267931620768287,0.6420909777808131,78bf92243997831090f4e81bdc0a5d4d7ba172f90b72e1ee43b198174beb3eea,4000,42,Alperen Sengun,1630578,Bovada,2026-02-11,2026-02-10 14:47:44,2026-02-10,Regular Season,0.52075,0.5121951219512195,0.4796954314720812,0.04105456852791883,0.016702380952381024,0.47924999999999995,0.5555555555555556,0.5203045685279188,-0.04105456852791889,-0.13735000000000008,
PRICED,over,PTS,full_game,19.5,True,33.44410705566406,33.60210281324393,20.194984436035156,0.07294718473312968,20.267931620768287,0.6420909777808131,78bf92243997831090f4e81bdc0a5d4d7ba172f90b72e1ee43b198174beb3eea,4000,42,Alperen Sengun,1630578,DraftKings,2026-02-11,2026-02-10 14:47:44,2026-02-10,Regular Season,0.52075,0.5121951219512195,0.4833368048323266,0.03741319516767344,0.016702380952381024,0.47924999999999995,0.5475113122171946,0.5166631951676735,-0.037413195167673496,-0.12467561983471087,
PRICED,over,PTS,full_game,7.5,True,24.499465942382812,24.478718448255833,10.676130294799805,0.33145779773128003,11.007588092531085,0.5327606694856868,78bf92243997831090f4e81bdc0a5d4d7ba172f90b72e1ee43b198174beb3eea,4000,42,Jay Huff,1630643,Bovada,2026-02-11,2026-02-10 14:47:44,2026-02-10,Regular Season,0.72575,0.7142857142857143,0.6705882352941177,0.0551617647058823,0.016049999999999953,0.27425,0.3508771929824561,0.32941176470588235,-0.055161764705882355,-0.21838749999999996,
PRICED,over,PTS,full_game,7.5,True,25.646570205688477,25.625822711561497,8.9419584274292,0.24031090638376457,9.182269333812965,0.5327606694856868,78bf92243997831090f4e81bdc0a5d4d7ba172f90b72e1ee43b198174beb3eea,4000,42,Brook Lopez,201572,Bovada,2026-02-11,2026-02-10 14:47:44,2026-02-10,Regular Season,0.601,0.5918367346938775,0.554140127388535,0.04685987261146496,0.015482758620689652,0.399,0.47619047619047616,0.4458598726114649,-0.0468598726114649,-0.1620999999999999,
PRICED,over,PTS,full_game,16.5,True,31.398555755615234,31.556551513195103,17.533660888671875,-0.02355531864543738,17.510105570026436,0.6420909777808131,78bf92243997831090f4e81bdc0a5d4d7ba172f90b72e1ee43b198174beb3eea,4000,42,Andrew Nembhard,1629614,Bovada,2026-02-11,2026-02-10 14:47:44,2026-02-10,Regular Season,0.564,0.5555555555555556,0.5203045685279188,0.0436954314720811,0.015199999999999936,0.43600000000000005,0.5121951219512195,0.4796954314720812,-0.04369543147208116,-0.1487619047619047,
PRICED,over,PTS,full_game,17.5,True,31.398555755615234,31.556551513195103,17.533660888671875,-0.02355531864543738,17.510105570026436,0.6420909777808131,78bf92243997831090f4e81bdc0a5d4d7ba172f90b72e1ee43b198174beb3eea,4000,42,Andrew Nembhard,1629614,Bovada,2026-02-11,2026-02-10 14:47:44,2026-02-10,Regular Season,0.50725,0.5,0.4693877551020409,0.037862244897959085,0.014499999999999957,0.49275,0.5652173913043478,0.5306122448979592,-0.037862244897959196,-0.12821153846153843,
PRICED,over,PTS,full_game,24.5,True,34.161006927490234,34.3190026850701,23.29507827758789,0.2199113257338447,23.514989603321734,0.6420909777808131,78bf92243997831090f4e81bdc0a5d4d7ba172f90b72e1ee43b198174beb3eea,4000,42,Cooper Flagg,1642843,Bovada,2026-02-11,2026-02-10 14:47:44,2026-02-10,Regular Season,0.43125,0.425531914893617,0.3982930298719772,0.032956970128022844,0.013437500000000102,0.56875,0.6428571428571429,0.6017069701280228,-0.03295697012802279,-0.11527777777777781,
PRICED,over,PTS,full_game,10.5,True,27.58598518371582,27.56523768958884,13.79241943359375,0.24128627485474533,14.033705708448496,0.5327606694856868,78bf92243997831090f4e81bdc0a5d4d7ba172f90b72e1ee43b198174beb3eea,4000,42,Mark Williams,1631109,Bovada,2026-02-11,2026-02-10 14:47:44,2026-02-10,Regular Season,0.70625,0.696969696969697,0.6529968454258674,0.0532531545741326,0.013315217391304368,0.29374999999999996,0.37037037037037035,0.34700315457413244,-0.05325315457413249,-0.2068750000000001,
PRICED,over,PTS,full_game,17.5,True,33.44410705566406,33.60210281324393,20.194984436035156,0.07294718473312968,20.267931620768287,0.6420909777808131,78bf92243997831090f4e81bdc0a5d4d7ba172f90b72e1ee43b198174beb3eea,4000,42,Alperen Sengun,1630578,Bovada,2026-02-11,2026-02-10 14:47:44,2026-02-10,Regular Season,0.63075,0.6226415094339622,0.5834970530451867,0.0472529469548133,0.013022727272727241,0.36924999999999997,0.4444444444444444,0.4165029469548134,-0.04725294695481341,-0.16918750000000005,
PRICED,over,PTS,full_game,15.5,True,31.398555755615234,31.556551513195103,17.533660888671875,-0.02355531864543738,17.510105570026436,0.6420909777808131,78bf92243997831090f4e81bdc0a5d4d7ba172f90b72e1ee43b198174beb3eea,4000,42,Andrew Nembhard,1629614,Bovada,2026-02-11,2026-02-10 14:47:44,2026-02-10,Regular Season,0.62325,0.6153846153846154,0.5751633986928104,0.04808660130718956,0.012781249999999966,0.37675000000000003,0.45454545454545453,0.4248366013071895,-0.04808660130718945,-0.17114999999999986,
PRICED,over,PTS,full_game,9.5,True,23.750350952148438,23.953136797987675,10.139366149902344,0.0924963115198707,10.231862461422214,0.4915060991395564,78bf92243997831090f4e81bdc0a5d4d7ba172f90b72e1ee43b198174beb3eea,4000,42,Isaiah Hartenstein,1628392,FanDuel,2026-02-12,2026-02-10 14:47:44,2026-02-10,Regular Season,0.535,0.5283018867924528,0.4939310568053083,0.04106894319469173,0.012678571428571428,0.46499999999999997,0.5412844036697247,0.5060689431946916,-0.041068943194691676,-0.1409322033898306,
PRICED,over,PTS,full_game,17.5,True,32.84867858886719,33.006674346447056,18.28664779663086,0.03155954066437788,18.318207337295238,0.6420909777808131,78bf92243997831090f4e81bdc0a5d4d7ba172f90b72e1ee43b198174beb3eea,4000,42,Ryan Rollins,1631157,FanDuel,2026-02-12,2026-02-10 14:47:44,2026-02-10,Regular Season,0.5255,0.5192307692307693,0.48581617766250607,0.0396838223374939,0.01207407407407407,0.47450000000000003,0.5495495495495496,0.5141838223374939,-0.0396838223374939,-0.13656557377049172,
PRICED,over,PTS,full_game,26.5,True,33.281917572021484,33.43991332960135,28.040685653686523,0.3074291481507988,28.348114801837323,0.6420909777808131,78bf92243997831090f4e81bdc0a5d4d7ba172f90b72e1ee43b198174beb3eea,4000,42,Kawhi Leonard,202695,Bovada,2026-02-11,2026-02-10 14:47:44,2026-02-10,Regular Season,0.59875,0.5918367346938775,0.554140127388535,0.044609872611464985,0.011681034482758645,0.40125,0.47619047619047616,0.4458598726114649,-0.04460987261146493,-0.157375,
PRICED,over,PTS,full_game,3.5,True,23.322145462036133,23.52493130787537,6.6030426025390625,-0.055994843446586784,6.547047759092476,0.4915060991395564,78bf92243997831090f4e81bdc0a5d4d7ba172f90b72e1ee43b198174beb3eea,4000,42,Caleb Martin,1628997,Bovada,2026-02-11,2026-02-10 14:47:44,2026-02-10,Regular Season,0.74075,0.7333333333333333,0.6875,0.05325000000000002,0.010113636363636491,0.25925,0.3333333333333333,0.3125,-0.05325000000000002,-0.22225000000000006,
PRICED,over,PTS,full_game,12.5,True,30.914600372314453,31.072596129894322,16.036575317382812,0.044943961032316654,16.08151927841513,0.6420909777808131,78bf92243997831090f4e81bdc0a5d4d7ba172f90b72e1ee43b198174beb3eea,4000,42,Naji Marshall,1630230,Bovada,2026-02-11,2026-02-10 14:47:44,2026-02-10,Regular Season,0.704,0.696969696969697,0.6529968454258674,0.051003154574132514,0.010086956521739021,0.29600000000000004,0.37037037037037035,0.34700315457413244,-0.0510031545741324,-0.20079999999999987,
PRICED,over,PTS,full_game,10.5,True,29.479877471923828,29.459129977796845,14.371039390563965,0.1361857447098507,14.507225135273815,0.5327606694856868,78bf92243997831090f4e81bdc0a5d4d7ba172f90b72e1ee43b198174beb3eea,4000,42,John Collins,1628381,Bovada,2026-02-11,2026-02-10 14:47:44,2026-02-10,Regular Season,0.71675,0.7101449275362319,0.6653734238603297,0.05137657613967028,0.009301020408163274,0.28325,0.35714285714285715,0.3346265761396702,-0.05137657613967017,-0.20690000000000008,
PRICED,over,PTS,full_game,27.5,True,33.281917572021484,33.43991332960135,28.040685653686523,0.3074291481507988,28.348114801837323,0.6420909777808131,78bf92243997831090f4e81bdc0a5d4d7ba172f90b72e1ee43b198174beb3eea,4000,42,Kawhi Leonard,202695,BetOnline.ag,2026-02-11,2026-02-10 14:47:44,2026-02-10,Regular Season,0.55025,0.5454545454545454,0.5123152709359606,0.037934729064039385,0.008791666666666753,0.44975,0.5192307692307693,0.4876847290640395,-0.037934729064039496,-0.13381481481481478,
PRICED,over,PTS,full_game,27.5,True,33.281917572021484,33.43991332960135,28.040685653686523,0.3074291481507988,28.348114801837323,0.6420909777808131,78bf92243997831090f4e81bdc0a5d4d7ba172f90b72e1ee43b198174beb3eea,4000,42,Kawhi Leonard,202695,Bovada,2026-02-11,2026-02-10 14:47:44,2026-02-10,Regular Season,0.55025,0.5454545454545454,0.5101214574898786,0.040128542510121434,0.008791666666666753,0.44975,0.5238095238095238,0.48987854251012153,-0.040128542510121545,-0.14138636363636364,
PRICED,over,PTS,full_game,17.5,True,33.44410705566406,33.60210281324393,20.194984436035156,0.07294718473312968,20.267931620768287,0.6420909777808131,78bf92243997831090f4e81bdc0a5d4d7ba172f90b72e1ee43b198174beb3eea,4000,42,Alperen Sengun,1630578,BetRivers,2026-02-11,2026-02-10 14:47:44,2026-02-10,Regular Season,0.63075,0.6254681647940075,0.5791298865069356,0.05162011349306439,0.008444610778443051,0.36924999999999997,0.45454545454545453,0.4208701134930643,-0.051620113493064335,-0.18764999999999998,
PRICED,over,PTS,full_game,14.5,True,34.86334228515625,35.02133804273612,16.03276824951172,0.20245570815579692,16.235223957667515,0.6420909777808131,78bf92243997831090f4e81bdc0a5d4d7ba172f90b72e1ee43b198174beb3eea,4000,42,Mikal Bridges,1628969,BetRivers,2026-02-11,2026-02-10 14:47:44,2026-02-10,Regular Season,0.59,0.5850622406639004,0.544113196125908,0.04588680387409194,0.008439716312056755,0.41000000000000003,0.49019607843137253,0.45588680387409203,-0.045886803874092,-0.1635999999999999,
PRICED,over,PTS,full_game,19.5,True,34.161006927490234,34.3190026850701,23.29507827758789,0.2199113257338447,23.514989603321734,0.6420909777808131,78bf92243997831090f4e81bdc0a5d4d7ba172f90b72e1ee43b198174beb3eea,4000,42,Cooper Flagg,1642843,Bovada,2026-02-11,2026-02-10 14:47:44,2026-02-10,Regular Season,0.68775,0.6825396825396826,0.6395881006864989,0.04816189931350112,0.007633720930232457,0.31225,0.38461538461538464,0.36041189931350115,-0.04816189931350112,-0.18814999999999993,
PRICED,over,PTS,full_game,15.5,True,34.86334228515625,35.02133804273612,16.03276824951172,0.20245570815579692,16.235223957667515,0.6420909777808131,78bf92243997831090f4e81bdc0a5d4d7ba172f90b72e1ee43b198174beb3eea,4000,42,Mikal Bridges,1628969,BetRivers,2026-02-11,2026-02-10 14:47:44,2026-02-10,Regular Season,0.5255,0.5215311004784688,0.4842053307008884,0.041294669299111575,0.007610091743119218,0.47450000000000003,0.5555555555555556,0.5157946692991116,-0.04129466929911152,-0.14589999999999992,
PRICED,over,PTS,full_game,10.5,True,30.533061981201172,30.69105773878104,14.098180770874023,0.009718664191524031,14.107899435065548,0.6420909777808131,78bf92243997831090f4e81bdc0a5d4d7ba172f90b72e1ee43b198174beb3eea,4000,42,Max Christie,1631108,Bovada,2026-02-11,2026-02-10 14:47:44,2026-02-10,Regular Season,0.6925,0.6875,0.6456256921373201,0.046874307862679876,0.0072727272727273196,0.3075,0.37735849056603776,0.35437430786268,-0.04687430786267999,-0.18512499999999998,
PRICED,over,PTS,full_game,10.5,True,24.499465942382812,24.478718448255833,10.676130294799805,0.33145779773128003,11.007588092531085,0.5327606694856868,78bf92243997831090f4e81bdc0a5d4d7ba172f90b72e1ee43b198174beb3eea,4000,42,Jay Huff,1630643,BetRivers,2026-02-11,2026-02-10 14:47:44,2026-02-10,Regular Season,0.51825,0.5145631067961165,0.4790936604014018,0.03915633959859821,0.007165094339622646,0.48175,0.5594713656387665,0.5209063395985983,-0.03915633959859832,-0.13891929133858266,
PRICED,over,PTS,full_game,28.5,True,33.281917572021484,33.43991332960135,28.040685653686523,0.3074291481507988,28.348114801837323,0.6420909777808131,78bf92243997831090f4e81bdc0a5d4d7ba172f90b72e1ee43b198174beb3eea,4000,42,Kawhi Leonard,202695,Bovada,2026-02-11,2026-02-10 14:47:44,2026-02-10,Regular Season,0.5035,0.5,0.4693877551020409,0.034112244897959054,0.006999999999999895,0.49650000000000005,0.5652173913043478,0.5306122448979592,-0.034112244897959165,-0.12157692307692303,
PRICED,over,PTS,full_game,28.5,True,33.281917572021484,33.43991332960135,28.040685653686523,0.3074291481507988,28.348114801837323,0.6420909777808131,78bf92243997831090f4e81bdc0a5d4d7ba172f90b72e1ee43b198174beb3eea,4000,42,Kawhi Leonard,202695,FanDuel,2026-02-11,2026-02-10 14:47:44,2026-02-10,Regular Season,0.5035,0.5,0.4710743801652893,0.03242561983471065,0.006999999999999895,0.49650000000000005,0.5614035087719298,0.5289256198347108,-0.032425619834710706,-0.1156093749999999,
PRICED,over,PTS,full_game,11.5,True,30.76344871520996,30.92144447278983,12.838892936706543,0.12794439092640422,12.966837327632946,0.6420909777808131,78bf92243997831090f4e81bdc0a5d4d7ba172f90b72e1ee43b198174beb3eea,4000,42,Josh Hart,1628404,Bovada,2026-02-11,2026-02-10 14:47:44,2026-02-10,Regular Season,0.59525,0.5918367346938775,0.554140127388535,0.041109872611464926,0.005767241379310284,0.40475000000000005,0.47619047619047616,0.4458598726114649,-0.04110987261146487,-0.15002499999999985,
PRICED,over,PTS,full_game,20.5,True,31.398555755615234,31.556551513195103,17.533660888671875,-0.02355531864543738,17.510105570026436,0.6420909777808131,78bf92243997831090f4e81bdc0a5d4d7ba172f90b72e1ee43b198174beb3eea,4000,42,Andrew Nembhard,1629614,Bovada,2026-02-11,2026-02-10 14:47:44,2026-02-10,Regular Season,0.33525,0.3333333333333333,0.3125,0.022749999999999992,0.005750000000000033,0.66475,0.7333333333333333,0.6875,-0.022750000000000048,-0.0935227272727272,
PRICED,over,PTS,full_game,22.5,True,34.161006927490234,34.3190026850701,23.29507827758789,0.2199113257338447,23.514989603321734,0.6420909777808131,78bf92243997831090f4e81bdc0a5d4d7ba172f90b72e1ee43b198174beb3eea,4000,42,Cooper Flagg,1642843,DraftKings,2026-02-11,2026-02-10 14:47:44,2026-02-10,Regular Season,0.54425,0.5412844036697247,0.510397604391948,0.03385239560805198,0.00547881355932206,0.45575,0.5192307692307693,0.4896023956080519,-0.03385239560805192,-0.12225925925925923,
PRICED,over,PTS,full_game,8.5,True,21.72466278076172,21.927448626600956,8.938817977905273,-0.03105920432320333,8.90775877358207,0.4915060991395564,78bf92243997831090f4e81bdc0a5d4d7ba172f90b72e1ee43b198174beb3eea,4000,42,Daniel Gafford,1629655,BetMGM,2026-02-11,2026-02-10 14:47:44,2026-02-10,Regular Season,0.50225,0.5,0.4693877551020409,0.03286224489795908,0.0044999999999999485,0.49775,0.5652173913043478,0.5306122448979592,-0.03286224489795919,-0.1193653846153846,
PRICED,over,PTS,full_game,8.5,True,22.30351448059082,22.506300326430058,8.774758338928223,0.2991811178800662,9.073939456808288,0.4915060991395564,78bf92243997831090f4e81bdc0a5d4d7ba172f90b72e1ee43b198174beb3eea,4000,42,Ben Sheppard,1641767,BetOnline.ag,2026-02-11,2026-02-10 14:47:44,2026-02-10,Regular Season,0.5165,0.5145631067961165,0.483560743054414,0.03293925694558597,0.0037641509433961606,0.48350000000000004,0.5495495495495496,0.5164392569455861,-0.03293925694558608,-0.12018852459016383,
PRICED,over,PTS,full_game,29.5,True,33.281917572021484,33.43991332960135,28.040685653686523,0.3074291481507988,28.348114801837323,0.6420909777808131,78bf92243997831090f4e81bdc0a5d4d7ba172f90b72e1ee43b198174beb3eea,4000,42,Kawhi Leonard,202695,Bovada,2026-02-11,2026-02-10 14:47:44,2026-02-10,Regular Season,0.45625,0.45454545454545453,0.4248366013071895,0.03141339869281051,0.003750000000000142,0.54375,0.6153846153846154,0.5751633986928104,-0.03141339869281046,-0.11640624999999999,
PRICED,over,PTS,full_game,19.5,True,31.883068084716797,32.041063842296666,19.690134048461914,0.28171306674970437,19.97184711521162,0.6420909777808131,78bf92243997831090f4e81bdc0a5d4d7ba172f90b72e1ee43b198174beb3eea,4000,42,Karl-Anthony Towns,1626157,BetMGM,2026-02-11,2026-02-10 14:47:44,2026-02-10,Regular Season,0.52575,0.5238095238095238,0.49179655455291227,0.03395344544708778,0.0037045454545455714,0.47424999999999995,0.5412844036697247,0.5082034454470877,-0.03395344544708778,-0.12384322033898315,
PRICED,over,PTS,full_game,18.5,True,34.161006927490234,34.3190026850701,23.29507827758789,0.2199113257338447,23.514989603321734,0.6420909777808131,78bf92243997831090f4e81bdc0a5d4d7ba172f90b72e1ee43b198174beb3eea,4000,42,Cooper Flagg,1642843,Bovada,2026-02-11,2026-02-10 14:47:44,2026-02-10,Regular Season,0.736,0.7333333333333333,0.6875,0.04849999999999999,0.0036363636363637153,0.264,0.3333333333333333,0.3125,-0.04849999999999999,-0.20799999999999996,
PRICED,over,PTS,full_game,9.5,True,28.56736946105957,28.546621966932587,14.167806625366211,0.007943410747915124,14.175750036114126,0.5327606694856868,78bf92243997831090f4e81bdc0a5d4d7ba172f90b72e1ee43b198174beb3eea,4000,42,Devin Vassell,1630170,Bovada,2026-02-11,2026-02-10 14:47:44,2026-02-10,Regular Season,0.7525,0.75,0.7026022304832714,0.04989776951672853,0.0033333333333331883,0.24750000000000005,0.31746031746031744,0.29739776951672864,-0.049897769516728585,-0.22037499999999988,
PRICED,over,PTS,full_game,13.5,True,29.479877471923828,29.459129977796845,14.371039390563965,0.1361857447098507,14.507225135273815,0.5327606694856868,78bf92243997831090f4e81bdc0a5d4d7ba172f90b72e1ee43b198174beb3eea,4000,42,John Collins,1628381,BetRivers,2026-02-11,2026-02-10 14:47:44,2026-02-10,Regular Season,0.54275,0.5412844036697247,0.5039916972696792,0.03875830273032077,0.0027076271186439738,0.45725000000000005,0.5327102803738317,0.496008302730321,-0.03875830273032094,-0.14165350877192973,
PRICED,over,PTS,full_game,8.5,True,25.646570205688477,25.625822711561497,8.9419584274292,0.24031090638376457,9.182269333812965,0.5327606694856868,78bf92243997831090f4e81bdc0a5d4d7ba172f90b72e1ee43b198174beb3eea,4000,42,Brook Lopez,201572,BetRivers,2026-02-11,2026-02-10 14:47:44,2026-02-10,Regular Season,0.525,0.5238095238095238,0.4861878453038673,0.038812154696132695,0.0022727272727273706,0.475,0.5535714285714286,0.5138121546961325,-0.03881215469613253,-0.14193548387096783,
PRICED,over,PTS,full_game,8.5,True,25.646570205688477,25.625822711561497,8.9419584274292,0.24031090638376457,9.182269333812965,0.5327606694856868,78bf92243997831090f4e81bdc0a5d4d7ba172f90b72e1ee43b198174beb3eea,4000,42,Brook Lopez,201572,DraftKings,2026-02-11,2026-02-10 14:47:44,2026-02-10,Regular Season,0.525,0.5238095238095238,0.4937655860349127,0.031234413965087304,0.0022727272727273706,0.475,0.5370370370370371,0.5062344139650873,-0.031234413965087304,-0.11551724137931041,
PRICED,over,PTS,full_game,30.5,True,33.281917572021484,33.43991332960135,28.040685653686523,0.3074291481507988,28.348114801837323,0.6420909777808131,78bf92243997831090f4e81bdc0a5d4d7ba172f90b72e1ee43b198174beb3eea,4000,42,Kawhi Leonard,202695,Bovada,2026-02-11,2026-02-10 14:47:44,2026-02-10,Regular Season,0.40875,0.40816326530612246,0.3838517538054269,0.024898246194573093,0.0014374999999999805,0.59125,0.6551724137931034,0.6161482461945731,-0.024898246194573037,-0.09756578947368427,
PRICED,over,PTS,full_game,15.5,True,27.214576721191406,27.193829227064427,13.565333366394043,0.053224854183223494,13.618558220577267,0.5327606694856868,78bf92243997831090f4e81bdc0a5d4d7ba172f90b72e1ee43b198174beb3eea,4000,42,Jarace Walker,1641716,Bovada,2026-02-11,2026-02-10 14:47:44,2026-02-10,Regular Season,0.3705,0.37037037037037035,0.34700315457413244,0.023496845425867552,0.0003500000000000725,0.6295,0.696969696969697,0.6529968454258674,-0.023496845425867496,-0.09680434782608704,
NO_BET,,PTS,full_game,24.5,True,36.754852294921875,37.26036782899071,24.79429054260254,0.06362298277379473,24.857913525376333,0.746175435493391,78bf92243997831090f4e81bdc0a5d4d7ba172f90b72e1ee43b198174beb3eea,4000,42,Kevin Durant,201142,Bovada,2026-02-11,2026-02-10 14:47:44,2026-02-10,Regular Season,0.512,0.5121951219512195,0.4796954314720812,0.0323045685279188,-0.0003809523809523707,0.488,0.5555555555555556,0.5203045685279188,-0.03230456852791885,-0.12159999999999999,positive vig-free edge with nonpositive EV
NO_BET,,PTS,full_game,24.5,True,36.754852294921875,37.26036782899071,24.79429054260254,0.06362298277379473,24.857913525376333,0.746175435493391,78bf92243997831090f4e81bdc0a5d4d7ba172f90b72e1ee43b198174beb3eea,4000,42,Kevin Durant,201142,DraftKings,2026-02-11,2026-02-10 14:47:44,2026-02-10,Regular Season,0.512,0.5121951219512195,0.4833368048323266,0.028663195167673405,-0.0003809523809523707,0.488,0.5475113122171946,0.5166631951676735,-0.02866319516767346,-0.10869421487603315,positive vig-free edge with nonpositive EV
NO_BET,,PTS,full_game,15.5,True,35.312381744384766,35.470377501964634,16.245134353637695,-0.06515288758960072,16.179981466048094,0.6420909777808131,78bf92243997831090f4e81bdc0a5d4d7ba172f90b72e1ee43b198174beb3eea,4000,42,Amen Thompson,1641708,FanDuel,2026-02-11,2026-02-10 14:47:44,2026-02-10,Regular Season,0.52575,0.5260663507109005,0.4958445875753168,0.029905412424683253,-0.0006013513513511981,0.47424999999999995,0.5348837209302325,0.5041554124246831,-0.029905412424683142,-0.11335869565217405,positive vig-free edge with nonpositive EV
NO_BET,,PTS,full_game,14.5,True,31.398555755615234,31.556551513195103,17.533660888671875,-0.02355531864543738,17.510105570026436,0.6420909777808131,78bf92243997831090f4e81bdc0a5d4d7ba172f90b72e1ee43b198174beb3eea,4000,42,Andrew Nembhard,1629614,Bovada,2026-02-11,2026-02-10 14:47:44,2026-02-10,Regular Season,0.67675,0.6774193548387096,0.6333530455351862,0.04339695446481373,-0.0009880952380952324,0.32325000000000004,0.39215686274509803,0.3666469544648137,-0.043396954464813675,-0.17571249999999994,positive vig-free edge with nonpositive EV
NO_BET,,PTS,full_game,12.5,True,30.76344871520996,30.92144447278983,12.838892936706543,0.12794439092640422,12.966837327632946,0.6420909777808131,78bf92243997831090f4e81bdc0a5d4d7ba172f90b72e1ee43b198174beb3eea,4000,42,Josh Hart,1628404,Bovada,2026-02-11,2026-02-10 14:47:44,2026-02-10,Regular Season,0.52275,0.5238095238095238,0.48987854251012153,0.03287145748987852,-0.0020227272727271206,0.47724999999999995,0.5454545454545454,0.5101214574898786,-0.03287145748987863,-0.12504166666666666,positive vig-free edge with nonpositive EV
NO_BET,,PTS,full_game,12.5,True,30.76344871520996,30.92144447278983,12.838892936706543,0.12794439092640422,12.966837327632946,0.6420909777808131,78bf92243997831090f4e81bdc0a5d4d7ba172f90b72e1ee43b198174beb3eea,4000,42,Josh Hart,1628404,BetRivers,2026-02-11,2026-02-10 14:47:44,2026-02-10,Regular Season,0.52275,0.5238095238095238,0.4861878453038673,0.03656215469613272,-0.0020227272727271206,0.47724999999999995,0.5535714285714286,0.5138121546961325,-0.036562154696132554,-0.13787096774193558,positive vig-free edge with nonpositive EV
NO_BET,,PTS,full_game,16.5,True,33.44410705566406,33.60210281324393,20.194984436035156,0.07294718473312968,20.267931620768287,0.6420909777808131,78bf92243997831090f4e81bdc0a5d4d7ba172f90b72e1ee43b198174beb3eea,4000,42,Alperen Sengun,1630578,Bovada,2026-02-11,2026-02-10 14:47:44,2026-02-10,Regular Season,0.68025,0.6825396825396826,0.6395881006864989,0.04066189931350117,-0.0033546511627907116,0.31975,0.38461538461538464,0.36041189931350115,-0.04066189931350117,-0.16865000000000008,positive vig-free edge with nonpositive EV
NO_BET,,PTS,full_game,11.5,True,34.660003662109375,34.817999419689244,15.4271240234375,0.01646890033136811,15.443592923768868,0.6420909777808131,78bf92243997831090f4e81bdc0a5d4d7ba172f90b72e1ee43b198174beb3eea,4000,42,Jabari Smith Jr,1631095,Bovada,2026-02-11,2026-02-10 14:47:44,2026-02-10,Regular Season,0.70325,0.7058823529411765,0.66,0.04325000000000001,-0.0037291666666665613,0.29674999999999996,0.36363636363636365,0.33999999999999997,-0.04325000000000001,-0.1839375000000001,positive vig-free edge with nonpositive EV
NO_BET,,PTS,full_game,18.5,True,31.398555755615234,31.556551513195103,17.533660888671875,-0.02355531864543738,17.510105570026436,0.6420909777808131,78bf92243997831090f4e81bdc0a5d4d7ba172f90b72e1ee43b198174beb3eea,4000,42,Andrew Nembhard,1629614,BetRivers,2026-02-11,2026-02-10 14:47:44,2026-02-10,Regular Season,0.45275,0.45454545454545453,0.42197452229299365,0.030775477707006338,-0.003949999999999898,0.54725,0.6226415094339622,0.5780254777070064,-0.030775477707006393,-0.12108333333333338,positive vig-free edge with nonpositive EV
NO_BET,,PTS,full_game,13.5,True,30.76344871520996,30.92144447278983,12.838892936706543,0.12794439092640422,12.966837327632946,0.6420909777808131,78bf92243997831090f4e81bdc0a5d4d7ba172f90b72e1ee43b198174beb3eea,4000,42,Josh Hart,1628404,Bovada,2026-02-11,2026-02-10 14:47:44,2026-02-10,Regular Season,0.4525,0.45454545454545453,0.4248366013071895,0.027663398692810537,-0.0044999999999998375,0.5475,0.6153846153846154,0.5751633986928104,-0.027663398692810426,-0.11031250000000004,positive vig-free edge with nonpositive EV
NO_BET,,PTS,full_game,25.5,True,33.281917572021484,33.43991332960135,28.040685653686523,0.3074291481507988,28.348114801837323,0.6420909777808131,78bf92243997831090f4e81bdc0a5d4d7ba172f90b72e1ee43b198174beb3eea,4000,42,Kawhi Leonard,202695,Bovada,2026-02-11,2026-02-10 14:47:44,2026-02-10,Regular Season,0.63975,0.6428571428571429,0.6017069701280228,0.038043029871977274,-0.004833333333333245,0.36024999999999996,0.425531914893617,0.3982930298719772,-0.03804302987197722,-0.15341250000000006,positive vig-free edge with nonpositive EV
NO_BET,,PTS,full_game,24.5,True,36.754852294921875,37.26036782899071,24.79429054260254,0.06362298277379473,24.857913525376333,0.746175435493391,78bf92243997831090f4e81bdc0a5d4d7ba172f90b72e1ee43b198174beb3eea,4000,42,Kevin Durant,201142,BetRivers,2026-02-11,2026-02-10 14:47:44,2026-02-10,Regular Season,0.512,0.5145631067961165,0.4790936604014018,0.03290633959859823,-0.004981132075471684,0.488,0.5594713656387665,0.5209063395985983,-0.032906339598598344,-0.12774803149606306,positive vig-free edge with nonpositive EV
NO_BET,,PTS,full_game,8.5,True,22.30351448059082,22.506300326430058,8.774758338928223,0.2991811178800662,9.073939456808288,0.4915060991395564,78bf92243997831090f4e81bdc0a5d4d7ba172f90b72e1ee43b198174beb3eea,4000,42,Ben Sheppard,1641767,DraftKings,2026-02-11,2026-02-10 14:47:44,2026-02-10,Regular Season,0.5165,0.5192307692307693,0.4896023956080519,0.02689760439194805,-0.005259259259259297,0.48350000000000004,0.5412844036697247,0.510397604391948,-0.026897604391947993,-0.10675423728813555,positive vig-free edge with nonpositive EV
NO_BET,,PTS,full_game,19.5,True,33.44410705566406,33.60210281324393,20.194984436035156,0.07294718473312968,20.267931620768287,0.6420909777808131,78bf92243997831090f4e81bdc0a5d4d7ba172f90b72e1ee43b198174beb3eea,4000,42,Alperen Sengun,1630578,BetMGM,2026-02-11,2026-02-10 14:47:44,2026-02-10,Regular Season,0.52075,0.5238095238095238,0.48987854251012153,0.030871457489878518,-0.005840909090908952,0.47924999999999995,0.5454545454545454,0.5101214574898786,-0.03087145748987863,-0.12137500000000001,positive vig-free edge with nonpositive EV
NO_BET,,PTS,full_game,22.5,True,36.754852294921875,37.26036782899071,24.79429054260254,0.06362298277379473,24.857913525376333,0.746175435493391,78bf92243997831090f4e81bdc0a5d4d7ba172f90b72e1ee43b198174beb3eea,4000,42,Kevin Durant,201142,Bovada,2026-02-11,2026-02-10 14:47:44,2026-02-10,Regular Season,0.6115,0.6153846153846154,0.5751633986928104,0.03633660130718963,-0.006312499999999943,0.38849999999999996,0.45454545454545453,0.4248366013071895,-0.03633660130718952,-0.14530000000000004,positive vig-free edge with nonpositive EV
NO_BET,,PTS,full_game,23.5,True,36.754852294921875,37.26036782899071,24.79429054260254,0.06362298277379473,24.857913525376333,0.746175435493391,78bf92243997831090f4e81bdc0a5d4d7ba172f90b72e1ee43b198174beb3eea,4000,42,Kevin Durant,201142,BetMGM,2026-02-11,2026-02-10 14:47:44,2026-02-10,Regular Season,0.5615,0.5652173913043478,0.5306122448979592,0.03088775510204078,-0.006576923076923091,0.4385,0.5,0.4693877551020409,-0.030887755102040892,-0.123,positive vig-free edge with nonpositive EV
NO_BET,,PTS,full_game,23.5,True,36.754852294921875,37.26036782899071,24.79429054260254,0.06362298277379473,24.857913525376333,0.746175435493391,78bf92243997831090f4e81bdc0a5d4d7ba172f90b72e1ee43b198174beb3eea,4000,42,Kevin Durant,201142,Bovada,2026-02-11,2026-02-10 14:47:44,2026-02-10,Regular Season,0.5615,0.5652173913043478,0.5306122448979592,0.03088775510204078,-0.006576923076923091,0.4385,0.5,0.4693877551020409,-0.030887755102040892,-0.123,positive vig-free edge with nonpositive EV
NO_BET,,PTS,full_game,15.5,True,33.44410705566406,33.60210281324393,20.194984436035156,0.07294718473312968,20.267931620768287,0.6420909777808131,78bf92243997831090f4e81bdc0a5d4d7ba172f90b72e1ee43b198174beb3eea,4000,42,Alperen Sengun,1630578,Bovada,2026-02-11,2026-02-10 14:47:44,2026-02-10,Regular Season,0.7315,0.7368421052631579,0.6920583468395461,0.03944165316045389,-0.007249999999999923,0.26849999999999996,0.32786885245901637,0.3079416531604538,-0.03944165316045384,-0.1810750000000002,positive vig-free edge with nonpositive EV
NO_BET,,PTS,full_game,10.5,True,30.76344871520996,30.92144447278983,12.838892936706543,0.12794439092640422,12.966837327632946,0.6420909777808131,78bf92243997831090f4e81bdc0a5d4d7ba172f90b72e1ee43b198174beb3eea,4000,42,Josh Hart,1628404,Bovada,2026-02-11,2026-02-10 14:47:44,2026-02-10,Regular Season,0.66125,0.6666666666666666,0.625,0.036250000000000004,-0.008124999999999993,0.33875,0.4,0.375,-0.036250000000000004,-0.15312500000000007,positive vig-free edge with nonpositive EV
NO_BET,,PTS,full_game,15.5,True,35.312381744384766,35.470377501964634,16.245134353637695,-0.06515288758960072,16.179981466048094,0.6420909777808131,78bf92243997831090f4e81bdc0a5d4d7ba172f90b72e1ee43b198174beb3eea,4000,42,Amen Thompson,1641708,DraftKings,2026-02-11,2026-02-10 14:47:44,2026-02-10,Regular Season,0.52575,0.5305164319248826,0.5,0.02575000000000005,-0.008984513274336192,0.47424999999999995,0.5305164319248826,0.5,-0.02575000000000005,-0.10605973451327438,positive vig-free edge with nonpositive EV
NO_BET,,PTS,full_game,21.5,True,36.754852294921875,37.26036782899071,24.79429054260254,0.06362298277379473,24.857913525376333,0.746175435493391,78bf92243997831090f4e81bdc0a5d4d7ba172f90b72e1ee43b198174beb3eea,4000,42,Kevin Durant,201142,Bovada,2026-02-11,2026-02-10 14:47:44,2026-02-10,Regular Season,0.6605,0.6666666666666666,0.625,0.035499999999999976,-0.009250000000000036,0.3395,0.4,0.375,-0.035499999999999976,-0.15125,positive vig-free edge with nonpositive EV
NO_BET,,PTS,full_game,17.5,True,31.398555755615234,31.556551513195103,17.533660888671875,-0.02355531864543738,17.510105570026436,0.6420909777808131,78bf92243997831090f4e81bdc0a5d4d7ba172f90b72e1ee43b198174beb3eea,4000,42,Andrew Nembhard,1629614,BetMGM,2026-02-11,2026-02-10 14:47:44,2026-02-10,Regular Season,0.50725,0.5121951219512195,0.4796954314720812,0.027554568527918766,-0.009654761904762,0.49275,0.5555555555555556,0.5203045685279188,-0.02755456852791882,-0.11304999999999993,positive vig-free edge with nonpositive EV
NO_BET,,PTS,full_game,24.5,True,33.281917572021484,33.43991332960135,28.040685653686523,0.3074291481507988,28.348114801837323,0.6420909777808131,78bf92243997831090f4e81bdc0a5d4d7ba172f90b72e1ee43b198174beb3eea,4000,42,Kawhi Leonard,202695,Bovada,2026-02-11,2026-02-10 14:47:44,2026-02-10,Regular Season,0.68075,0.6875,0.6456256921373201,0.03512430786267984,-0.009818181818181837,0.31925000000000003,0.37735849056603776,0.35437430786268,-0.03512430786267995,-0.15398749999999994,positive vig-free edge with nonpositive EV
NO_BET,,PTS,full_game,29.5,True,33.281917572021484,33.43991332960135,28.040685653686523,0.3074291481507988,28.348114801837323,0.6420909777808131,78bf92243997831090f4e81bdc0a5d4d7ba172f90b72e1ee43b198174beb3eea,4000,42,Kawhi Leonard,202695,BetRivers,2026-02-11,2026-02-10 14:47:44,2026-02-10,Regular Season,0.45625,0.4608294930875576,0.427030022492421,0.029219977507578987,-0.009937500000000044,0.54375,0.6183206106870229,0.5729699775075789,-0.029219977507578987,-0.12060185185185185,positive vig-free edge with nonpositive EV
NO_BET,,PTS,full_game,12.5,True,30.76344871520996,30.92144447278983,12.838892936706543,0.12794439092640422,12.966837327632946,0.6420909777808131,78bf92243997831090f4e81bdc0a5d4d7ba172f90b72e1ee43b198174beb3eea,4000,42,Josh Hart,1628404,BetOnline.ag,2026-02-11,2026-02-10 14:47:44,2026-02-10,Regular Season,0.52275,0.5283018867924528,0.4969046636401156,0.025845336359884452,-0.010508928571428489,0.47724999999999995,0.5348837209302325,0.5030953363598845,-0.025845336359884508,-0.10775000000000018,positive vig-free edge with nonpositive EV
NO_BET,,PTS,full_game,13.5,True,31.398555755615234,31.556551513195103,17.533660888671875,-0.02355531864543738,17.510105570026436,0.6420909777808131,78bf92243997831090f4e81bdc0a5d4d7ba172f90b72e1ee43b198174beb3eea,4000,42,Andrew Nembhard,1629614,Bovada,2026-02-11,2026-02-10 14:47:44,2026-02-10,Regular Season,0.7285,0.7368421052631579,0.6920583468395461,0.03644165316045389,-0.011321428571428482,0.27149999999999996,0.32786885245901637,0.3079416531604538,-0.036441653160453835,-0.1719250000000001,positive vig-free edge with nonpositive EV
NO_BET,,PTS,full_game,9.5,True,24.499465942382812,24.478718448255833,10.676130294799805,0.33145779773128003,11.007588092531085,0.5327606694856868,78bf92243997831090f4e81bdc0a5d4d7ba172f90b72e1ee43b198174beb3eea,4000,42,Jay Huff,1630643,BetRivers,2026-02-11,2026-02-10 14:47:44,2026-02-10,Regular Season,0.5895,0.5967741935483871,0.5538284398388026,0.035671560161197435,-0.012189189189189154,0.4105,0.4807692307692308,0.44617156016119747,-0.03567156016119749,-0.14616,positive vig-free edge with nonpositive EV
NO_BET,,PTS,full_game,25.5,True,36.754852294921875,37.26036782899071,24.79429054260254,0.06362298277379473,24.857913525376333,0.746175435493391,78bf92243997831090f4e81bdc0a5d4d7ba172f90b72e1ee43b198174beb3eea,4000,42,Kevin Durant,201142,BetRivers,2026-02-11,2026-02-10 14:47:44,2026-02-10,Regular Season,0.455,0.4608294930875576,0.427030022492421,0.027969977507579014,-0.012649999999999939,0.5449999999999999,0.6183206106870229,0.5729699775075789,-0.027969977507579014,-0.11858024691358027,positive vig-free edge with nonpositive EV
NO_BET,,PTS,full_game,25.5,True,35.58186340332031,35.73985916090018,26.810768127441406,0.13136201215950735,26.942130139600913,0.6420909777808131,78bf92243997831090f4e81bdc0a5d4d7ba172f90b72e1ee43b198174beb3eea,4000,42,Jalen Brunson,1628973,Bovada,2026-02-11,2026-02-10 14:47:44,2026-02-10,Regular Season,0.567,0.574468085106383,0.5407914020517831,0.02620859794821684,-0.013000000000000123,0.43300000000000005,0.4878048780487805,0.4592085979482169,-0.02620859794821684,-0.11234999999999995,positive vig-free edge with nonpositive EV
NO_BET,,PTS,full_game,15.5,True,35.312381744384766,35.470377501964634,16.245134353637695,-0.06515288758960072,16.179981466048094,0.6420909777808131,78bf92243997831090f4e81bdc0a5d4d7ba172f90b72e1ee43b198174beb3eea,4000,42,Amen Thompson,1641708,BetOnline.ag,2026-02-11,2026-02-10 14:47:44,2026-02-10,Regular Season,0.52575,0.5327102803738317,0.5,0.02575000000000005,-0.013065789473684086,0.47424999999999995,0.5327102803738317,0.5,-0.02575000000000005,-0.1097412280701755,positive vig-free edge with nonpositive EV
NO_BET,,PTS,full_game,23.5,True,36.754852294921875,37.26036782899071,24.79429054260254,0.06362298277379473,24.857913525376333,0.746175435493391,78bf92243997831090f4e81bdc0a5d4d7ba172f90b72e1ee43b198174beb3eea,4000,42,Kevin Durant,201142,BetRivers,2026-02-11,2026-02-10 14:47:44,2026-02-10,Regular Season,0.5615,0.5689655172413793,0.5274208712002507,0.03407912879974928,-0.013121212121212145,0.4385,0.5098039215686274,0.4725791287997492,-0.034079128799749225,-0.13986538461538456,positive vig-free edge with nonpositive EV
NO_BET,,PTS,full_game,11.5,True,30.76344871520996,30.92144447278983,12.838892936706543,0.12794439092640422,12.966837327632946,0.6420909777808131,78bf92243997831090f4e81bdc0a5d4d7ba172f90b72e1ee43b198174beb3eea,4000,42,Josh Hart,1628404,BetRivers,2026-02-11,2026-02-10 14:47:44,2026-02-10,Regular Season,0.59525,0.6031746031746031,0.5611590972415714,0.03409090275842852,-0.01313815789473688,0.40475000000000005,0.4716981132075472,0.4388409027584286,-0.03409090275842852,-0.14192999999999983,positive vig-free edge with nonpositive EV
NO_BET,,PTS,full_game,20.5,True,36.754852294921875,37.26036782899071,24.79429054260254,0.06362298277379473,24.857913525376333,0.746175435493391,78bf92243997831090f4e81bdc0a5d4d7ba172f90b72e1ee43b198174beb3eea,4000,42,Kevin Durant,201142,Bovada,2026-02-11,2026-02-10 14:47:44,2026-02-10,Regular Season,0.7045,0.7142857142857143,0.6705882352941177,0.03391176470588231,-0.013700000000000045,0.2955,0.3508771929824561,0.32941176470588235,-0.03391176470588236,-0.157825,positive vig-free edge with nonpositive EV
NO_BET,,PTS,full_game,6.5,True,25.646570205688477,25.625822711561497,8.9419584274292,0.24031090638376457,9.182269333812965,0.5327606694856868,78bf92243997831090f4e81bdc0a5d4d7ba172f90b72e1ee43b198174beb3eea,4000,42,Brook Lopez,201572,Bovada,2026-02-11,2026-02-10 14:47:44,2026-02-10,Regular Season,0.67225,0.6825396825396826,0.6395881006864989,0.032661899313501164,-0.01507558139534887,0.32775,0.38461538461538464,0.36041189931350115,-0.032661899313501164,-0.14785000000000004,positive vig-free edge with nonpositive EV
NO_BET,,PTS,full_game,17.5,True,35.312381744384766,35.470377501964634,16.245134353637695,-0.06515288758960072,16.179981466048094,0.6420909777808131,78bf92243997831090f4e81bdc0a5d4d7ba172f90b72e1ee43b198174beb3eea,4000,42,Amen Thompson,1641708,Bovada,2026-02-11,2026-02-10 14:47:44,2026-02-10,Regular Season,0.41025,0.4166666666666667,0.39094650205761317,0.019303497942386838,-0.01540000000000008,0.58975,0.6491228070175439,0.6090534979423868,-0.019303497942386838,-0.0914662162162162,positive vig-free edge with nonpositive EV
NO_BET,,PTS,full_game,16.5,True,35.312381744384766,35.470377501964634,16.245134353637695,-0.06515288758960072,16.179981466048094,0.6420909777808131,78bf92243997831090f4e81bdc0a5d4d7ba172f90b72e1ee43b198174beb3eea,4000,42,Amen Thompson,1641708,Bovada,2026-02-11,2026-02-10 14:47:44,2026-02-10,Regular Season,0.46875,0.47619047619047616,0.4458598726114649,0.022890127388535075,-0.015625,0.53125,0.5918367346938775,0.554140127388535,-0.02289012738853502,-0.10237068965517238,positive vig-free edge with nonpositive EV
NO_BET,,PTS,full_game,14.5,True,35.312381744384766,35.470377501964634,16.245134353637695,-0.06515288758960072,16.179981466048094,0.6420909777808131,78bf92243997831090f4e81bdc0a5d4d7ba172f90b72e1ee43b198174beb3eea,4000,42,Amen Thompson,1641708,Bovada,2026-02-11,2026-02-10 14:47:44,2026-02-10,Regular Season,0.5905,0.6,0.5633187772925764,0.027181222707423625,-0.015833333333333366,0.4095,0.46511627906976744,0.43668122270742354,-0.02718122270742357,-0.1195750000000001,positive vig-free edge with nonpositive EV
NO_BET,,PTS,full_game,28.5,True,33.281917572021484,33.43991332960135,28.040685653686523,0.3074291481507988,28.348114801837323,0.6420909777808131,78bf92243997831090f4e81bdc0a5d4d7ba172f90b72e1ee43b198174beb3eea,4000,42,Kawhi Leonard,202695,BetRivers,2026-02-11,2026-02-10 14:47:44,2026-02-10,Regular Season,0.5035,0.5121951219512195,0.47623291740938806,0.02726708259061189,-0.01697619047619059,0.49650000000000005,0.5633187772925764,0.523767082590612,-0.027267082590611946,-0.11861627906976735,positive vig-free edge with nonpositive EV
NO_BET,,PTS,full_game,28.5,True,33.281917572021484,33.43991332960135,28.040685653686523,0.3074291481507988,28.348114801837323,0.6420909777808131,78bf92243997831090f4e81bdc0a5d4d7ba172f90b72e1ee43b198174beb3eea,4000,42,Kawhi Leonard,202695,BetMGM,2026-02-11,2026-02-10 14:47:44,2026-02-10,Regular Season,0.5035,0.5121951219512195,0.4796954314720812,0.023804568527918735,-0.01697619047619059,0.49650000000000005,0.5555555555555556,0.5203045685279188,-0.02380456852791879,-0.1062999999999999,positive vig-free edge with nonpositive EV
NO_BET,,PTS,full_game,15.5,True,35.312381744384766,35.470377501964634,16.245134353637695,-0.06515288758960072,16.179981466048094,0.6420909777808131,78bf92243997831090f4e81bdc0a5d4d7ba172f90b72e1ee43b198174beb3eea,4000,42,Amen Thompson,1641708,Bovada,2026-02-11,2026-02-10 14:47:44,2026-02-10,Regular Season,0.52575,0.5348837209302325,0.5,0.02575000000000005,-0.01707608695652174,0.47424999999999995,0.5348837209302325,0.5,-0.02575000000000005,-0.11335869565217405,positive vig-free edge with nonpositive EV
NO_BET,,PTS,full_game,15.5,True,35.312381744384766,35.470377501964634,16.245134353637695,-0.06515288758960072,16.179981466048094,0.6420909777808131,78bf92243997831090f4e81bdc0a5d4d7ba172f90b72e1ee43b198174beb3eea,4000,42,Amen Thompson,1641708,BetMGM,2026-02-11,2026-02-10 14:47:44,2026-02-10,Regular Season,0.52575,0.5348837209302325,0.5,0.02575000000000005,-0.01707608695652174,0.47424999999999995,0.5348837209302325,0.5,-0.02575000000000005,-0.11335869565217405,positive vig-free edge with nonpositive EV
NO_BET,,PTS,full_game,15.5,True,34.86334228515625,35.02133804273612,16.03276824951172,0.20245570815579692,16.235223957667515,0.6420909777808131,78bf92243997831090f4e81bdc0a5d4d7ba172f90b72e1ee43b198174beb3eea,4000,42,Mikal Bridges,1628969,FanDuel,2026-02-11,2026-02-10 14:47:44,2026-02-10,Regular Season,0.5255,0.5348837209302325,0.5041554124246831,0.021344587575316876,-0.017543478260869716,0.47450000000000003,0.5260663507109005,0.4958445875753168,-0.021344587575316765,-0.09802252252252242,positive vig-free edge with nonpositive EV
NO_BET,,PTS,full_game,24.5,True,36.754852294921875,37.26036782899071,24.79429054260254,0.06362298277379473,24.857913525376333,0.746175435493391,78bf92243997831090f4e81bdc0a5d4d7ba172f90b72e1ee43b198174beb3eea,4000,42,Kevin Durant,201142,BetOnline.ag,2026-02-11,2026-02-10 14:47:44,2026-02-10,Regular Season,0.512,0.5215311004784688,0.48974190636412124,0.022258093635878773,-0.01827522935779813,0.488,0.54337899543379,0.5102580936358787,-0.022258093635878717,-0.10191596638655459,positive vig-free edge with nonpositive EV
NO_BET,,PTS,full_game,12.5,True,29.479877471923828,29.459129977796845,14.371039390563965,0.1361857447098507,14.507225135273815,0.5327606694856868,78bf92243997831090f4e81bdc0a5d4d7ba172f90b72e1ee43b198174beb3eea,4000,42,John Collins,1628381,BetRivers,2026-02-11,2026-02-10 14:47:44,2026-02-10,Regular Season,0.607,0.6183206106870229,0.5729699775075789,0.03403002249242104,-0.018308641975308626,0.393,0.4608294930875576,0.427030022492421,-0.034030022492420986,-0.14719,positive vig-free edge with nonpositive EV
NO_BET,,PTS,full_game,8.5,True,25.646570205688477,25.625822711561497,8.9419584274292,0.24031090638376457,9.182269333812965,0.5327606694856868,78bf92243997831090f4e81bdc0a5d4d7ba172f90b72e1ee43b198174beb3eea,4000,42,Brook Lopez,201572,BetMGM,2026-02-11,2026-02-10 14:47:44,2026-02-10,Regular Season,0.525,0.5348837209302325,0.4970261697065821,0.027973830293417934,-0.018478260869565222,0.475,0.5412844036697247,0.5029738302934179,-0.027973830293417934,-0.12245762711864411,positive vig-free edge with nonpositive EV
NO_BET,,PTS,full_game,14.5,True,30.76344871520996,30.92144447278983,12.838892936706543,0.12794439092640422,12.966837327632946,0.6420909777808131,78bf92243997831090f4e81bdc0a5d4d7ba172f90b72e1ee43b198174beb3eea,4000,42,Josh Hart,1628404,Bovada,2026-02-11,2026-02-10 14:47:44,2026-02-10,Regular Season,0.38425,0.39215686274509803,0.3666469544648137,0.017603045535186268,-0.020162500000000083,0.61575,0.6774193548387096,0.6333530455351862,-0.017603045535186213,-0.09103571428571422,positive vig-free edge with nonpositive EV
NO_BET,,PTS,full_game,25.5,True,36.754852294921875,37.26036782899071,24.79429054260254,0.06362298277379473,24.857913525376333,0.746175435493391,78bf92243997831090f4e81bdc0a5d4d7ba172f90b72e1ee43b198174beb3eea,4000,42,Kevin Durant,201142,Bovada,2026-02-11,2026-02-10 14:47:44,2026-02-10,Regular Season,0.455,0.46511627906976744,0.43668122270742354,0.01831877729257647,-0.021749999999999936,0.5449999999999999,0.6,0.5633187772925764,-0.01831877729257647,-0.09166666666666679,positive vig-free edge with nonpositive EV
NO_BET,,PTS,full_game,19.5,True,33.44410705566406,33.60210281324393,20.194984436035156,0.07294718473312968,20.267931620768287,0.6420909777808131,78bf92243997831090f4e81bdc0a5d4d7ba172f90b72e1ee43b198174beb3eea,4000,42,Alperen Sengun,1630578,BetOnline.ag,2026-02-11,2026-02-10 14:47:44,2026-02-10,Regular Season,0.52075,0.5327102803738317,0.5,0.020750000000000046,-0.022451754385964806,0.47924999999999995,0.5327102803738317,0.5,-0.020750000000000046,-0.10035526315789478,positive vig-free edge with nonpositive EV
NO_BET,,PTS,full_game,17.5,True,31.398555755615234,31.556551513195103,17.533660888671875,-0.02355531864543738,17.510105570026436,0.6420909777808131,78bf92243997831090f4e81bdc0a5d4d7ba172f90b72e1ee43b198174beb3eea,4000,42,Andrew Nembhard,1629614,BetRivers,2026-02-11,2026-02-10 14:47:44,2026-02-10,Regular Season,0.50725,0.5192307692307693,0.48310139165009935,0.024148608349900624,-0.02307407407407408,0.49275,0.5555555555555556,0.5168986083499005,-0.024148608349900513,-0.11304999999999993,positive vig-free edge with nonpositive EV
NO_BET,,PTS,full_game,27.5,True,33.281917572021484,33.43991332960135,28.040685653686523,0.3074291481507988,28.348114801837323,0.6420909777808131,78bf92243997831090f4e81bdc0a5d4d7ba172f90b72e1ee43b198174beb3eea,4000,42,Kawhi Leonard,202695,BetRivers,2026-02-11,2026-02-10 14:47:44,2026-02-10,Regular Season,0.55025,0.5633187772925764,0.5226164254247954,0.027633574575204656,-0.0231996124031007,0.44975,0.5145631067961165,0.4773835745752045,-0.02763357457520449,-0.12595754716981133,positive vig-free edge with nonpositive EV
NO_BET,,PTS,full_game,26.5,True,35.58186340332031,35.73985916090018,26.810768127441406,0.13136201215950735,26.942130139600913,0.6420909777808131,78bf92243997831090f4e81bdc0a5d4d7ba172f90b72e1ee43b198174beb3eea,4000,42,Jalen Brunson,1628973,BetMGM,2026-02-11,2026-02-10 14:47:44,2026-02-10,Regular Season,0.5115,0.5238095238095238,0.48529411764705876,0.02620588235294119,-0.02350000000000002,0.48850000000000005,0.5555555555555556,0.5147058823529411,-0.02620588235294108,-0.12069999999999992,positive vig-free edge with nonpositive EV
NO_BET,,PTS,full_game,23.5,True,33.281917572021484,33.43991332960135,28.040685653686523,0.3074291481507988,28.348114801837323,0.6420909777808131,78bf92243997831090f4e81bdc0a5d4d7ba172f90b72e1ee43b198174beb3eea,4000,42,Kawhi Leonard,202695,Bovada,2026-02-11,2026-02-10 14:47:44,2026-02-10,Regular Season,0.716,0.7333333333333333,0.6875,0.02849999999999997,-0.023636363636363567,0.28400000000000003,0.3333333333333333,0.3125,-0.02849999999999997,-0.1479999999999999,positive vig-free edge with nonpositive EV
NO_BET,,PTS,full_game,13.5,True,28.257797241210938,28.237049747083955,13.542734146118164,0.10087858108346151,13.643612727201626,0.5327606694856868,78bf92243997831090f4e81bdc0a5d4d7ba172f90b72e1ee43b198174beb3eea,4000,42,Tari Eason,1631106,BetRivers,2026-02-11,2026-02-10 14:47:44,2026-02-10,Regular Season,0.48325,0.49504950495049505,0.461322848133297,0.02192715186670302,-0.023834999999999995,0.51675,0.5780590717299579,0.5386771518667031,-0.02192715186670302,-0.1060602189781022,positive vig-free edge with nonpositive EV
NO_BET,,PTS,full_game,16.5,True,35.312381744384766,35.470377501964634,16.245134353637695,-0.06515288758960072,16.179981466048094,0.6420909777808131,78bf92243997831090f4e81bdc0a5d4d7ba172f90b72e1ee43b198174beb3eea,4000,42,Amen Thompson,1641708,BetRivers,2026-02-11,2026-02-10 14:47:44,2026-02-10,Regular Season,0.46875,0.4807692307692308,0.44617156016119747,0.022578439838802533,-0.02499999999999991,0.53125,0.5967741935483871,0.5538284398388026,-0.02257843983880259,-0.10979729729729731,positive vig-free edge with nonpositive EV
NO_BET,,PTS,full_game,9.5,True,30.76344871520996,30.92144447278983,12.838892936706543,0.12794439092640422,12.966837327632946,0.6420909777808131,78bf92243997831090f4e81bdc0a5d4d7ba172f90b72e1ee43b198174beb3eea,4000,42,Josh Hart,1628404,Bovada,2026-02-11,2026-02-10 14:47:44,2026-02-10,Regular Season,0.718,0.7368421052631579,0.6920583468395461,0.025941653160453826,-0.02557142857142858,0.28200000000000003,0.32786885245901637,0.3079416531604538,-0.02594165316045377,-0.1398999999999999,positive vig-free edge with nonpositive EV
NO_BET,,PTS,full_game,11.5,True,28.708255767822266,28.687508273695283,13.565969467163086,-0.053490531081248,13.512478936081838,0.5327606694856868,78bf92243997831090f4e81bdc0a5d4d7ba172f90b72e1ee43b198174beb3eea,4000,42,Aaron Nesmith,1630174,Bovada,2026-02-11,2026-02-10 14:47:44,2026-02-10,Regular Season,0.63775,0.6551724137931034,0.6161482461945731,0.02160175380542695,-0.026592105263157917,0.36224999999999996,0.40816326530612246,0.3838517538054269,-0.02160175380542695,-0.11248750000000007,positive vig-free edge with nonpositive EV
NO_BET,,PTS,full_game,15.5,True,30.76344871520996,30.92144447278983,12.838892936706543,0.12794439092640422,12.966837327632946,0.6420909777808131,78bf92243997831090f4e81bdc0a5d4d7ba172f90b72e1ee43b198174beb3eea,4000,42,Josh Hart,1628404,Bovada,2026-02-11,2026-02-10 14:47:44,2026-02-10,Regular Season,0.32375,0.3333333333333333,0.3125,0.011249999999999982,-0.028750000000000053,0.67625,0.7333333333333333,0.6875,-0.011249999999999982,-0.07784090909090899,positive vig-free edge with nonpositive EV
NO_BET,,PTS,full_game,15.5,True,34.86334228515625,35.02133804273612,16.03276824951172,0.20245570815579692,16.235223957667515,0.6420909777808131,78bf92243997831090f4e81bdc0a5d4d7ba172f90b72e1ee43b198174beb3eea,4000,42,Mikal Bridges,1628969,BetMGM,2026-02-11,2026-02-10 14:47:44,2026-02-10,Regular Season,0.5255,0.5412844036697247,0.5082034454470877,0.017296554552912236,-0.02916101694915263,0.47450000000000003,0.5238095238095238,0.49179655455291227,-0.017296554552912236,-0.09413636363636352,positive vig-free edge with nonpositive EV
NO_BET,,PTS,full_game,18.5,True,35.312381744384766,35.470377501964634,16.245134353637695,-0.06515288758960072,16.179981466048094,0.6420909777808131,78bf92243997831090f4e81bdc0a5d4d7ba172f90b72e1ee43b198174beb3eea,4000,42,Amen Thompson,1641708,Bovada,2026-02-11,2026-02-10 14:47:44,2026-02-10,Regular Season,0.353,0.36363636363636365,0.33999999999999997,0.013000000000000012,-0.029249999999999998,0.647,0.7058823529411765,0.66,-0.013000000000000012,-0.08341666666666658,positive vig-free edge with nonpositive EV
NO_BET,,PTS,full_game,23.5,True,35.58186340332031,35.73985916090018,26.810768127441406,0.13136201215950735,26.942130139600913,0.6420909777808131,78bf92243997831090f4e81bdc0a5d4d7ba172f90b72e1ee43b198174beb3eea,4000,42,Jalen Brunson,1628973,Bovada,2026-02-11,2026-02-10 14:47:44,2026-02-10,Regular Season,0.66225,0.6825396825396826,0.6395881006864989,0.022661899313501155,-0.02972674418604654,0.33775,0.38461538461538464,0.36041189931350115,-0.022661899313501155,-0.12185000000000001,positive vig-free edge with nonpositive EV
NO_BET,,PTS,full_game,24.5,True,35.58186340332031,35.73985916090018,26.810768127441406,0.13136201215950735,26.942130139600913,0.6420909777808131,78bf92243997831090f4e81bdc0a5d4d7ba172f90b72e1ee43b198174beb3eea,4000,42,Jalen Brunson,1628973,Bovada,2026-02-11,2026-02-10 14:47:44,2026-02-10,Regular Season,0.61075,0.6296296296296297,0.5915279878971256,0.01922201210287444,-0.029985294117646943,0.38925,0.43478260869565216,0.40847201210287437,-0.019222012102874386,-0.10472500000000007,positive vig-free edge with nonpositive EV
NO_BET,,PTS,full_game,13.5,True,28.385847091674805,28.36509959754782,14.579264640808105,0.054372315446983385,14.633636956255089,0.5327606694856868,78bf92243997831090f4e81bdc0a5d4d7ba172f90b72e1ee43b198174beb3eea,4000,42,Jalen Suggs,1630591,FanDuel,2026-02-12,2026-02-10 14:47:44,2026-02-10,Regular Season,0.5445,0.5614035087719298,0.5240847784200385,0.02041522157996145,-0.03010937500000005,0.4555,0.5098039215686274,0.47591522157996147,-0.02041522157996145,-0.1065192307692307,positive vig-free edge with nonpositive EV
NO_BET,,PTS,full_game,16.5,True,31.398555755615234,31.556551513195103,17.533660888671875,-0.02355531864543738,17.510105570026436,0.6420909777808131,78bf92243997831090f4e81bdc0a5d4d7ba172f90b72e1ee43b198174beb3eea,4000,42,Andrew Nembhard,1629614,BetRivers,2026-02-11,2026-02-10 14:47:44,2026-02-10,Regular Season,0.564,0.5815899581589958,0.5401900804186387,0.02380991958136125,-0.030244604316546853,0.43600000000000005,0.49504950495049505,0.45980991958136136,-0.023809919581361305,-0.11927999999999989,positive vig-free edge with nonpositive EV
NO_BET,,PTS,full_game,26.5,True,33.281917572021484,33.43991332960135,28.040685653686523,0.3074291481507988,28.348114801837323,0.6420909777808131,78bf92243997831090f4e81bdc0a5d4d7ba172f90b72e1ee43b198174beb3eea,4000,42,Kawhi Leonard,202695,BetRivers,2026-02-11,2026-02-10 14:47:44,2026-02-10,Regular Season,0.59875,0.6183206106870229,0.5729699775075789,0.025780022492421062,-0.0316512345679012,0.40125,0.4608294930875576,0.427030022492421,-0.025780022492421006,-0.12928750000000006,positive vig-free edge with nonpositive EV
NO_BET,,PTS,full_game,11.5,True,26.00608253479004,25.98533504066306,12.314241409301758,-0.13826522363502944,12.175976185666729,0.5327606694856868,78bf92243997831090f4e81bdc0a5d4d7ba172f90b72e1ee43b198174beb3eea,4000,42,Kyle Kuzma,1628398,FanDuel,2026-02-12,2026-02-10 14:47:44,2026-02-10,Regular Season,0.528,0.5454545454545454,0.5101214574898786,0.017878542510121442,-0.03199999999999986,0.472,0.5238095238095238,0.48987854251012153,-0.017878542510121553,-0.09890909090909089,positive vig-free edge with nonpositive EV
NO_BET,,PTS,full_game,22.5,True,35.58186340332031,35.73985916090018,26.810768127441406,0.13136201215950735,26.942130139600913,0.6420909777808131,78bf92243997831090f4e81bdc0a5d4d7ba172f90b72e1ee43b198174beb3eea,4000,42,Jalen Brunson,1628973,Bovada,2026-02-11,2026-02-10 14:47:44,2026-02-10,Regular Season,0.70875,0.7333333333333333,0.6875,0.02124999999999999,-0.033522727272727204,0.29125,0.3333333333333333,0.3125,-0.02124999999999999,-0.12624999999999997,positive vig-free edge with nonpositive EV
NO_BET,,PTS,full_game,12.5,True,30.76344871520996,30.92144447278983,12.838892936706543,0.12794439092640422,12.966837327632946,0.6420909777808131,78bf92243997831090f4e81bdc0a5d4d7ba172f90b72e1ee43b198174beb3eea,4000,42,Josh Hart,1628404,DraftKings,2026-02-11,2026-02-10 14:47:44,2026-02-10,Regular Season,0.52275,0.5412844036697247,0.510397604391948,0.012352395608052014,-0.03424152542372877,0.47724999999999995,0.5192307692307693,0.4896023956080519,-0.012352395608051958,-0.0808518518518519,positive vig-free edge with nonpositive EV
NO_BET,,PTS,full_game,12.5,True,30.76344871520996,30.92144447278983,12.838892936706543,0.12794439092640422,12.966837327632946,0.6420909777808131,78bf92243997831090f4e81bdc0a5d4d7ba172f90b72e1ee43b198174beb3eea,4000,42,Josh Hart,1628404,BetMGM,2026-02-11,2026-02-10 14:47:44,2026-02-10,Regular Season,0.52275,0.5412844036697247,0.5029738302934179,0.019776169706582136,-0.03424152542372877,0.47724999999999995,0.5348837209302325,0.4970261697065821,-0.019776169706582136,-0.10775000000000018,positive vig-free edge with nonpositive EV
NO_BET,,PTS,full_game,24.5,True,36.754852294921875,37.26036782899071,24.79429054260254,0.06362298277379473,24.857913525376333,0.746175435493391,78bf92243997831090f4e81bdc0a5d4d7ba172f90b72e1ee43b198174beb3eea,4000,42,Kevin Durant,201142,FanDuel,2026-02-11,2026-02-10 14:47:44,2026-02-10,Regular Season,0.512,0.5305164319248826,0.5,0.01200000000000001,-0.03490265486725658,0.488,0.5305164319248826,0.5,-0.01200000000000001,-0.080141592920354,positive vig-free edge with nonpositive EV
NO_BET,,PTS,full_game,26.5,True,36.754852294921875,37.26036782899071,24.79429054260254,0.06362298277379473,24.857913525376333,0.746175435493391,78bf92243997831090f4e81bdc0a5d4d7ba172f90b72e1ee43b198174beb3eea,4000,42,Kevin Durant,201142,Bovada,2026-02-11,2026-02-10 14:47:44,2026-02-10,Regular Season,0.402,0.4166666666666667,0.39094650205761317,0.011053497942386858,-0.03520000000000001,0.598,0.6491228070175439,0.6090534979423868,-0.011053497942386858,-0.07875675675675675,positive vig-free edge with nonpositive EV
NO_BET,,PTS,full_game,10.5,True,28.708255767822266,28.687508273695283,13.565969467163086,-0.053490531081248,13.512478936081838,0.5327606694856868,78bf92243997831090f4e81bdc0a5d4d7ba172f90b72e1ee43b198174beb3eea,4000,42,Aaron Nesmith,1630174,Bovada,2026-02-11,2026-02-10 14:47:44,2026-02-10,Regular Season,0.70725,0.7333333333333333,0.6875,0.019750000000000045,-0.035568181818181666,0.29274999999999995,0.3333333333333333,0.3125,-0.019750000000000045,-0.12175000000000014,positive vig-free edge with nonpositive EV
NO_BET,,PTS,full_game,26.5,True,35.58186340332031,35.73985916090018,26.810768127441406,0.13136201215950735,26.942130139600913,0.6420909777808131,78bf92243997831090f4e81bdc0a5d4d7ba172f90b72e1ee43b198174beb3eea,4000,42,Jalen Brunson,1628973,DraftKings,2026-02-11,2026-02-10 14:47:44,2026-02-10,Regular Season,0.5115,0.5305164319248826,0.5,0.011499999999999955,-0.03584513274336287,0.48850000000000005,0.5305164319248826,0.5,-0.011499999999999955,-0.0791991150442477,positive vig-free edge with nonpositive EV
NO_BET,,PTS,full_game,31.5,True,33.281917572021484,33.43991332960135,28.040685653686523,0.3074291481507988,28.348114801837323,0.6420909777808131,78bf92243997831090f4e81bdc0a5d4d7ba172f90b72e1ee43b198174beb3eea,4000,42,Kawhi Leonard,202695,Bovada,2026-02-11,2026-02-10 14:47:44,2026-02-10,Regular Season,0.357,0.37037037037037035,0.34700315457413244,0.00999684542586754,-0.03610000000000002,0.643,0.696969696969697,0.6529968454258674,-0.009996845425867429,-0.07743478260869568,positive vig-free edge with nonpositive EV
NO_BET,,PTS,full_game,13.5,True,26.098896026611328,26.07814853248435,12.600076675415039,0.18404571362012181,12.784122389035161,0.5327606694856868,78bf92243997831090f4e81bdc0a5d4d7ba172f90b72e1ee43b198174beb3eea,4000,42,Deandre Ayton,1629028,BetRivers,2026-02-11,2026-02-10 14:47:44,2026-02-10,Regular Season,0.43775,0.45454545454545453,0.42197452229299365,0.015775477707006325,-0.03694999999999993,0.56225,0.6226415094339622,0.5780254777070064,-0.01577547770700638,-0.09699242424242427,positive vig-free edge with nonpositive EV
NO_BET,,PTS,full_game,12.5,True,28.257797241210938,28.237049747083955,13.542734146118164,0.10087858108346151,13.643612727201626,0.5327606694856868,78bf92243997831090f4e81bdc0a5d4d7ba172f90b72e1ee43b198174beb3eea,4000,42,Tari Eason,1631106,BetMGM,2026-02-11,2026-02-10 14:47:44,2026-02-10,Regular Season,0.544,0.5652173913043478,0.5246062992125985,0.019393700787401547,-0.03753846153846152,0.45599999999999996,0.5121951219512195,0.4753937007874017,-0.019393700787401713,-0.10971428571428582,positive vig-free edge with nonpositive EV
NO_BET,,PTS,full_game,12.5,True,26.098896026611328,26.07814853248435,12.600076675415039,0.18404571362012181,12.784122389035161,0.5327606694856868,78bf92243997831090f4e81bdc0a5d4d7ba172f90b72e1ee43b198174beb3eea,4000,42,Deandre Ayton,1629028,DraftKings,2026-02-11,2026-02-10 14:47:44,2026-02-10,Regular Season,0.508,0.5283018867924528,0.4979225527671597,0.01007744723284032,-0.03842857142857142,0.492,0.5327102803738317,0.5020774472328402,-0.010077447232840209,-0.07642105263157895,positive vig-free edge with nonpositive EV
NO_BET,,PTS,full_game,7.5,True,25.646570205688477,25.625822711561497,8.9419584274292,0.24031090638376457,9.182269333812965,0.5327606694856868,78bf92243997831090f4e81bdc0a5d4d7ba172f90b72e1ee43b198174beb3eea,4000,42,Brook Lopez,201572,BetRivers,2026-02-11,2026-02-10 14:47:44,2026-02-10,Regular Season,0.601,0.6254681647940075,0.5791298865069356,0.021870113493064336,-0.03911976047904203,0.399,0.45454545454545453,0.4208701134930643,-0.02187011349306428,-0.12219999999999986,positive vig-free edge with nonpositive EV
NO_BET,,PTS,full_game,19.5,True,31.883068084716797,32.041063842296666,19.690134048461914,0.28171306674970437,19.97184711521162,0.6420909777808131,78bf92243997831090f4e81bdc0a5d4d7ba172f90b72e1ee43b198174beb3eea,4000,42,Karl-Anthony Towns,1626157,BetRivers,2026-02-11,2026-02-10 14:47:44,2026-02-10,Regular Season,0.52575,0.5475113122171946,0.5078823946715012,0.017867605328498848,-0.03974586776859501,0.47424999999999995,0.5305164319248826,0.49211760532849874,-0.017867605328498792,-0.10605973451327438,positive vig-free edge with nonpositive EV
NO_BET,,PTS,full_game,12.5,True,35.312381744384766,35.470377501964634,16.245134353637695,-0.06515288758960072,16.179981466048094,0.6420909777808131,78bf92243997831090f4e81bdc0a5d4d7ba172f90b72e1ee43b198174beb3eea,4000,42,Amen Thompson,1641708,Bovada,2026-02-11,2026-02-10 14:47:44,2026-02-10,Regular Season,0.69325,0.7222222222222222,0.6768402154398564,0.016409784560143637,-0.04011538461538461,0.30674999999999997,0.3448275862068966,0.32315978456014366,-0.016409784560143692,-0.1104250000000001,positive vig-free edge with nonpositive EV
NO_BET,,PTS,full_game,15.5,True,34.86334228515625,35.02133804273612,16.03276824951172,0.20245570815579692,16.235223957667515,0.6420909777808131,78bf92243997831090f4e81bdc0a5d4d7ba172f90b72e1ee43b198174beb3eea,4000,42,Mikal Bridges,1628969,DraftKings,2026-02-11,2026-02-10 14:47:44,2026-02-10,Regular Season,0.5255,0.5475113122171946,0.5166631951676735,0.008836804832326517,-0.04020247933884308,0.47450000000000003,0.5121951219512195,0.4833368048323266,-0.008836804832326572,-0.07359523809523805,positive vig-free edge with nonpositive EV
NO_BET,,PTS,full_game,13.5,True,35.312381744384766,35.470377501964634,16.245134353637695,-0.06515288758960072,16.179981466048094,0.6420909777808131,78bf92243997831090f4e81bdc0a5d4d7ba172f90b72e1ee43b198174beb3eea,4000,42,Amen Thompson,1641708,Bovada,2026-02-11,2026-02-10 14:47:44,2026-02-10,Regular Season,0.6395,0.6666666666666666,0.625,0.014499999999999957,-0.040750000000000064,0.36050000000000004,0.4,0.375,-0.014499999999999957,-0.0987499999999999,positive vig-free edge with nonpositive EV
NO_BET,,PTS,full_game,12.5,True,28.708255767822266,28.687508273695283,13.565969467163086,-0.053490531081248,13.512478936081838,0.5327606694856868,78bf92243997831090f4e81bdc0a5d4d7ba172f90b72e1ee43b198174beb3eea,4000,42,Aaron Nesmith,1630174,Bovada,2026-02-11,2026-02-10 14:47:44,2026-02-10,Regular Season,0.5675,0.5918367346938775,0.554140127388535,0.013359872611464985,-0.041120689655172404,0.4325,0.47619047619047616,0.4458598726114649,-0.013359872611464929,-0.09175,positive vig-free edge with nonpositive EV
NO_BET,,PTS,full_game,10.5,True,28.257797241210938,28.237049747083955,13.542734146118164,0.10087858108346151,13.643612727201626,0.5327606694856868,78bf92243997831090f4e81bdc0a5d4d7ba172f90b72e1ee43b198174beb3eea,4000,42,Tari Eason,1631106,Bovada,2026-02-11,2026-02-10 14:47:44,2026-02-10,Regular Season,0.692,0.7222222222222222,0.6768402154398564,0.015159784560143552,-0.04184615384615392,0.30800000000000005,0.3448275862068966,0.32315978456014366,-0.015159784560143608,-0.1067999999999999,positive vig-free edge with nonpositive EV
NO_BET,,PTS,full_game,27.5,True,36.754852294921875,37.26036782899071,24.79429054260254,0.06362298277379473,24.857913525376333,0.746175435493391,78bf92243997831090f4e81bdc0a5d4d7ba172f90b72e1ee43b198174beb3eea,4000,42,Kevin Durant,201142,Bovada,2026-02-11,2026-02-10 14:47:44,2026-02-10,Regular Season,0.35475,0.37037037037037035,0.34700315457413244,0.007746845425867566,-0.04217499999999996,0.64525,0.696969696969697,0.6529968454258674,-0.007746845425867455,-0.0742065217391305,positive vig-free edge with nonpositive EV
NO_BET,,PTS,full_game,12.5,True,26.098896026611328,26.07814853248435,12.600076675415039,0.18404571362012181,12.784122389035161,0.5327606694856868,78bf92243997831090f4e81bdc0a5d4d7ba172f90b72e1ee43b198174beb3eea,4000,42,Deandre Ayton,1629028,BetRivers,2026-02-11,2026-02-10 14:47:44,2026-02-10,Regular Season,0.508,0.5305164319248826,0.49211760532849874,0.015882394671501265,-0.042442477876106166,0.492,0.5475113122171946,0.5078823946715012,-0.01588239467150121,-0.10138842975206619,positive vig-free edge with nonpositive EV
NO_BET,,PTS,full_game,13.5,True,28.257797241210938,28.237049747083955,13.542734146118164,0.10087858108346151,13.643612727201626,0.5327606694856868,78bf92243997831090f4e81bdc0a5d4d7ba172f90b72e1ee43b198174beb3eea,4000,42,Tari Eason,1631106,DraftKings,2026-02-11,2026-02-10 14:47:44,2026-02-10,Regular Season,0.48325,0.504950495049505,0.47614107883817425,0.007108921161825765,-0.042975490196078436,0.51675,0.5555555555555556,0.5238589211618258,-0.00710892116182571,-0.06984999999999997,positive vig-free edge with nonpositive EV
NO_BET,,PTS,full_game,13.5,True,28.708255767822266,28.687508273695283,13.565969467163086,-0.053490531081248,13.512478936081838,0.5327606694856868,78bf92243997831090f4e81bdc0a5d4d7ba172f90b72e1ee43b198174beb3eea,4000,42,Aaron Nesmith,1630174,Bovada,2026-02-11,2026-02-10 14:47:44,2026-02-10,Regular Season,0.501,0.5238095238095238,0.48987854251012153,0.011121457489878472,-0.0435454545454545,0.499,0.5454545454545454,0.5101214574898786,-0.011121457489878583,-0.08516666666666661,positive vig-free edge with nonpositive EV
NO_BET,,PTS,full_game,26.5,True,35.58186340332031,35.73985916090018,26.810768127441406,0.13136201215950735,26.942130139600913,0.6420909777808131,78bf92243997831090f4e81bdc0a5d4d7ba172f90b72e1ee43b198174beb3eea,4000,42,Jalen Brunson,1628973,Bovada,2026-02-11,2026-02-10 14:47:44,2026-02-10,Regular Season,0.5115,0.5348837209302325,0.5,0.011499999999999955,-0.043717391304347986,0.48850000000000005,0.5348837209302325,0.5,-0.011499999999999955,-0.0867173913043478,positive vig-free edge with nonpositive EV
NO_BET,,PTS,full_game,12.5,True,28.257797241210938,28.237049747083955,13.542734146118164,0.10087858108346151,13.643612727201626,0.5327606694856868,78bf92243997831090f4e81bdc0a5d4d7ba172f90b72e1ee43b198174beb3eea,4000,42,Tari Eason,1631106,BetRivers,2026-02-11,2026-02-10 14:47:44,2026-02-10,Regular Season,0.544,0.5689655172413793,0.5274208712002507,0.01657912879974932,-0.043878787878787795,0.45599999999999996,0.5098039215686274,0.4725791287997492,-0.016579128799749265,-0.10553846153846153,positive vig-free edge with nonpositive EV
NO_BET,,PTS,full_game,18.5,True,31.883068084716797,32.041063842296666,19.690134048461914,0.28171306674970437,19.97184711521162,0.6420909777808131,78bf92243997831090f4e81bdc0a5d4d7ba172f90b72e1ee43b198174beb3eea,4000,42,Karl-Anthony Towns,1626157,BetRivers,2026-02-11,2026-02-10 14:47:44,2026-02-10,Regular Season,0.58575,0.6138996138996139,0.5689439960056586,0.0168060039943414,-0.04585377358490578,0.41425,0.46511627906976744,0.43105600399434135,-0.016806003994341345,-0.10936250000000003,positive vig-free edge with nonpositive EV
NO_BET,,PTS,full_game,26.5,True,35.58186340332031,35.73985916090018,26.810768127441406,0.13136201215950735,26.942130139600913,0.6420909777808131,78bf92243997831090f4e81bdc0a5d4d7ba172f90b72e1ee43b198174beb3eea,4000,42,Jalen Brunson,1628973,BetOnline.ag,2026-02-11,2026-02-10 14:47:44,2026-02-10,Regular Season,0.5115,0.5370370370370371,0.5051597457277305,0.006340254272269474,-0.04755172413793113,0.48850000000000005,0.5260663507109005,0.4948402542722694,-0.006340254272269363,-0.07140990990990975,positive vig-free edge with nonpositive EV
NO_BET,,PTS,full_game,11.5,True,28.257797241210938,28.237049747083955,13.542734146118164,0.10087858108346151,13.643612727201626,0.5327606694856868,78bf92243997831090f4e81bdc0a5d4d7ba172f90b72e1ee43b198174beb3eea,4000,42,Tari Eason,1631106,Bovada,2026-02-11,2026-02-10 14:47:44,2026-02-10,Regular Season,0.6175,0.6491228070175439,0.6090534979423868,0.008446502057613214,-0.048716216216216135,0.38249999999999995,0.4166666666666667,0.39094650205761317,-0.008446502057613214,-0.08200000000000018,positive vig-free edge with nonpositive EV
NO_BET,,PTS,full_game,19.5,True,31.883068084716797,32.041063842296666,19.690134048461914,0.28171306674970437,19.97184711521162,0.6420909777808131,78bf92243997831090f4e81bdc0a5d4d7ba172f90b72e1ee43b198174beb3eea,4000,42,Karl-Anthony Towns,1626157,DraftKings,2026-02-11,2026-02-10 14:47:44,2026-02-10,Regular Season,0.52575,0.5535714285714286,0.5217643644805572,0.003985635519442865,-0.050258064516128964,0.47424999999999995,0.5073891625615764,0.47823563551944287,-0.0039856355194429205,-0.06531310679611657,positive vig-free edge with nonpositive EV
NO_BET,,PTS,full_game,15.5,True,35.312381744384766,35.470377501964634,16.245134353637695,-0.06515288758960072,16.179981466048094,0.6420909777808131,78bf92243997831090f4e81bdc0a5d4d7ba172f90b72e1ee43b198174beb3eea,4000,42,Amen Thompson,1641708,BetRivers,2026-02-11,2026-02-10 14:47:44,2026-02-10,Regular Season,0.52575,0.5535714285714286,0.5138121546961325,0.011937845303867545,-0.050258064516128964,0.47424999999999995,0.5238095238095238,0.4861878453038673,-0.011937845303867378,-0.0946136363636364,positive vig-free edge with nonpositive EV
NO_BET,,PTS,full_game,11.5,True,26.098896026611328,26.07814853248435,12.600076675415039,0.18404571362012181,12.784122389035161,0.5327606694856868,78bf92243997831090f4e81bdc0a5d4d7ba172f90b72e1ee43b198174beb3eea,4000,42,Deandre Ayton,1629028,BetRivers,2026-02-11,2026-02-10 14:47:44,2026-02-10,Regular Season,0.5825,0.6138996138996139,0.5700816678839387,0.012418332116061359,-0.05114779874213843,0.4175,0.46296296296296297,0.4299183321160614,-0.012418332116061415,-0.09819999999999995,positive vig-free edge with nonpositive EV
NO_BET,,PTS,full_game,16.5,True,31.883068084716797,32.041063842296666,19.690134048461914,0.28171306674970437,19.97184711521162,0.6420909777808131,78bf92243997831090f4e81bdc0a5d4d7ba172f90b72e1ee43b198174beb3eea,4000,42,Karl-Anthony Towns,1626157,Bovada,2026-02-11,2026-02-10 14:47:44,2026-02-10,Regular Season,0.70475,0.7435897435897436,0.6974398758727697,0.007310124127230311,-0.05223275862068966,0.29525,0.3225806451612903,0.30256012412723043,-0.007310124127230422,-0.08472499999999994,positive vig-free edge with nonpositive EV
NO_BET,,PTS,full_game,12.5,True,28.257797241210938,28.237049747083955,13.542734146118164,0.10087858108346151,13.643612727201626,0.5327606694856868,78bf92243997831090f4e81bdc0a5d4d7ba172f90b72e1ee43b198174beb3eea,4000,42,Tari Eason,1631106,Bovada,2026-02-11,2026-02-10 14:47:44,2026-02-10,Regular Season,0.544,0.574468085106383,0.5407914020517831,0.003208597948216929,-0.053037037037036994,0.45599999999999996,0.4878048780487805,0.4592085979482169,-0.003208597948216929,-0.06520000000000015,positive vig-free edge with nonpositive EV
NO_BET,,PTS,full_game,8.5,True,21.72466278076172,21.927448626600956,8.938817977905273,-0.03105920432320333,8.90775877358207,0.4915060991395564,78bf92243997831090f4e81bdc0a5d4d7ba172f90b72e1ee43b198174beb3eea,4000,42,Daniel Gafford,1629655,FanDuel,2026-02-11,2026-02-10 14:47:44,2026-02-10,Regular Season,0.50225,0.5305164319248826,0.5,0.0022499999999999742,-0.053280973451327485,0.49775,0.5305164319248826,0.5,-0.0022499999999999742,-0.06176327433628309,positive vig-free edge with nonpositive EV
NO_BET,,PTS,full_game,20.5,True,31.883068084716797,32.041063842296666,19.690134048461914,0.28171306674970437,19.97184711521162,0.6420909777808131,78bf92243997831090f4e81bdc0a5d4d7ba172f90b72e1ee43b198174beb3eea,4000,42,Karl-Anthony Towns,1626157,BetRivers,2026-02-11,2026-02-10 14:47:44,2026-02-10,Regular Season,0.46175,0.4878048780487805,0.4532313718175883,0.00851862818241167,-0.053412500000000085,0.53825,0.588477366255144,0.5467686281824116,-0.008518628182411558,-0.08535139860139868,positive vig-free edge with nonpositive EV
NO_BET,,PTS,full_game,15.5,True,34.86334228515625,35.02133804273612,16.03276824951172,0.20245570815579692,16.235223957667515,0.6420909777808131,78bf92243997831090f4e81bdc0a5d4d7ba172f90b72e1ee43b198174beb3eea,4000,42,Mikal Bridges,1628969,BetOnline.ag,2026-02-11,2026-02-10 14:47:44,2026-02-10,Regular Season,0.5255,0.5555555555555556,0.5226570545829042,0.0028429454170957325,-0.05410000000000004,0.47450000000000003,0.5073891625615764,0.4773429454170958,-0.002842945417095788,-0.06482038834951448,positive vig-free edge with nonpositive EV
NO_BET,,PTS,full_game,28.5,True,36.754852294921875,37.26036782899071,24.79429054260254,0.06362298277379473,24.857913525376333,0.746175435493391,78bf92243997831090f4e81bdc0a5d4d7ba172f90b72e1ee43b198174beb3eea,4000,42,Kevin Durant,201142,Bovada,2026-02-11,2026-02-10 14:47:44,2026-02-10,Regular Season,0.30975,0.32786885245901637,0.3079416531604538,0.0018083468395462265,-0.05526249999999999,0.69025,0.7368421052631579,0.6920583468395461,-0.0018083468395461155,-0.06323214285714282,positive vig-free edge with nonpositive EV
NO_BET,,PTS,full_game,13.5,True,28.708255767822266,28.687508273695283,13.565969467163086,-0.053490531081248,13.512478936081838,0.5327606694856868,78bf92243997831090f4e81bdc0a5d4d7ba172f90b72e1ee43b198174beb3eea,4000,42,Aaron Nesmith,1630174,DraftKings,2026-02-11,2026-02-10 14:47:44,2026-02-10,Regular Season,0.501,0.5305164319248826,0.5,0.0010000000000000009,-0.05563716814159292,0.499,0.5305164319248826,0.5,-0.0010000000000000009,-0.05940707964601766,positive vig-free edge with nonpositive EV
NO_BET,,PTS,full_game,9.5,True,21.72466278076172,21.927448626600956,8.938817977905273,-0.03105920432320333,8.90775877358207,0.4915060991395564,78bf92243997831090f4e81bdc0a5d4d7ba172f90b72e1ee43b198174beb3eea,4000,42,Daniel Gafford,1629655,BetRivers,2026-02-11,2026-02-10 14:47:44,2026-02-10,Regular Season,0.44125,0.4672897196261682,0.43340416202907345,0.007845837970926528,-0.05572500000000025,0.5587500000000001,0.6108949416342413,0.5665958379709265,-0.007845837970926417,-0.0853582802547771,positive vig-free edge with nonpositive EV
NO_BET,,PTS,full_game,14.5,True,35.312381744384766,35.470377501964634,16.245134353637695,-0.06515288758960072,16.179981466048094,0.6420909777808131,78bf92243997831090f4e81bdc0a5d4d7ba172f90b72e1ee43b198174beb3eea,4000,42,Amen Thompson,1641708,BetRivers,2026-02-11,2026-02-10 14:47:44,2026-02-10,Regular Season,0.5905,0.6254681647940075,0.5791298865069356,0.011370113493064382,-0.055907185628742584,0.4095,0.45454545454545453,0.4208701134930643,-0.011370113493064327,-0.09909999999999997,positive vig-free edge with nonpositive EV
NO_BET,,PTS,full_game,13.5,True,28.257797241210938,28.237049747083955,13.542734146118164,0.10087858108346151,13.643612727201626,0.5327606694856868,78bf92243997831090f4e81bdc0a5d4d7ba172f90b72e1ee43b198174beb3eea,4000,42,Tari Eason,1631106,Bovada,2026-02-11,2026-02-10 14:47:44,2026-02-10,Regular Season,0.48325,0.5121951219512195,0.4796954314720812,0.0035545685279188,-0.05651190476190482,0.51675,0.5555555555555556,0.5203045685279188,-0.0035545685279188,-0.06984999999999997,positive vig-free edge with nonpositive EV
NO_BET,,PTS,full_game,20.5,True,31.883068084716797,32.041063842296666,19.690134048461914,0.28171306674970437,19.97184711521162,0.6420909777808131,78bf92243997831090f4e81bdc0a5d4d7ba172f90b72e1ee43b198174beb3eea,4000,42,Karl-Anthony Towns,1626157,FanDuel,2026-02-11,2026-02-10 14:47:44,2026-02-10,Regular Season,0.46175,0.49019607843137253,0.46281519310564956,-0.0010651931056495645,-0.05802999999999997,0.53825,0.5689655172413793,0.5371848068943506,0.0010651931056494535,-0.05398484848484847,positive vig-free edge with nonpositive EV
NO_BET,,PTS,full_game,32.5,True,33.281917572021484,33.43991332960135,28.040685653686523,0.3074291481507988,28.348114801837323,0.6420909777808131,78bf92243997831090f4e81bdc0a5d4d7ba172f90b72e1ee43b198174beb3eea,4000,42,Kawhi Leonard,202695,Bovada,2026-02-11,2026-02-10 14:47:44,2026-02-10,Regular Season,0.30875,0.32786885245901637,0.3079416531604538,0.0008083468395462257,-0.05831249999999988,0.6912499999999999,0.7368421052631579,0.6920583468395461,-0.0008083468395462257,-0.06187500000000001,positive vig-free edge with nonpositive EV
NO_BET,,PTS,full_game,14.5,True,28.708255767822266,28.687508273695283,13.565969467163086,-0.053490531081248,13.512478936081838,0.5327606694856868,78bf92243997831090f4e81bdc0a5d4d7ba172f90b72e1ee43b198174beb3eea,4000,42,Aaron Nesmith,1630174,Bovada,2026-02-11,2026-02-10 14:47:44,2026-02-10,Regular Season,0.427,0.45454545454545453,0.4248366013071895,0.0021633986928105142,-0.060599999999999876,0.573,0.6153846153846154,0.5751633986928104,-0.0021633986928104587,-0.06887500000000002,positive vig-free edge with nonpositive EV
NO_BET,,PTS,full_game,12.5,True,26.098896026611328,26.07814853248435,12.600076675415039,0.18404571362012181,12.784122389035161,0.5327606694856868,78bf92243997831090f4e81bdc0a5d4d7ba172f90b72e1ee43b198174beb3eea,4000,42,Deandre Ayton,1629028,BetMGM,2026-02-11,2026-02-10 14:47:44,2026-02-10,Regular Season,0.508,0.5412844036697247,0.5082034454470877,-0.0002034454470877245,-0.06149152542372882,0.492,0.5238095238095238,0.49179655455291227,0.0002034454470877245,-0.060727272727272685,positive vig-free edge with nonpositive EV
NO_BET,,PTS,full_game,17.5,True,31.883068084716797,32.041063842296666,19.690134048461914,0.28171306674970437,19.97184711521162,0.6420909777808131,78bf92243997831090f4e81bdc0a5d4d7ba172f90b72e1ee43b198174beb3eea,4000,42,Karl-Anthony Towns,1626157,Bovada,2026-02-11,2026-02-10 14:47:44,2026-02-10,Regular Season,0.6425,0.6875,0.6456256921373201,-0.0031256921373201685,-0.06545454545454549,0.35750000000000004,0.37735849056603776,0.35437430786268,0.0031256921373200575,-0.05262499999999992,positive vig-free edge with nonpositive EV
NO_BET,,PTS,full_game,27.5,True,35.58186340332031,35.73985916090018,26.810768127441406,0.13136201215950735,26.942130139600913,0.6420909777808131,78bf92243997831090f4e81bdc0a5d4d7ba172f90b72e1ee43b198174beb3eea,4000,42,Jalen Brunson,1628973,Bovada,2026-02-11,2026-02-10 14:47:44,2026-02-10,Regular Season,0.45575,0.4878048780487805,0.4592085979482169,-0.0034585979482169016,-0.06571250000000012,0.54425,0.574468085106383,0.5407914020517831,0.0034585979482169016,-0.052601851851851844,positive vig-free edge with nonpositive EV
NO_BET,,PTS,full_game,13.5,True,28.708255767822266,28.687508273695283,13.565969467163086,-0.053490531081248,13.512478936081838,0.5327606694856868,78bf92243997831090f4e81bdc0a5d4d7ba172f90b72e1ee43b198174beb3eea,4000,42,Aaron Nesmith,1630174,BetOnline.ag,2026-02-11,2026-02-10 14:47:44,2026-02-10,Regular Season,0.501,0.5370370370370371,0.5051597457277305,-0.0041597457277304795,-0.06710344827586212,0.499,0.5260663507109005,0.4948402542722694,0.0041597457277305905,-0.05145045045045038,positive vig-free edge with nonpositive EV
NO_BET,,PTS,full_game,13.5,True,28.257797241210938,28.237049747083955,13.542734146118164,0.10087858108346151,13.643612727201626,0.5327606694856868,78bf92243997831090f4e81bdc0a5d4d7ba172f90b72e1ee43b198174beb3eea,4000,42,Tari Eason,1631106,BetOnline.ag,2026-02-11,2026-02-10 14:47:44,2026-02-10,Regular Season,0.48325,0.5192307692307693,0.4876847290640395,-0.0044347290640394665,-0.06929629629629624,0.51675,0.5454545454545454,0.5123152709359606,0.004434729064039411,-0.05262499999999992,positive vig-free edge with nonpositive EV
NO_BET,,PTS,full_game,18.5,True,31.883068084716797,32.041063842296666,19.690134048461914,0.28171306674970437,19.97184711521162,0.6420909777808131,78bf92243997831090f4e81bdc0a5d4d7ba172f90b72e1ee43b198174beb3eea,4000,42,Karl-Anthony Towns,1626157,Bovada,2026-02-11,2026-02-10 14:47:44,2026-02-10,Regular Season,0.58575,0.6296296296296297,0.5915279878971256,-0.0057779878971255805,-0.06969117647058815,0.41425,0.43478260869565216,0.40847201210287437,0.005777987897125636,-0.04722500000000007,positive vig-free edge with nonpositive EV
NO_BET,,PTS,full_game,19.5,True,31.883068084716797,32.041063842296666,19.690134048461914,0.28171306674970437,19.97184711521162,0.6420909777808131,78bf92243997831090f4e81bdc0a5d4d7ba172f90b72e1ee43b198174beb3eea,4000,42,Karl-Anthony Towns,1626157,BetOnline.ag,2026-02-11,2026-02-10 14:47:44,2026-02-10,Regular Season,0.52575,0.5652173913043478,0.5306122448979592,-0.004862244897959167,-0.06982692307692301,0.47424999999999995,0.5,0.4693877551020409,0.004862244897959056,-0.0515000000000001,positive vig-free edge with nonpositive EV
NO_BET,,PTS,full_game,25.5,True,35.58186340332031,35.73985916090018,26.810768127441406,0.13136201215950735,26.942130139600913,0.6420909777808131,78bf92243997831090f4e81bdc0a5d4d7ba172f90b72e1ee43b198174beb3eea,4000,42,Jalen Brunson,1628973,BetRivers,2026-02-11,2026-02-10 14:47:44,2026-02-10,Regular Season,0.567,0.6108949416342413,0.567740307795812,-0.000740307795812023,-0.07185350318471356,0.43300000000000005,0.46511627906976744,0.43225969220418803,0.000740307795812023,-0.06904999999999994,positive vig-free edge with nonpositive EV
NO_BET,,PTS,full_game,8.5,True,21.72466278076172,21.927448626600956,8.938817977905273,-0.03105920432320333,8.90775877358207,0.4915060991395564,78bf92243997831090f4e81bdc0a5d4d7ba172f90b72e1ee43b198174beb3eea,4000,42,Daniel Gafford,1629655,BetRivers,2026-02-11,2026-02-10 14:47:44,2026-02-10,Regular Season,0.50225,0.5412844036697247,0.5029738302934179,-0.0007238302934179375,-0.07211440677966108,0.49775,0.5348837209302325,0.4970261697065821,0.0007238302934179375,-0.06942391304347828,positive vig-free edge with nonpositive EV
NO_BET,,PTS,full_game,8.5,True,21.72466278076172,21.927448626600956,8.938817977905273,-0.03105920432320333,8.90775877358207,0.4915060991395564,78bf92243997831090f4e81bdc0a5d4d7ba172f90b72e1ee43b198174beb3eea,4000,42,Daniel Gafford,1629655,BetOnline.ag,2026-02-11,2026-02-10 14:47:44,2026-02-10,Regular Season,0.50225,0.5412844036697247,0.5082034454470877,-0.005953445447087757,-0.07211440677966108,0.49775,0.5238095238095238,0.49179655455291227,0.005953445447087757,-0.049749999999999905,positive vig-free edge with nonpositive EV
NO_BET,,PTS,full_game,12.5,True,28.708255767822266,28.687508273695283,13.565969467163086,-0.053490531081248,13.512478936081838,0.5327606694856868,78bf92243997831090f4e81bdc0a5d4d7ba172f90b72e1ee43b198174beb3eea,4000,42,Aaron Nesmith,1630174,BetRivers,2026-02-11,2026-02-10 14:47:44,2026-02-10,Regular Season,0.5675,0.6138996138996139,0.5700816678839387,-0.002581667883938654,-0.07558176100628938,0.4325,0.46296296296296297,0.4299183321160614,0.0025816678839385987,-0.06579999999999997,positive vig-free edge with nonpositive EV
NO_BET,,PTS,full_game,12.5,True,26.098896026611328,26.07814853248435,12.600076675415039,0.18404571362012181,12.784122389035161,0.5327606694856868,78bf92243997831090f4e81bdc0a5d4d7ba172f90b72e1ee43b198174beb3eea,4000,42,Deandre Ayton,1629028,BetOnline.ag,2026-02-11,2026-02-10 14:47:44,2026-02-10,Regular Season,0.508,0.5495495495495496,0.5164392569455861,-0.008439256945586115,-0.07560655737704913,0.492,0.5145631067961165,0.483560743054414,0.008439256945586004,-0.043849056603773584,positive vig-free edge with nonpositive EV
NO_BET,,PTS,full_game,26.5,True,35.58186340332031,35.73985916090018,26.810768127441406,0.13136201215950735,26.942130139600913,0.6420909777808131,78bf92243997831090f4e81bdc0a5d4d7ba172f90b72e1ee43b198174beb3eea,4000,42,Jalen Brunson,1628973,BetRivers,2026-02-11,2026-02-10 14:47:44,2026-02-10,Regular Season,0.5115,0.5535714285714286,0.5138121546961325,-0.002312154696132551,-0.07600000000000012,0.48850000000000005,0.5238095238095238,0.4861878453038673,0.0023121546961327177,-0.06740909090909081,positive vig-free edge with nonpositive EV
NO_BET,,PTS,full_game,26.5,True,35.58186340332031,35.73985916090018,26.810768127441406,0.13136201215950735,26.942130139600913,0.6420909777808131,78bf92243997831090f4e81bdc0a5d4d7ba172f90b72e1ee43b198174beb3eea,4000,42,Jalen Brunson,1628973,FanDuel,2026-02-11,2026-02-10 14:47:44,2026-02-10,Regular Season,0.5115,0.5555555555555556,0.5238589211618258,-0.012358921161825798,-0.07930000000000004,0.48850000000000005,0.504950495049505,0.47614107883817425,0.012358921161825798,-0.0325784313725489,positive vig-free edge with nonpositive EV
NO_BET,,PTS,full_game,18.5,True,33.35602569580078,33.51402145338065,18.081298828125,0.015453233690403866,18.096752061815405,0.6420909777808131,78bf92243997831090f4e81bdc0a5d4d7ba172f90b72e1ee43b198174beb3eea,4000,42,Kevin Porter Jr.,1629645,FanDuel,2026-02-12,2026-02-10 14:47:44,2026-02-10,Regular Season,0.46475,0.504950495049505,0.4718423169750604,-0.007092316975060409,-0.07961274509803917,0.53525,0.5652173913043478,0.5281576830249397,0.007092316975060298,-0.05301923076923082,positive vig-free edge with nonpositive EV
NO_BET,,PTS,full_game,13.5,True,28.708255767822266,28.687508273695283,13.565969467163086,-0.053490531081248,13.512478936081838,0.5327606694856868,78bf92243997831090f4e81bdc0a5d4d7ba172f90b72e1ee43b198174beb3eea,4000,42,Aaron Nesmith,1630174,BetRivers,2026-02-11,2026-02-10 14:47:44,2026-02-10,Regular Season,0.501,0.5454545454545454,0.5059101654846335,-0.004910165484633522,-0.0814999999999999,0.499,0.5327102803738317,0.4940898345153664,0.004910165484633577,-0.06328070175438594,positive vig-free edge with nonpositive EV
NO_BET,,PTS,full_game,13.5,True,28.708255767822266,28.687508273695283,13.565969467163086,-0.053490531081248,13.512478936081838,0.5327606694856868,78bf92243997831090f4e81bdc0a5d4d7ba172f90b72e1ee43b198174beb3eea,4000,42,Aaron Nesmith,1630174,FanDuel,2026-02-11,2026-02-10 14:47:44,2026-02-10,Regular Season,0.501,0.5454545454545454,0.5145711906744379,-0.013571190674437905,-0.0814999999999999,0.499,0.5145631067961165,0.48542880932556204,0.01357119067443796,-0.03024528301886792,positive vig-free edge with nonpositive EV
NO_BET,,PTS,full_game,19.5,True,31.883068084716797,32.041063842296666,19.690134048461914,0.28171306674970437,19.97184711521162,0.6420909777808131,78bf92243997831090f4e81bdc0a5d4d7ba172f90b72e1ee43b198174beb3eea,4000,42,Karl-Anthony Towns,1626157,Bovada,2026-02-11,2026-02-10 14:47:44,2026-02-10,Regular Season,0.52575,0.574468085106383,0.5407914020517831,-0.01504140205178306,-0.08480555555555547,0.47424999999999995,0.4878048780487805,0.4592085979482169,0.01504140205178306,-0.027787500000000187,positive vig-free edge with nonpositive EV
NO_BET,,PTS,full_game,3.5,True,15.098505020141602,15.171683394705855,3.4357166290283203,-0.06895157476303795,3.3667650542652825,0.44940254752247744,78bf92243997831090f4e81bdc0a5d4d7ba172f90b72e1ee43b198174beb3eea,4000,42,Dorian Finney-Smith,1627827,BetMGM,2026-02-11,2026-02-10 14:47:44,2026-02-10,Regular Season,0.46825,0.5121951219512195,0.4796954314720812,-0.011445431472081213,-0.08579761904761901,0.53175,0.5555555555555556,0.5203045685279188,0.011445431472081102,-0.04285,positive vig-free edge with nonpositive EV
NO_BET,,PTS,full_game,28.5,True,35.58186340332031,35.73985916090018,26.810768127441406,0.13136201215950735,26.942130139600913,0.6420909777808131,78bf92243997831090f4e81bdc0a5d4d7ba172f90b72e1ee43b198174beb3eea,4000,42,Jalen Brunson,1628973,Bovada,2026-02-11,2026-02-10 14:47:44,2026-02-10,Regular Season,0.40525,0.4444444444444444,0.4165029469548134,-0.011252946954813381,-0.08818749999999997,0.59475,0.6226415094339622,0.5834970530451867,0.01125294695481327,-0.04479545454545458,positive vig-free edge with nonpositive EV
NO_BET,,PTS,full_game,27.5,True,35.58186340332031,35.73985916090018,26.810768127441406,0.13136201215950735,26.942130139600913,0.6420909777808131,78bf92243997831090f4e81bdc0a5d4d7ba172f90b72e1ee43b198174beb3eea,4000,42,Jalen Brunson,1628973,BetRivers,2026-02-11,2026-02-10 14:47:44,2026-02-10,Regular Season,0.45575,0.5,0.4645669291338583,-0.008816929133858287,-0.08850000000000002,0.54425,0.576271186440678,0.5354330708661418,0.008816929133858231,-0.0555661764705882,positive vig-free edge with nonpositive EV
NO_BET,,PTS,full_game,13.5,True,28.257797241210938,28.237049747083955,13.542734146118164,0.10087858108346151,13.643612727201626,0.5327606694856868,78bf92243997831090f4e81bdc0a5d4d7ba172f90b72e1ee43b198174beb3eea,4000,42,Tari Eason,1631106,FanDuel,2026-02-11,2026-02-10 14:47:44,2026-02-10,Regular Season,0.48325,0.5305164319248826,0.5,-0.016749999999999987,-0.08909513274336284,0.51675,0.5305164319248826,0.5,0.016750000000000043,-0.02594911504424774,positive vig-free edge with nonpositive EV
NO_BET,,PTS,full_game,29.5,True,35.58186340332031,35.73985916090018,26.810768127441406,0.13136201215950735,26.942130139600913,0.6420909777808131,78bf92243997831090f4e81bdc0a5d4d7ba172f90b72e1ee43b198174beb3eea,4000,42,Jalen Brunson,1628973,Bovada,2026-02-11,2026-02-10 14:47:44,2026-02-10,Regular Season,0.3625,0.4,0.375,-0.012500000000000011,-0.09375,0.6375,0.6666666666666666,0.625,0.012499999999999956,-0.04375000000000001,positive vig-free edge with nonpositive EV
NO_BET,,PTS,full_game,12.5,True,26.098896026611328,26.07814853248435,12.600076675415039,0.18404571362012181,12.784122389035161,0.5327606694856868,78bf92243997831090f4e81bdc0a5d4d7ba172f90b72e1ee43b198174beb3eea,4000,42,Deandre Ayton,1629028,FanDuel,2026-02-11,2026-02-10 14:47:44,2026-02-10,Regular Season,0.508,0.5614035087719298,0.5240847784200385,-0.016084778420038526,-0.09512500000000002,0.492,0.5098039215686274,0.47591522157996147,0.016084778420038526,-0.03492307692307689,positive vig-free edge with nonpositive EV
NO_BET,,PTS,full_game,15.5,True,28.708255767822266,28.687508273695283,13.565969467163086,-0.053490531081248,13.512478936081838,0.5327606694856868,78bf92243997831090f4e81bdc0a5d4d7ba172f90b72e1ee43b198174beb3eea,4000,42,Aaron Nesmith,1630174,Bovada,2026-02-11,2026-02-10 14:47:44,2026-02-10,Regular Season,0.3615,0.4,0.375,-0.013500000000000012,-0.09625000000000006,0.6385000000000001,0.6666666666666666,0.625,0.013500000000000068,-0.042249999999999954,positive vig-free edge with nonpositive EV
NO_BET,,PTS,full_game,10.5,True,21.72466278076172,21.927448626600956,8.938817977905273,-0.03105920432320333,8.90775877358207,0.4915060991395564,78bf92243997831090f4e81bdc0a5d4d7ba172f90b72e1ee43b198174beb3eea,4000,42,Daniel Gafford,1629655,Bovada,2026-02-11,2026-02-10 14:47:44,2026-02-10,Regular Season,0.3845,0.425531914893617,0.3982930298719772,-0.01379302987197717,-0.09642499999999987,0.6154999999999999,0.6428571428571429,0.6017069701280228,0.01379302987197717,-0.04255555555555557,positive vig-free edge with nonpositive EV
NO_BET,,PTS,full_game,11.5,True,21.72466278076172,21.927448626600956,8.938817977905273,-0.03105920432320333,8.90775877358207,0.4915060991395564,78bf92243997831090f4e81bdc0a5d4d7ba172f90b72e1ee43b198174beb3eea,4000,42,Daniel Gafford,1629655,Bovada,2026-02-11,2026-02-10 14:47:44,2026-02-10,Regular Season,0.32075,0.35714285714285715,0.3346265761396702,-0.013876576139670194,-0.1019000000000001,0.67925,0.7101449275362319,0.6653734238603297,0.013876576139670305,-0.04350510204081631,positive vig-free edge with nonpositive EV
NO_BET,,PTS,full_game,8.5,True,21.72466278076172,21.927448626600956,8.938817977905273,-0.03105920432320333,8.90775877358207,0.4915060991395564,78bf92243997831090f4e81bdc0a5d4d7ba172f90b72e1ee43b198174beb3eea,4000,42,Daniel Gafford,1629655,DraftKings,2026-02-11,2026-02-10 14:47:44,2026-02-10,Regular Season,0.50225,0.5594713656387665,0.528066528066528,-0.02581652806652801,-0.1022775590551182,0.49775,0.5,0.47193347193347185,0.025816528066528177,-0.0044999999999999485,positive vig-free edge with nonpositive EV
NO_BET,,PTS,full_game,14.5,True,28.257797241210938,28.237049747083955,13.542734146118164,0.10087858108346151,13.643612727201626,0.5327606694856868,78bf92243997831090f4e81bdc0a5d4d7ba172f90b72e1ee43b198174beb3eea,4000,42,Tari Eason,1631106,Bovada,2026-02-11,2026-02-10 14:47:44,2026-02-10,Regular Season,0.40775,0.45454545454545453,0.4248366013071895,-0.017086601307189475,-0.10294999999999987,0.5922499999999999,0.6153846153846154,0.5751633986928104,0.01708660130718953,-0.03759375000000004,positive vig-free edge with nonpositive EV
NO_BET,,PTS,full_game,14.5,True,28.708255767822266,28.687508273695283,13.565969467163086,-0.053490531081248,13.512478936081838,0.5327606694856868,78bf92243997831090f4e81bdc0a5d4d7ba172f90b72e1ee43b198174beb3eea,4000,42,Aaron Nesmith,1630174,BetRivers,2026-02-11,2026-02-10 14:47:44,2026-02-10,Regular Season,0.427,0.47619047619047616,0.4424778761061947,-0.015477876106194721,-0.10329999999999995,0.573,0.6,0.5575221238938053,0.015477876106194666,-0.045000000000000095,positive vig-free edge with nonpositive EV
NO_BET,,PTS,full_game,9.5,True,21.72466278076172,21.927448626600956,8.938817977905273,-0.03105920432320333,8.90775877358207,0.4915060991395564,78bf92243997831090f4e81bdc0a5d4d7ba172f90b72e1ee43b198174beb3eea,4000,42,Daniel Gafford,1629655,Bovada,2026-02-11,2026-02-10 14:47:44,2026-02-10,Regular Season,0.44125,0.5,0.4693877551020409,-0.028137755102040918,-0.1175000000000001,0.5587500000000001,0.5652173913043478,0.5306122448979592,0.028137755102040862,-0.01144230769230764,positive vig-free edge with nonpositive EV
NO_BET,,PTS,full_game,20.5,True,31.883068084716797,32.041063842296666,19.690134048461914,0.28171306674970437,19.97184711521162,0.6420909777808131,78bf92243997831090f4e81bdc0a5d4d7ba172f90b72e1ee43b198174beb3eea,4000,42,Karl-Anthony Towns,1626157,Bovada,2026-02-11,2026-02-10 14:47:44,2026-02-10,Regular Season,0.46175,0.5238095238095238,0.48987854251012153,-0.028128542510121535,-0.11847727272727271,0.53825,0.5454545454545454,0.5101214574898786,0.028128542510121424,-0.013208333333333266,positive vig-free edge with nonpositive EV
NO_BET,,PTS,full_game,15.5,True,28.257797241210938,28.237049747083955,13.542734146118164,0.10087858108346151,13.643612727201626,0.5327606694856868,78bf92243997831090f4e81bdc0a5d4d7ba172f90b72e1ee43b198174beb3eea,4000,42,Tari Eason,1631106,Bovada,2026-02-11,2026-02-10 14:47:44,2026-02-10,Regular Season,0.3455,0.39215686274509803,0.3666469544648137,-0.02114695446481374,-0.11897500000000016,0.6545000000000001,0.6774193548387096,0.6333530455351862,0.02114695446481385,-0.033833333333333215,positive vig-free edge with nonpositive EV
NO_BET,,PTS,full_game,16.5,True,28.257797241210938,28.237049747083955,13.542734146118164,0.10087858108346151,13.643612727201626,0.5327606694856868,78bf92243997831090f4e81bdc0a5d4d7ba172f90b72e1ee43b198174beb3eea,4000,42,Tari Eason,1631106,Bovada,2026-02-11,2026-02-10 14:47:44,2026-02-10,Regular Season,0.29225,0.3333333333333333,0.3125,-0.02024999999999999,-0.12324999999999997,0.70775,0.7333333333333333,0.6875,0.02024999999999999,-0.03488636363636355,positive vig-free edge with nonpositive EV
NO_BET,,PTS,full_game,30.5,True,35.58186340332031,35.73985916090018,26.810768127441406,0.13136201215950735,26.942130139600913,0.6420909777808131,78bf92243997831090f4e81bdc0a5d4d7ba172f90b72e1ee43b198174beb3eea,4000,42,Jalen Brunson,1628973,Bovada,2026-02-11,2026-02-10 14:47:44,2026-02-10,Regular Season,0.3125,0.35714285714285715,0.3346265761396702,-0.022126576139670173,-0.125,0.6875,0.7101449275362319,0.6653734238603297,0.022126576139670284,-0.03188775510204078,positive vig-free edge with nonpositive EV
PRICED,under,PTS,full_game,8.5,True,21.72466278076172,21.927448626600956,8.938817977905273,-0.03105920432320333,8.90775877358207,0.4915060991395564,78bf92243997831090f4e81bdc0a5d4d7ba172f90b72e1ee43b198174beb3eea,4000,42,Daniel Gafford,1629655,Bovada,2026-02-11,2026-02-10 14:47:44,2026-02-10,Regular Season,0.50225,0.574468085106383,0.5407914020517831,-0.038541402051783136,-0.12571296296296303,0.49775,0.4878048780487805,0.4592085979482169,0.038541402051783136,0.020387500000000003,
NO_BET,,PTS,full_game,21.5,True,31.883068084716797,32.041063842296666,19.690134048461914,0.28171306674970437,19.97184711521162,0.6420909777808131,78bf92243997831090f4e81bdc0a5d4d7ba172f90b72e1ee43b198174beb3eea,4000,42,Karl-Anthony Towns,1626157,Bovada,2026-02-11,2026-02-10 14:47:44,2026-02-10,Regular Season,0.405,0.46511627906976744,0.43668122270742354,-0.03168122270742352,-0.12924999999999998,0.595,0.6,0.5633187772925764,0.03168122270742357,-0.00833333333333347,positive vig-free edge with nonpositive EV
PRICED,under,PTS,full_game,7.5,True,21.72466278076172,21.927448626600956,8.938817977905273,-0.03105920432320333,8.90775877358207,0.4915060991395564,78bf92243997831090f4e81bdc0a5d4d7ba172f90b72e1ee43b198174beb3eea,4000,42,Daniel Gafford,1629655,Bovada,2026-02-11,2026-02-10 14:47:44,2026-02-10,Regular Season,0.5745,0.6666666666666666,0.625,-0.05049999999999999,-0.13824999999999998,0.4255,0.4,0.375,0.05049999999999999,0.06374999999999997,
PRICED,under,PTS,full_game,6.5,True,21.72466278076172,21.927448626600956,8.938817977905273,-0.03105920432320333,8.90775877358207,0.4915060991395564,78bf92243997831090f4e81bdc0a5d4d7ba172f90b72e1ee43b198174beb3eea,4000,42,Daniel Gafford,1629655,Bovada,2026-02-11,2026-02-10 14:47:44,2026-02-10,Regular Season,0.64475,0.75,0.7026022304832714,-0.05785223048327137,-0.1403333333333333,0.35524999999999995,0.31746031746031744,0.29739776951672864,0.057852230483271316,0.1190374999999998,
NO_BET,,PTS,full_game,16.5,True,28.708255767822266,28.687508273695283,13.565969467163086,-0.053490531081248,13.512478936081838,0.5327606694856868,78bf92243997831090f4e81bdc0a5d4d7ba172f90b72e1ee43b198174beb3eea,4000,42,Aaron Nesmith,1630174,Bovada,2026-02-11,2026-02-10 14:47:44,2026-02-10,Regular Season,0.292,0.3448275862068966,0.32315978456014366,-0.031159784560143677,-0.1532,0.708,0.7222222222222222,0.6768402154398564,0.031159784560143566,-0.01969230769230773,positive vig-free edge with nonpositive EV
PRICED,under,PTS,full_game,3.5,True,10.631744384765625,10.33449770283704,3.6392648220062256,-0.12952578391780864,3.509739038088417,0.4065116925233522,78bf92243997831090f4e81bdc0a5d4d7ba172f90b72e1ee43b198174beb3eea,4000,42,Clint Capela,203991,BetMGM,2026-02-11,2026-02-10 14:47:44,2026-02-10,Regular Season,0.458,0.5454545454545454,0.5101214574898786,-0.052121457489878564,-0.16033333333333327,0.542,0.5238095238095238,0.48987854251012153,0.05212145748987851,0.03472727272727277,
PRICED,under,PTS,full_game,14.5,True,28.708255767822266,28.687508273695283,13.565969467163086,-0.053490531081248,13.512478936081838,0.5327606694856868,78bf92243997831090f4e81bdc0a5d4d7ba172f90b72e1ee43b198174beb3eea,4000,42,Aaron Nesmith,1630174,BetMGM,2026-02-11,2026-02-10 14:47:44,2026-02-10,Regular Season,0.427,0.5121951219512195,0.4796954314720812,-0.05269543147208122,-0.16633333333333333,0.573,0.5555555555555556,0.5203045685279188,0.05269543147208111,0.031399999999999983,
PRICED,under,PTS,full_game,18.5,True,29.268354415893555,29.24760692176657,17.293930053710938,-0.005555381358822959,17.288374672352113,0.5327606694856868,78bf92243997831090f4e81bdc0a5d4d7ba172f90b72e1ee43b198174beb3eea,4000,42,Chet Holmgren,1631096,FanDuel,2026-02-12,2026-02-10 14:47:44,2026-02-10,Regular Season,0.41475,0.5,0.4677419354838709,-0.05299193548387088,-0.17050000000000004,0.58525,0.5689655172413793,0.532258064516129,0.052991935483871044,0.02862121212121216,
PRICED,under,PTS,full_game,22.5,True,31.883068084716797,32.041063842296666,19.690134048461914,0.28171306674970437,19.97184711521162,0.6420909777808131,78bf92243997831090f4e81bdc0a5d4d7ba172f90b72e1ee43b198174beb3eea,4000,42,Karl-Anthony Towns,1626157,Bovada,2026-02-11,2026-02-10 14:47:44,2026-02-10,Regular Season,0.341,0.4166666666666667,0.39094650205761317,-0.04994650205761314,-0.18160000000000004,0.659,0.6491228070175439,0.6090534979423868,0.049946502057613196,0.015216216216216216,
PRICED,under,PTS,full_game,23.5,True,31.883068084716797,32.041063842296666,19.690134048461914,0.28171306674970437,19.97184711521162,0.6420909777808131,78bf92243997831090f4e81bdc0a5d4d7ba172f90b72e1ee43b198174beb3eea,4000,42,Karl-Anthony Towns,1626157,Bovada,2026-02-11,2026-02-10 14:47:44,2026-02-10,Regular Season,0.28625,0.37037037037037035,0.34700315457413244,-0.06075315457413244,-0.2271249999999999,0.71375,0.696969696969697,0.6529968454258674,0.06075315457413255,0.02407608695652169,
PRICED,under,PTS,full_game,19.5,True,29.437326431274414,29.41657893714743,17.60987091064453,0.10143696101255009,17.71130787165708,0.5327606694856868,78bf92243997831090f4e81bdc0a5d4d7ba172f90b72e1ee43b198174beb3eea,4000,42,Jalen Williams,1631114,FanDuel,2026-02-12,2026-02-10 14:47:44,2026-02-10,Regular Season,0.379,0.5,0.4677419354838709,-0.08874193548387088,-0.242,0.621,0.5689655172413793,0.532258064516129,0.08874193548387099,0.09145454545454546,
PRICED,under,PTS,full_game,6.5,True,17.96685791015625,18.037727932739596,5.737961769104004,-0.02381875231174518,5.714143016792259,0.44940254752247744,78bf92243997831090f4e81bdc0a5d4d7ba172f90b72e1ee43b198174beb3eea,4000,42,Jarred Vanderbilt,1629020,BetOnline.ag,2026-02-11,2026-02-10 14:47:44,2026-02-10,Regular Season,0.4085,0.5454545454545454,0.5123152709359606,-0.10381527093596066,-0.2510833333333333,0.5915,0.5192307692307693,0.4876847290640395,0.10381527093596055,0.1391851851851853,
PRICED,under,PTS,full_game,7.5,True,15.324637413024902,15.397257138815737,6.436025142669678,-0.050019748725735,6.386005393943943,0.44940254752247744,78bf92243997831090f4e81bdc0a5d4d7ba172f90b72e1ee43b198174beb3eea,4000,42,Jaxson Hayes,1629637,BetOnline.ag,2026-02-11,2026-02-10 14:47:44,2026-02-10,Regular Season,0.3795,0.5121951219512195,0.48149290561381863,-0.10199290561381863,-0.2590714285714286,0.6205,0.5515695067264574,0.5185070943861814,0.10199290561381869,0.12497154471544719,
PRICED,under,PTS,full_game,24.5,True,31.883068084716797,32.041063842296666,19.690134048461914,0.28171306674970437,19.97184711521162,0.6420909777808131,78bf92243997831090f4e81bdc0a5d4d7ba172f90b72e1ee43b198174beb3eea,4000,42,Karl-Anthony Towns,1626157,Bovada,2026-02-11,2026-02-10 14:47:44,2026-02-10,Regular Season,0.23775,0.3225806451612903,0.30256012412723043,-0.06481012412723045,-0.26297499999999996,0.76225,0.7435897435897436,0.6974398758727697,0.0648101241272303,0.02509482758620693,
PRICED,under,PTS,full_game,7.5,True,15.324637413024902,15.397257138815737,6.436025142669678,-0.050019748725735,6.386005393943943,0.44940254752247744,78bf92243997831090f4e81bdc0a5d4d7ba172f90b72e1ee43b198174beb3eea,4000,42,Jaxson Hayes,1629637,DraftKings,2026-02-11,2026-02-10 14:47:44,2026-02-10,Regular Season,0.3795,0.5169082125603864,0.48656469615543607,-0.10706469615543607,-0.26582710280373834,0.6205,0.5454545454545454,0.5134353038445638,0.10706469615543623,0.13758333333333345,
PRICED,under,PTS,full_game,6.5,True,17.96685791015625,18.037727932739596,5.737961769104004,-0.02381875231174518,5.714143016792259,0.44940254752247744,78bf92243997831090f4e81bdc0a5d4d7ba172f90b72e1ee43b198174beb3eea,4000,42,Jarred Vanderbilt,1629020,BetRivers,2026-02-11,2026-02-10 14:47:44,2026-02-10,Regular Season,0.4085,0.5689655172413793,0.5274208712002507,-0.11892087120025074,-0.2820303030303031,0.5915,0.5098039215686274,0.4725791287997492,0.1189208712002508,0.16025000000000011,
PRICED,under,PTS,full_game,7.5,True,15.324637413024902,15.397257138815737,6.436025142669678,-0.050019748725735,6.386005393943943,0.44940254752247744,78bf92243997831090f4e81bdc0a5d4d7ba172f90b72e1ee43b198174beb3eea,4000,42,Jaxson Hayes,1629637,FanDuel,2026-02-11,2026-02-10 14:47:44,2026-02-10,Regular Season,0.3795,0.5614035087719298,0.5240847784200385,-0.14458477842003853,-0.32401562500000003,0.6205,0.5098039215686274,0.47591522157996147,0.14458477842003858,0.21713461538461548,
PRICED,under,PTS,full_game,7.5,True,17.96685791015625,18.037727932739596,5.737961769104004,-0.02381875231174518,5.714143016792259,0.44940254752247744,78bf92243997831090f4e81bdc0a5d4d7ba172f90b72e1ee43b198174beb3eea,4000,42,Jarred Vanderbilt,1629020,BetRivers,2026-02-11,2026-02-10 14:47:44,2026-02-10,Regular Season,0.31825,0.49504950495049505,0.45980991958136136,-0.14155991958136138,-0.3571350000000001,0.6817500000000001,0.5815899581589958,0.5401900804186387,0.14155991958136138,0.17221762589928064,
PRICED,under,PTS,full_game,7.5,True,17.96685791015625,18.037727932739596,5.737961769104004,-0.02381875231174518,5.714143016792259,0.44940254752247744,78bf92243997831090f4e81bdc0a5d4d7ba172f90b72e1ee43b198174beb3eea,4000,42,Jarred Vanderbilt,1629020,DraftKings,2026-02-11,2026-02-10 14:47:44,2026-02-10,Regular Season,0.31825,0.5260663507109005,0.4958445875753168,-0.17759458757531682,-0.39503828828828835,0.6817500000000001,0.5348837209302325,0.5041554124246831,0.177594587575317,0.27457608695652175,
PRICED,under,PTS,full_game,7.5,True,17.96685791015625,18.037727932739596,5.737961769104004,-0.02381875231174518,5.714143016792259,0.44940254752247744,78bf92243997831090f4e81bdc0a5d4d7ba172f90b72e1ee43b198174beb3eea,4000,42,Jarred Vanderbilt,1629020,FanDuel,2026-02-11,2026-02-10 14:47:44,2026-02-10,Regular Season,0.31825,0.5412844036697247,0.5060689431946916,-0.18781894319469167,-0.4120466101694916,0.6817500000000001,0.5283018867924528,0.4939310568053083,0.18781894319469178,0.29045535714285714,
PRICED,under,PTS,full_game,14.5,True,28.65115737915039,28.630409885023408,11.87496566772461,0.11154587161745755,11.986511539342066,0.5327606694856868,78bf92243997831090f4e81bdc0a5d4d7ba172f90b72e1ee43b198174beb3eea,4000,42,Rui Hachimura,1629060,BetRivers,2026-02-11,2026-02-10 14:47:44,2026-02-10,Regular Season,0.32725,0.5594713656387665,0.519771442128989,-0.19252144212898897,-0.4150728346456693,0.67275,0.5169082125603864,0.4802285578710111,0.19252144212898886,0.3014883177570094,
PRICED,under,PTS,full_game,15.5,True,28.65115737915039,28.630409885023408,11.87496566772461,0.11154587161745755,11.986511539342066,0.5327606694856868,78bf92243997831090f4e81bdc0a5d4d7ba172f90b72e1ee43b198174beb3eea,4000,42,Rui Hachimura,1629060,BetRivers,2026-02-11,2026-02-10 14:47:44,2026-02-10,Regular Season,0.2695,0.49019607843137253,0.45736374770361293,-0.18786374770361292,-0.4502199999999999,0.7304999999999999,0.5815899581589958,0.542636252296387,0.18786374770361292,0.25603956834532365,
PRICED,under,PTS,full_game,8.5,True,17.96685791015625,18.037727932739596,5.737961769104004,-0.02381875231174518,5.714143016792259,0.44940254752247744,78bf92243997831090f4e81bdc0a5d4d7ba172f90b72e1ee43b198174beb3eea,4000,42,Jarred Vanderbilt,1629020,BetMGM,2026-02-11,2026-02-10 14:47:44,2026-02-10,Regular Season,0.25375,0.5,0.4653465346534653,-0.21159653465346534,-0.4925000000000001,0.7462500000000001,0.574468085106383,0.5346534653465347,0.2115965346534654,0.29902777777777784,
PRICED,under,PTS,full_game,12.5,True,25.312349319458008,25.29160182533103,9.560917854309082,0.017831218176026477,9.578749072485108,0.5327606694856868,78bf92243997831090f4e81bdc0a5d4d7ba172f90b72e1ee43b198174beb3eea,4000,42,Jake LaRavia,1631222,BetMGM,2026-02-11,2026-02-10 14:47:44,2026-02-10,Regular Season,0.27725,0.5555555555555556,0.5203045685279188,-0.24305456852791885,-0.50095,0.72275,0.5121951219512195,0.4796954314720812,0.2430545685279188,0.41108333333333336,
PRICED,under,PTS,full_game,12.5,True,25.312349319458008,25.29160182533103,9.560917854309082,0.017831218176026477,9.578749072485108,0.5327606694856868,78bf92243997831090f4e81bdc0a5d4d7ba172f90b72e1ee43b198174beb3eea,4000,42,Jake LaRavia,1631222,DraftKings,2026-02-11,2026-02-10 14:47:44,2026-02-10,Regular Season,0.27725,0.5555555555555556,0.5238589211618258,-0.24660892116182576,-0.50095,0.72275,0.504950495049505,0.47614107883817425,0.24660892116182576,0.43132843137254906,
PRICED,under,PTS,full_game,15.5,True,28.65115737915039,28.630409885023408,11.87496566772461,0.11154587161745755,11.986511539342066,0.5327606694856868,78bf92243997831090f4e81bdc0a5d4d7ba172f90b72e1ee43b198174beb3eea,4000,42,Rui Hachimura,1629060,DraftKings,2026-02-11,2026-02-10 14:47:44,2026-02-10,Regular Season,0.2695,0.5412844036697247,0.510397604391948,-0.24089760439194802,-0.5021101694915253,0.7304999999999999,0.5192307692307693,0.4896023956080519,0.24089760439194802,0.4068888888888889,
PRICED,under,PTS,full_game,15.5,True,28.65115737915039,28.630409885023408,11.87496566772461,0.11154587161745755,11.986511539342066,0.5327606694856868,78bf92243997831090f4e81bdc0a5d4d7ba172f90b72e1ee43b198174beb3eea,4000,42,Rui Hachimura,1629060,BetMGM,2026-02-11,2026-02-10 14:47:44,2026-02-10,Regular Season,0.2695,0.5555555555555556,0.5203045685279188,-0.2508045685279188,-0.5148999999999999,0.7304999999999999,0.5121951219512195,0.4796954314720812,0.2508045685279187,0.4262142857142856,
PRICED,under,PTS,full_game,12.5,True,25.312349319458008,25.29160182533103,9.560917854309082,0.017831218176026477,9.578749072485108,0.5327606694856868,78bf92243997831090f4e81bdc0a5d4d7ba172f90b72e1ee43b198174beb3eea,4000,42,Jake LaRavia,1631222,BetRivers,2026-02-11,2026-02-10 14:47:44,2026-02-10,Regular Season,0.27725,0.5815899581589958,0.5401900804186387,-0.2629400804186387,-0.5232895683453238,0.72275,0.49504950495049505,0.45980991958136136,0.26294008041863864,0.459955,
PRICED,under,PTS,full_game,13.5,True,25.312349319458008,25.29160182533103,9.560917854309082,0.017831218176026477,9.578749072485108,0.5327606694856868,78bf92243997831090f4e81bdc0a5d4d7ba172f90b72e1ee43b198174beb3eea,4000,42,Jake LaRavia,1631222,BetOnline.ag,2026-02-11,2026-02-10 14:47:44,2026-02-10,Regular Season,0.22925,0.5121951219512195,0.48149290561381863,-0.2522429056138186,-0.5524166666666668,0.77075,0.5515695067264574,0.5185070943861814,0.2522429056138187,0.39737601626016267,
PRICED,under,PTS,full_game,13.5,True,25.312349319458008,25.29160182533103,9.560917854309082,0.017831218176026477,9.578749072485108,0.5327606694856868,78bf92243997831090f4e81bdc0a5d4d7ba172f90b72e1ee43b198174beb3eea,4000,42,Jake LaRavia,1631222,BetRivers,2026-02-11,2026-02-10 14:47:44,2026-02-10,Regular Season,0.22925,0.5145631067961165,0.4773835745752045,-0.24813357457520446,-0.5544764150943396,0.77075,0.5633187772925764,0.5226164254247954,0.24813357457520469,0.36823062015503877,
PRICED,under,PTS,full_game,13.5,True,25.312349319458008,25.29160182533103,9.560917854309082,0.017831218176026477,9.578749072485108,0.5327606694856868,78bf92243997831090f4e81bdc0a5d4d7ba172f90b72e1ee43b198174beb3eea,4000,42,Jake LaRavia,1631222,FanDuel,2026-02-11,2026-02-10 14:47:44,2026-02-10,Regular Season,0.22925,0.5192307692307693,0.48581617766250607,-0.25656617766250606,-0.5584814814814815,0.77075,0.5495495495495496,0.5141838223374939,0.2565661776625061,0.40251229508196723,
PRICED,under,PTS,full_game,8.5,True,6.582438945770264,6.435808084049313,2.808387041091919,0.024127136121330713,2.8325141772132496,0.4065116925233522,78bf92243997831090f4e81bdc0a5d4d7ba172f90b72e1ee43b198174beb3eea,4000,42,Dalton Knecht,1642261,FanDuel,2026-02-11,2026-02-10 14:47:44,2026-02-10,Regular Season,0.09075,0.5283018867924528,0.4939310568053083,-0.4031810568053083,-0.8282232142857143,0.90925,0.5412844036697247,0.5060689431946916,0.40318105680530836,0.6798008474576271,
