status,selected_side,stat,period,line,conditional_on_appearance,hat_m,expected_minutes,hat_p,g,mu,beta,bundle_hash,n_draws,seed,player_name,player_id,book,commence_time,quote_ts,feature_as_of,season_type,over_model_probability,over_raw_implied_probability,over_vig_free_probability,over_edge,over_ev,under_model_probability,under_raw_implied_probability,under_vig_free_probability,under_edge,under_ev,reason
PRICED,over,PTS,full_game,8.5,True,22.702890396118164,22.9056762419574,11.164196968078613,0.19264314361889448,11.356840111697508,0.4915060991395564,78bf92243997831090f4e81bdc0a5d4d7ba172f90b72e1ee43b198174beb3eea,4000,42,Jared McCain,1642272,Bovada,2026-03-25,2026-03-25 13:19:22,2026-03-25,Regular Season,0.6745,0.37735849056603776,0.35437430786268,0.32012569213732,0.7874249999999999,0.3255,0.6875,0.6456256921373201,-0.3201256921373201,-0.5265454545454545,
PRICED,over,PTS,full_game,6.5,True,19.511953353881836,19.714739199721073,7.351264476776123,-0.12148280160613123,7.229781675169992,0.4915060991395564,78bf92243997831090f4e81bdc0a5d4d7ba172f90b72e1ee43b198174beb3eea,4000,42,Jaylin Williams,1631119,Bovada,2026-03-25,2026-03-25 13:19:22,2026-03-25,Regular Season,0.538,0.32786885245901637,0.3079416531604538,0.23005834683954623,0.6409,0.46199999999999997,0.7368421052631579,0.6920583468395461,-0.23005834683954618,-0.373,
PRICED,over,PTS,full_game,7.5,True,22.702890396118164,22.9056762419574,11.164196968078613,0.19264314361889448,11.356840111697508,0.4915060991395564,78bf92243997831090f4e81bdc0a5d4d7ba172f90b72e1ee43b198174beb3eea,4000,42,Jared McCain,1642272,Bovada,2026-03-25,2026-03-25 13:19:22,2026-03-25,Regular Season,0.7365,0.45454545454545453,0.4248366013071895,0.31166339869281057,0.6203000000000002,0.26349999999999996,0.6153846153846154,0.5751633986928104,-0.31166339869281046,-0.5718125000000001,
PRICED,over,PTS,full_game,6.5,True,22.702890396118164,22.9056762419574,11.164196968078613,0.19264314361889448,11.356840111697508,0.4915060991395564,78bf92243997831090f4e81bdc0a5d4d7ba172f90b72e1ee43b198174beb3eea,4000,42,Jared McCain,1642272,BetOnline.ag,2026-03-25,2026-03-25 13:19:22,2026-03-25,Regular Season,0.79625,0.5,0.4693877551020409,0.3268622448979591,0.5925,0.20375,0.5652173913043478,0.5306122448979592,-0.32686224489795923,-0.6395192307692308,
PRICED,over,PTS,full_game,26.5,True,27.472047805786133,27.451300311659153,27.895212173461914,-0.24183848605099564,27.65337368741092,0.5327606694856868,78bf92243997831090f4e81bdc0a5d4d7ba172f90b72e1ee43b198174beb3eea,4000,42,Joel Embiid,203954,Bovada,2026-03-25,2026-03-25 13:19:22,2026-03-25,Regular Season,0.539,0.3448275862068966,0.32315978456014366,0.21584021543985638,0.5631,0.46099999999999997,0.7222222222222222,0.6768402154398564,-0.21584021543985643,-0.36169230769230776,
PRICED,over,PTS,full_game,5.5,True,19.511953353881836,19.714739199721073,7.351264476776123,-0.12148280160613123,7.229781675169992,0.4915060991395564,78bf92243997831090f4e81bdc0a5d4d7ba172f90b72e1ee43b198174beb3eea,4000,42,Jaylin Williams,1631119,Bovada,2026-03-25,2026-03-25 13:19:22,2026-03-25,Regular Season,0.63325,0.40816326530612246,0.3838517538054269,0.24939824619457307,0.5514625000000001,0.36675,0.6551724137931034,0.6161482461945731,-0.24939824619457307,-0.4402236842105263,
PRICED,over,PTS,full_game,25.5,True,27.472047805786133,27.451300311659153,27.895212173461914,-0.24183848605099564,27.65337368741092,0.5327606694856868,78bf92243997831090f4e81bdc0a5d4d7ba172f90b72e1ee43b198174beb3eea,4000,42,Joel Embiid,203954,Bovada,2026-03-25,2026-03-25 13:19:22,2026-03-25,Regular Season,0.591,0.38461538461538464,0.36041189931350115,0.23058810068649882,0.5366,0.40900000000000003,0.6825396825396826,0.6395881006864989,-0.23058810068649882,-0.4007674418604651,
PRICED,over,PTS,full_game,14.5,True,28.3916072845459,28.370859790418915,15.671921730041504,-0.24192202132832527,15.42999970871318,0.5327606694856868,78bf92243997831090f4e81bdc0a5d4d7ba172f90b72e1ee43b198174beb3eea,4000,42,Peyton Watson,1631212,Bovada,2026-03-26,2026-03-25 13:19:22,2026-03-25,Regular Season,0.5255,0.3448275862068966,0.32315978456014366,0.2023402154398563,0.5239499999999998,0.47450000000000003,0.7222222222222222,0.6768402154398564,-0.20234021543985636,-0.34299999999999997,
PRICED,over,PTS,full_game,7.5,True,23.175039291381836,23.377825137221073,7.472708225250244,0.10977747715776898,7.582485702408013,0.4915060991395564,78bf92243997831090f4e81bdc0a5d4d7ba172f90b72e1ee43b198174beb3eea,4000,42,Terance Mann,1629611,Bovada,2026-03-26,2026-03-25 13:19:22,2026-03-25,Regular Season,0.50225,0.3333333333333333,0.3125,0.18974999999999997,0.5067499999999999,0.49775,0.7333333333333333,0.6875,-0.18974999999999997,-0.3212499999999999,
PRICED,over,PTS,full_game,5.5,True,22.702890396118164,22.9056762419574,11.164196968078613,0.19264314361889448,11.356840111697508,0.4915060991395564,78bf92243997831090f4e81bdc0a5d4d7ba172f90b72e1ee43b198174beb3eea,4000,42,Jared McCain,1642272,BetMGM,2026-03-25,2026-03-25 13:19:22,2026-03-25,Regular Season,0.8485,0.5652173913043478,0.5246062992125985,0.32389370078740154,0.5011923076923077,0.15149999999999997,0.5121951219512195,0.4753937007874017,-0.3238937007874017,-0.7042142857142858,
PRICED,over,PTS,full_game,6.5,True,22.702890396118164,22.9056762419574,11.164196968078613,0.19264314361889448,11.356840111697508,0.4915060991395564,78bf92243997831090f4e81bdc0a5d4d7ba172f90b72e1ee43b198174beb3eea,4000,42,Jared McCain,1642272,DraftKings,2026-03-25,2026-03-25 13:19:22,2026-03-25,Regular Season,0.79625,0.5348837209302325,0.5052301255230125,0.2910198744769875,0.48864130434782604,0.20375,0.5238095238095238,0.4947698744769875,-0.2910198744769875,-0.6110227272727273,
PRICED,over,PTS,full_game,3.5,True,19.511953353881836,19.714739199721073,7.351264476776123,-0.12148280160613123,7.229781675169992,0.4915060991395564,78bf92243997831090f4e81bdc0a5d4d7ba172f90b72e1ee43b198174beb3eea,4000,42,Jaylin Williams,1631119,BetMGM,2026-03-25,2026-03-25 13:19:22,2026-03-25,Regular Season,0.795,0.5348837209302325,0.5,0.29500000000000004,0.4863043478260869,0.20499999999999996,0.5348837209302325,0.5,-0.29500000000000004,-0.6167391304347827,
PRICED,over,PTS,full_game,4.5,True,19.511953353881836,19.714739199721073,7.351264476776123,-0.12148280160613123,7.229781675169992,0.4915060991395564,78bf92243997831090f4e81bdc0a5d4d7ba172f90b72e1ee43b198174beb3eea,4000,42,Jaylin Williams,1631119,FanDuel,2026-03-25,2026-03-25 13:19:22,2026-03-25,Regular Season,0.72125,0.4854368932038835,0.45722256664600125,0.2640274333539987,0.48577499999999996,0.27875000000000005,0.576271186440678,0.5427774333539988,-0.2640274333539987,-0.5162867647058822,
PRICED,over,PTS,full_game,24.5,True,27.472047805786133,27.451300311659153,27.895212173461914,-0.24183848605099564,27.65337368741092,0.5327606694856868,78bf92243997831090f4e81bdc0a5d4d7ba172f90b72e1ee43b198174beb3eea,4000,42,Joel Embiid,203954,Bovada,2026-03-25,2026-03-25 13:19:22,2026-03-25,Regular Season,0.6415,0.43478260869565216,0.40847201210287437,0.2330279878971256,0.4754499999999998,0.35850000000000004,0.6296296296296297,0.5915279878971256,-0.23302798789712553,-0.43061764705882344,
PRICED,over,PTS,full_game,13.5,True,28.3916072845459,28.370859790418915,15.671921730041504,-0.24192202132832527,15.42999970871318,0.5327606694856868,78bf92243997831090f4e81bdc0a5d4d7ba172f90b72e1ee43b198174beb3eea,4000,42,Peyton Watson,1631212,Bovada,2026-03-26,2026-03-25 13:19:22,2026-03-25,Regular Season,0.58725,0.4,0.375,0.21225000000000005,0.4681250000000001,0.41274999999999995,0.6666666666666666,0.625,-0.21225000000000005,-0.3808750000000001,
PRICED,over,PTS,full_game,6.5,True,22.702890396118164,22.9056762419574,11.164196968078613,0.19264314361889448,11.356840111697508,0.4915060991395564,78bf92243997831090f4e81bdc0a5d4d7ba172f90b72e1ee43b198174beb3eea,4000,42,Jared McCain,1642272,Bovada,2026-03-25,2026-03-25 13:19:22,2026-03-25,Regular Season,0.79625,0.5454545454545454,0.5101214574898786,0.28612854251012143,0.4597916666666668,0.20375,0.5238095238095238,0.48987854251012153,-0.28612854251012154,-0.6110227272727273,
PRICED,over,PTS,full_game,23.5,True,27.472047805786133,27.451300311659153,27.895212173461914,-0.24183848605099564,27.65337368741092,0.5327606694856868,78bf92243997831090f4e81bdc0a5d4d7ba172f90b72e1ee43b198174beb3eea,4000,42,Joel Embiid,203954,Bovada,2026-03-25,2026-03-25 13:19:22,2026-03-25,Regular Season,0.6915,0.47619047619047616,0.4458598726114649,0.24564012738853508,0.45215000000000005,0.3085,0.5918367346938775,0.554140127388535,-0.24564012738853502,-0.47874137931034483,
PRICED,over,PTS,full_game,17.5,True,28.774473190307617,28.753725696180634,16.933658599853516,0.16111205035201853,17.094770650205533,0.5327606694856868,78bf92243997831090f4e81bdc0a5d4d7ba172f90b72e1ee43b198174beb3eea,4000,42,Jalen Williams,1631114,Bovada,2026-03-25,2026-03-25 13:19:22,2026-03-25,Regular Season,0.46075,0.31746031746031744,0.29739776951672864,0.16335223048327135,0.4513624999999999,0.53925,0.75,0.7026022304832714,-0.1633522304832714,-0.281,
PRICED,over,PTS,full_game,6.5,True,23.175039291381836,23.377825137221073,7.472708225250244,0.10977747715776898,7.582485702408013,0.4915060991395564,78bf92243997831090f4e81bdc0a5d4d7ba172f90b72e1ee43b198174beb3eea,4000,42,Terance Mann,1629611,Bovada,2026-03-26,2026-03-25 13:19:22,2026-03-25,Regular Season,0.59225,0.4166666666666667,0.39094650205761317,0.2013034979423869,0.4214000000000001,0.40774999999999995,0.6491228070175439,0.6090534979423868,-0.2013034979423869,-0.3718445945945947,
PRICED,over,PTS,full_game,16.5,True,28.774473190307617,28.753725696180634,16.933658599853516,0.16111205035201853,17.094770650205533,0.5327606694856868,78bf92243997831090f4e81bdc0a5d4d7ba172f90b72e1ee43b198174beb3eea,4000,42,Jalen Williams,1631114,Bovada,2026-03-25,2026-03-25 13:19:22,2026-03-25,Regular Season,0.52425,0.37037037037037035,0.34700315457413244,0.17724684542586755,0.41547500000000004,0.47575,0.696969696969697,0.6529968454258674,-0.17724684542586744,-0.3174021739130435,
PRICED,over,PTS,full_game,4.5,True,19.511953353881836,19.714739199721073,7.351264476776123,-0.12148280160613123,7.229781675169992,0.4915060991395564,78bf92243997831090f4e81bdc0a5d4d7ba172f90b72e1ee43b198174beb3eea,4000,42,Jaylin Williams,1631119,DraftKings,2026-03-25,2026-03-25 13:19:22,2026-03-25,Regular Season,0.72125,0.5098039215686274,0.480324745257228,0.24092525474277193,0.41475961538461537,0.27875000000000005,0.5515695067264574,0.519675254742772,-0.24092525474277193,-0.4946239837398373,
PRICED,over,PTS,full_game,23.5,True,27.472047805786133,27.451300311659153,27.895212173461914,-0.24183848605099564,27.65337368741092,0.5327606694856868,78bf92243997831090f4e81bdc0a5d4d7ba172f90b72e1ee43b198174beb3eea,4000,42,Joel Embiid,203954,BetRivers,2026-03-25,2026-03-25 13:19:22,2026-03-25,Regular Season,0.6915,0.49019607843137253,0.45588680387409203,0.23561319612590798,0.41066,0.3085,0.5850622406639004,0.544113196125908,-0.23561319612590803,-0.4727056737588652,
PRICED,over,PTS,full_game,4.5,True,19.511953353881836,19.714739199721073,7.351264476776123,-0.12148280160613123,7.229781675169992,0.4915060991395564,78bf92243997831090f4e81bdc0a5d4d7ba172f90b72e1ee43b198174beb3eea,4000,42,Jaylin Williams,1631119,BetOnline.ag,2026-03-25,2026-03-25 13:19:22,2026-03-25,Regular Season,0.72125,0.5121951219512195,0.48149290561381863,0.2397570943861813,0.40815476190476174,0.27875000000000005,0.5515695067264574,0.5185070943861814,-0.2397570943861813,-0.4946239837398373,
PRICED,over,PTS,full_game,4.5,True,19.511953353881836,19.714739199721073,7.351264476776123,-0.12148280160613123,7.229781675169992,0.4915060991395564,78bf92243997831090f4e81bdc0a5d4d7ba172f90b72e1ee43b198174beb3eea,4000,42,Jaylin Williams,1631119,Bovada,2026-03-25,2026-03-25 13:19:22,2026-03-25,Regular Season,0.72125,0.5121951219512195,0.4796954314720812,0.24155456852791873,0.40815476190476174,0.27875000000000005,0.5555555555555556,0.5203045685279188,-0.2415545685279188,-0.49824999999999986,
PRICED,over,PTS,full_game,12.5,True,25.386520385742188,25.365772891615208,11.788893699645996,0.13322454591086197,11.922118245556858,0.5327606694856868,78bf92243997831090f4e81bdc0a5d4d7ba172f90b72e1ee43b198174beb3eea,4000,42,Cam Spencer,1642285,Bovada,2026-03-26,2026-03-25 13:19:22,2026-03-25,Regular Season,0.45575,0.32786885245901637,0.3079416531604538,0.1478083468395462,0.3900374999999999,0.54425,0.7368421052631579,0.6920583468395461,-0.14780834683954613,-0.2613749999999999,
PRICED,over,PTS,full_game,8.5,True,23.25214195251465,23.454927798353886,8.998461723327637,0.1483878931201688,9.146849616447806,0.4915060991395564,78bf92243997831090f4e81bdc0a5d4d7ba172f90b72e1ee43b198174beb3eea,4000,42,Bruce Brown,1628971,Bovada,2026-03-26,2026-03-25 13:19:22,2026-03-25,Regular Season,0.52425,0.37735849056603776,0.35437430786268,0.16987569213732,0.38926249999999996,0.47575,0.6875,0.6456256921373201,-0.16987569213732012,-0.30799999999999994,
PRICED,over,PTS,full_game,22.5,True,27.472047805786133,27.451300311659153,27.895212173461914,-0.24183848605099564,27.65337368741092,0.5327606694856868,78bf92243997831090f4e81bdc0a5d4d7ba172f90b72e1ee43b198174beb3eea,4000,42,Joel Embiid,203954,DraftKings,2026-03-25,2026-03-25 13:19:22,2026-03-25,Regular Season,0.73875,0.5327102803738317,0.5031375502008032,0.23561244979919682,0.3867763157894738,0.26125,0.5260663507109005,0.4968624497991968,-0.23561244979919682,-0.5033896396396397,
PRICED,over,PTS,full_game,8.5,True,22.455629348754883,22.65841519459412,9.397706031799316,0.12252995627133749,9.520235988070654,0.4915060991395564,78bf92243997831090f4e81bdc0a5d4d7ba172f90b72e1ee43b198174beb3eea,4000,42,Zaccharie Risacher,1642258,Bovada,2026-03-25,2026-03-25 13:19:22,2026-03-25,Regular Season,0.5425,0.39215686274509803,0.3666469544648137,0.17585304553518627,0.3833749999999999,0.4575,0.6774193548387096,0.6333530455351862,-0.17585304553518621,-0.32464285714285707,
PRICED,over,PTS,full_game,22.5,True,27.472047805786133,27.451300311659153,27.895212173461914,-0.24183848605099564,27.65337368741092,0.5327606694856868,78bf92243997831090f4e81bdc0a5d4d7ba172f90b72e1ee43b198174beb3eea,4000,42,Joel Embiid,203954,Bovada,2026-03-25,2026-03-25 13:19:22,2026-03-25,Regular Season,0.73875,0.5348837209302325,0.5,0.23875000000000002,0.381141304347826,0.26125,0.5348837209302325,0.5,-0.23875000000000002,-0.5115760869565218,
PRICED,over,PTS,full_game,12.5,True,28.3916072845459,28.370859790418915,15.671921730041504,-0.24192202132832527,15.42999970871318,0.5327606694856868,78bf92243997831090f4e81bdc0a5d4d7ba172f90b72e1ee43b198174beb3eea,4000,42,Peyton Watson,1631212,Bovada,2026-03-26,2026-03-25 13:19:22,2026-03-25,Regular Season,0.642,0.46511627906976744,0.43668122270742354,0.20531877729257647,0.38029999999999997,0.358,0.6,0.5633187772925764,-0.20531877729257642,-0.40333333333333343,
PRICED,over,PTS,full_game,22.5,True,27.472047805786133,27.451300311659153,27.895212173461914,-0.24183848605099564,27.65337368741092,0.5327606694856868,78bf92243997831090f4e81bdc0a5d4d7ba172f90b72e1ee43b198174beb3eea,4000,42,Joel Embiid,203954,BetOnline.ag,2026-03-25,2026-03-25 13:19:22,2026-03-25,Regular Season,0.73875,0.5370370370370371,0.5051597457277305,0.23359025427226954,0.3756034482758621,0.26125,0.5260663507109005,0.4948402542722694,-0.23359025427226943,-0.5033896396396397,
PRICED,over,PTS,full_game,15.5,True,28.774473190307617,28.753725696180634,16.933658599853516,0.16111205035201853,17.094770650205533,0.5327606694856868,78bf92243997831090f4e81bdc0a5d4d7ba172f90b72e1ee43b198174beb3eea,4000,42,Jalen Williams,1631114,Bovada,2026-03-25,2026-03-25 13:19:22,2026-03-25,Regular Season,0.58325,0.425531914893617,0.3982930298719772,0.18495697012802287,0.3706375000000002,0.41674999999999995,0.6428571428571429,0.6017069701280228,-0.1849569701280228,-0.35172222222222227,
PRICED,over,PTS,full_game,22.5,True,27.472047805786133,27.451300311659153,27.895212173461914,-0.24183848605099564,27.65337368741092,0.5327606694856868,78bf92243997831090f4e81bdc0a5d4d7ba172f90b72e1ee43b198174beb3eea,4000,42,Joel Embiid,203954,FanDuel,2026-03-25,2026-03-25 13:19:22,2026-03-25,Regular Season,0.73875,0.5412844036697247,0.510397604391948,0.22835239560805198,0.36480932203389826,0.26125,0.5192307692307693,0.4896023956080519,-0.22835239560805193,-0.4968518518518519,
PRICED,over,PTS,full_game,19.5,True,32.07660675048828,32.23460250806815,19.07900619506836,-0.023949495517927303,19.05505669955043,0.6420909777808131,78bf92243997831090f4e81bdc0a5d4d7ba172f90b72e1ee43b198174beb3eea,4000,42,Quentin Grimes,1629656,Bovada,2026-03-25,2026-03-25 13:19:22,2026-03-25,Regular Season,0.44425,0.32786885245901637,0.3079416531604538,0.13630834683954618,0.35496249999999996,0.55575,0.7368421052631579,0.6920583468395461,-0.13630834683954618,-0.2457678571428571,
PRICED,over,PTS,full_game,18.5,True,32.07660675048828,32.23460250806815,19.07900619506836,-0.023949495517927303,19.05505669955043,0.6420909777808131,78bf92243997831090f4e81bdc0a5d4d7ba172f90b72e1ee43b198174beb3eea,4000,42,Quentin Grimes,1629656,Bovada,2026-03-25,2026-03-25 13:19:22,2026-03-25,Regular Season,0.5105,0.37735849056603776,0.35437430786268,0.15612569213731997,0.35282499999999983,0.48950000000000005,0.6875,0.6456256921373201,-0.15612569213732008,-0.2879999999999999,
PRICED,over,PTS,full_game,22.5,True,27.472047805786133,27.451300311659153,27.895212173461914,-0.24183848605099564,27.65337368741092,0.5327606694856868,78bf92243997831090f4e81bdc0a5d4d7ba172f90b72e1ee43b198174beb3eea,4000,42,Joel Embiid,203954,BetRivers,2026-03-25,2026-03-25 13:19:22,2026-03-25,Regular Season,0.73875,0.5475113122171946,0.5078823946715012,0.23086760532849881,0.34928719008264464,0.26125,0.5305164319248826,0.49211760532849874,-0.23086760532849876,-0.5075553097345133,
PRICED,over,PTS,full_game,12.5,True,28.460786819458008,28.440039325331025,12.38502311706543,0.18918039832243067,12.574203515387861,0.5327606694856868,78bf92243997831090f4e81bdc0a5d4d7ba172f90b72e1ee43b198174beb3eea,4000,42,Taylor Hendricks,1641707,Bovada,2026-03-26,2026-03-25 13:19:22,2026-03-25,Regular Season,0.48575,0.36363636363636365,0.33999999999999997,0.14575000000000005,0.33581250000000007,0.51425,0.7058823529411765,0.66,-0.14575000000000005,-0.27147916666666666,
PRICED,over,PTS,full_game,11.5,True,28.3916072845459,28.370859790418915,15.671921730041504,-0.24192202132832527,15.42999970871318,0.5327606694856868,78bf92243997831090f4e81bdc0a5d4d7ba172f90b72e1ee43b198174beb3eea,4000,42,Peyton Watson,1631212,BetMGM,2026-03-26,2026-03-25 13:19:22,2026-03-25,Regular Season,0.6975,0.5238095238095238,0.48987854251012153,0.20762145748987848,0.33159090909090916,0.3025,0.5454545454545454,0.5101214574898786,-0.2076214574898786,-0.4454166666666666,
PRICED,over,PTS,full_game,13.5,True,28.774473190307617,28.753725696180634,16.933658599853516,0.16111205035201853,17.094770650205533,0.5327606694856868,78bf92243997831090f4e81bdc0a5d4d7ba172f90b72e1ee43b198174beb3eea,4000,42,Jalen Williams,1631114,BetMGM,2026-03-25,2026-03-25 13:19:22,2026-03-25,Regular Season,0.70025,0.5260663507109005,0.49095295536791317,0.20929704463208687,0.33110585585585606,0.29974999999999996,0.5454545454545454,0.5090470446320868,-0.20929704463208687,-0.45045833333333335,
PRICED,over,PTS,full_game,11.5,True,25.386520385742188,25.365772891615208,11.788893699645996,0.13322454591086197,11.922118245556858,0.5327606694856868,78bf92243997831090f4e81bdc0a5d4d7ba172f90b72e1ee43b198174beb3eea,4000,42,Cam Spencer,1642285,Bovada,2026-03-26,2026-03-25 13:19:22,2026-03-25,Regular Season,0.5215,0.39215686274509803,0.3666469544648137,0.15485304553518625,0.3298249999999998,0.47850000000000004,0.6774193548387096,0.6333530455351862,-0.1548530455351862,-0.29364285714285704,
PRICED,over,PTS,full_game,5.5,True,23.175039291381836,23.377825137221073,7.472708225250244,0.10977747715776898,7.582485702408013,0.4915060991395564,78bf92243997831090f4e81bdc0a5d4d7ba172f90b72e1ee43b198174beb3eea,4000,42,Terance Mann,1629611,DraftKings,2026-03-26,2026-03-25 13:19:22,2026-03-25,Regular Season,0.67675,0.5098039215686274,0.480324745257228,0.19642525474277195,0.3274711538461539,0.32325000000000004,0.5515695067264574,0.519675254742772,-0.19642525474277195,-0.41394512195121946,
PRICED,over,PTS,full_game,21.5,True,27.472047805786133,27.451300311659153,27.895212173461914,-0.24183848605099564,27.65337368741092,0.5327606694856868,78bf92243997831090f4e81bdc0a5d4d7ba172f90b72e1ee43b198174beb3eea,4000,42,Joel Embiid,203954,Bovada,2026-03-25,2026-03-25 13:19:22,2026-03-25,Regular Season,0.78225,0.5918367346938775,0.554140127388535,0.22810987261146498,0.32173275862068973,0.21775,0.47619047619047616,0.4458598726114649,-0.22810987261146493,-0.542725,
PRICED,over,PTS,full_game,5.5,True,23.175039291381836,23.377825137221073,7.472708225250244,0.10977747715776898,7.582485702408013,0.4915060991395564,78bf92243997831090f4e81bdc0a5d4d7ba172f90b72e1ee43b198174beb3eea,4000,42,Terance Mann,1629611,Bovada,2026-03-26,2026-03-25 13:19:22,2026-03-25,Regular Season,0.67675,0.5121951219512195,0.4796954314720812,0.19705456852791875,0.32127380952380946,0.32325000000000004,0.5555555555555556,0.5203045685279188,-0.1970545685279188,-0.4181499999999999,
PRICED,over,PTS,full_game,23.5,True,27.472047805786133,27.451300311659153,27.895212173461914,-0.24183848605099564,27.65337368741092,0.5327606694856868,78bf92243997831090f4e81bdc0a5d4d7ba172f90b72e1ee43b198174beb3eea,4000,42,Joel Embiid,203954,BetMGM,2026-03-25,2026-03-25 13:19:22,2026-03-25,Regular Season,0.6915,0.5238095238095238,0.48987854251012153,0.20162145748987848,0.32013636363636366,0.3085,0.5454545454545454,0.5101214574898786,-0.20162145748987859,-0.4344166666666666,
PRICED,over,PTS,full_game,5.5,True,22.702890396118164,22.9056762419574,11.164196968078613,0.19264314361889448,11.356840111697508,0.4915060991395564,78bf92243997831090f4e81bdc0a5d4d7ba172f90b72e1ee43b198174beb3eea,4000,42,Jared McCain,1642272,Bovada,2026-03-25,2026-03-25 13:19:22,2026-03-25,Regular Season,0.8485,0.6428571428571429,0.6017069701280228,0.24679302987197727,0.31988888888888894,0.15149999999999997,0.425531914893617,0.3982930298719772,-0.2467930298719772,-0.6439750000000001,
PRICED,over,PTS,full_game,14.5,True,28.774473190307617,28.753725696180634,16.933658599853516,0.16111205035201853,17.094770650205533,0.5327606694856868,78bf92243997831090f4e81bdc0a5d4d7ba172f90b72e1ee43b198174beb3eea,4000,42,Jalen Williams,1631114,Bovada,2026-03-25,2026-03-25 13:19:22,2026-03-25,Regular Season,0.64375,0.4878048780487805,0.4592085979482169,0.18454140205178315,0.3196875,0.35624999999999996,0.574468085106383,0.5407914020517831,-0.18454140205178315,-0.3798611111111112,
PRICED,over,PTS,full_game,14.5,True,29.362808227539062,29.34206073341208,14.153419494628906,0.1702495475241976,14.323669042153103,0.5327606694856868,78bf92243997831090f4e81bdc0a5d4d7ba172f90b72e1ee43b198174beb3eea,4000,42,Aaron Nesmith,1630174,Bovada,2026-03-25,2026-03-25 13:19:22,2026-03-25,Regular Season,0.47925,0.36363636363636365,0.33999999999999997,0.13925000000000004,0.3179375,0.52075,0.7058823529411765,0.66,-0.13924999999999998,-0.2622708333333333,
PRICED,over,PTS,full_game,7.5,True,22.455629348754883,22.65841519459412,9.397706031799316,0.12252995627133749,9.520235988070654,0.4915060991395564,78bf92243997831090f4e81bdc0a5d4d7ba172f90b72e1ee43b198174beb3eea,4000,42,Zaccharie Risacher,1642258,Bovada,2026-03-25,2026-03-25 13:19:22,2026-03-25,Regular Season,0.6115,0.46511627906976744,0.43668122270742354,0.1748187772925765,0.31472500000000003,0.38849999999999996,0.6,0.5633187772925764,-0.17481877729257644,-0.35250000000000015,
PRICED,over,PTS,full_game,8.5,True,24.3814640045166,24.360716510389622,8.097933769226074,0.13406138963511238,8.231995158861187,0.5327606694856868,78bf92243997831090f4e81bdc0a5d4d7ba172f90b72e1ee43b198174beb3eea,4000,42,Isaiah Hartenstein,1628392,Bovada,2026-03-25,2026-03-25 13:19:22,2026-03-25,Regular Season,0.469,0.35714285714285715,0.3346265761396702,0.1343734238603298,0.3131999999999998,0.531,0.7101449275362319,0.6653734238603297,-0.1343734238603297,-0.2522653061224489,
PRICED,over,PTS,full_game,11.5,True,28.3916072845459,28.370859790418915,15.671921730041504,-0.24192202132832527,15.42999970871318,0.5327606694856868,78bf92243997831090f4e81bdc0a5d4d7ba172f90b72e1ee43b198174beb3eea,4000,42,Peyton Watson,1631212,DraftKings,2026-03-26,2026-03-25 13:19:22,2026-03-25,Regular Season,0.6975,0.5327102803738317,0.5020774472328402,0.1954225527671598,0.309342105263158,0.3025,0.5283018867924528,0.4979225527671597,-0.1954225527671597,-0.4274107142857143,
PRICED,over,PTS,full_game,7.5,True,22.455629348754883,22.65841519459412,9.397706031799316,0.12252995627133749,9.520235988070654,0.4915060991395564,78bf92243997831090f4e81bdc0a5d4d7ba172f90b72e1ee43b198174beb3eea,4000,42,Zaccharie Risacher,1642258,BetRivers,2026-03-25,2026-03-25 13:19:22,2026-03-25,Regular Season,0.6115,0.4672897196261682,0.4346343957729675,0.17686560422703257,0.30860999999999994,0.38849999999999996,0.6078431372549019,0.5653656042270325,-0.17686560422703257,-0.36085483870967755,
PRICED,over,PTS,full_game,13.5,True,25.615726470947266,25.594978976820286,13.096803665161133,0.17538342075070404,13.272187085911836,0.5327606694856868,78bf92243997831090f4e81bdc0a5d4d7ba172f90b72e1ee43b198174beb3eea,4000,42,Daniel Gafford,1629655,Bovada,2026-03-26,2026-03-25 13:19:22,2026-03-25,Regular Season,0.467,0.35714285714285715,0.3346265761396702,0.13237342386032985,0.3076000000000001,0.5329999999999999,0.7101449275362319,0.6653734238603297,-0.1323734238603298,-0.2494489795918368,
PRICED,over,PTS,full_game,17.5,True,32.07660675048828,32.23460250806815,19.07900619506836,-0.023949495517927303,19.05505669955043,0.6420909777808131,78bf92243997831090f4e81bdc0a5d4d7ba172f90b72e1ee43b198174beb3eea,4000,42,Quentin Grimes,1629656,Bovada,2026-03-25,2026-03-25 13:19:22,2026-03-25,Regular Season,0.56825,0.43478260869565216,0.40847201210287437,0.15977798789712566,0.306975,0.43174999999999997,0.6296296296296297,0.5915279878971256,-0.1597779878971256,-0.31427941176470586,
PRICED,over,PTS,full_game,11.5,True,28.3916072845459,28.370859790418915,15.671921730041504,-0.24192202132832527,15.42999970871318,0.5327606694856868,78bf92243997831090f4e81bdc0a5d4d7ba172f90b72e1ee43b198174beb3eea,4000,42,Peyton Watson,1631212,Bovada,2026-03-26,2026-03-25 13:19:22,2026-03-25,Regular Season,0.6975,0.5348837209302325,0.5,0.1975,0.30402173913043473,0.3025,0.5348837209302325,0.5,-0.1975,-0.4344565217391305,
PRICED,over,PTS,full_game,5.5,True,23.175039291381836,23.377825137221073,7.472708225250244,0.10977747715776898,7.582485702408013,0.4915060991395564,78bf92243997831090f4e81bdc0a5d4d7ba172f90b72e1ee43b198174beb3eea,4000,42,Terance Mann,1629611,FanDuel,2026-03-26,2026-03-25 13:19:22,2026-03-25,Regular Season,0.67675,0.5192307692307693,0.48581617766250607,0.1909338223374939,0.3033703703703704,0.32325000000000004,0.5495495495495496,0.5141838223374939,-0.1909338223374939,-0.4117909836065573,
PRICED,over,PTS,full_game,10.5,True,25.386520385742188,25.365772891615208,11.788893699645996,0.13322454591086197,11.922118245556858,0.5327606694856868,78bf92243997831090f4e81bdc0a5d4d7ba172f90b72e1ee43b198174beb3eea,4000,42,Cam Spencer,1642285,Bovada,2026-03-26,2026-03-25 13:19:22,2026-03-25,Regular Season,0.59225,0.45454545454545453,0.4248366013071895,0.16741339869281058,0.3029500000000003,0.40774999999999995,0.6153846153846154,0.5751633986928104,-0.16741339869281047,-0.3374062500000001,
PRICED,over,PTS,full_game,7.5,True,23.25214195251465,23.454927798353886,8.998461723327637,0.1483878931201688,9.146849616447806,0.4915060991395564,78bf92243997831090f4e81bdc0a5d4d7ba172f90b72e1ee43b198174beb3eea,4000,42,Bruce Brown,1628971,Bovada,2026-03-26,2026-03-25 13:19:22,2026-03-25,Regular Season,0.591,0.45454545454545453,0.4248366013071895,0.1661633986928105,0.3002,0.40900000000000003,0.6153846153846154,0.5751633986928104,-0.16616339869281038,-0.335375,
PRICED,over,PTS,full_game,5.5,True,23.175039291381836,23.377825137221073,7.472708225250244,0.10977747715776898,7.582485702408013,0.4915060991395564,78bf92243997831090f4e81bdc0a5d4d7ba172f90b72e1ee43b198174beb3eea,4000,42,Terance Mann,1629611,BetRivers,2026-03-26,2026-03-25 13:19:22,2026-03-25,Regular Season,0.67675,0.5215311004784688,0.4842053307008884,0.19254466929911157,0.2976215596330275,0.32325000000000004,0.5555555555555556,0.5157946692991116,-0.19254466929911151,-0.4181499999999999,
PRICED,over,PTS,full_game,14.5,True,28.774473190307617,28.753725696180634,16.933658599853516,0.16111205035201853,17.094770650205533,0.5327606694856868,78bf92243997831090f4e81bdc0a5d4d7ba172f90b72e1ee43b198174beb3eea,4000,42,Jalen Williams,1631114,FanDuel,2026-03-25,2026-03-25 13:19:22,2026-03-25,Regular Season,0.64375,0.5,0.4710743801652893,0.17267561983471075,0.2875000000000001,0.35624999999999996,0.5614035087719298,0.5289256198347108,-0.1726756198347108,-0.3654296875000001,
PRICED,over,PTS,full_game,21.5,True,27.472047805786133,27.451300311659153,27.895212173461914,-0.24183848605099564,27.65337368741092,0.5327606694856868,78bf92243997831090f4e81bdc0a5d4d7ba172f90b72e1ee43b198174beb3eea,4000,42,Joel Embiid,203954,BetRivers,2026-03-25,2026-03-25 13:19:22,2026-03-25,Regular Season,0.78225,0.6078431372549019,0.5653656042270325,0.21688439577296748,0.28692741935483856,0.21775,0.4672897196261682,0.4346343957729675,-0.21688439577296748,-0.5340150000000001,
PRICED,over,PTS,full_game,6.5,True,22.455629348754883,22.65841519459412,9.397706031799316,0.12252995627133749,9.520235988070654,0.4915060991395564,78bf92243997831090f4e81bdc0a5d4d7ba172f90b72e1ee43b198174beb3eea,4000,42,Zaccharie Risacher,1642258,FanDuel,2026-03-25,2026-03-25 13:19:22,2026-03-25,Regular Season,0.6805,0.5305164319248826,0.5,0.1805,0.282712389380531,0.3195,0.5305164319248826,0.5,-0.1805,-0.3977566371681416,
PRICED,over,PTS,full_game,15.5,True,32.07660675048828,32.23460250806815,19.07900619506836,-0.023949495517927303,19.05505669955043,0.6420909777808131,78bf92243997831090f4e81bdc0a5d4d7ba172f90b72e1ee43b198174beb3eea,4000,42,Quentin Grimes,1629656,FanDuel,2026-03-25,2026-03-25 13:19:22,2026-03-25,Regular Season,0.68525,0.5348837209302325,0.5041554124246831,0.18109458757531693,0.28111956521739123,0.31475,0.5260663507109005,0.4958445875753168,-0.18109458757531682,-0.4016914414414415,
PRICED,over,PTS,full_game,12.5,True,25.615726470947266,25.594978976820286,13.096803665161133,0.17538342075070404,13.272187085911836,0.5327606694856868,78bf92243997831090f4e81bdc0a5d4d7ba172f90b72e1ee43b198174beb3eea,4000,42,Daniel Gafford,1629655,Bovada,2026-03-26,2026-03-25 13:19:22,2026-03-25,Regular Season,0.5335,0.4166666666666667,0.39094650205761317,0.1425534979423868,0.28039999999999987,0.4665,0.6491228070175439,0.6090534979423868,-0.1425534979423868,-0.2813378378378378,
PRICED,over,PTS,full_game,11.5,True,28.3916072845459,28.370859790418915,15.671921730041504,-0.24192202132832527,15.42999970871318,0.5327606694856868,78bf92243997831090f4e81bdc0a5d4d7ba172f90b72e1ee43b198174beb3eea,4000,42,Peyton Watson,1631212,BetOnline.ag,2026-03-26,2026-03-25 13:19:22,2026-03-25,Regular Season,0.6975,0.5454545454545454,0.5123152709359606,0.18518472906403938,0.27875000000000016,0.3025,0.5192307692307693,0.4876847290640395,-0.1851847290640395,-0.4174074074074074,
PRICED,over,PTS,full_game,16.5,True,32.07660675048828,32.23460250806815,19.07900619506836,-0.023949495517927303,19.05505669955043,0.6420909777808131,78bf92243997831090f4e81bdc0a5d4d7ba172f90b72e1ee43b198174beb3eea,4000,42,Quentin Grimes,1629656,Bovada,2026-03-25,2026-03-25 13:19:22,2026-03-25,Regular Season,0.62325,0.4878048780487805,0.4592085979482169,0.16404140205178308,0.2776624999999998,0.37675000000000003,0.574468085106383,0.5407914020517831,-0.16404140205178308,-0.3441759259259259,
PRICED,over,PTS,full_game,7.5,True,17.43634796142578,17.507217984009127,7.745432376861572,0.006044581461281666,7.751476958322854,0.44940254752247744,78bf92243997831090f4e81bdc0a5d4d7ba172f90b72e1ee43b198174beb3eea,4000,42,Luka Garza,1630568,Bovada,2026-03-25,2026-03-25 13:19:22,2026-03-25,Regular Season,0.51025,0.4,0.375,0.13524999999999998,0.2756249999999999,0.48975,0.6666666666666666,0.625,-0.13524999999999998,-0.26537499999999997,
PRICED,over,PTS,full_game,8.5,True,23.929744720458984,24.13253056629822,8.186028480529785,0.010881614623015817,8.1969100951528,0.4915060991395564,78bf92243997831090f4e81bdc0a5d4d7ba172f90b72e1ee43b198174beb3eea,4000,42,Sam Hauser,1630573,Bovada,2026-03-25,2026-03-25 13:19:22,2026-03-25,Regular Season,0.47225,0.37037037037037035,0.34700315457413244,0.12524684542586756,0.2750750000000002,0.5277499999999999,0.696969696969697,0.6529968454258674,-0.1252468454258675,-0.24279347826086964,
PRICED,over,PTS,full_game,8.5,True,17.43634796142578,17.507217984009127,7.745432376861572,0.006044581461281666,7.751476958322854,0.44940254752247744,78bf92243997831090f4e81bdc0a5d4d7ba172f90b72e1ee43b198174beb3eea,4000,42,Luka Garza,1630568,Bovada,2026-03-25,2026-03-25 13:19:22,2026-03-25,Regular Season,0.418,0.32786885245901637,0.3079416531604538,0.11005834683954618,0.2748999999999998,0.5820000000000001,0.7368421052631579,0.6920583468395461,-0.11005834683954607,-0.21014285714285708,
PRICED,over,PTS,full_game,13.5,True,28.774473190307617,28.753725696180634,16.933658599853516,0.16111205035201853,17.094770650205533,0.5327606694856868,78bf92243997831090f4e81bdc0a5d4d7ba172f90b72e1ee43b198174beb3eea,4000,42,Jalen Williams,1631114,DraftKings,2026-03-25,2026-03-25 13:19:22,2026-03-25,Regular Season,0.70025,0.5495495495495496,0.517591059602649,0.1826589403973511,0.2742254098360657,0.29974999999999996,0.5121951219512195,0.48240894039735094,-0.18265894039735098,-0.4147738095238096,
PRICED,over,PTS,full_game,5.5,True,25.977554321289062,25.956806827162083,7.823307991027832,0.061237052007666354,7.884545043035498,0.5327606694856868,78bf92243997831090f4e81bdc0a5d4d7ba172f90b72e1ee43b198174beb3eea,4000,42,Cason Wallace,1641717,FanDuel,2026-03-25,2026-03-25 13:19:22,2026-03-25,Regular Season,0.70775,0.5555555555555556,0.5191532258064516,0.18859677419354837,0.27395,0.29225,0.5145631067961165,0.4808467741935484,-0.18859677419354837,-0.43204245283018866,
PRICED,over,PTS,full_game,11.5,True,28.460786819458008,28.440039325331025,12.38502311706543,0.18918039832243067,12.574203515387861,0.5327606694856868,78bf92243997831090f4e81bdc0a5d4d7ba172f90b72e1ee43b198174beb3eea,4000,42,Taylor Hendricks,1641707,Bovada,2026-03-26,2026-03-25 13:19:22,2026-03-25,Regular Season,0.5525,0.43478260869565216,0.40847201210287437,0.14402798789712562,0.27074999999999994,0.4475,0.6296296296296297,0.5915279878971256,-0.14402798789712556,-0.28926470588235287,
PRICED,over,PTS,full_game,20.5,True,27.472047805786133,27.451300311659153,27.895212173461914,-0.24183848605099564,27.65337368741092,0.5327606694856868,78bf92243997831090f4e81bdc0a5d4d7ba172f90b72e1ee43b198174beb3eea,4000,42,Joel Embiid,203954,Bovada,2026-03-25,2026-03-25 13:19:22,2026-03-25,Regular Season,0.81375,0.6428571428571429,0.6017069701280228,0.2120430298719772,0.2658333333333333,0.18625000000000003,0.425531914893617,0.3982930298719772,-0.21204302987197715,-0.5623125,
PRICED,over,PTS,full_game,17.5,True,30.20000457763672,30.358000335216587,16.211793899536133,0.12781875965413517,16.33961265919027,0.6420909777808131,78bf92243997831090f4e81bdc0a5d4d7ba172f90b72e1ee43b198174beb3eea,4000,42,Chet Holmgren,1631096,Bovada,2026-03-25,2026-03-25 13:19:22,2026-03-25,Regular Season,0.42175,0.3333333333333333,0.3125,0.10925000000000001,0.2652500000000001,0.5782499999999999,0.7333333333333333,0.6875,-0.10925000000000007,-0.2114772727272727,
PRICED,over,PTS,full_game,3.5,True,19.511953353881836,19.714739199721073,7.351264476776123,-0.12148280160613123,7.229781675169992,0.4915060991395564,78bf92243997831090f4e81bdc0a5d4d7ba172f90b72e1ee43b198174beb3eea,4000,42,Jaylin Williams,1631119,Bovada,2026-03-25,2026-03-25 13:19:22,2026-03-25,Regular Season,0.795,0.6296296296296297,0.5915279878971256,0.20347201210287447,0.26264705882352957,0.20499999999999996,0.43478260869565216,0.40847201210287437,-0.2034720121028744,-0.5285000000000002,
PRICED,over,PTS,full_game,13.5,True,28.774473190307617,28.753725696180634,16.933658599853516,0.16111205035201853,17.094770650205533,0.5327606694856868,78bf92243997831090f4e81bdc0a5d4d7ba172f90b72e1ee43b198174beb3eea,4000,42,Jalen Williams,1631114,BetOnline.ag,2026-03-25,2026-03-25 13:19:22,2026-03-25,Regular Season,0.70025,0.5555555555555556,0.5226570545829042,0.1775929454170958,0.26045000000000007,0.29974999999999996,0.5073891625615764,0.4773429454170958,-0.17759294541709586,-0.4092305825242719,
PRICED,over,PTS,full_game,13.5,True,28.774473190307617,28.753725696180634,16.933658599853516,0.16111205035201853,17.094770650205533,0.5327606694856868,78bf92243997831090f4e81bdc0a5d4d7ba172f90b72e1ee43b198174beb3eea,4000,42,Jalen Williams,1631114,Bovada,2026-03-25,2026-03-25 13:19:22,2026-03-25,Regular Season,0.70025,0.5555555555555556,0.5203045685279188,0.1799454314720812,0.26045000000000007,0.29974999999999996,0.5121951219512195,0.4796954314720812,-0.17994543147208125,-0.4147738095238096,
PRICED,over,PTS,full_game,10.5,True,28.460786819458008,28.440039325331025,12.38502311706543,0.18918039832243067,12.574203515387861,0.5327606694856868,78bf92243997831090f4e81bdc0a5d4d7ba172f90b72e1ee43b198174beb3eea,4000,42,Taylor Hendricks,1641707,DraftKings,2026-03-26,2026-03-25 13:19:22,2026-03-25,Regular Season,0.62325,0.49504950495049505,0.4669102720259846,0.15633972797401535,0.258965,0.37675000000000003,0.5652173913043478,0.5330897279740154,-0.1563397279740154,-0.33344230769230765,
PRICED,over,PTS,full_game,11.5,True,25.615726470947266,25.594978976820286,13.096803665161133,0.17538342075070404,13.272187085911836,0.5327606694856868,78bf92243997831090f4e81bdc0a5d4d7ba172f90b72e1ee43b198174beb3eea,4000,42,Daniel Gafford,1629655,BetRivers,2026-03-26,2026-03-25 13:19:22,2026-03-25,Regular Season,0.604,0.4807692307692308,0.44617156016119747,0.15782843983880251,0.25632,0.396,0.5967741935483871,0.5538284398388026,-0.15782843983880257,-0.3364324324324324,
PRICED,over,PTS,full_game,10.5,True,28.3916072845459,28.370859790418915,15.671921730041504,-0.24192202132832527,15.42999970871318,0.5327606694856868,78bf92243997831090f4e81bdc0a5d4d7ba172f90b72e1ee43b198174beb3eea,4000,42,Peyton Watson,1631212,Bovada,2026-03-26,2026-03-25 13:19:22,2026-03-25,Regular Season,0.75275,0.6,0.5633187772925764,0.18943122270742363,0.2545833333333333,0.24724999999999997,0.46511627906976744,0.43668122270742354,-0.18943122270742357,-0.46841250000000006,
PRICED,over,PTS,full_game,12.5,True,26.95008087158203,26.929333377455052,11.555325508117676,-0.10981557011108567,11.445509938006591,0.5327606694856868,78bf92243997831090f4e81bdc0a5d4d7ba172f90b72e1ee43b198174beb3eea,4000,42,Pelle Larsson,1641796,Bovada,2026-03-25,2026-03-25 13:19:22,2026-03-25,Regular Season,0.41675,0.3333333333333333,0.3125,0.10425000000000001,0.25025,0.58325,0.7333333333333333,0.6875,-0.10424999999999995,-0.20465909090909082,
PRICED,over,PTS,full_game,14.5,True,25.12068748474121,25.09993999061423,13.53354549407959,0.06471949184103075,13.59826498592062,0.5327606694856868,78bf92243997831090f4e81bdc0a5d4d7ba172f90b72e1ee43b198174beb3eea,4000,42,Tim Hardaway Jr,203501,Bovada,2026-03-26,2026-03-25 13:19:22,2026-03-25,Regular Season,0.431,0.3448275862068966,0.32315978456014366,0.10784021543985634,0.2499,0.569,0.7222222222222222,0.6768402154398564,-0.10784021543985645,-0.2121538461538462,
PRICED,over,PTS,full_game,6.5,True,22.455629348754883,22.65841519459412,9.397706031799316,0.12252995627133749,9.520235988070654,0.4915060991395564,78bf92243997831090f4e81bdc0a5d4d7ba172f90b72e1ee43b198174beb3eea,4000,42,Zaccharie Risacher,1642258,BetOnline.ag,2026-03-25,2026-03-25 13:19:22,2026-03-25,Regular Season,0.6805,0.5454545454545454,0.5123152709359606,0.16818472906403936,0.24758333333333338,0.3195,0.5192307692307693,0.4876847290640395,-0.16818472906403947,-0.3846666666666666,
PRICED,over,PTS,full_game,15.5,True,32.07660675048828,32.23460250806815,19.07900619506836,-0.023949495517927303,19.05505669955043,0.6420909777808131,78bf92243997831090f4e81bdc0a5d4d7ba172f90b72e1ee43b198174beb3eea,4000,42,Quentin Grimes,1629656,BetOnline.ag,2026-03-25,2026-03-25 13:19:22,2026-03-25,Regular Season,0.68525,0.5495495495495496,0.5164392569455861,0.1688107430544139,0.2469303278688525,0.31475,0.5145631067961165,0.483560743054414,-0.16881074305441401,-0.3883160377358491,
PRICED,over,PTS,full_game,13.5,True,25.12068748474121,25.09993999061423,13.53354549407959,0.06471949184103075,13.59826498592062,0.5327606694856868,78bf92243997831090f4e81bdc0a5d4d7ba172f90b72e1ee43b198174beb3eea,4000,42,Tim Hardaway Jr,203501,Bovada,2026-03-26,2026-03-25 13:19:22,2026-03-25,Regular Season,0.49875,0.4,0.375,0.12375000000000003,0.24687500000000007,0.50125,0.6666666666666666,0.625,-0.12375000000000003,-0.24812500000000004,
PRICED,over,PTS,full_game,7.5,True,24.3814640045166,24.360716510389622,8.097933769226074,0.13406138963511238,8.231995158861187,0.5327606694856868,78bf92243997831090f4e81bdc0a5d4d7ba172f90b72e1ee43b198174beb3eea,4000,42,Isaiah Hartenstein,1628392,Bovada,2026-03-25,2026-03-25 13:19:22,2026-03-25,Regular Season,0.542,0.43478260869565216,0.40847201210287437,0.13352798789712567,0.24660000000000004,0.45799999999999996,0.6296296296296297,0.5915279878971256,-0.1335279878971256,-0.27258823529411763,
PRICED,over,PTS,full_game,9.5,True,25.386520385742188,25.365772891615208,11.788893699645996,0.13322454591086197,11.922118245556858,0.5327606694856868,78bf92243997831090f4e81bdc0a5d4d7ba172f90b72e1ee43b198174beb3eea,4000,42,Cam Spencer,1642285,BetOnline.ag,2026-03-26,2026-03-25 13:19:22,2026-03-25,Regular Season,0.65575,0.5260663507109005,0.4948402542722694,0.16090974572773065,0.24651576576576595,0.34424999999999994,0.5370370370370371,0.5051597457277305,-0.16090974572773054,-0.3589827586206898,
PRICED,over,PTS,full_game,10.5,True,28.460786819458008,28.440039325331025,12.38502311706543,0.18918039832243067,12.574203515387861,0.5327606694856868,78bf92243997831090f4e81bdc0a5d4d7ba172f90b72e1ee43b198174beb3eea,4000,42,Taylor Hendricks,1641707,BetOnline.ag,2026-03-26,2026-03-25 13:19:22,2026-03-25,Regular Season,0.62325,0.5,0.4693877551020409,0.15386224489795908,0.24649999999999994,0.37675000000000003,0.5652173913043478,0.5306122448979592,-0.1538622448979592,-0.33344230769230765,
PRICED,over,PTS,full_game,10.5,True,28.460786819458008,28.440039325331025,12.38502311706543,0.18918039832243067,12.574203515387861,0.5327606694856868,78bf92243997831090f4e81bdc0a5d4d7ba172f90b72e1ee43b198174beb3eea,4000,42,Taylor Hendricks,1641707,Bovada,2026-03-26,2026-03-25 13:19:22,2026-03-25,Regular Season,0.62325,0.5,0.4693877551020409,0.15386224489795908,0.24649999999999994,0.37675000000000003,0.5652173913043478,0.5306122448979592,-0.1538622448979592,-0.33344230769230765,
PRICED,over,PTS,full_game,10.5,True,28.460786819458008,28.440039325331025,12.38502311706543,0.18918039832243067,12.574203515387861,0.5327606694856868,78bf92243997831090f4e81bdc0a5d4d7ba172f90b72e1ee43b198174beb3eea,4000,42,Taylor Hendricks,1641707,FanDuel,2026-03-26,2026-03-25 13:19:22,2026-03-25,Regular Season,0.62325,0.5,0.4677419354838709,0.15550806451612909,0.24649999999999994,0.37675000000000003,0.5689655172413793,0.532258064516129,-0.15550806451612897,-0.33783333333333326,
PRICED,over,PTS,full_game,10.5,True,25.989696502685547,25.968949008558567,9.605721473693848,0.04738634920247185,9.65310782289632,0.5327606694856868,78bf92243997831090f4e81bdc0a5d4d7ba172f90b72e1ee43b198174beb3eea,4000,42,Brook Lopez,201572,Bovada,2026-03-26,2026-03-25 13:19:22,2026-03-25,Regular Season,0.43725,0.3508771929824561,0.32941176470588235,0.10783823529411768,0.24616250000000006,0.56275,0.7142857142857143,0.6705882352941177,-0.10783823529411773,-0.2121500000000001,
PRICED,over,PTS,full_game,16.5,True,30.20000457763672,30.358000335216587,16.211793899536133,0.12781875965413517,16.33961265919027,0.6420909777808131,78bf92243997831090f4e81bdc0a5d4d7ba172f90b72e1ee43b198174beb3eea,4000,42,Chet Holmgren,1631096,Bovada,2026-03-25,2026-03-25 13:19:22,2026-03-25,Regular Season,0.4875,0.39215686274509803,0.3666469544648137,0.12085304553518628,0.24312499999999992,0.5125,0.6774193548387096,0.6333530455351862,-0.12085304553518628,-0.24345238095238092,
PRICED,over,PTS,full_game,10.5,True,25.615726470947266,25.594978976820286,13.096803665161133,0.17538342075070404,13.272187085911836,0.5327606694856868,78bf92243997831090f4e81bdc0a5d4d7ba172f90b72e1ee43b198174beb3eea,4000,42,Daniel Gafford,1629655,FanDuel,2026-03-26,2026-03-25 13:19:22,2026-03-25,Regular Season,0.67775,0.5454545454545454,0.5101214574898786,0.16762854251012138,0.24254166666666666,0.32225000000000004,0.5238095238095238,0.48987854251012153,-0.1676285425101215,-0.38479545454545444,
PRICED,over,PTS,full_game,10.5,True,25.615726470947266,25.594978976820286,13.096803665161133,0.17538342075070404,13.272187085911836,0.5327606694856868,78bf92243997831090f4e81bdc0a5d4d7ba172f90b72e1ee43b198174beb3eea,4000,42,Daniel Gafford,1629655,BetOnline.ag,2026-03-26,2026-03-25 13:19:22,2026-03-25,Regular Season,0.67775,0.5454545454545454,0.5123152709359606,0.16543472906403933,0.24254166666666666,0.32225000000000004,0.5192307692307693,0.4876847290640395,-0.16543472906403944,-0.37937037037037025,
PRICED,over,PTS,full_game,15.5,True,32.07660675048828,32.23460250806815,19.07900619506836,-0.023949495517927303,19.05505669955043,0.6420909777808131,78bf92243997831090f4e81bdc0a5d4d7ba172f90b72e1ee43b198174beb3eea,4000,42,Quentin Grimes,1629656,DraftKings,2026-03-25,2026-03-25 13:19:22,2026-03-25,Regular Season,0.68525,0.5515695067264574,0.519675254742772,0.16557474525722804,0.24236382113821142,0.31475,0.5098039215686274,0.480324745257228,-0.16557474525722804,-0.3826057692307692,
PRICED,over,PTS,full_game,13.5,True,29.362808227539062,29.34206073341208,14.153419494628906,0.1702495475241976,14.323669042153103,0.5327606694856868,78bf92243997831090f4e81bdc0a5d4d7ba172f90b72e1ee43b198174beb3eea,4000,42,Aaron Nesmith,1630174,Bovada,2026-03-25,2026-03-25 13:19:22,2026-03-25,Regular Season,0.5285,0.425531914893617,0.3982930298719772,0.1302069701280228,0.24197499999999994,0.47150000000000003,0.6428571428571429,0.6017069701280228,-0.13020697012802274,-0.2665555555555555,
PRICED,over,PTS,full_game,18.5,True,28.66859245300293,28.647844958875947,17.731122970581055,0.21088574523594042,17.942008715816996,0.5327606694856868,78bf92243997831090f4e81bdc0a5d4d7ba172f90b72e1ee43b198174beb3eea,4000,42,G.G. Jackson,1641713,Bovada,2026-03-26,2026-03-25 13:19:22,2026-03-25,Regular Season,0.4515,0.36363636363636365,0.33999999999999997,0.11150000000000004,0.24162499999999998,0.5485,0.7058823529411765,0.66,-0.11150000000000004,-0.22295833333333331,
PRICED,over,PTS,full_game,9.5,True,25.386520385742188,25.365772891615208,11.788893699645996,0.13322454591086197,11.922118245556858,0.5327606694856868,78bf92243997831090f4e81bdc0a5d4d7ba172f90b72e1ee43b198174beb3eea,4000,42,Cam Spencer,1642285,FanDuel,2026-03-26,2026-03-25 13:19:22,2026-03-25,Regular Season,0.65575,0.5283018867924528,0.4939310568053083,0.16181894319469176,0.24124107142857154,0.34424999999999994,0.5412844036697247,0.5060689431946916,-0.1618189431946917,-0.36401271186440687,
PRICED,over,PTS,full_game,12.5,True,25.12068748474121,25.09993999061423,13.53354549407959,0.06471949184103075,13.59826498592062,0.5327606694856868,78bf92243997831090f4e81bdc0a5d4d7ba172f90b72e1ee43b198174beb3eea,4000,42,Tim Hardaway Jr,203501,BetRivers,2026-03-26,2026-03-25 13:19:22,2026-03-25,Regular Season,0.56325,0.45454545454545453,0.4208701134930643,0.14237988650693573,0.2391500000000002,0.43674999999999997,0.6254681647940075,0.5791298865069356,-0.14237988650693567,-0.3017230538922157,
PRICED,over,PTS,full_game,17.5,True,32.07660675048828,32.23460250806815,19.07900619506836,-0.023949495517927303,19.05505669955043,0.6420909777808131,78bf92243997831090f4e81bdc0a5d4d7ba172f90b72e1ee43b198174beb3eea,4000,42,Quentin Grimes,1629656,BetRivers,2026-03-25,2026-03-25 13:19:22,2026-03-25,Regular Season,0.56825,0.45871559633027525,0.42590545549125436,0.14234454450874567,0.23878499999999991,0.43174999999999997,0.6183206106870229,0.5740945445087458,-0.14234454450874579,-0.30173765432098765,
PRICED,over,PTS,full_game,11.5,True,25.615726470947266,25.594978976820286,13.096803665161133,0.17538342075070404,13.272187085911836,0.5327606694856868,78bf92243997831090f4e81bdc0a5d4d7ba172f90b72e1ee43b198174beb3eea,4000,42,Daniel Gafford,1629655,Bovada,2026-03-26,2026-03-25 13:19:22,2026-03-25,Regular Season,0.604,0.4878048780487805,0.4592085979482169,0.1447914020517831,0.23819999999999986,0.396,0.574468085106383,0.5407914020517831,-0.1447914020517831,-0.31066666666666665,
PRICED,over,PTS,full_game,19.5,True,27.472047805786133,27.451300311659153,27.895212173461914,-0.24183848605099564,27.65337368741092,0.5327606694856868,78bf92243997831090f4e81bdc0a5d4d7ba172f90b72e1ee43b198174beb3eea,4000,42,Joel Embiid,203954,Bovada,2026-03-25,2026-03-25 13:19:22,2026-03-25,Regular Season,0.85,0.6875,0.6456256921373201,0.20437430786267985,0.2363636363636364,0.15000000000000002,0.37735849056603776,0.35437430786268,-0.20437430786267996,-0.6024999999999999,
PRICED,over,PTS,full_game,9.5,True,25.386520385742188,25.365772891615208,11.788893699645996,0.13322454591086197,11.922118245556858,0.5327606694856868,78bf92243997831090f4e81bdc0a5d4d7ba172f90b72e1ee43b198174beb3eea,4000,42,Cam Spencer,1642285,BetRivers,2026-03-26,2026-03-25 13:19:22,2026-03-25,Regular Season,0.65575,0.5305164319248826,0.49211760532849874,0.1636323946715013,0.23605973451327444,0.34424999999999994,0.5475113122171946,0.5078823946715012,-0.16363239467150126,-0.3712458677685952,
PRICED,over,PTS,full_game,4.5,True,23.175039291381836,23.377825137221073,7.472708225250244,0.10977747715776898,7.582485702408013,0.4915060991395564,78bf92243997831090f4e81bdc0a5d4d7ba172f90b72e1ee43b198174beb3eea,4000,42,Terance Mann,1629611,Bovada,2026-03-26,2026-03-25 13:19:22,2026-03-25,Regular Season,0.7605,0.6153846153846154,0.5751633986928104,0.18533660130718954,0.23581249999999992,0.23950000000000005,0.45454545454545453,0.4248366013071895,-0.18533660130718943,-0.47309999999999985,
PRICED,over,PTS,full_game,14.5,True,28.774473190307617,28.753725696180634,16.933658599853516,0.16111205035201853,17.094770650205533,0.5327606694856868,78bf92243997831090f4e81bdc0a5d4d7ba172f90b72e1ee43b198174beb3eea,4000,42,Jalen Williams,1631114,BetRivers,2026-03-25,2026-03-25 13:19:22,2026-03-25,Regular Season,0.64375,0.5215311004784688,0.4842053307008884,0.15954466929911165,0.23434633027522944,0.35624999999999996,0.5555555555555556,0.5157946692991116,-0.1595446692991116,-0.35875000000000007,
PRICED,over,PTS,full_game,6.5,True,22.455629348754883,22.65841519459412,9.397706031799316,0.12252995627133749,9.520235988070654,0.4915060991395564,78bf92243997831090f4e81bdc0a5d4d7ba172f90b72e1ee43b198174beb3eea,4000,42,Zaccharie Risacher,1642258,DraftKings,2026-03-25,2026-03-25 13:19:22,2026-03-25,Regular Season,0.6805,0.5515695067264574,0.520860277858901,0.159639722141099,0.23375203252032517,0.3195,0.5073891625615764,0.4791397221410989,-0.1596397221410989,-0.37030582524271843,
PRICED,over,PTS,full_game,15.5,True,32.07660675048828,32.23460250806815,19.07900619506836,-0.023949495517927303,19.05505669955043,0.6420909777808131,78bf92243997831090f4e81bdc0a5d4d7ba172f90b72e1ee43b198174beb3eea,4000,42,Quentin Grimes,1629656,Bovada,2026-03-25,2026-03-25 13:19:22,2026-03-25,Regular Season,0.68525,0.5555555555555556,0.5203045685279188,0.16494543147208118,0.23345000000000005,0.31475,0.5121951219512195,0.4796954314720812,-0.16494543147208124,-0.3854880952380953,
PRICED,over,PTS,full_game,10.5,True,25.615726470947266,25.594978976820286,13.096803665161133,0.17538342075070404,13.272187085911836,0.5327606694856868,78bf92243997831090f4e81bdc0a5d4d7ba172f90b72e1ee43b198174beb3eea,4000,42,Daniel Gafford,1629655,BetRivers,2026-03-26,2026-03-25 13:19:22,2026-03-25,Regular Season,0.67775,0.5495495495495496,0.5098564895126951,0.16789351048730483,0.23328278688524584,0.32225000000000004,0.5283018867924528,0.4901435104873048,-0.16789351048730478,-0.3900267857142857,
PRICED,over,PTS,full_game,9.5,True,25.386520385742188,25.365772891615208,11.788893699645996,0.13322454591086197,11.922118245556858,0.5327606694856868,78bf92243997831090f4e81bdc0a5d4d7ba172f90b72e1ee43b198174beb3eea,4000,42,Cam Spencer,1642285,DraftKings,2026-03-26,2026-03-25 13:19:22,2026-03-25,Regular Season,0.65575,0.5327102803738317,0.5020774472328402,0.15367255276715985,0.23096929824561419,0.34424999999999994,0.5283018867924528,0.4979225527671597,-0.15367255276715974,-0.3483839285714287,
PRICED,over,PTS,full_game,10.5,True,25.615726470947266,25.594978976820286,13.096803665161133,0.17538342075070404,13.272187085911836,0.5327606694856868,78bf92243997831090f4e81bdc0a5d4d7ba172f90b72e1ee43b198174beb3eea,4000,42,Daniel Gafford,1629655,DraftKings,2026-03-26,2026-03-25 13:19:22,2026-03-25,Regular Season,0.67775,0.5515695067264574,0.520860277858901,0.15688972214109898,0.2287662601626016,0.32225000000000004,0.5073891625615764,0.4791397221410989,-0.15688972214109886,-0.36488592233009703,
PRICED,over,PTS,full_game,6.5,True,25.977554321289062,25.956806827162083,7.823307991027832,0.061237052007666354,7.884545043035498,0.5327606694856868,78bf92243997831090f4e81bdc0a5d4d7ba172f90b72e1ee43b198174beb3eea,4000,42,Cason Wallace,1641717,BetRivers,2026-03-25,2026-03-25 13:19:22,2026-03-25,Regular Season,0.62925,0.5121951219512195,0.4753937007874017,0.1538562992125983,0.22853571428571418,0.37075,0.5652173913043478,0.5246062992125985,-0.15385629921259847,-0.3440576923076923,
PRICED,over,PTS,full_game,10.5,True,28.460786819458008,28.440039325331025,12.38502311706543,0.18918039832243067,12.574203515387861,0.5327606694856868,78bf92243997831090f4e81bdc0a5d4d7ba172f90b72e1ee43b198174beb3eea,4000,42,Taylor Hendricks,1641707,BetRivers,2026-03-26,2026-03-25 13:19:22,2026-03-25,Regular Season,0.62325,0.5073891625615764,0.4697879307656324,0.15346206923436756,0.22834708737864073,0.37675000000000003,0.5726495726495726,0.5302120692343677,-0.15346206923436767,-0.3420932835820895,
PRICED,over,PTS,full_game,11.5,True,26.95008087158203,26.929333377455052,11.555325508117676,-0.10981557011108567,11.445509938006591,0.5327606694856868,78bf92243997831090f4e81bdc0a5d4d7ba172f90b72e1ee43b198174beb3eea,4000,42,Pelle Larsson,1641796,Bovada,2026-03-25,2026-03-25 13:19:22,2026-03-25,Regular Season,0.49125,0.4,0.375,0.11625000000000002,0.22812500000000002,0.50875,0.6666666666666666,0.625,-0.11624999999999996,-0.236875,
PRICED,over,PTS,full_game,26.5,True,33.11474609375,33.27274185132987,24.551319122314453,0.20661038994258993,24.757929512257043,0.6420909777808131,78bf92243997831090f4e81bdc0a5d4d7ba172f90b72e1ee43b198174beb3eea,4000,42,Pascal Siakam,1627783,Bovada,2026-03-25,2026-03-25 13:19:22,2026-03-25,Regular Season,0.396,0.3225806451612903,0.30256012412723043,0.09343987587276958,0.22760000000000014,0.604,0.7435897435897436,0.6974398758727697,-0.0934398758727697,-0.18772413793103448,
PRICED,over,PTS,full_game,16.5,True,34.903221130371094,35.06121688795096,15.497272491455078,-0.010874817943060836,15.486397673512018,0.6420909777808131,78bf92243997831090f4e81bdc0a5d4d7ba172f90b72e1ee43b198174beb3eea,4000,42,Jabari Smith Jr,1631095,Bovada,2026-03-26,2026-03-25 13:19:22,2026-03-25,Regular Season,0.42325,0.3448275862068966,0.32315978456014366,0.10009021543985636,0.227425,0.57675,0.7222222222222222,0.6768402154398564,-0.10009021543985641,-0.20142307692307695,
PRICED,over,PTS,full_game,9.5,True,25.386520385742188,25.365772891615208,11.788893699645996,0.13322454591086197,11.922118245556858,0.5327606694856868,78bf92243997831090f4e81bdc0a5d4d7ba172f90b72e1ee43b198174beb3eea,4000,42,Cam Spencer,1642285,Bovada,2026-03-26,2026-03-25 13:19:22,2026-03-25,Regular Season,0.65575,0.5348837209302325,0.5,0.15575000000000006,0.22596739130434784,0.34424999999999994,0.5348837209302325,0.5,-0.15575000000000006,-0.35640217391304363,
PRICED,over,PTS,full_game,6.5,True,22.455629348754883,22.65841519459412,9.397706031799316,0.12252995627133749,9.520235988070654,0.4915060991395564,78bf92243997831090f4e81bdc0a5d4d7ba172f90b72e1ee43b198174beb3eea,4000,42,Zaccharie Risacher,1642258,Bovada,2026-03-25,2026-03-25 13:19:22,2026-03-25,Regular Season,0.6805,0.5555555555555556,0.5203045685279188,0.16019543147208115,0.2249,0.3195,0.5121951219512195,0.4796954314720812,-0.1601954314720812,-0.3762142857142857,
PRICED,over,PTS,full_game,17.5,True,28.66859245300293,28.647844958875947,17.731122970581055,0.21088574523594042,17.942008715816996,0.5327606694856868,78bf92243997831090f4e81bdc0a5d4d7ba172f90b72e1ee43b198174beb3eea,4000,42,G.G. Jackson,1641713,Bovada,2026-03-26,2026-03-25 13:19:22,2026-03-25,Regular Season,0.5095,0.4166666666666667,0.39094650205761317,0.11855349794238679,0.2227999999999999,0.49050000000000005,0.6491228070175439,0.6090534979423868,-0.11855349794238679,-0.24436486486486475,
PRICED,over,PTS,full_game,6.5,True,24.3814640045166,24.360716510389622,8.097933769226074,0.13406138963511238,8.231995158861187,0.5327606694856868,78bf92243997831090f4e81bdc0a5d4d7ba172f90b72e1ee43b198174beb3eea,4000,42,Isaiah Hartenstein,1628392,BetMGM,2026-03-25,2026-03-25 13:19:22,2026-03-25,Regular Season,0.611,0.5,0.4653465346534653,0.14565346534653467,0.22199999999999998,0.389,0.574468085106383,0.5346534653465347,-0.14565346534653467,-0.32285185185185183,
PRICED,over,PTS,full_game,11.5,True,25.12068748474121,25.09993999061423,13.53354549407959,0.06471949184103075,13.59826498592062,0.5327606694856868,78bf92243997831090f4e81bdc0a5d4d7ba172f90b72e1ee43b198174beb3eea,4000,42,Tim Hardaway Jr,203501,FanDuel,2026-03-26,2026-03-25 13:19:22,2026-03-25,Regular Season,0.63375,0.5192307692307693,0.48581617766250607,0.14793382233749397,0.22055555555555573,0.36624999999999996,0.5495495495495496,0.5141838223374939,-0.14793382233749397,-0.33354508196721316,
PRICED,over,PTS,full_game,10.5,True,25.615726470947266,25.594978976820286,13.096803665161133,0.17538342075070404,13.272187085911836,0.5327606694856868,78bf92243997831090f4e81bdc0a5d4d7ba172f90b72e1ee43b198174beb3eea,4000,42,Daniel Gafford,1629655,Bovada,2026-03-26,2026-03-25 13:19:22,2026-03-25,Regular Season,0.67775,0.5555555555555556,0.5203045685279188,0.15744543147208112,0.21994999999999998,0.32225000000000004,0.5121951219512195,0.4796954314720812,-0.15744543147208118,-0.37084523809523806,
PRICED,over,PTS,full_game,10.5,True,25.615726470947266,25.594978976820286,13.096803665161133,0.17538342075070404,13.272187085911836,0.5327606694856868,78bf92243997831090f4e81bdc0a5d4d7ba172f90b72e1ee43b198174beb3eea,4000,42,Daniel Gafford,1629655,BetMGM,2026-03-26,2026-03-25 13:19:22,2026-03-25,Regular Season,0.67775,0.5555555555555556,0.5203045685279188,0.15744543147208112,0.21994999999999998,0.32225000000000004,0.5121951219512195,0.4796954314720812,-0.15744543147208118,-0.37084523809523806,
PRICED,over,PTS,full_game,6.5,True,17.43634796142578,17.507217984009127,7.745432376861572,0.006044581461281666,7.751476958322854,0.44940254752247744,78bf92243997831090f4e81bdc0a5d4d7ba172f90b72e1ee43b198174beb3eea,4000,42,Luka Garza,1630568,DraftKings,2026-03-25,2026-03-25 13:19:22,2026-03-25,Regular Season,0.5915,0.4854368932038835,0.45800038978756574,0.13349961021243428,0.21849000000000007,0.4085,0.574468085106383,0.5419996102124343,-0.13349961021243428,-0.28890740740740745,
PRICED,over,PTS,full_game,9.5,True,26.95008087158203,26.929333377455052,11.555325508117676,-0.10981557011108567,11.445509938006591,0.5327606694856868,78bf92243997831090f4e81bdc0a5d4d7ba172f90b72e1ee43b198174beb3eea,4000,42,Pelle Larsson,1641796,FanDuel,2026-03-25,2026-03-25 13:19:22,2026-03-25,Regular Season,0.6315,0.5192307692307693,0.48581617766250607,0.14568382233749388,0.2162222222222222,0.36850000000000005,0.5495495495495496,0.5141838223374939,-0.14568382233749388,-0.329450819672131,
PRICED,over,PTS,full_game,6.5,True,26.79402732849121,26.77327983436423,8.438151359558105,0.05173029267935578,8.489881652237461,0.5327606694856868,78bf92243997831090f4e81bdc0a5d4d7ba172f90b72e1ee43b198174beb3eea,4000,42,Luguentz Dort,1629652,BetRivers,2026-03-25,2026-03-25 13:19:22,2026-03-25,Regular Season,0.63425,0.5215311004784688,0.4842053307008884,0.1500446692991116,0.21613073394495408,0.36575,0.5555555555555556,0.5157946692991116,-0.15004466929911153,-0.34164999999999995,
PRICED,over,PTS,full_game,11.5,True,25.12068748474121,25.09993999061423,13.53354549407959,0.06471949184103075,13.59826498592062,0.5327606694856868,78bf92243997831090f4e81bdc0a5d4d7ba172f90b72e1ee43b198174beb3eea,4000,42,Tim Hardaway Jr,203501,BetOnline.ag,2026-03-26,2026-03-25 13:19:22,2026-03-25,Regular Season,0.63375,0.5215311004784688,0.48974190636412124,0.1440080936358788,0.21517201834862398,0.36624999999999996,0.54337899543379,0.5102580936358787,-0.14400809363587874,-0.32597689075630254,
PRICED,over,PTS,full_game,6.5,True,23.25214195251465,23.454927798353886,8.998461723327637,0.1483878931201688,9.146849616447806,0.4915060991395564,78bf92243997831090f4e81bdc0a5d4d7ba172f90b72e1ee43b198174beb3eea,4000,42,Bruce Brown,1628971,DraftKings,2026-03-26,2026-03-25 13:19:22,2026-03-25,Regular Season,0.6595,0.54337899543379,0.512482836100362,0.14701716389963793,0.2137016806722689,0.3405,0.5169082125603864,0.487517163899638,-0.14701716389963798,-0.3412757009345794,
PRICED,over,PTS,full_game,12.5,True,28.673789978027344,28.65304248390036,11.756421089172363,0.14518758306047308,11.901608672232836,0.5327606694856868,78bf92243997831090f4e81bdc0a5d4d7ba172f90b72e1ee43b198174beb3eea,4000,42,Walter Clayton Jr.,1642383,Bovada,2026-03-26,2026-03-25 13:19:22,2026-03-25,Regular Season,0.44125,0.36363636363636365,0.33999999999999997,0.10125,0.21343749999999984,0.5587500000000001,0.7058823529411765,0.66,-0.10124999999999995,-0.20843749999999991,
PRICED,over,PTS,full_game,6.5,True,17.43634796142578,17.507217984009127,7.745432376861572,0.006044581461281666,7.751476958322854,0.44940254752247744,78bf92243997831090f4e81bdc0a5d4d7ba172f90b72e1ee43b198174beb3eea,4000,42,Luka Garza,1630568,Bovada,2026-03-25,2026-03-25 13:19:22,2026-03-25,Regular Season,0.5915,0.4878048780487805,0.4592085979482169,0.13229140205178314,0.21257499999999996,0.4085,0.574468085106383,0.5407914020517831,-0.13229140205178314,-0.28890740740740745,
PRICED,over,PTS,full_game,12.5,True,25.12068748474121,25.09993999061423,13.53354549407959,0.06471949184103075,13.59826498592062,0.5327606694856868,78bf92243997831090f4e81bdc0a5d4d7ba172f90b72e1ee43b198174beb3eea,4000,42,Tim Hardaway Jr,203501,Bovada,2026-03-26,2026-03-25 13:19:22,2026-03-25,Regular Season,0.56325,0.46511627906976744,0.43668122270742354,0.12656877729257648,0.2109875,0.43674999999999997,0.6,0.5633187772925764,-0.12656877729257643,-0.27208333333333345,
PRICED,over,PTS,full_game,22.5,True,33.9068717956543,34.064867553234166,20.786582946777344,0.17861862682575927,20.965201573603103,0.6420909777808131,78bf92243997831090f4e81bdc0a5d4d7ba172f90b72e1ee43b198174beb3eea,4000,42,Alperen Sengun,1630578,Bovada,2026-03-26,2026-03-25 13:19:22,2026-03-25,Regular Season,0.4035,0.3333333333333333,0.3125,0.09100000000000003,0.21050000000000002,0.5965,0.7333333333333333,0.6875,-0.09099999999999997,-0.18659090909090903,
PRICED,over,PTS,full_game,11.5,True,25.12068748474121,25.09993999061423,13.53354549407959,0.06471949184103075,13.59826498592062,0.5327606694856868,78bf92243997831090f4e81bdc0a5d4d7ba172f90b72e1ee43b198174beb3eea,4000,42,Tim Hardaway Jr,203501,BetRivers,2026-03-26,2026-03-25 13:19:22,2026-03-25,Regular Season,0.63375,0.5238095238095238,0.4861878453038673,0.1475621546961327,0.2098863636363637,0.36624999999999996,0.5535714285714286,0.5138121546961325,-0.14756215469613254,-0.33838709677419365,
PRICED,over,PTS,full_game,6.5,True,23.25214195251465,23.454927798353886,8.998461723327637,0.1483878931201688,9.146849616447806,0.4915060991395564,78bf92243997831090f4e81bdc0a5d4d7ba172f90b72e1ee43b198174beb3eea,4000,42,Bruce Brown,1628971,Bovada,2026-03-26,2026-03-25 13:19:22,2026-03-25,Regular Season,0.6595,0.5454545454545454,0.5101214574898786,0.1493785425101214,0.2090833333333334,0.3405,0.5238095238095238,0.48987854251012153,-0.1493785425101215,-0.3499545454545454,
PRICED,over,PTS,full_game,7.5,True,23.929744720458984,24.13253056629822,8.186028480529785,0.010881614623015817,8.1969100951528,0.4915060991395564,78bf92243997831090f4e81bdc0a5d4d7ba172f90b72e1ee43b198174beb3eea,4000,42,Sam Hauser,1630573,Bovada,2026-03-25,2026-03-25 13:19:22,2026-03-25,Regular Season,0.53725,0.4444444444444444,0.4165029469548134,0.12074705304518663,0.20881250000000007,0.46275,0.6226415094339622,0.5834970530451867,-0.12074705304518674,-0.2567954545454546,
PRICED,over,PTS,full_game,6.5,True,22.455629348754883,22.65841519459412,9.397706031799316,0.12252995627133749,9.520235988070654,0.4915060991395564,78bf92243997831090f4e81bdc0a5d4d7ba172f90b72e1ee43b198174beb3eea,4000,42,Zaccharie Risacher,1642258,BetRivers,2026-03-25,2026-03-25 13:19:22,2026-03-25,Regular Season,0.6805,0.5633187772925764,0.5226164254247954,0.15788357457520463,0.20801937984496122,0.3195,0.5145631067961165,0.4773835745752045,-0.15788357457520447,-0.37908490566037734,
PRICED,over,PTS,full_game,27.5,True,31.436262130737305,31.594257888317173,29.31964683532715,0.22171315762247193,29.54135999294962,0.6420909777808131,78bf92243997831090f4e81bdc0a5d4d7ba172f90b72e1ee43b198174beb3eea,4000,42,Kawhi Leonard,202695,BetRivers,2026-03-26,2026-03-25 13:19:22,2026-03-25,Regular Season,0.58875,0.4878048780487805,0.4546740873502499,0.1340759126497501,0.20693749999999989,0.41125,0.5850622406639004,0.5453259126497499,-0.13407591264974994,-0.29708333333333325,
PRICED,over,PTS,full_game,4.5,True,22.702890396118164,22.9056762419574,11.164196968078613,0.19264314361889448,11.356840111697508,0.4915060991395564,78bf92243997831090f4e81bdc0a5d4d7ba172f90b72e1ee43b198174beb3eea,4000,42,Jared McCain,1642272,Bovada,2026-03-25,2026-03-25 13:19:22,2026-03-25,Regular Season,0.889,0.7368421052631579,0.6920583468395461,0.19694165316045387,0.20650000000000007,0.11099999999999999,0.32786885245901637,0.3079416531604538,-0.1969416531604538,-0.6614500000000001,
PRICED,over,PTS,full_game,9.5,True,28.460786819458008,28.440039325331025,12.38502311706543,0.18918039832243067,12.574203515387861,0.5327606694856868,78bf92243997831090f4e81bdc0a5d4d7ba172f90b72e1ee43b198174beb3eea,4000,42,Taylor Hendricks,1641707,Bovada,2026-03-26,2026-03-25 13:19:22,2026-03-25,Regular Season,0.69275,0.574468085106383,0.5407914020517831,0.15195859794821687,0.2058981481481481,0.30725,0.4878048780487805,0.4592085979482169,-0.15195859794821687,-0.3701375,
PRICED,over,PTS,full_game,14.5,True,30.20000457763672,30.358000335216587,16.211793899536133,0.12781875965413517,16.33961265919027,0.6420909777808131,78bf92243997831090f4e81bdc0a5d4d7ba172f90b72e1ee43b198174beb3eea,4000,42,Chet Holmgren,1631096,FanDuel,2026-03-25,2026-03-25 13:19:22,2026-03-25,Regular Season,0.60275,0.5,0.4677419354838709,0.13500806451612912,0.20550000000000002,0.39725,0.5689655172413793,0.532258064516129,-0.135008064516129,-0.3018030303030303,
PRICED,over,PTS,full_game,14.5,True,30.20000457763672,30.358000335216587,16.211793899536133,0.12781875965413517,16.33961265919027,0.6420909777808131,78bf92243997831090f4e81bdc0a5d4d7ba172f90b72e1ee43b198174beb3eea,4000,42,Chet Holmgren,1631096,BetMGM,2026-03-25,2026-03-25 13:19:22,2026-03-25,Regular Season,0.60275,0.5,0.4653465346534653,0.1374034653465347,0.20550000000000002,0.39725,0.574468085106383,0.5346534653465347,-0.1374034653465347,-0.3084907407407408,
PRICED,over,PTS,full_game,24.5,True,33.11474609375,33.27274185132987,24.551319122314453,0.20661038994258993,24.757929512257043,0.6420909777808131,78bf92243997831090f4e81bdc0a5d4d7ba172f90b72e1ee43b198174beb3eea,4000,42,Pascal Siakam,1627783,Bovada,2026-03-25,2026-03-25 13:19:22,2026-03-25,Regular Season,0.492,0.40816326530612246,0.3838517538054269,0.10814824619457308,0.20540000000000003,0.508,0.6551724137931034,0.6161482461945731,-0.10814824619457308,-0.22463157894736846,
PRICED,over,PTS,full_game,10.5,True,26.95008087158203,26.929333377455052,11.555325508117676,-0.10981557011108567,11.445509938006591,0.5327606694856868,78bf92243997831090f4e81bdc0a5d4d7ba172f90b72e1ee43b198174beb3eea,4000,42,Pelle Larsson,1641796,Bovada,2026-03-25,2026-03-25 13:19:22,2026-03-25,Regular Season,0.5605,0.46511627906976744,0.43668122270742354,0.12381877729257645,0.2050749999999999,0.4395,0.6,0.5633187772925764,-0.1238187772925764,-0.26750000000000007,
PRICED,over,PTS,full_game,25.5,True,33.11474609375,33.27274185132987,24.551319122314453,0.20661038994258993,24.757929512257043,0.6420909777808131,78bf92243997831090f4e81bdc0a5d4d7ba172f90b72e1ee43b198174beb3eea,4000,42,Pascal Siakam,1627783,Bovada,2026-03-25,2026-03-25 13:19:22,2026-03-25,Regular Season,0.438,0.36363636363636365,0.33999999999999997,0.09800000000000003,0.2044999999999999,0.562,0.7058823529411765,0.66,-0.09799999999999998,-0.20383333333333328,
PRICED,over,PTS,full_game,12.5,True,29.362808227539062,29.34206073341208,14.153419494628906,0.1702495475241976,14.323669042153103,0.5327606694856868,78bf92243997831090f4e81bdc0a5d4d7ba172f90b72e1ee43b198174beb3eea,4000,42,Aaron Nesmith,1630174,Bovada,2026-03-25,2026-03-25 13:19:22,2026-03-25,Regular Season,0.5875,0.4878048780487805,0.4592085979482169,0.12829140205178313,0.20437499999999997,0.4125,0.574468085106383,0.5407914020517831,-0.12829140205178313,-0.2819444444444445,
PRICED,over,PTS,full_game,16.5,True,28.66859245300293,28.647844958875947,17.731122970581055,0.21088574523594042,17.942008715816996,0.5327606694856868,78bf92243997831090f4e81bdc0a5d4d7ba172f90b72e1ee43b198174beb3eea,4000,42,G.G. Jackson,1641713,Bovada,2026-03-26,2026-03-25 13:19:22,2026-03-25,Regular Season,0.57275,0.47619047619047616,0.4458598726114649,0.12689012738853506,0.20277500000000004,0.42725,0.5918367346938775,0.554140127388535,-0.126890127388535,-0.27809482758620685,
PRICED,over,PTS,full_game,10.5,True,28.02290153503418,28.002154040907197,9.271885871887207,0.1203047916054804,9.392190663492688,0.5327606694856868,78bf92243997831090f4e81bdc0a5d4d7ba172f90b72e1ee43b198174beb3eea,4000,42,Davion Mitchell,1630558,Bovada,2026-03-25,2026-03-25 13:19:22,2026-03-25,Regular Season,0.41475,0.3448275862068966,0.32315978456014366,0.09159021543985635,0.20277499999999993,0.58525,0.7222222222222222,0.6768402154398564,-0.09159021543985635,-0.18965384615384617,
PRICED,over,PTS,full_game,5.5,True,17.43634796142578,17.507217984009127,7.745432376861572,0.006044581461281666,7.751476958322854,0.44940254752247744,78bf92243997831090f4e81bdc0a5d4d7ba172f90b72e1ee43b198174beb3eea,4000,42,Luka Garza,1630568,FanDuel,2026-03-25,2026-03-25 13:19:22,2026-03-25,Regular Season,0.6795,0.5652173913043478,0.5281576830249397,0.1513423169750603,0.20219230769230767,0.3205,0.504950495049505,0.4718423169750604,-0.1513423169750604,-0.36528431372549014,
PRICED,over,PTS,full_game,9.5,True,26.95008087158203,26.929333377455052,11.555325508117676,-0.10981557011108567,11.445509938006591,0.5327606694856868,78bf92243997831090f4e81bdc0a5d4d7ba172f90b72e1ee43b198174beb3eea,4000,42,Pelle Larsson,1641796,BetOnline.ag,2026-03-25,2026-03-25 13:19:22,2026-03-25,Regular Season,0.6315,0.5260663507109005,0.4948402542722694,0.13665974572773054,0.20041891891891894,0.36850000000000005,0.5370370370370371,0.5051597457277305,-0.13665974572773043,-0.3138275862068965,
PRICED,over,PTS,full_game,11.5,True,25.12068748474121,25.09993999061423,13.53354549407959,0.06471949184103075,13.59826498592062,0.5327606694856868,78bf92243997831090f4e81bdc0a5d4d7ba172f90b72e1ee43b198174beb3eea,4000,42,Tim Hardaway Jr,203501,DraftKings,2026-03-26,2026-03-25 13:19:22,2026-03-25,Regular Season,0.63375,0.5283018867924528,0.4979225527671597,0.13582744723284035,0.19959821428571434,0.36624999999999996,0.5327102803738317,0.5020774472328402,-0.13582744723284024,-0.31247807017543866,
PRICED,over,PTS,full_game,14.5,True,30.20000457763672,30.358000335216587,16.211793899536133,0.12781875965413517,16.33961265919027,0.6420909777808131,78bf92243997831090f4e81bdc0a5d4d7ba172f90b72e1ee43b198174beb3eea,4000,42,Chet Holmgren,1631096,BetOnline.ag,2026-03-25,2026-03-25 13:19:22,2026-03-25,Regular Season,0.60275,0.5024875621890548,0.4723111001722865,0.1304388998277135,0.19953217821782177,0.39725,0.5614035087719298,0.5276888998277135,-0.1304388998277135,-0.2923984375,
PRICED,over,PTS,full_game,7.5,True,25.977554321289062,25.956806827162083,7.823307991027832,0.061237052007666354,7.884545043035498,0.5327606694856868,78bf92243997831090f4e81bdc0a5d4d7ba172f90b72e1ee43b198174beb3eea,4000,42,Cason Wallace,1641717,Bovada,2026-03-25,2026-03-25 13:19:22,2026-03-25,Regular Season,0.545,0.45454545454545453,0.4248366013071895,0.12016339869281056,0.19900000000000018,0.45499999999999996,0.6153846153846154,0.5751633986928104,-0.12016339869281045,-0.26062500000000005,
PRICED,over,PTS,full_game,12.5,True,29.362808227539062,29.34206073341208,14.153419494628906,0.1702495475241976,14.323669042153103,0.5327606694856868,78bf92243997831090f4e81bdc0a5d4d7ba172f90b72e1ee43b198174beb3eea,4000,42,Aaron Nesmith,1630174,FanDuel,2026-03-25,2026-03-25 13:19:22,2026-03-25,Regular Season,0.5875,0.49019607843137253,0.46281519310564956,0.12468480689435046,0.19850000000000012,0.4125,0.5689655172413793,0.5371848068943506,-0.12468480689435057,-0.275,
PRICED,over,PTS,full_game,13.5,True,29.44710350036621,29.426356006239228,13.152752876281738,0.11072737918065179,13.26348025546239,0.5327606694856868,78bf92243997831090f4e81bdc0a5d4d7ba172f90b72e1ee43b198174beb3eea,4000,42,Cameron Johnson,1629661,Bovada,2026-03-26,2026-03-25 13:19:22,2026-03-25,Regular Season,0.47925,0.4,0.375,0.10425000000000001,0.198125,0.52075,0.6666666666666666,0.625,-0.10424999999999995,-0.218875,
PRICED,over,PTS,full_game,12.5,True,28.774473190307617,28.753725696180634,16.933658599853516,0.16111205035201853,17.094770650205533,0.5327606694856868,78bf92243997831090f4e81bdc0a5d4d7ba172f90b72e1ee43b198174beb3eea,4000,42,Jalen Williams,1631114,Bovada,2026-03-25,2026-03-25 13:19:22,2026-03-25,Regular Season,0.7455,0.6226415094339622,0.5834970530451867,0.16200294695481332,0.19731818181818184,0.25449999999999995,0.4444444444444444,0.4165029469548134,-0.16200294695481343,-0.4273750000000001,
PRICED,over,PTS,full_game,8.5,True,25.977554321289062,25.956806827162083,7.823307991027832,0.061237052007666354,7.884545043035498,0.5327606694856868,78bf92243997831090f4e81bdc0a5d4d7ba172f90b72e1ee43b198174beb3eea,4000,42,Cason Wallace,1641717,Bovada,2026-03-25,2026-03-25 13:19:22,2026-03-25,Regular Season,0.45175,0.37735849056603776,0.35437430786268,0.09737569213732,0.19713749999999997,0.54825,0.6875,0.6456256921373201,-0.09737569213732011,-0.2025454545454545,
PRICED,over,PTS,full_game,14.5,True,29.44710350036621,29.426356006239228,13.152752876281738,0.11072737918065179,13.26348025546239,0.5327606694856868,78bf92243997831090f4e81bdc0a5d4d7ba172f90b72e1ee43b198174beb3eea,4000,42,Cameron Johnson,1629661,Bovada,2026-03-26,2026-03-25 13:19:22,2026-03-25,Regular Season,0.41275,0.3448275862068966,0.32315978456014366,0.08959021543985635,0.1969749999999999,0.58725,0.7222222222222222,0.6768402154398564,-0.08959021543985635,-0.1868846153846154,
PRICED,over,PTS,full_game,15.5,True,30.20000457763672,30.358000335216587,16.211793899536133,0.12781875965413517,16.33961265919027,0.6420909777808131,78bf92243997831090f4e81bdc0a5d4d7ba172f90b72e1ee43b198174beb3eea,4000,42,Chet Holmgren,1631096,Bovada,2026-03-25,2026-03-25 13:19:22,2026-03-25,Regular Season,0.544,0.45454545454545453,0.4248366013071895,0.11916339869281056,0.1968000000000002,0.45599999999999996,0.6153846153846154,0.5751633986928104,-0.11916339869281045,-0.25900000000000006,
PRICED,over,PTS,full_game,9.5,True,25.989696502685547,25.968949008558567,9.605721473693848,0.04738634920247185,9.65310782289632,0.5327606694856868,78bf92243997831090f4e81bdc0a5d4d7ba172f90b72e1ee43b198174beb3eea,4000,42,Brook Lopez,201572,Bovada,2026-03-26,2026-03-25 13:19:22,2026-03-25,Regular Season,0.50925,0.425531914893617,0.3982930298719772,0.1109569701280228,0.1967375,0.49075,0.6428571428571429,0.6017069701280228,-0.11095697012802275,-0.23661111111111105,
PRICED,over,PTS,full_game,15.5,True,28.66859245300293,28.647844958875947,17.731122970581055,0.21088574523594042,17.942008715816996,0.5327606694856868,78bf92243997831090f4e81bdc0a5d4d7ba172f90b72e1ee43b198174beb3eea,4000,42,G.G. Jackson,1641713,DraftKings,2026-03-26,2026-03-25 13:19:22,2026-03-25,Regular Season,0.632,0.5283018867924528,0.4979225527671597,0.13407744723284032,0.19628571428571429,0.368,0.5327102803738317,0.5020774472328402,-0.1340774472328402,-0.30919298245614035,
PRICED,over,PTS,full_game,15.5,True,34.903221130371094,35.06121688795096,15.497272491455078,-0.010874817943060836,15.486397673512018,0.6420909777808131,78bf92243997831090f4e81bdc0a5d4d7ba172f90b72e1ee43b198174beb3eea,4000,42,Jabari Smith Jr,1631095,Bovada,2026-03-26,2026-03-25 13:19:22,2026-03-25,Regular Season,0.4785,0.4,0.375,0.10349999999999998,0.19624999999999992,0.5215000000000001,0.6666666666666666,0.625,-0.10349999999999993,-0.21774999999999994,
PRICED,over,PTS,full_game,7.5,True,22.455629348754883,22.65841519459412,9.397706031799316,0.12252995627133749,9.520235988070654,0.4915060991395564,78bf92243997831090f4e81bdc0a5d4d7ba172f90b72e1ee43b198174beb3eea,4000,42,Zaccharie Risacher,1642258,BetMGM,2026-03-25,2026-03-25 13:19:22,2026-03-25,Regular Season,0.6115,0.5121951219512195,0.4796954314720812,0.13180456852791883,0.1938809523809525,0.38849999999999996,0.5555555555555556,0.5203045685279188,-0.13180456852791889,-0.3007000000000001,
PRICED,over,PTS,full_game,7.5,True,23.25214195251465,23.454927798353886,8.998461723327637,0.1483878931201688,9.146849616447806,0.4915060991395564,78bf92243997831090f4e81bdc0a5d4d7ba172f90b72e1ee43b198174beb3eea,4000,42,Bruce Brown,1628971,BetRivers,2026-03-26,2026-03-25 13:19:22,2026-03-25,Regular Season,0.591,0.49504950495049505,0.45980991958136136,0.1311900804186386,0.19382,0.40900000000000003,0.5815899581589958,0.5401900804186387,-0.13119008041863867,-0.2967553956834532,
PRICED,over,PTS,full_game,14.5,True,30.20000457763672,30.358000335216587,16.211793899536133,0.12781875965413517,16.33961265919027,0.6420909777808131,78bf92243997831090f4e81bdc0a5d4d7ba172f90b72e1ee43b198174beb3eea,4000,42,Chet Holmgren,1631096,DraftKings,2026-03-25,2026-03-25 13:19:22,2026-03-25,Regular Season,0.60275,0.504950495049505,0.47614107883817425,0.12660892116182576,0.19368137254901963,0.39725,0.5555555555555556,0.5238589211618258,-0.12660892116182576,-0.28495,
PRICED,over,PTS,full_game,7.5,True,26.79402732849121,26.77327983436423,8.438151359558105,0.05173029267935578,8.489881652237461,0.5327606694856868,78bf92243997831090f4e81bdc0a5d4d7ba172f90b72e1ee43b198174beb3eea,4000,42,Luguentz Dort,1629652,BetRivers,2026-03-25,2026-03-25 13:19:22,2026-03-25,Regular Season,0.5625,0.4716981132075472,0.4388409027584286,0.12365909724157143,0.19250000000000012,0.4375,0.6031746031746031,0.5611590972415714,-0.12365909724157143,-0.2746710526315789,
PRICED,over,PTS,full_game,9.5,True,28.460786819458008,28.440039325331025,12.38502311706543,0.18918039832243067,12.574203515387861,0.5327606694856868,78bf92243997831090f4e81bdc0a5d4d7ba172f90b72e1ee43b198174beb3eea,4000,42,Taylor Hendricks,1641707,BetRivers,2026-03-26,2026-03-25 13:19:22,2026-03-25,Regular Season,0.69275,0.5815899581589958,0.5401900804186387,0.15255991958136128,0.1911312949640287,0.30725,0.49504950495049505,0.45980991958136136,-0.15255991958136134,-0.37935499999999994,
PRICED,over,PTS,full_game,14.5,True,34.903221130371094,35.06121688795096,15.497272491455078,-0.010874817943060836,15.486397673512018,0.6420909777808131,78bf92243997831090f4e81bdc0a5d4d7ba172f90b72e1ee43b198174beb3eea,4000,42,Jabari Smith Jr,1631095,Bovada,2026-03-26,2026-03-25 13:19:22,2026-03-25,Regular Season,0.54125,0.45454545454545453,0.4248366013071895,0.11641339869281053,0.1907500000000001,0.45875,0.6153846153846154,0.5751633986928104,-0.11641339869281042,-0.25453125,
PRICED,over,PTS,full_game,13.5,True,28.774473190307617,28.753725696180634,16.933658599853516,0.16111205035201853,17.094770650205533,0.5327606694856868,78bf92243997831090f4e81bdc0a5d4d7ba172f90b72e1ee43b198174beb3eea,4000,42,Jalen Williams,1631114,BetRivers,2026-03-25,2026-03-25 13:19:22,2026-03-25,Regular Season,0.70025,0.588477366255144,0.5479742549946055,0.15227574500539454,0.18993531468531466,0.29974999999999996,0.4854368932038835,0.4520257450053946,-0.15227574500539465,-0.38251500000000005,
PRICED,over,PTS,full_game,16.5,True,32.07660675048828,32.23460250806815,19.07900619506836,-0.023949495517927303,19.05505669955043,0.6420909777808131,78bf92243997831090f4e81bdc0a5d4d7ba172f90b72e1ee43b198174beb3eea,4000,42,Quentin Grimes,1629656,BetMGM,2026-03-25,2026-03-25 13:19:22,2026-03-25,Regular Season,0.62325,0.5238095238095238,0.48987854251012153,0.13337145748987844,0.18984090909090912,0.37675000000000003,0.5454545454545454,0.5101214574898786,-0.13337145748987855,-0.3092916666666666,
PRICED,over,PTS,full_game,22.5,True,33.11474609375,33.27274185132987,24.551319122314453,0.20661038994258993,24.757929512257043,0.6420909777808131,78bf92243997831090f4e81bdc0a5d4d7ba172f90b72e1ee43b198174beb3eea,4000,42,Pascal Siakam,1627783,DraftKings,2026-03-25,2026-03-25 13:19:22,2026-03-25,Regular Season,0.59925,0.504950495049505,0.47614107883817425,0.1231089211618257,0.18674999999999997,0.40075000000000005,0.5555555555555556,0.5238589211618258,-0.1231089211618257,-0.2786499999999999,
PRICED,over,PTS,full_game,18.5,True,27.472047805786133,27.451300311659153,27.895212173461914,-0.24183848605099564,27.65337368741092,0.5327606694856868,78bf92243997831090f4e81bdc0a5d4d7ba172f90b72e1ee43b198174beb3eea,4000,42,Joel Embiid,203954,Bovada,2026-03-25,2026-03-25 13:19:22,2026-03-25,Regular Season,0.88225,0.7435897435897436,0.6974398758727697,0.1848101241272303,0.18647413793103446,0.11775000000000002,0.3225806451612903,0.30256012412723043,-0.1848101241272304,-0.634975,
PRICED,over,PTS,full_game,15.5,True,28.66859245300293,28.647844958875947,17.731122970581055,0.21088574523594042,17.942008715816996,0.5327606694856868,78bf92243997831090f4e81bdc0a5d4d7ba172f90b72e1ee43b198174beb3eea,4000,42,G.G. Jackson,1641713,FanDuel,2026-03-26,2026-03-25 13:19:22,2026-03-25,Regular Season,0.632,0.5327102803738317,0.5,0.132,0.18638596491228077,0.368,0.5327102803738317,0.5,-0.132,-0.30919298245614035,
PRICED,over,PTS,full_game,10.5,True,25.80695152282715,25.78620402870017,9.377436637878418,0.03850639952448724,9.415943037402906,0.5327606694856868,78bf92243997831090f4e81bdc0a5d4d7ba172f90b72e1ee43b198174beb3eea,4000,42,Neemias Queta,1629674,Bovada,2026-03-25,2026-03-25 13:19:22,2026-03-25,Regular Season,0.41625,0.3508771929824561,0.32941176470588235,0.08683823529411766,0.1863125000000001,0.58375,0.7142857142857143,0.6705882352941177,-0.08683823529411772,-0.18275000000000005,
PRICED,over,PTS,full_game,10.5,True,22.664844512939453,22.86763035877869,9.68027400970459,0.12252226757583444,9.802796277280425,0.4915060991395564,78bf92243997831090f4e81bdc0a5d4d7ba172f90b72e1ee43b198174beb3eea,4000,42,Harrison Barnes,203084,Bovada,2026-03-26,2026-03-25 13:19:22,2026-03-25,Regular Season,0.43125,0.36363636363636365,0.33999999999999997,0.09125000000000005,0.1859375000000001,0.56875,0.7058823529411765,0.66,-0.09125000000000005,-0.1942708333333333,
PRICED,over,PTS,full_game,11.5,True,29.362808227539062,29.34206073341208,14.153419494628906,0.1702495475241976,14.323669042153103,0.5327606694856868,78bf92243997831090f4e81bdc0a5d4d7ba172f90b72e1ee43b198174beb3eea,4000,42,Aaron Nesmith,1630174,BetMGM,2026-03-25,2026-03-25 13:19:22,2026-03-25,Regular Season,0.6465,0.5454545454545454,0.5101214574898786,0.13637854251012138,0.18525000000000003,0.35350000000000004,0.5238095238095238,0.48987854251012153,-0.1363785425101215,-0.32513636363636356,
PRICED,over,PTS,full_game,11.5,True,25.12068748474121,25.09993999061423,13.53354549407959,0.06471949184103075,13.59826498592062,0.5327606694856868,78bf92243997831090f4e81bdc0a5d4d7ba172f90b72e1ee43b198174beb3eea,4000,42,Tim Hardaway Jr,203501,Bovada,2026-03-26,2026-03-25 13:19:22,2026-03-25,Regular Season,0.63375,0.5348837209302325,0.5,0.13375000000000004,0.18483695652173915,0.36624999999999996,0.5348837209302325,0.5,-0.13375000000000004,-0.3152717391304349,
PRICED,over,PTS,full_game,11.5,True,29.44710350036621,29.426356006239228,13.152752876281738,0.11072737918065179,13.26348025546239,0.5327606694856868,78bf92243997831090f4e81bdc0a5d4d7ba172f90b72e1ee43b198174beb3eea,4000,42,Cameron Johnson,1629661,FanDuel,2026-03-26,2026-03-25 13:19:22,2026-03-25,Regular Season,0.6095,0.5145631067961165,0.483560743054414,0.12593925694558605,0.1845000000000001,0.39049999999999996,0.5495495495495496,0.5164392569455861,-0.12593925694558616,-0.2894180327868853,
PRICED,over,PTS,full_game,7.5,True,23.25214195251465,23.454927798353886,8.998461723327637,0.1483878931201688,9.146849616447806,0.4915060991395564,78bf92243997831090f4e81bdc0a5d4d7ba172f90b72e1ee43b198174beb3eea,4000,42,Bruce Brown,1628971,BetMGM,2026-03-26,2026-03-25 13:19:22,2026-03-25,Regular Season,0.591,0.5,0.4653465346534653,0.12565346534653465,0.18199999999999994,0.40900000000000003,0.574468085106383,0.5346534653465347,-0.12565346534653465,-0.288037037037037,
PRICED,over,PTS,full_game,7.5,True,23.25214195251465,23.454927798353886,8.998461723327637,0.1483878931201688,9.146849616447806,0.4915060991395564,78bf92243997831090f4e81bdc0a5d4d7ba172f90b72e1ee43b198174beb3eea,4000,42,Bruce Brown,1628971,BetOnline.ag,2026-03-26,2026-03-25 13:19:22,2026-03-25,Regular Season,0.591,0.5,0.4693877551020409,0.12161224489795908,0.18199999999999994,0.40900000000000003,0.5652173913043478,0.5306122448979592,-0.12161224489795919,-0.27638461538461534,
PRICED,over,PTS,full_game,15.5,True,28.66859245300293,28.647844958875947,17.731122970581055,0.21088574523594042,17.942008715816996,0.5327606694856868,78bf92243997831090f4e81bdc0a5d4d7ba172f90b72e1ee43b198174beb3eea,4000,42,G.G. Jackson,1641713,Bovada,2026-03-26,2026-03-25 13:19:22,2026-03-25,Regular Season,0.632,0.5348837209302325,0.5,0.132,0.18156521739130427,0.368,0.5348837209302325,0.5,-0.132,-0.31200000000000006,
PRICED,over,PTS,full_game,11.5,True,29.362808227539062,29.34206073341208,14.153419494628906,0.1702495475241976,14.323669042153103,0.5327606694856868,78bf92243997831090f4e81bdc0a5d4d7ba172f90b72e1ee43b198174beb3eea,4000,42,Aaron Nesmith,1630174,DraftKings,2026-03-25,2026-03-25 13:19:22,2026-03-25,Regular Season,0.6465,0.5475113122171946,0.5166631951676735,0.1298368048323265,0.18079752066115695,0.35350000000000004,0.5121951219512195,0.4833368048323266,-0.12983680483232657,-0.3098333333333333,
PRICED,over,PTS,full_game,15.5,True,30.20000457763672,30.358000335216587,16.211793899536133,0.12781875965413517,16.33961265919027,0.6420909777808131,78bf92243997831090f4e81bdc0a5d4d7ba172f90b72e1ee43b198174beb3eea,4000,42,Chet Holmgren,1631096,BetRivers,2026-03-25,2026-03-25 13:19:22,2026-03-25,Regular Season,0.544,0.4608294930875576,0.427030022492421,0.11696997750757904,0.18048000000000008,0.45599999999999996,0.6183206106870229,0.5729699775075789,-0.11696997750757898,-0.26251851851851854,
PRICED,over,PTS,full_game,14.5,True,32.07660675048828,32.23460250806815,19.07900619506836,-0.023949495517927303,19.05505669955043,0.6420909777808131,78bf92243997831090f4e81bdc0a5d4d7ba172f90b72e1ee43b198174beb3eea,4000,42,Quentin Grimes,1629656,Bovada,2026-03-25,2026-03-25 13:19:22,2026-03-25,Regular Season,0.73475,0.6226415094339622,0.5834970530451867,0.15125294695481328,0.18005303030303027,0.26525,0.4444444444444444,0.4165029469548134,-0.1512529469548134,-0.40318750000000003,
PRICED,over,PTS,full_game,16.5,True,32.07660675048828,32.23460250806815,19.07900619506836,-0.023949495517927303,19.05505669955043,0.6420909777808131,78bf92243997831090f4e81bdc0a5d4d7ba172f90b72e1ee43b198174beb3eea,4000,42,Quentin Grimes,1629656,BetRivers,2026-03-25,2026-03-25 13:19:22,2026-03-25,Regular Season,0.62325,0.5283018867924528,0.4901435104873048,0.13310648951269516,0.17972321428571414,0.37675000000000003,0.5495495495495496,0.5098564895126951,-0.1331064895126951,-0.31443852459016386,
PRICED,over,PTS,full_game,23.5,True,35.98078155517578,36.13877731275565,26.0479736328125,0.20426456402313092,26.25223819683563,0.6420909777808131,78bf92243997831090f4e81bdc0a5d4d7ba172f90b72e1ee43b198174beb3eea,4000,42,Jaylen Brown,1627759,FanDuel,2026-03-25,2026-03-25 13:19:22,2026-03-25,Regular Season,0.6225,0.5283018867924528,0.4939310568053083,0.12856894319469175,0.17830357142857145,0.37749999999999995,0.5412844036697247,0.5060689431946916,-0.1285689431946917,-0.302584745762712,
PRICED,over,PTS,full_game,9.5,True,25.615726470947266,25.594978976820286,13.096803665161133,0.17538342075070404,13.272187085911836,0.5327606694856868,78bf92243997831090f4e81bdc0a5d4d7ba172f90b72e1ee43b198174beb3eea,4000,42,Daniel Gafford,1629655,Bovada,2026-03-26,2026-03-25 13:19:22,2026-03-25,Regular Season,0.741,0.6296296296296297,0.5915279878971256,0.14947201210287442,0.17688235294117655,0.259,0.43478260869565216,0.40847201210287437,-0.14947201210287436,-0.40430000000000005,
PRICED,over,PTS,full_game,15.5,True,28.66859245300293,28.647844958875947,17.731122970581055,0.21088574523594042,17.942008715816996,0.5327606694856868,78bf92243997831090f4e81bdc0a5d4d7ba172f90b72e1ee43b198174beb3eea,4000,42,G.G. Jackson,1641713,BetOnline.ag,2026-03-26,2026-03-25 13:19:22,2026-03-25,Regular Season,0.632,0.5370370370370371,0.5051597457277305,0.12684025427226953,0.17682758620689654,0.368,0.5260663507109005,0.4948402542722694,-0.12684025427226941,-0.3004684684684684,
PRICED,over,PTS,full_game,14.5,True,30.20000457763672,30.358000335216587,16.211793899536133,0.12781875965413517,16.33961265919027,0.6420909777808131,78bf92243997831090f4e81bdc0a5d4d7ba172f90b72e1ee43b198174beb3eea,4000,42,Chet Holmgren,1631096,Bovada,2026-03-25,2026-03-25 13:19:22,2026-03-25,Regular Season,0.60275,0.5121951219512195,0.4796954314720812,0.1230545685279188,0.17679761904761904,0.39725,0.5555555555555556,0.5203045685279188,-0.12305456852791885,-0.28495,
PRICED,over,PTS,full_game,26.5,True,31.436262130737305,31.594257888317173,29.31964683532715,0.22171315762247193,29.54135999294962,0.6420909777808131,78bf92243997831090f4e81bdc0a5d4d7ba172f90b72e1ee43b198174beb3eea,4000,42,Kawhi Leonard,202695,BetRivers,2026-03-26,2026-03-25 13:19:22,2026-03-25,Regular Season,0.63675,0.5412844036697247,0.5039916972696792,0.13275830273032085,0.17636864406779662,0.36324999999999996,0.5327102803738317,0.496008302730321,-0.13275830273032102,-0.3181096491228071,
PRICED,over,PTS,full_game,21.5,True,32.556095123291016,32.714090880870884,19.820106506347656,0.16824655340293018,19.988353059750587,0.6420909777808131,78bf92243997831090f4e81bdc0a5d4d7ba172f90b72e1ee43b198174beb3eea,4000,42,Evan Mobley,1630596,Bovada,2026-03-25,2026-03-25 13:19:22,2026-03-25,Regular Season,0.41225,0.3508771929824561,0.32941176470588235,0.08283823529411766,0.17491250000000003,0.58775,0.7142857142857143,0.6705882352941177,-0.08283823529411771,-0.17715000000000006,
PRICED,over,PTS,full_game,19.5,True,35.30427169799805,35.462267455577916,21.120439529418945,0.17669533454919525,21.29713486396814,0.6420909777808131,78bf92243997831090f4e81bdc0a5d4d7ba172f90b72e1ee43b198174beb3eea,4000,42,VJ Edgecombe,1642845,BetMGM,2026-03-25,2026-03-25 13:19:22,2026-03-25,Regular Season,0.60175,0.5121951219512195,0.4796954314720812,0.1220545685279188,0.1748452380952381,0.39825,0.5555555555555556,0.5203045685279188,-0.12205456852791885,-0.28315,
PRICED,over,PTS,full_game,7.5,True,22.667152404785156,22.869938250624394,6.552900791168213,0.0994959745158494,6.652396765684062,0.4915060991395564,78bf92243997831090f4e81bdc0a5d4d7ba172f90b72e1ee43b198174beb3eea,4000,42,Dean Wade,1629731,Bovada,2026-03-25,2026-03-25 13:19:22,2026-03-25,Regular Season,0.40475,0.3448275862068966,0.32315978456014366,0.08159021543985634,0.1737749999999999,0.5952500000000001,0.7222222222222222,0.6768402154398564,-0.08159021543985634,-0.1758076923076923,
PRICED,over,PTS,full_game,5.5,True,24.928417205810547,24.907669711683567,6.199642181396484,-0.13477692383251597,6.0648652575639685,0.5327606694856868,78bf92243997831090f4e81bdc0a5d4d7ba172f90b72e1ee43b198174beb3eea,4000,42,Baylor Scheierman,1631248,BetRivers,2026-03-25,2026-03-25 13:19:22,2026-03-25,Regular Season,0.5535,0.4716981132075472,0.4388409027584286,0.11465909724157142,0.17342000000000002,0.4465,0.6031746031746031,0.5611590972415714,-0.11465909724157142,-0.25975,
PRICED,over,PTS,full_game,5.5,True,25.977554321289062,25.956806827162083,7.823307991027832,0.061237052007666354,7.884545043035498,0.5327606694856868,78bf92243997831090f4e81bdc0a5d4d7ba172f90b72e1ee43b198174beb3eea,4000,42,Cason Wallace,1641717,BetRivers,2026-03-25,2026-03-25 13:19:22,2026-03-25,Regular Season,0.70775,0.6031746031746031,0.5611590972415714,0.14659090275842857,0.173375,0.29225,0.4716981132075472,0.4388409027584286,-0.14659090275842857,-0.38042999999999993,
PRICED,over,PTS,full_game,12.5,True,29.44710350036621,29.426356006239228,13.152752876281738,0.11072737918065179,13.26348025546239,0.5327606694856868,78bf92243997831090f4e81bdc0a5d4d7ba172f90b72e1ee43b198174beb3eea,4000,42,Cameron Johnson,1629661,Bovada,2026-03-26,2026-03-25 13:19:22,2026-03-25,Regular Season,0.54575,0.46511627906976744,0.43668122270742354,0.10906877729257641,0.17336249999999986,0.45425000000000004,0.6,0.5633187772925764,-0.10906877729257636,-0.24291666666666667,
PRICED,over,PTS,full_game,21.5,True,33.9068717956543,34.064867553234166,20.786582946777344,0.17861862682575927,20.965201573603103,0.6420909777808131,78bf92243997831090f4e81bdc0a5d4d7ba172f90b72e1ee43b198174beb3eea,4000,42,Alperen Sengun,1630578,Bovada,2026-03-26,2026-03-25 13:19:22,2026-03-25,Regular Season,0.45125,0.38461538461538464,0.36041189931350115,0.09083810068649883,0.1732499999999999,0.5487500000000001,0.6825396825396826,0.6395881006864989,-0.09083810068649878,-0.1960174418604651,
PRICED,over,PTS,full_game,9.5,True,28.3916072845459,28.370859790418915,15.671921730041504,-0.24192202132832527,15.42999970871318,0.5327606694856868,78bf92243997831090f4e81bdc0a5d4d7ba172f90b72e1ee43b198174beb3eea,4000,42,Peyton Watson,1631212,Bovada,2026-03-26,2026-03-25 13:19:22,2026-03-25,Regular Season,0.80075,0.6825396825396826,0.6395881006864989,0.1611618993135011,0.1731918604651162,0.19925000000000004,0.38461538461538464,0.36041189931350115,-0.1611618993135011,-0.4819499999999999,
PRICED,over,PTS,full_game,11.5,True,28.673789978027344,28.65304248390036,11.756421089172363,0.14518758306047308,11.901608672232836,0.5327606694856868,78bf92243997831090f4e81bdc0a5d4d7ba172f90b72e1ee43b198174beb3eea,4000,42,Walter Clayton Jr.,1642383,Bovada,2026-03-26,2026-03-25 13:19:22,2026-03-25,Regular Season,0.51,0.43478260869565216,0.40847201210287437,0.10152798789712564,0.17299999999999993,0.49,0.6296296296296297,0.5915279878971256,-0.10152798789712558,-0.22176470588235286,
PRICED,over,PTS,full_game,11.5,True,29.362808227539062,29.34206073341208,14.153419494628906,0.1702495475241976,14.323669042153103,0.5327606694856868,78bf92243997831090f4e81bdc0a5d4d7ba172f90b72e1ee43b198174beb3eea,4000,42,Aaron Nesmith,1630174,BetOnline.ag,2026-03-25,2026-03-25 13:19:22,2026-03-25,Regular Season,0.6465,0.5515695067264574,0.5185070943861814,0.1279929056138186,0.17210975609756085,0.35350000000000004,0.5121951219512195,0.48149290561381863,-0.1279929056138186,-0.3098333333333333,
PRICED,over,PTS,full_game,8.5,True,25.386520385742188,25.365772891615208,11.788893699645996,0.13322454591086197,11.922118245556858,0.5327606694856868,78bf92243997831090f4e81bdc0a5d4d7ba172f90b72e1ee43b198174beb3eea,4000,42,Cam Spencer,1642285,BetRivers,2026-03-26,2026-03-25 13:19:22,2026-03-25,Regular Season,0.716,0.6108949416342413,0.567740307795812,0.148259692204188,0.1720509554140126,0.28400000000000003,0.46511627906976744,0.43225969220418803,-0.148259692204188,-0.38939999999999997,
PRICED,over,PTS,full_game,21.5,True,33.11474609375,33.27274185132987,24.551319122314453,0.20661038994258993,24.757929512257043,0.6420909777808131,78bf92243997831090f4e81bdc0a5d4d7ba172f90b72e1ee43b198174beb3eea,4000,42,Pascal Siakam,1627783,BetMGM,2026-03-25,2026-03-25 13:19:22,2026-03-25,Regular Season,0.651,0.5555555555555556,0.5203045685279188,0.13069543147208118,0.17180000000000006,0.349,0.5121951219512195,0.4796954314720812,-0.13069543147208124,-0.3186190476190477,
PRICED,over,PTS,full_game,6.5,True,25.977554321289062,25.956806827162083,7.823307991027832,0.061237052007666354,7.884545043035498,0.5327606694856868,78bf92243997831090f4e81bdc0a5d4d7ba172f90b72e1ee43b198174beb3eea,4000,42,Cason Wallace,1641717,BetOnline.ag,2026-03-25,2026-03-25 13:19:22,2026-03-25,Regular Season,0.62925,0.5370370370370371,0.5051597457277305,0.1240902542722695,0.1717068965517241,0.37075,0.5260663507109005,0.4948402542722694,-0.12409025427226938,-0.2952409909909909,
PRICED,over,PTS,full_game,12.5,True,32.193565368652344,32.35156112623221,13.902081489562988,0.038945417630644144,13.941026907193633,0.6420909777808131,78bf92243997831090f4e81bdc0a5d4d7ba172f90b72e1ee43b198174beb3eea,4000,42,Christian Braun,1631128,BetRivers,2026-03-26,2026-03-25 13:19:22,2026-03-25,Regular Season,0.58,0.49504950495049505,0.45980991958136136,0.1201900804186386,0.17159999999999997,0.42000000000000004,0.5815899581589958,0.5401900804186387,-0.12019008041863866,-0.277841726618705,
PRICED,over,PTS,full_game,12.5,True,32.193565368652344,32.35156112623221,13.902081489562988,0.038945417630644144,13.941026907193633,0.6420909777808131,78bf92243997831090f4e81bdc0a5d4d7ba172f90b72e1ee43b198174beb3eea,4000,42,Christian Braun,1631128,FanDuel,2026-03-26,2026-03-25 13:19:22,2026-03-25,Regular Season,0.58,0.49504950495049505,0.46209273182957394,0.11790726817042602,0.17159999999999997,0.42000000000000004,0.576271186440678,0.5379072681704261,-0.11790726817042607,-0.2711764705882352,
PRICED,over,PTS,full_game,10.5,True,25.12068748474121,25.09993999061423,13.53354549407959,0.06471949184103075,13.59826498592062,0.5327606694856868,78bf92243997831090f4e81bdc0a5d4d7ba172f90b72e1ee43b198174beb3eea,4000,42,Tim Hardaway Jr,203501,Bovada,2026-03-26,2026-03-25 13:19:22,2026-03-25,Regular Season,0.7025,0.6,0.5633187772925764,0.1391812227074236,0.17083333333333323,0.2975,0.46511627906976744,0.43668122270742354,-0.13918122270742356,-0.36037500000000006,
PRICED,over,PTS,full_game,10.5,True,25.12068748474121,25.09993999061423,13.53354549407959,0.06471949184103075,13.59826498592062,0.5327606694856868,78bf92243997831090f4e81bdc0a5d4d7ba172f90b72e1ee43b198174beb3eea,4000,42,Tim Hardaway Jr,203501,BetRivers,2026-03-26,2026-03-25 13:19:22,2026-03-25,Regular Season,0.7025,0.6,0.5575221238938053,0.14497787610619473,0.17083333333333323,0.2975,0.47619047619047616,0.4424778761061947,-0.14497787610619473,-0.37525000000000003,
PRICED,over,PTS,full_game,7.5,True,24.3814640045166,24.360716510389622,8.097933769226074,0.13406138963511238,8.231995158861187,0.5327606694856868,78bf92243997831090f4e81bdc0a5d4d7ba172f90b72e1ee43b198174beb3eea,4000,42,Isaiah Hartenstein,1628392,BetRivers,2026-03-25,2026-03-25 13:19:22,2026-03-25,Regular Season,0.542,0.46296296296296297,0.4299183321160614,0.11208166788393864,0.1707200000000002,0.45799999999999996,0.6138996138996139,0.5700816678839387,-0.1120816678839387,-0.2539496855345913,
PRICED,over,PTS,full_game,26.5,True,35.98078155517578,36.13877731275565,26.0479736328125,0.20426456402313092,26.25223819683563,0.6420909777808131,78bf92243997831090f4e81bdc0a5d4d7ba172f90b72e1ee43b198174beb3eea,4000,42,Jaylen Brown,1627759,Bovada,2026-03-25,2026-03-25 13:19:22,2026-03-25,Regular Season,0.46825,0.4,0.375,0.09325,0.17062500000000003,0.53175,0.6666666666666666,0.625,-0.09325000000000006,-0.20237500000000003,
PRICED,over,PTS,full_game,20.5,True,32.556095123291016,32.714090880870884,19.820106506347656,0.16824655340293018,19.988353059750587,0.6420909777808131,78bf92243997831090f4e81bdc0a5d4d7ba172f90b72e1ee43b198174beb3eea,4000,42,Evan Mobley,1630596,Bovada,2026-03-25,2026-03-25 13:19:22,2026-03-25,Regular Season,0.468,0.4,0.375,0.09300000000000003,0.17000000000000004,0.532,0.6666666666666666,0.625,-0.09299999999999997,-0.202,
PRICED,over,PTS,full_game,22.5,True,33.11474609375,33.27274185132987,24.551319122314453,0.20661038994258993,24.757929512257043,0.6420909777808131,78bf92243997831090f4e81bdc0a5d4d7ba172f90b72e1ee43b198174beb3eea,4000,42,Pascal Siakam,1627783,Bovada,2026-03-25,2026-03-25 13:19:22,2026-03-25,Regular Season,0.59925,0.5121951219512195,0.4796954314720812,0.11955456852791874,0.16996428571428557,0.40075000000000005,0.5555555555555556,0.5203045685279188,-0.11955456852791879,-0.2786499999999999,
PRICED,over,PTS,full_game,9.5,True,22.66581153869629,22.868597384535526,8.16478443145752,-0.08576942493259945,8.07901500652492,0.4915060991395564,78bf92243997831090f4e81bdc0a5d4d7ba172f90b72e1ee43b198174beb3eea,4000,42,Tari Eason,1631106,Bovada,2026-03-26,2026-03-25 13:19:22,2026-03-25,Regular Season,0.38925,0.3333333333333333,0.3125,0.07674999999999998,0.16774999999999995,0.61075,0.7333333333333333,0.6875,-0.07674999999999998,-0.1671590909090908,
PRICED,over,PTS,full_game,6.5,True,22.667152404785156,22.869938250624394,6.552900791168213,0.0994959745158494,6.652396765684062,0.4915060991395564,78bf92243997831090f4e81bdc0a5d4d7ba172f90b72e1ee43b198174beb3eea,4000,42,Dean Wade,1629731,Bovada,2026-03-25,2026-03-25 13:19:22,2026-03-25,Regular Season,0.49675,0.425531914893617,0.3982930298719772,0.09845697012802285,0.16736250000000008,0.50325,0.6428571428571429,0.6017069701280228,-0.09845697012802279,-0.21716666666666667,
PRICED,over,PTS,full_game,6.5,True,25.977554321289062,25.956806827162083,7.823307991027832,0.061237052007666354,7.884545043035498,0.5327606694856868,78bf92243997831090f4e81bdc0a5d4d7ba172f90b72e1ee43b198174beb3eea,4000,42,Cason Wallace,1641717,DraftKings,2026-03-25,2026-03-25 13:19:22,2026-03-25,Regular Season,0.62925,0.5391705069124424,0.5083149711054754,0.12093502889452457,0.16707051282051277,0.37075,0.5215311004784688,0.4916850288945246,-0.12093502889452457,-0.28911238532110084,
PRICED,over,PTS,full_game,6.5,True,23.25214195251465,23.454927798353886,8.998461723327637,0.1483878931201688,9.146849616447806,0.4915060991395564,78bf92243997831090f4e81bdc0a5d4d7ba172f90b72e1ee43b198174beb3eea,4000,42,Bruce Brown,1628971,FanDuel,2026-03-26,2026-03-25 13:19:22,2026-03-25,Regular Season,0.6595,0.5652173913043478,0.5281576830249397,0.13134231697506027,0.1668076923076922,0.3405,0.504950495049505,0.4718423169750604,-0.13134231697506038,-0.32567647058823523,
PRICED,over,PTS,full_game,6.5,True,24.3814640045166,24.360716510389622,8.097933769226074,0.13406138963511238,8.231995158861187,0.5327606694856868,78bf92243997831090f4e81bdc0a5d4d7ba172f90b72e1ee43b198174beb3eea,4000,42,Isaiah Hartenstein,1628392,Bovada,2026-03-25,2026-03-25 13:19:22,2026-03-25,Regular Season,0.611,0.5238095238095238,0.48987854251012153,0.12112145748987846,0.16645454545454552,0.389,0.5454545454545454,0.5101214574898786,-0.12112145748987857,-0.2868333333333333,
PRICED,over,PTS,full_game,14.5,True,30.69470977783203,30.8527055354119,16.762475967407227,0.21824562952181717,16.980721596929044,0.6420909777808131,78bf92243997831090f4e81bdc0a5d4d7ba172f90b72e1ee43b198174beb3eea,4000,42,Andrew Nembhard,1629614,BetMGM,2026-03-25,2026-03-25 13:19:22,2026-03-25,Regular Season,0.62375,0.5348837209302325,0.5,0.12375000000000003,0.16614130434782604,0.37625,0.5348837209302325,0.5,-0.12375000000000003,-0.2965760869565218,
PRICED,over,PTS,full_game,27.5,True,31.436262130737305,31.594257888317173,29.31964683532715,0.22171315762247193,29.54135999294962,0.6420909777808131,78bf92243997831090f4e81bdc0a5d4d7ba172f90b72e1ee43b198174beb3eea,4000,42,Kawhi Leonard,202695,FanDuel,2026-03-26,2026-03-25 13:19:22,2026-03-25,Regular Season,0.58875,0.504950495049505,0.4718423169750604,0.11690768302493959,0.16595588235294123,0.41125,0.5652173913043478,0.5281576830249397,-0.1169076830249397,-0.27240384615384616,
PRICED,over,PTS,full_game,24.5,True,35.98078155517578,36.13877731275565,26.0479736328125,0.20426456402313092,26.25223819683563,0.6420909777808131,78bf92243997831090f4e81bdc0a5d4d7ba172f90b72e1ee43b198174beb3eea,4000,42,Jaylen Brown,1627759,Bovada,2026-03-25,2026-03-25 13:19:22,2026-03-25,Regular Season,0.56875,0.4878048780487805,0.4592085979482169,0.10954140205178309,0.16593749999999985,0.43125,0.574468085106383,0.5407914020517831,-0.10954140205178309,-0.24930555555555556,
PRICED,over,PTS,full_game,23.5,True,33.11474609375,33.27274185132987,24.551319122314453,0.20661038994258993,24.757929512257043,0.6420909777808131,78bf92243997831090f4e81bdc0a5d4d7ba172f90b72e1ee43b198174beb3eea,4000,42,Pascal Siakam,1627783,Bovada,2026-03-25,2026-03-25 13:19:22,2026-03-25,Regular Season,0.5415,0.46511627906976744,0.43668122270742354,0.10481877729257644,0.16422499999999995,0.4585,0.6,0.5633187772925764,-0.10481877729257638,-0.2358333333333334,
PRICED,over,PTS,full_game,10.5,True,28.673789978027344,28.65304248390036,11.756421089172363,0.14518758306047308,11.901608672232836,0.5327606694856868,78bf92243997831090f4e81bdc0a5d4d7ba172f90b72e1ee43b198174beb3eea,4000,42,Walter Clayton Jr.,1642383,BetRivers,2026-03-26,2026-03-25 13:19:22,2026-03-25,Regular Season,0.57625,0.49504950495049505,0.461322848133297,0.11492715186670305,0.1640250000000001,0.42374999999999996,0.5780590717299579,0.5386771518667031,-0.1149271518667031,-0.2669434306569344,
PRICED,over,PTS,full_game,25.5,True,35.98078155517578,36.13877731275565,26.0479736328125,0.20426456402313092,26.25223819683563,0.6420909777808131,78bf92243997831090f4e81bdc0a5d4d7ba172f90b72e1ee43b198174beb3eea,4000,42,Jaylen Brown,1627759,Bovada,2026-03-25,2026-03-25 13:19:22,2026-03-25,Regular Season,0.51725,0.4444444444444444,0.4165029469548134,0.10074705304518661,0.16381249999999992,0.48275,0.6226415094339622,0.5834970530451867,-0.10074705304518672,-0.22467424242424244,
PRICED,over,PTS,full_game,11.5,True,29.362808227539062,29.34206073341208,14.153419494628906,0.1702495475241976,14.323669042153103,0.5327606694856868,78bf92243997831090f4e81bdc0a5d4d7ba172f90b72e1ee43b198174beb3eea,4000,42,Aaron Nesmith,1630174,Bovada,2026-03-25,2026-03-25 13:19:22,2026-03-25,Regular Season,0.6465,0.5555555555555556,0.5203045685279188,0.12619543147208112,0.16369999999999996,0.35350000000000004,0.5121951219512195,0.4796954314720812,-0.12619543147208118,-0.3098333333333333,
PRICED,over,PTS,full_game,11.5,True,29.44710350036621,29.426356006239228,13.152752876281738,0.11072737918065179,13.26348025546239,0.5327606694856868,78bf92243997831090f4e81bdc0a5d4d7ba172f90b72e1ee43b198174beb3eea,4000,42,Cameron Johnson,1629661,BetRivers,2026-03-26,2026-03-25 13:19:22,2026-03-25,Regular Season,0.6095,0.5238095238095238,0.4861878453038673,0.12331215469613271,0.16359090909090923,0.39049999999999996,0.5535714285714286,0.5138121546961325,-0.12331215469613255,-0.2945806451612904,
PRICED,over,PTS,full_game,11.5,True,29.44710350036621,29.426356006239228,13.152752876281738,0.11072737918065179,13.26348025546239,0.5327606694856868,78bf92243997831090f4e81bdc0a5d4d7ba172f90b72e1ee43b198174beb3eea,4000,42,Cameron Johnson,1629661,BetMGM,2026-03-26,2026-03-25 13:19:22,2026-03-25,Regular Season,0.6095,0.5238095238095238,0.48987854251012153,0.11962145748987851,0.16359090909090923,0.39049999999999996,0.5454545454545454,0.5101214574898786,-0.11962145748987862,-0.28408333333333335,
PRICED,over,PTS,full_game,12.5,True,26.55491828918457,26.53417079505759,13.723937034606934,0.05757327392150084,13.781510308528434,0.5327606694856868,78bf92243997831090f4e81bdc0a5d4d7ba172f90b72e1ee43b198174beb3eea,4000,42,John Collins,1628381,FanDuel,2026-03-26,2026-03-25 13:19:22,2026-03-25,Regular Season,0.576,0.49504950495049505,0.46209273182957394,0.11390726817042601,0.1635199999999999,0.42400000000000004,0.576271186440678,0.5379072681704261,-0.11390726817042607,-0.26423529411764696,
PRICED,over,PTS,full_game,8.5,True,25.386520385742188,25.365772891615208,11.788893699645996,0.13322454591086197,11.922118245556858,0.5327606694856868,78bf92243997831090f4e81bdc0a5d4d7ba172f90b72e1ee43b198174beb3eea,4000,42,Cam Spencer,1642285,Bovada,2026-03-26,2026-03-25 13:19:22,2026-03-25,Regular Season,0.716,0.6153846153846154,0.5751633986928104,0.14083660130718956,0.16349999999999998,0.28400000000000003,0.45454545454545453,0.4248366013071895,-0.14083660130718945,-0.37519999999999987,
PRICED,over,PTS,full_game,27.5,True,35.98078155517578,36.13877731275565,26.0479736328125,0.20426456402313092,26.25223819683563,0.6420909777808131,78bf92243997831090f4e81bdc0a5d4d7ba172f90b72e1ee43b198174beb3eea,4000,42,Jaylen Brown,1627759,Bovada,2026-03-25,2026-03-25 13:19:22,2026-03-25,Regular Season,0.4155,0.35714285714285715,0.3346265761396702,0.08087342386032981,0.16339999999999988,0.5845,0.7101449275362319,0.6653734238603297,-0.0808734238603297,-0.1769285714285714,
PRICED,over,PTS,full_game,19.5,True,33.9068717956543,34.064867553234166,20.786582946777344,0.17861862682575927,20.965201573603103,0.6420909777808131,78bf92243997831090f4e81bdc0a5d4d7ba172f90b72e1ee43b198174beb3eea,4000,42,Alperen Sengun,1630578,BetRivers,2026-03-26,2026-03-25 13:19:22,2026-03-25,Regular Season,0.559,0.4807692307692308,0.44617156016119747,0.11282843983880259,0.1627200000000002,0.44099999999999995,0.5967741935483871,0.5538284398388026,-0.11282843983880264,-0.2610270270270271,
PRICED,over,PTS,full_game,20.5,True,33.9068717956543,34.064867553234166,20.786582946777344,0.17861862682575927,20.965201573603103,0.6420909777808131,78bf92243997831090f4e81bdc0a5d4d7ba172f90b72e1ee43b198174beb3eea,4000,42,Alperen Sengun,1630578,Bovada,2026-03-26,2026-03-25 13:19:22,2026-03-25,Regular Season,0.505,0.43478260869565216,0.40847201210287437,0.09652798789712563,0.16149999999999987,0.495,0.6296296296296297,0.5915279878971256,-0.09652798789712558,-0.21382352941176463,
PRICED,over,PTS,full_game,6.5,True,24.3814640045166,24.360716510389622,8.097933769226074,0.13406138963511238,8.231995158861187,0.5327606694856868,78bf92243997831090f4e81bdc0a5d4d7ba172f90b72e1ee43b198174beb3eea,4000,42,Isaiah Hartenstein,1628392,FanDuel,2026-03-25,2026-03-25 13:19:22,2026-03-25,Regular Season,0.611,0.5260663507109005,0.4958445875753168,0.11515541242468319,0.16145045045045048,0.389,0.5348837209302325,0.5041554124246831,-0.11515541242468308,-0.27273913043478265,
PRICED,over,PTS,full_game,6.5,True,24.3814640045166,24.360716510389622,8.097933769226074,0.13406138963511238,8.231995158861187,0.5327606694856868,78bf92243997831090f4e81bdc0a5d4d7ba172f90b72e1ee43b198174beb3eea,4000,42,Isaiah Hartenstein,1628392,DraftKings,2026-03-25,2026-03-25 13:19:22,2026-03-25,Regular Season,0.611,0.5260663507109005,0.4958445875753168,0.11515541242468319,0.16145045045045048,0.389,0.5348837209302325,0.5041554124246831,-0.11515541242468308,-0.27273913043478265,
PRICED,over,PTS,full_game,11.5,True,29.44710350036621,29.426356006239228,13.152752876281738,0.11072737918065179,13.26348025546239,0.5327606694856868,78bf92243997831090f4e81bdc0a5d4d7ba172f90b72e1ee43b198174beb3eea,4000,42,Cameron Johnson,1629661,BetOnline.ag,2026-03-26,2026-03-25 13:19:22,2026-03-25,Regular Season,0.6095,0.5260663507109005,0.4948402542722694,0.11465974572773063,0.1585990990990993,0.39049999999999996,0.5370370370370371,0.5051597457277305,-0.11465974572773052,-0.27286206896551735,
PRICED,over,PTS,full_game,9.5,True,26.95008087158203,26.929333377455052,11.555325508117676,-0.10981557011108567,11.445509938006591,0.5327606694856868,78bf92243997831090f4e81bdc0a5d4d7ba172f90b72e1ee43b198174beb3eea,4000,42,Pelle Larsson,1641796,Bovada,2026-03-25,2026-03-25 13:19:22,2026-03-25,Regular Season,0.6315,0.5454545454545454,0.5101214574898786,0.12137854251012137,0.15775000000000006,0.36850000000000005,0.5238095238095238,0.48987854251012153,-0.12137854251012148,-0.2964999999999999,
PRICED,over,PTS,full_game,9.5,True,26.95008087158203,26.929333377455052,11.555325508117676,-0.10981557011108567,11.445509938006591,0.5327606694856868,78bf92243997831090f4e81bdc0a5d4d7ba172f90b72e1ee43b198174beb3eea,4000,42,Pelle Larsson,1641796,DraftKings,2026-03-25,2026-03-25 13:19:22,2026-03-25,Regular Season,0.6315,0.5454545454545454,0.5145711906744379,0.11692880932556204,0.15775000000000006,0.36850000000000005,0.5145631067961165,0.48542880932556204,-0.11692880932556199,-0.2838584905660376,
PRICED,over,PTS,full_game,19.5,True,33.76485061645508,33.92284637403495,21.9394588470459,0.1783470871765002,22.1178059342224,0.6420909777808131,78bf92243997831090f4e81bdc0a5d4d7ba172f90b72e1ee43b198174beb3eea,4000,42,Jayson Tatum,1628369,FanDuel,2026-03-25,2026-03-25 13:19:22,2026-03-25,Regular Season,0.636,0.5495495495495496,0.5187593796898449,0.11724062031015514,0.15731147540983614,0.364,0.5098039215686274,0.48124062031015497,-0.11724062031015497,-0.286,
PRICED,over,PTS,full_game,19.5,True,32.556095123291016,32.714090880870884,19.820106506347656,0.16824655340293018,19.988353059750587,0.6420909777808131,78bf92243997831090f4e81bdc0a5d4d7ba172f90b72e1ee43b198174beb3eea,4000,42,Evan Mobley,1630596,Bovada,2026-03-25,2026-03-25 13:19:22,2026-03-25,Regular Season,0.526,0.45454545454545453,0.4248366013071895,0.10116339869281055,0.15720000000000012,0.474,0.6153846153846154,0.5751633986928104,-0.10116339869281044,-0.22975,
PRICED,over,PTS,full_game,16.5,True,28.66859245300293,28.647844958875947,17.731122970581055,0.21088574523594042,17.942008715816996,0.5327606694856868,78bf92243997831090f4e81bdc0a5d4d7ba172f90b72e1ee43b198174beb3eea,4000,42,G.G. Jackson,1641713,BetRivers,2026-03-26,2026-03-25 13:19:22,2026-03-25,Regular Season,0.57275,0.49504950495049505,0.45980991958136136,0.11294008041863862,0.15695499999999996,0.42725,0.5815899581589958,0.5401900804186387,-0.11294008041863868,-0.26537589928057553,
PRICED,over,PTS,full_game,20.5,True,33.76485061645508,33.92284637403495,21.9394588470459,0.1783470871765002,22.1178059342224,0.6420909777808131,78bf92243997831090f4e81bdc0a5d4d7ba172f90b72e1ee43b198174beb3eea,4000,42,Jayson Tatum,1628369,BetOnline.ag,2026-03-25,2026-03-25 13:19:22,2026-03-25,Regular Season,0.58625,0.5073891625615764,0.4773429454170958,0.10890705458290423,0.15542475728155347,0.41374999999999995,0.5555555555555556,0.5226570545829042,-0.10890705458290428,-0.2552500000000001,
PRICED,over,PTS,full_game,22.5,True,33.11474609375,33.27274185132987,24.551319122314453,0.20661038994258993,24.757929512257043,0.6420909777808131,78bf92243997831090f4e81bdc0a5d4d7ba172f90b72e1ee43b198174beb3eea,4000,42,Pascal Siakam,1627783,FanDuel,2026-03-25,2026-03-25 13:19:22,2026-03-25,Regular Season,0.59925,0.5192307692307693,0.4896023956080519,0.10964760439194804,0.1541111111111111,0.40075000000000005,0.5412844036697247,0.510397604391948,-0.10964760439194798,-0.2596313559322033,
PRICED,over,PTS,full_game,19.5,True,34.843597412109375,35.001593169689244,21.431854248046875,0.09151911308433733,21.523373361131213,0.6420909777808131,78bf92243997831090f4e81bdc0a5d4d7ba172f90b72e1ee43b198174beb3eea,4000,42,LeBron James,2544,BetOnline.ag,2026-03-25,2026-03-25 13:19:22,2026-03-25,Regular Season,0.59925,0.5192307692307693,0.4876847290640395,0.11156527093596047,0.1541111111111111,0.40075000000000005,0.5454545454545454,0.5123152709359606,-0.11156527093596058,-0.26529166666666654,
PRICED,over,PTS,full_game,6.5,True,23.929744720458984,24.13253056629822,8.186028480529785,0.010881614623015817,8.1969100951528,0.4915060991395564,78bf92243997831090f4e81bdc0a5d4d7ba172f90b72e1ee43b198174beb3eea,4000,42,Sam Hauser,1630573,DraftKings,2026-03-25,2026-03-25 13:19:22,2026-03-25,Regular Season,0.61225,0.5305164319248826,0.5,0.11224999999999996,0.15406415929203532,0.38775000000000004,0.5305164319248826,0.5,-0.11224999999999996,-0.26910840707964595,
PRICED,over,PTS,full_game,21.5,True,33.76485061645508,33.92284637403495,21.9394588470459,0.1783470871765002,22.1178059342224,0.6420909777808131,78bf92243997831090f4e81bdc0a5d4d7ba172f90b72e1ee43b198174beb3eea,4000,42,Jayson Tatum,1628369,BetRivers,2026-03-25,2026-03-25 13:19:22,2026-03-25,Regular Season,0.53425,0.46296296296296297,0.4299183321160614,0.1043316678839386,0.15398000000000012,0.46575,0.6138996138996139,0.5700816678839387,-0.10433166788393866,-0.2413254716981133,
PRICED,over,PTS,full_game,6.5,True,25.977554321289062,25.956806827162083,7.823307991027832,0.061237052007666354,7.884545043035498,0.5327606694856868,78bf92243997831090f4e81bdc0a5d4d7ba172f90b72e1ee43b198174beb3eea,4000,42,Cason Wallace,1641717,Bovada,2026-03-25,2026-03-25 13:19:22,2026-03-25,Regular Season,0.62925,0.5454545454545454,0.5101214574898786,0.1191285425101214,0.153625,0.37075,0.5238095238095238,0.48987854251012153,-0.1191285425101215,-0.2922045454545454,
PRICED,over,PTS,full_game,6.5,True,25.977554321289062,25.956806827162083,7.823307991027832,0.061237052007666354,7.884545043035498,0.5327606694856868,78bf92243997831090f4e81bdc0a5d4d7ba172f90b72e1ee43b198174beb3eea,4000,42,Cason Wallace,1641717,BetMGM,2026-03-25,2026-03-25 13:19:22,2026-03-25,Regular Season,0.62925,0.5454545454545454,0.5101214574898786,0.1191285425101214,0.153625,0.37075,0.5238095238095238,0.48987854251012153,-0.1191285425101215,-0.2922045454545454,
PRICED,over,PTS,full_game,9.5,True,26.79402732849121,26.77327983436423,8.438151359558105,0.05173029267935578,8.489881652237461,0.5327606694856868,78bf92243997831090f4e81bdc0a5d4d7ba172f90b72e1ee43b198174beb3eea,4000,42,Luguentz Dort,1629652,Bovada,2026-03-25,2026-03-25 13:19:22,2026-03-25,Regular Season,0.4195,0.36363636363636365,0.33999999999999997,0.07950000000000002,0.1536249999999999,0.5805,0.7058823529411765,0.66,-0.07950000000000002,-0.17762499999999992,
PRICED,over,PTS,full_game,9.5,True,28.02290153503418,28.002154040907197,9.271885871887207,0.1203047916054804,9.392190663492688,0.5327606694856868,78bf92243997831090f4e81bdc0a5d4d7ba172f90b72e1ee43b198174beb3eea,4000,42,Davion Mitchell,1630558,Bovada,2026-03-25,2026-03-25 13:19:22,2026-03-25,Regular Season,0.48025,0.4166666666666667,0.39094650205761317,0.08930349794238684,0.15260000000000007,0.5197499999999999,0.6491228070175439,0.6090534979423868,-0.0893034979423869,-0.1993040540540541,
PRICED,over,PTS,full_game,10.5,True,28.673789978027344,28.65304248390036,11.756421089172363,0.14518758306047308,11.901608672232836,0.5327606694856868,78bf92243997831090f4e81bdc0a5d4d7ba172f90b72e1ee43b198174beb3eea,4000,42,Walter Clayton Jr.,1642383,FanDuel,2026-03-26,2026-03-25 13:19:22,2026-03-25,Regular Season,0.57625,0.5,0.4677419354838709,0.10850806451612915,0.15250000000000008,0.42374999999999996,0.5689655172413793,0.532258064516129,-0.10850806451612904,-0.2552272727272728,
PRICED,over,PTS,full_game,10.5,True,28.673789978027344,28.65304248390036,11.756421089172363,0.14518758306047308,11.901608672232836,0.5327606694856868,78bf92243997831090f4e81bdc0a5d4d7ba172f90b72e1ee43b198174beb3eea,4000,42,Walter Clayton Jr.,1642383,Bovada,2026-03-26,2026-03-25 13:19:22,2026-03-25,Regular Season,0.57625,0.5,0.4693877551020409,0.10686224489795915,0.15250000000000008,0.42374999999999996,0.5652173913043478,0.5306122448979592,-0.10686224489795926,-0.2502884615384616,
PRICED,over,PTS,full_game,11.5,True,28.774473190307617,28.753725696180634,16.933658599853516,0.16111205035201853,17.094770650205533,0.5327606694856868,78bf92243997831090f4e81bdc0a5d4d7ba172f90b72e1ee43b198174beb3eea,4000,42,Jalen Williams,1631114,Bovada,2026-03-25,2026-03-25 13:19:22,2026-03-25,Regular Season,0.792,0.6875,0.6456256921373201,0.1463743078626799,0.15200000000000008,0.20799999999999996,0.37735849056603776,0.35437430786268,-0.14637430786268002,-0.44880000000000014,
PRICED,over,PTS,full_game,21.5,True,33.11474609375,33.27274185132987,24.551319122314453,0.20661038994258993,24.757929512257043,0.6420909777808131,78bf92243997831090f4e81bdc0a5d4d7ba172f90b72e1ee43b198174beb3eea,4000,42,Pascal Siakam,1627783,Bovada,2026-03-25,2026-03-25 13:19:22,2026-03-25,Regular Season,0.651,0.5652173913043478,0.5306122448979592,0.1203877551020408,0.15176923076923077,0.349,0.5,0.4693877551020409,-0.12038775510204092,-0.30200000000000005,
PRICED,over,PTS,full_game,9.5,True,22.664844512939453,22.86763035877869,9.68027400970459,0.12252226757583444,9.802796277280425,0.4915060991395564,78bf92243997831090f4e81bdc0a5d4d7ba172f90b72e1ee43b198174beb3eea,4000,42,Harrison Barnes,203084,Bovada,2026-03-26,2026-03-25 13:19:22,2026-03-25,Regular Season,0.50075,0.43478260869565216,0.40847201210287437,0.09227798789712566,0.151725,0.49924999999999997,0.6296296296296297,0.5915279878971256,-0.0922779878971256,-0.2070735294117647,
PRICED,over,PTS,full_game,6.5,True,23.25214195251465,23.454927798353886,8.998461723327637,0.1483878931201688,9.146849616447806,0.4915060991395564,78bf92243997831090f4e81bdc0a5d4d7ba172f90b72e1ee43b198174beb3eea,4000,42,Bruce Brown,1628971,BetRivers,2026-03-26,2026-03-25 13:19:22,2026-03-25,Regular Season,0.6595,0.5726495726495726,0.5302120692343677,0.12928793076563228,0.15166417910447755,0.3405,0.5073891625615764,0.4697879307656324,-0.1292879307656324,-0.3289174757281553,
PRICED,over,PTS,full_game,13.5,True,34.903221130371094,35.06121688795096,15.497272491455078,-0.010874817943060836,15.486397673512018,0.6420909777808131,78bf92243997831090f4e81bdc0a5d4d7ba172f90b72e1ee43b198174beb3eea,4000,42,Jabari Smith Jr,1631095,DraftKings,2026-03-26,2026-03-25 13:19:22,2026-03-25,Regular Season,0.6005,0.5215311004784688,0.4916850288945246,0.10881497110547544,0.1514174311926606,0.39949999999999997,0.5391705069124424,0.5083149711054754,-0.10881497110547544,-0.2590470085470086,
PRICED,over,PTS,full_game,22.5,True,34.843597412109375,35.001593169689244,21.431854248046875,0.09151911308433733,21.523373361131213,0.6420909777808131,78bf92243997831090f4e81bdc0a5d4d7ba172f90b72e1ee43b198174beb3eea,4000,42,LeBron James,2544,Bovada,2026-03-25,2026-03-25 13:19:22,2026-03-25,Regular Season,0.44275,0.38461538461538464,0.36041189931350115,0.08233810068649883,0.15115,0.55725,0.6825396825396826,0.6395881006864989,-0.08233810068649883,-0.18356395348837207,
PRICED,over,PTS,full_game,3.5,True,24.928417205810547,24.907669711683567,6.199642181396484,-0.13477692383251597,6.0648652575639685,0.5327606694856868,78bf92243997831090f4e81bdc0a5d4d7ba172f90b72e1ee43b198174beb3eea,4000,42,Baylor Scheierman,1631248,BetRivers,2026-03-25,2026-03-25 13:19:22,2026-03-25,Regular Season,0.72,0.6254681647940075,0.5791298865069356,0.14087011349306433,0.15113772455089802,0.28,0.45454545454545453,0.4208701134930643,-0.14087011349306428,-0.3839999999999999,
PRICED,over,PTS,full_game,7.5,True,25.80695152282715,25.78620402870017,9.377436637878418,0.03850639952448724,9.415943037402906,0.5327606694856868,78bf92243997831090f4e81bdc0a5d4d7ba172f90b72e1ee43b198174beb3eea,4000,42,Neemias Queta,1629674,FanDuel,2026-03-25,2026-03-25 13:19:22,2026-03-25,Regular Season,0.6325,0.5495495495495496,0.5141838223374939,0.11831617766250602,0.15094262295081962,0.36750000000000005,0.5192307692307693,0.48581617766250607,-0.11831617766250602,-0.2922222222222221,
PRICED,over,PTS,full_game,20.5,True,34.843597412109375,35.001593169689244,21.431854248046875,0.09151911308433733,21.523373361131213,0.6420909777808131,78bf92243997831090f4e81bdc0a5d4d7ba172f90b72e1ee43b198174beb3eea,4000,42,LeBron James,2544,BetRivers,2026-03-25,2026-03-25 13:19:22,2026-03-25,Regular Season,0.54775,0.47619047619047616,0.4424778761061947,0.10527212389380525,0.15027499999999994,0.45225000000000004,0.6,0.5575221238938053,-0.10527212389380525,-0.24625000000000002,
PRICED,over,PTS,full_game,8.5,True,25.989696502685547,25.968949008558567,9.605721473693848,0.04738634920247185,9.65310782289632,0.5327606694856868,78bf92243997831090f4e81bdc0a5d4d7ba172f90b72e1ee43b198174beb3eea,4000,42,Brook Lopez,201572,Bovada,2026-03-26,2026-03-25 13:19:22,2026-03-25,Regular Season,0.57475,0.5,0.4693877551020409,0.10536224489795909,0.14949999999999997,0.42525,0.5652173913043478,0.5306122448979592,-0.1053622448979592,-0.2476346153846154,
PRICED,over,PTS,full_game,10.5,True,26.95008087158203,26.929333377455052,11.555325508117676,-0.10981557011108567,11.445509938006591,0.5327606694856868,78bf92243997831090f4e81bdc0a5d4d7ba172f90b72e1ee43b198174beb3eea,4000,42,Pelle Larsson,1641796,BetRivers,2026-03-25,2026-03-25 13:19:22,2026-03-25,Regular Season,0.5605,0.4878048780487805,0.4532313718175883,0.10726862818241167,0.14902499999999985,0.4395,0.588477366255144,0.5467686281824116,-0.10726862818241156,-0.25315734265734274,
PRICED,over,PTS,full_game,15.5,True,32.07660675048828,32.23460250806815,19.07900619506836,-0.023949495517927303,19.05505669955043,0.6420909777808131,78bf92243997831090f4e81bdc0a5d4d7ba172f90b72e1ee43b198174beb3eea,4000,42,Quentin Grimes,1629656,BetRivers,2026-03-25,2026-03-25 13:19:22,2026-03-25,Regular Season,0.68525,0.5967741935483871,0.5538284398388026,0.13142156016119744,0.1482567567567568,0.31475,0.4807692307692308,0.44617156016119747,-0.1314215601611975,-0.34532,
PRICED,over,PTS,full_game,5.5,True,17.43634796142578,17.507217984009127,7.745432376861572,0.006044581461281666,7.751476958322854,0.44940254752247744,78bf92243997831090f4e81bdc0a5d4d7ba172f90b72e1ee43b198174beb3eea,4000,42,Luka Garza,1630568,Bovada,2026-03-25,2026-03-25 13:19:22,2026-03-25,Regular Season,0.6795,0.5918367346938775,0.554140127388535,0.12535987261146497,0.14812068965517244,0.3205,0.47619047619047616,0.4458598726114649,-0.12535987261146492,-0.32694999999999996,
PRICED,over,PTS,full_game,8.5,True,28.460786819458008,28.440039325331025,12.38502311706543,0.18918039832243067,12.574203515387861,0.5327606694856868,78bf92243997831090f4e81bdc0a5d4d7ba172f90b72e1ee43b198174beb3eea,4000,42,Taylor Hendricks,1641707,Bovada,2026-03-26,2026-03-25 13:19:22,2026-03-25,Regular Season,0.752,0.6551724137931034,0.6161482461945731,0.1358517538054269,0.14778947368421042,0.248,0.40816326530612246,0.3838517538054269,-0.1358517538054269,-0.39239999999999997,
PRICED,over,PTS,full_game,10.5,True,28.673789978027344,28.65304248390036,11.756421089172363,0.14518758306047308,11.901608672232836,0.5327606694856868,78bf92243997831090f4e81bdc0a5d4d7ba172f90b72e1ee43b198174beb3eea,4000,42,Walter Clayton Jr.,1642383,DraftKings,2026-03-26,2026-03-25 13:19:22,2026-03-25,Regular Season,0.57625,0.5024875621890548,0.47404053829539794,0.1022094617046021,0.14679455445544565,0.42374999999999996,0.5575221238938053,0.5259594617046021,-0.1022094617046021,-0.23994047619047632,
PRICED,over,PTS,full_game,13.5,True,34.903221130371094,35.06121688795096,15.497272491455078,-0.010874817943060836,15.486397673512018,0.6420909777808131,78bf92243997831090f4e81bdc0a5d4d7ba172f90b72e1ee43b198174beb3eea,4000,42,Jabari Smith Jr,1631095,Bovada,2026-03-26,2026-03-25 13:19:22,2026-03-25,Regular Season,0.6005,0.5238095238095238,0.48987854251012153,0.1106214574898785,0.14640909090909104,0.39949999999999997,0.5454545454545454,0.5101214574898786,-0.11062145748987862,-0.26758333333333334,
PRICED,over,PTS,full_game,19.5,True,33.9068717956543,34.064867553234166,20.786582946777344,0.17861862682575927,20.965201573603103,0.6420909777808131,78bf92243997831090f4e81bdc0a5d4d7ba172f90b72e1ee43b198174beb3eea,4000,42,Alperen Sengun,1630578,Bovada,2026-03-26,2026-03-25 13:19:22,2026-03-25,Regular Season,0.559,0.4878048780487805,0.4592085979482169,0.09979140205178316,0.14595000000000002,0.44099999999999995,0.574468085106383,0.5407914020517831,-0.09979140205178316,-0.23233333333333345,
PRICED,over,PTS,full_game,8.5,True,25.80695152282715,25.78620402870017,9.377436637878418,0.03850639952448724,9.415943037402906,0.5327606694856868,78bf92243997831090f4e81bdc0a5d4d7ba172f90b72e1ee43b198174beb3eea,4000,42,Neemias Queta,1629674,BetOnline.ag,2026-03-25,2026-03-25 13:19:22,2026-03-25,Regular Season,0.559,0.4878048780487805,0.4592085979482169,0.09979140205178316,0.14595000000000002,0.44099999999999995,0.574468085106383,0.5407914020517831,-0.09979140205178316,-0.23233333333333345,
PRICED,over,PTS,full_game,6.5,True,23.929744720458984,24.13253056629822,8.186028480529785,0.010881614623015817,8.1969100951528,0.4915060991395564,78bf92243997831090f4e81bdc0a5d4d7ba172f90b72e1ee43b198174beb3eea,4000,42,Sam Hauser,1630573,Bovada,2026-03-25,2026-03-25 13:19:22,2026-03-25,Regular Season,0.61225,0.5348837209302325,0.5,0.11224999999999996,0.14464130434782596,0.38775000000000004,0.5348837209302325,0.5,-0.11224999999999996,-0.2750760869565217,
PRICED,over,PTS,full_game,13.5,True,32.07660675048828,32.23460250806815,19.07900619506836,-0.023949495517927303,19.05505669955043,0.6420909777808131,78bf92243997831090f4e81bdc0a5d4d7ba172f90b72e1ee43b198174beb3eea,4000,42,Quentin Grimes,1629656,Bovada,2026-03-25,2026-03-25 13:19:22,2026-03-25,Regular Season,0.78125,0.6825396825396826,0.6395881006864989,0.14166189931350115,0.1446220930232558,0.21875,0.38461538461538464,0.36041189931350115,-0.14166189931350115,-0.43124999999999997,
PRICED,over,PTS,full_game,11.5,True,29.44710350036621,29.426356006239228,13.152752876281738,0.11072737918065179,13.26348025546239,0.5327606694856868,78bf92243997831090f4e81bdc0a5d4d7ba172f90b72e1ee43b198174beb3eea,4000,42,Cameron Johnson,1629661,DraftKings,2026-03-26,2026-03-25 13:19:22,2026-03-25,Regular Season,0.6095,0.5327102803738317,0.5020774472328402,0.10742255276715984,0.14414912280701764,0.39049999999999996,0.5283018867924528,0.4979225527671597,-0.10742255276715973,-0.26083928571428583,
PRICED,over,PTS,full_game,18.5,True,32.556095123291016,32.714090880870884,19.820106506347656,0.16824655340293018,19.988353059750587,0.6420909777808131,78bf92243997831090f4e81bdc0a5d4d7ba172f90b72e1ee43b198174beb3eea,4000,42,Evan Mobley,1630596,DraftKings,2026-03-25,2026-03-25 13:19:22,2026-03-25,Regular Season,0.58325,0.5098039215686274,0.48124062031015497,0.10200937968984508,0.1440673076923079,0.41674999999999995,0.5495495495495496,0.5187593796898449,-0.10200937968984491,-0.24165163934426237,
PRICED,over,PTS,full_game,19.5,True,34.843597412109375,35.001593169689244,21.431854248046875,0.09151911308433733,21.523373361131213,0.6420909777808131,78bf92243997831090f4e81bdc0a5d4d7ba172f90b72e1ee43b198174beb3eea,4000,42,LeBron James,2544,BetMGM,2026-03-25,2026-03-25 13:19:22,2026-03-25,Regular Season,0.59925,0.5238095238095238,0.48987854251012153,0.10937145748987842,0.14402272727272725,0.40075000000000005,0.5454545454545454,0.5101214574898786,-0.10937145748987853,-0.26529166666666654,
PRICED,over,PTS,full_game,22.5,True,35.98078155517578,36.13877731275565,26.0479736328125,0.20426456402313092,26.25223819683563,0.6420909777808131,78bf92243997831090f4e81bdc0a5d4d7ba172f90b72e1ee43b198174beb3eea,4000,42,Jaylen Brown,1627759,Bovada,2026-03-25,2026-03-25 13:19:22,2026-03-25,Regular Season,0.677,0.5918367346938775,0.554140127388535,0.12285987261146503,0.14389655172413807,0.32299999999999995,0.47619047619047616,0.4458598726114649,-0.12285987261146497,-0.32170000000000004,
PRICED,over,PTS,full_game,8.5,True,25.989696502685547,25.968949008558567,9.605721473693848,0.04738634920247185,9.65310782289632,0.5327606694856868,78bf92243997831090f4e81bdc0a5d4d7ba172f90b72e1ee43b198174beb3eea,4000,42,Brook Lopez,201572,DraftKings,2026-03-26,2026-03-25 13:19:22,2026-03-25,Regular Season,0.57475,0.5024875621890548,0.47317042968588763,0.10157957031411236,0.143809405940594,0.42525,0.5594713656387665,0.5268295703141123,-0.10157957031411224,-0.23990748031496062,
PRICED,over,PTS,full_game,15.5,True,32.193565368652344,32.35156112623221,13.902081489562988,0.038945417630644144,13.941026907193633,0.6420909777808131,78bf92243997831090f4e81bdc0a5d4d7ba172f90b72e1ee43b198174beb3eea,4000,42,Christian Braun,1631128,Bovada,2026-03-26,2026-03-25 13:19:22,2026-03-25,Regular Season,0.38125,0.3333333333333333,0.3125,0.06874999999999998,0.14374999999999993,0.61875,0.7333333333333333,0.6875,-0.06874999999999998,-0.1562499999999999,
PRICED,over,PTS,full_game,14.5,True,28.66859245300293,28.647844958875947,17.731122970581055,0.21088574523594042,17.942008715816996,0.5327606694856868,78bf92243997831090f4e81bdc0a5d4d7ba172f90b72e1ee43b198174beb3eea,4000,42,G.G. Jackson,1641713,Bovada,2026-03-26,2026-03-25 13:19:22,2026-03-25,Regular Season,0.68575,0.6,0.5633187772925764,0.12243122270742357,0.14291666666666653,0.31425000000000003,0.46511627906976744,0.43668122270742354,-0.12243122270742351,-0.32436249999999994,
PRICED,over,PTS,full_game,9.5,True,25.80695152282715,25.78620402870017,9.377436637878418,0.03850639952448724,9.415943037402906,0.5327606694856868,78bf92243997831090f4e81bdc0a5d4d7ba172f90b72e1ee43b198174beb3eea,4000,42,Neemias Queta,1629674,Bovada,2026-03-25,2026-03-25 13:19:22,2026-03-25,Regular Season,0.48575,0.425531914893617,0.3982930298719772,0.08745697012802284,0.14151250000000004,0.51425,0.6428571428571429,0.6017069701280228,-0.08745697012802278,-0.20005555555555554,
PRICED,over,PTS,full_game,10.5,True,28.654237747192383,28.6334902530654,10.936616897583008,0.20485911580503605,11.141476013388043,0.5327606694856868,78bf92243997831090f4e81bdc0a5d4d7ba172f90b72e1ee43b198174beb3eea,4000,42,Ausar Thompson,1641709,BetRivers,2026-03-25,2026-03-25 13:19:22,2026-03-25,Regular Season,0.526,0.4608294930875576,0.427030022492421,0.09896997750757902,0.14142,0.474,0.6183206106870229,0.5729699775075789,-0.09896997750757897,-0.2334074074074074,
PRICED,over,PTS,full_game,23.5,True,35.98078155517578,36.13877731275565,26.0479736328125,0.20426456402313092,26.25223819683563,0.6420909777808131,78bf92243997831090f4e81bdc0a5d4d7ba172f90b72e1ee43b198174beb3eea,4000,42,Jaylen Brown,1627759,Bovada,2026-03-25,2026-03-25 13:19:22,2026-03-25,Regular Season,0.6225,0.5454545454545454,0.5101214574898786,0.11237854251012147,0.1412500000000002,0.37749999999999995,0.5238095238095238,0.48987854251012153,-0.11237854251012158,-0.2793181818181819,
PRICED,over,PTS,full_game,23.5,True,35.98078155517578,36.13877731275565,26.0479736328125,0.20426456402313092,26.25223819683563,0.6420909777808131,78bf92243997831090f4e81bdc0a5d4d7ba172f90b72e1ee43b198174beb3eea,4000,42,Jaylen Brown,1627759,BetOnline.ag,2026-03-25,2026-03-25 13:19:22,2026-03-25,Regular Season,0.6225,0.5454545454545454,0.5123152709359606,0.11018472906403942,0.1412500000000002,0.37749999999999995,0.5192307692307693,0.4876847290640395,-0.11018472906403953,-0.272962962962963,
PRICED,over,PTS,full_game,6.5,True,23.929744720458984,24.13253056629822,8.186028480529785,0.010881614623015817,8.1969100951528,0.4915060991395564,78bf92243997831090f4e81bdc0a5d4d7ba172f90b72e1ee43b198174beb3eea,4000,42,Sam Hauser,1630573,BetOnline.ag,2026-03-25,2026-03-25 13:19:22,2026-03-25,Regular Season,0.61225,0.5370370370370371,0.5051597457277305,0.10709025427226948,0.14005172413793088,0.38775000000000004,0.5260663507109005,0.4948402542722694,-0.10709025427226937,-0.26292567567567554,
PRICED,over,PTS,full_game,23.5,True,34.843597412109375,35.001593169689244,21.431854248046875,0.09151911308433733,21.523373361131213,0.6420909777808131,78bf92243997831090f4e81bdc0a5d4d7ba172f90b72e1ee43b198174beb3eea,4000,42,LeBron James,2544,Bovada,2026-03-25,2026-03-25 13:19:22,2026-03-25,Regular Season,0.393,0.3448275862068966,0.32315978456014366,0.06984021543985636,0.13970000000000005,0.607,0.7222222222222222,0.6768402154398564,-0.06984021543985641,-0.15953846153846157,
PRICED,over,PTS,full_game,11.5,True,29.44710350036621,29.426356006239228,13.152752876281738,0.11072737918065179,13.26348025546239,0.5327606694856868,78bf92243997831090f4e81bdc0a5d4d7ba172f90b72e1ee43b198174beb3eea,4000,42,Cameron Johnson,1629661,Bovada,2026-03-26,2026-03-25 13:19:22,2026-03-25,Regular Season,0.6095,0.5348837209302325,0.5,0.10950000000000004,0.13949999999999996,0.39049999999999996,0.5348837209302325,0.5,-0.10950000000000004,-0.2699347826086958,
PRICED,over,PTS,full_game,13.5,True,30.20000457763672,30.358000335216587,16.211793899536133,0.12781875965413517,16.33961265919027,0.6420909777808131,78bf92243997831090f4e81bdc0a5d4d7ba172f90b72e1ee43b198174beb3eea,4000,42,Chet Holmgren,1631096,Bovada,2026-03-25,2026-03-25 13:19:22,2026-03-25,Regular Season,0.6545,0.574468085106383,0.5407914020517831,0.11370859794821686,0.13931481481481472,0.34550000000000003,0.4878048780487805,0.4592085979482169,-0.11370859794821686,-0.291725,
PRICED,over,PTS,full_game,18.5,True,32.556095123291016,32.714090880870884,19.820106506347656,0.16824655340293018,19.988353059750587,0.6420909777808131,78bf92243997831090f4e81bdc0a5d4d7ba172f90b72e1ee43b198174beb3eea,4000,42,Evan Mobley,1630596,BetRivers,2026-03-25,2026-03-25 13:19:22,2026-03-25,Regular Season,0.58325,0.5121951219512195,0.4753937007874017,0.10785629921259837,0.1387261904761905,0.41674999999999995,0.5652173913043478,0.5246062992125985,-0.10785629921259854,-0.262673076923077,
PRICED,over,PTS,full_game,18.5,True,32.556095123291016,32.714090880870884,19.820106506347656,0.16824655340293018,19.988353059750587,0.6420909777808131,78bf92243997831090f4e81bdc0a5d4d7ba172f90b72e1ee43b198174beb3eea,4000,42,Evan Mobley,1630596,Bovada,2026-03-25,2026-03-25 13:19:22,2026-03-25,Regular Season,0.58325,0.5121951219512195,0.4796954314720812,0.10355456852791883,0.1387261904761905,0.41674999999999995,0.5555555555555556,0.5203045685279188,-0.10355456852791889,-0.24985000000000007,
PRICED,over,PTS,full_game,21.5,True,34.843597412109375,35.001593169689244,21.431854248046875,0.09151911308433733,21.523373361131213,0.6420909777808131,78bf92243997831090f4e81bdc0a5d4d7ba172f90b72e1ee43b198174beb3eea,4000,42,LeBron James,2544,Bovada,2026-03-25,2026-03-25 13:19:22,2026-03-25,Regular Season,0.495,0.43478260869565216,0.40847201210287437,0.08652798789712562,0.13849999999999996,0.505,0.6296296296296297,0.5915279878971256,-0.08652798789712557,-0.19794117647058818,
PRICED,over,PTS,full_game,10.5,True,24.690671920776367,24.669924426649388,11.945374488830566,-0.12959114108602707,11.815783347744539,0.5327606694856868,78bf92243997831090f4e81bdc0a5d4d7ba172f90b72e1ee43b198174beb3eea,4000,42,Jaime Jaquez Jr,1631170,FanDuel,2026-03-25,2026-03-25 13:19:22,2026-03-25,Regular Season,0.5855,0.5145631067961165,0.4808467741935484,0.10465322580645164,0.13785849056603783,0.4145,0.5555555555555556,0.5191532258064516,-0.10465322580645164,-0.2539,
PRICED,over,PTS,full_game,15.5,True,28.66859245300293,28.647844958875947,17.731122970581055,0.21088574523594042,17.942008715816996,0.5327606694856868,78bf92243997831090f4e81bdc0a5d4d7ba172f90b72e1ee43b198174beb3eea,4000,42,G.G. Jackson,1641713,BetRivers,2026-03-26,2026-03-25 13:19:22,2026-03-25,Regular Season,0.632,0.5555555555555556,0.5157946692991116,0.11620533070088845,0.13760000000000006,0.368,0.5215311004784688,0.4842053307008884,-0.1162053307008884,-0.2943853211009174,
PRICED,over,PTS,full_game,18.5,True,33.9068717956543,34.064867553234166,20.786582946777344,0.17861862682575927,20.965201573603103,0.6420909777808131,78bf92243997831090f4e81bdc0a5d4d7ba172f90b72e1ee43b198174beb3eea,4000,42,Alperen Sengun,1630578,DraftKings,2026-03-26,2026-03-25 13:19:22,2026-03-25,Regular Season,0.608,0.5348837209302325,0.5041554124246831,0.1038445875753169,0.13669565217391288,0.392,0.5260663507109005,0.4958445875753168,-0.10384458757531678,-0.2548468468468468,
PRICED,over,PTS,full_game,13.5,True,29.362808227539062,29.34206073341208,14.153419494628906,0.1702495475241976,14.323669042153103,0.5327606694856868,78bf92243997831090f4e81bdc0a5d4d7ba172f90b72e1ee43b198174beb3eea,4000,42,Aaron Nesmith,1630174,BetRivers,2026-03-25,2026-03-25 13:19:22,2026-03-25,Regular Season,0.5285,0.46511627906976744,0.43225969220418803,0.09624030779581194,0.13627499999999992,0.47150000000000003,0.6108949416342413,0.567740307795812,-0.09624030779581194,-0.22818152866242042,
PRICED,over,PTS,full_game,22.5,True,35.30427169799805,35.462267455577916,21.120439529418945,0.17669533454919525,21.29713486396814,0.6420909777808131,78bf92243997831090f4e81bdc0a5d4d7ba172f90b72e1ee43b198174beb3eea,4000,42,VJ Edgecombe,1642845,Bovada,2026-03-25,2026-03-25 13:19:22,2026-03-25,Regular Season,0.43675,0.38461538461538464,0.36041189931350115,0.07633810068649888,0.13555000000000006,0.56325,0.6825396825396826,0.6395881006864989,-0.07633810068649882,-0.17477325581395353,
PRICED,over,PTS,full_game,5.5,True,22.455629348754883,22.65841519459412,9.397706031799316,0.12252995627133749,9.520235988070654,0.4915060991395564,78bf92243997831090f4e81bdc0a5d4d7ba172f90b72e1ee43b198174beb3eea,4000,42,Zaccharie Risacher,1642258,Bovada,2026-03-25,2026-03-25 13:19:22,2026-03-25,Regular Season,0.74375,0.6551724137931034,0.6161482461945731,0.12760175380542693,0.13519736842105257,0.25625,0.40816326530612246,0.3838517538054269,-0.12760175380542693,-0.3721875,
PRICED,over,PTS,full_game,8.5,True,25.80695152282715,25.78620402870017,9.377436637878418,0.03850639952448724,9.415943037402906,0.5327606694856868,78bf92243997831090f4e81bdc0a5d4d7ba172f90b72e1ee43b198174beb3eea,4000,42,Neemias Queta,1629674,DraftKings,2026-03-25,2026-03-25 13:19:22,2026-03-25,Regular Season,0.559,0.49261083743842365,0.4640371229698376,0.09496287703016243,0.13477000000000028,0.44099999999999995,0.5689655172413793,0.5359628770301624,-0.09496287703016248,-0.224909090909091,
PRICED,over,PTS,full_game,5.5,True,24.928417205810547,24.907669711683567,6.199642181396484,-0.13477692383251597,6.0648652575639685,0.5327606694856868,78bf92243997831090f4e81bdc0a5d4d7ba172f90b72e1ee43b198174beb3eea,4000,42,Baylor Scheierman,1631248,BetMGM,2026-03-25,2026-03-25 13:19:22,2026-03-25,Regular Season,0.5535,0.4878048780487805,0.4554079696394686,0.09809203036053138,0.13467499999999988,0.4465,0.5833333333333334,0.5445920303605313,-0.09809203036053127,-0.2345714285714285,
PRICED,over,PTS,full_game,14.5,True,32.193565368652344,32.35156112623221,13.902081489562988,0.038945417630644144,13.941026907193633,0.6420909777808131,78bf92243997831090f4e81bdc0a5d4d7ba172f90b72e1ee43b198174beb3eea,4000,42,Christian Braun,1631128,Bovada,2026-03-26,2026-03-25 13:19:22,2026-03-25,Regular Season,0.44425,0.39215686274509803,0.3666469544648137,0.07760304553518627,0.13283749999999994,0.55575,0.6774193548387096,0.6333530455351862,-0.07760304553518627,-0.1796071428571428,
PRICED,over,PTS,full_game,12.5,True,32.193565368652344,32.35156112623221,13.902081489562988,0.038945417630644144,13.941026907193633,0.6420909777808131,78bf92243997831090f4e81bdc0a5d4d7ba172f90b72e1ee43b198174beb3eea,4000,42,Christian Braun,1631128,BetOnline.ag,2026-03-26,2026-03-25 13:19:22,2026-03-25,Regular Season,0.58,0.5121951219512195,0.48149290561381863,0.09850709438618133,0.13238095238095227,0.42000000000000004,0.5515695067264574,0.5185070943861814,-0.09850709438618133,-0.2385365853658536,
PRICED,over,PTS,full_game,14.5,True,30.20000457763672,30.358000335216587,16.211793899536133,0.12781875965413517,16.33961265919027,0.6420909777808131,78bf92243997831090f4e81bdc0a5d4d7ba172f90b72e1ee43b198174beb3eea,4000,42,Chet Holmgren,1631096,BetRivers,2026-03-25,2026-03-25 13:19:22,2026-03-25,Regular Season,0.60275,0.5327102803738317,0.4940898345153664,0.10866016548463359,0.13147807017543867,0.39725,0.5454545454545454,0.5059101654846335,-0.10866016548463353,-0.2717083333333333,
PRICED,over,PTS,full_game,8.5,True,26.79402732849121,26.77327983436423,8.438151359558105,0.05173029267935578,8.489881652237461,0.5327606694856868,78bf92243997831090f4e81bdc0a5d4d7ba172f90b72e1ee43b198174beb3eea,4000,42,Luguentz Dort,1629652,Bovada,2026-03-25,2026-03-25 13:19:22,2026-03-25,Regular Season,0.4915,0.43478260869565216,0.40847201210287437,0.08302798789712562,0.13044999999999995,0.5085,0.6296296296296297,0.5915279878971256,-0.08302798789712562,-0.19238235294117645,
PRICED,over,PTS,full_game,25.5,True,31.436262130737305,31.594257888317173,29.31964683532715,0.22171315762247193,29.54135999294962,0.6420909777808131,78bf92243997831090f4e81bdc0a5d4d7ba172f90b72e1ee43b198174beb3eea,4000,42,Kawhi Leonard,202695,BetRivers,2026-03-26,2026-03-25 13:19:22,2026-03-25,Regular Season,0.6745,0.5967741935483871,0.5538284398388026,0.1206715601611974,0.1302432432432432,0.3255,0.4807692307692308,0.44617156016119747,-0.12067156016119746,-0.32295999999999997,
PRICED,over,PTS,full_game,19.5,True,35.30427169799805,35.462267455577916,21.120439529418945,0.17669533454919525,21.29713486396814,0.6420909777808131,78bf92243997831090f4e81bdc0a5d4d7ba172f90b72e1ee43b198174beb3eea,4000,42,VJ Edgecombe,1642845,BetOnline.ag,2026-03-25,2026-03-25 13:19:22,2026-03-25,Regular Season,0.60175,0.5327102803738317,0.5,0.10175000000000001,0.12960087719298252,0.39825,0.5327102803738317,0.5,-0.10175000000000001,-0.2524078947368421,
PRICED,over,PTS,full_game,3.5,True,23.175039291381836,23.377825137221073,7.472708225250244,0.10977747715776898,7.582485702408013,0.4915060991395564,78bf92243997831090f4e81bdc0a5d4d7ba172f90b72e1ee43b198174beb3eea,4000,42,Terance Mann,1629611,Bovada,2026-03-26,2026-03-25 13:19:22,2026-03-25,Regular Season,0.82825,0.7333333333333333,0.6875,0.14075000000000004,0.12943181818181831,0.17174999999999996,0.3333333333333333,0.3125,-0.14075000000000004,-0.4847500000000001,
PRICED,over,PTS,full_game,5.5,True,23.25214195251465,23.454927798353886,8.998461723327637,0.1483878931201688,9.146849616447806,0.4915060991395564,78bf92243997831090f4e81bdc0a5d4d7ba172f90b72e1ee43b198174beb3eea,4000,42,Bruce Brown,1628971,Bovada,2026-03-26,2026-03-25 13:19:22,2026-03-25,Regular Season,0.72575,0.6428571428571429,0.6017069701280228,0.12404302987197724,0.12894444444444447,0.27425,0.425531914893617,0.3982930298719772,-0.12404302987197718,-0.3555125,
PRICED,over,PTS,full_game,6.5,True,24.3814640045166,24.360716510389622,8.097933769226074,0.13406138963511238,8.231995158861187,0.5327606694856868,78bf92243997831090f4e81bdc0a5d4d7ba172f90b72e1ee43b198174beb3eea,4000,42,Isaiah Hartenstein,1628392,BetRivers,2026-03-25,2026-03-25 13:19:22,2026-03-25,Regular Season,0.611,0.5412844036697247,0.5029738302934179,0.10802616970658208,0.1287966101694915,0.389,0.5348837209302325,0.4970261697065821,-0.10802616970658208,-0.27273913043478265,
PRICED,over,PTS,full_game,24.5,True,34.45897674560547,34.61697250318534,23.637983322143555,0.12246796973868529,23.76045129188224,0.6420909777808131,78bf92243997831090f4e81bdc0a5d4d7ba172f90b72e1ee43b198174beb3eea,4000,42,Cooper Flagg,1642843,Bovada,2026-03-26,2026-03-25 13:19:22,2026-03-25,Regular Season,0.4515,0.4,0.375,0.07650000000000001,0.12875000000000003,0.5485,0.6666666666666666,0.625,-0.07650000000000001,-0.17725000000000002,
PRICED,over,PTS,full_game,5.5,True,22.667152404785156,22.869938250624394,6.552900791168213,0.0994959745158494,6.652396765684062,0.4915060991395564,78bf92243997831090f4e81bdc0a5d4d7ba172f90b72e1ee43b198174beb3eea,4000,42,Dean Wade,1629731,BetRivers,2026-03-25,2026-03-25 13:19:22,2026-03-25,Regular Season,0.58825,0.5215311004784688,0.4842053307008884,0.10404466929911166,0.12792889908256888,0.41174999999999995,0.5555555555555556,0.5157946692991116,-0.1040446692991116,-0.2588500000000001,
PRICED,over,PTS,full_game,20.5,True,33.11474609375,33.27274185132987,24.551319122314453,0.20661038994258993,24.757929512257043,0.6420909777808131,78bf92243997831090f4e81bdc0a5d4d7ba172f90b72e1ee43b198174beb3eea,4000,42,Pascal Siakam,1627783,Bovada,2026-03-25,2026-03-25 13:19:22,2026-03-25,Regular Season,0.694,0.6153846153846154,0.5751633986928104,0.11883660130718954,0.12774999999999992,0.30600000000000005,0.45454545454545453,0.4248366013071895,-0.11883660130718943,-0.3267999999999998,
PRICED,over,PTS,full_game,25.5,True,35.98078155517578,36.13877731275565,26.0479736328125,0.20426456402313092,26.25223819683563,0.6420909777808131,78bf92243997831090f4e81bdc0a5d4d7ba172f90b72e1ee43b198174beb3eea,4000,42,Jaylen Brown,1627759,BetRivers,2026-03-25,2026-03-25 13:19:22,2026-03-25,Regular Season,0.51725,0.45871559633027525,0.42420361773651355,0.09304638226348644,0.12760499999999986,0.48275,0.6226415094339622,0.5757963822634864,-0.09304638226348638,-0.22467424242424244,
PRICED,over,PTS,full_game,13.5,True,32.193565368652344,32.35156112623221,13.902081489562988,0.038945417630644144,13.941026907193633,0.6420909777808131,78bf92243997831090f4e81bdc0a5d4d7ba172f90b72e1ee43b198174beb3eea,4000,42,Christian Braun,1631128,Bovada,2026-03-26,2026-03-25 13:19:22,2026-03-25,Regular Season,0.5125,0.45454545454545453,0.4248366013071895,0.08766339869281048,0.12749999999999995,0.48750000000000004,0.6153846153846154,0.5751633986928104,-0.08766339869281037,-0.20781249999999996,
PRICED,over,PTS,full_game,17.5,True,32.556095123291016,32.714090880870884,19.820106506347656,0.16824655340293018,19.988353059750587,0.6420909777808131,78bf92243997831090f4e81bdc0a5d4d7ba172f90b72e1ee43b198174beb3eea,4000,42,Evan Mobley,1630596,Bovada,2026-03-25,2026-03-25 13:19:22,2026-03-25,Regular Season,0.63725,0.5652173913043478,0.5306122448979592,0.10663775510204077,0.12744230769230763,0.36275,0.5,0.4693877551020409,-0.10663775510204088,-0.27449999999999997,
PRICED,over,PTS,full_game,13.5,True,34.903221130371094,35.06121688795096,15.497272491455078,-0.010874817943060836,15.486397673512018,0.6420909777808131,78bf92243997831090f4e81bdc0a5d4d7ba172f90b72e1ee43b198174beb3eea,4000,42,Jabari Smith Jr,1631095,BetOnline.ag,2026-03-26,2026-03-25 13:19:22,2026-03-25,Regular Season,0.6005,0.5327102803738317,0.5,0.10050000000000003,0.12725438596491234,0.39949999999999997,0.5327102803738317,0.5,-0.10050000000000003,-0.250061403508772,
PRICED,over,PTS,full_game,12.5,True,32.193565368652344,32.35156112623221,13.902081489562988,0.038945417630644144,13.941026907193633,0.6420909777808131,78bf92243997831090f4e81bdc0a5d4d7ba172f90b72e1ee43b198174beb3eea,4000,42,Christian Braun,1631128,DraftKings,2026-03-26,2026-03-25 13:19:22,2026-03-25,Regular Season,0.58,0.5145631067961165,0.48542880932556204,0.09457119067443792,0.12716981132075467,0.42000000000000004,0.5454545454545454,0.5145711906744379,-0.09457119067443787,-0.22999999999999987,
PRICED,over,PTS,full_game,9.5,True,28.673789978027344,28.65304248390036,11.756421089172363,0.14518758306047308,11.901608672232836,0.5327606694856868,78bf92243997831090f4e81bdc0a5d4d7ba172f90b72e1ee43b198174beb3eea,4000,42,Walter Clayton Jr.,1642383,Bovada,2026-03-26,2026-03-25 13:19:22,2026-03-25,Regular Season,0.6475,0.574468085106383,0.5407914020517831,0.10670859794821685,0.12712962962962954,0.35250000000000004,0.4878048780487805,0.4592085979482169,-0.10670859794821685,-0.277375,
PRICED,over,PTS,full_game,10.5,True,19.220142364501953,19.42292821034119,9.046540260314941,0.02360140624768824,9.07014166656263,0.4915060991395564,78bf92243997831090f4e81bdc0a5d4d7ba172f90b72e1ee43b198174beb3eea,4000,42,T.J. McConnell,204456,Bovada,2026-03-25,2026-03-25 13:19:22,2026-03-25,Regular Season,0.38825,0.3448275862068966,0.32315978456014366,0.06509021543985632,0.12592499999999995,0.61175,0.7222222222222222,0.6768402154398564,-0.06509021543985638,-0.15296153846153845,
PRICED,over,PTS,full_game,18.5,True,30.69470977783203,30.8527055354119,16.762475967407227,0.21824562952181717,16.980721596929044,0.6420909777808131,78bf92243997831090f4e81bdc0a5d4d7ba172f90b72e1ee43b198174beb3eea,4000,42,Andrew Nembhard,1629614,Bovada,2026-03-25,2026-03-25 13:19:22,2026-03-25,Regular Season,0.395,0.3508771929824561,0.32941176470588235,0.06558823529411767,0.12575000000000014,0.605,0.7142857142857143,0.6705882352941177,-0.06558823529411772,-0.15300000000000008,
PRICED,over,PTS,full_game,15.5,True,26.55491828918457,26.53417079505759,13.723937034606934,0.05757327392150084,13.781510308528434,0.5327606694856868,78bf92243997831090f4e81bdc0a5d4d7ba172f90b72e1ee43b198174beb3eea,4000,42,John Collins,1628381,Bovada,2026-03-26,2026-03-25 13:19:22,2026-03-25,Regular Season,0.375,0.3333333333333333,0.3125,0.0625,0.125,0.625,0.7333333333333333,0.6875,-0.0625,-0.14772727272727265,
PRICED,over,PTS,full_game,12.5,True,26.55491828918457,26.53417079505759,13.723937034606934,0.05757327392150084,13.781510308528434,0.5327606694856868,78bf92243997831090f4e81bdc0a5d4d7ba172f90b72e1ee43b198174beb3eea,4000,42,John Collins,1628381,BetRivers,2026-03-26,2026-03-25 13:19:22,2026-03-25,Regular Season,0.576,0.5121951219512195,0.4753937007874017,0.10060629921259828,0.12457142857142844,0.42400000000000004,0.5652173913043478,0.5246062992125985,-0.10060629921259845,-0.24984615384615377,
PRICED,over,PTS,full_game,23.5,True,35.98078155517578,36.13877731275565,26.0479736328125,0.20426456402313092,26.25223819683563,0.6420909777808131,78bf92243997831090f4e81bdc0a5d4d7ba172f90b72e1ee43b198174beb3eea,4000,42,Jaylen Brown,1627759,DraftKings,2026-03-25,2026-03-25 13:19:22,2026-03-25,Regular Season,0.6225,0.5535714285714286,0.5217643644805572,0.10073563551944287,0.12451612903225817,0.37749999999999995,0.5073891625615764,0.47823563551944287,-0.10073563551944292,-0.25599514563106807,
PRICED,over,PTS,full_game,17.5,True,30.69470977783203,30.8527055354119,16.762475967407227,0.21824562952181717,16.980721596929044,0.6420909777808131,78bf92243997831090f4e81bdc0a5d4d7ba172f90b72e1ee43b198174beb3eea,4000,42,Andrew Nembhard,1629614,Bovada,2026-03-25,2026-03-25 13:19:22,2026-03-25,Regular Season,0.44975,0.4,0.375,0.07474999999999998,0.12437500000000001,0.55025,0.6666666666666666,0.625,-0.07474999999999998,-0.17462499999999997,
PRICED,over,PTS,full_game,20.5,True,33.76485061645508,33.92284637403495,21.9394588470459,0.1783470871765002,22.1178059342224,0.6420909777808131,78bf92243997831090f4e81bdc0a5d4d7ba172f90b72e1ee43b198174beb3eea,4000,42,Jayson Tatum,1628369,BetRivers,2026-03-25,2026-03-25 13:19:22,2026-03-25,Regular Season,0.58625,0.5215311004784688,0.4842053307008884,0.10204466929911166,0.12409403669724783,0.41374999999999995,0.5555555555555556,0.5157946692991116,-0.1020446692991116,-0.2552500000000001,
PRICED,over,PTS,full_game,10.5,True,29.362808227539062,29.34206073341208,14.153419494628906,0.1702495475241976,14.323669042153103,0.5327606694856868,78bf92243997831090f4e81bdc0a5d4d7ba172f90b72e1ee43b198174beb3eea,4000,42,Aaron Nesmith,1630174,Bovada,2026-03-25,2026-03-25 13:19:22,2026-03-25,Regular Season,0.70775,0.6296296296296297,0.5915279878971256,0.11622201210287442,0.1240735294117648,0.29225,0.43478260869565216,0.40847201210287437,-0.11622201210287436,-0.32782500000000003,
PRICED,over,PTS,full_game,8.5,True,28.02290153503418,28.002154040907197,9.271885871887207,0.1203047916054804,9.392190663492688,0.5327606694856868,78bf92243997831090f4e81bdc0a5d4d7ba172f90b72e1ee43b198174beb3eea,4000,42,Davion Mitchell,1630558,Bovada,2026-03-25,2026-03-25 13:19:22,2026-03-25,Regular Season,0.548,0.4878048780487805,0.4592085979482169,0.08879140205178315,0.12339999999999995,0.45199999999999996,0.574468085106383,0.5407914020517831,-0.08879140205178315,-0.21318518518518526,
PRICED,over,PTS,full_game,8.5,True,28.02290153503418,28.002154040907197,9.271885871887207,0.1203047916054804,9.392190663492688,0.5327606694856868,78bf92243997831090f4e81bdc0a5d4d7ba172f90b72e1ee43b198174beb3eea,4000,42,Davion Mitchell,1630558,BetRivers,2026-03-25,2026-03-25 13:19:22,2026-03-25,Regular Season,0.548,0.4878048780487805,0.4532313718175883,0.09476862818241172,0.12339999999999995,0.45199999999999996,0.588477366255144,0.5467686281824116,-0.09476862818241161,-0.23191608391608404,
PRICED,over,PTS,full_game,5.5,True,22.667152404785156,22.869938250624394,6.552900791168213,0.0994959745158494,6.652396765684062,0.4915060991395564,78bf92243997831090f4e81bdc0a5d4d7ba172f90b72e1ee43b198174beb3eea,4000,42,Dean Wade,1629731,Bovada,2026-03-25,2026-03-25 13:19:22,2026-03-25,Regular Season,0.58825,0.5238095238095238,0.48987854251012153,0.09837145748987852,0.12302272727272745,0.41174999999999995,0.5454545454545454,0.5101214574898786,-0.09837145748987863,-0.24512500000000004,
PRICED,over,PTS,full_game,21.5,True,35.30427169799805,35.462267455577916,21.120439529418945,0.17669533454919525,21.29713486396814,0.6420909777808131,78bf92243997831090f4e81bdc0a5d4d7ba172f90b72e1ee43b198174beb3eea,4000,42,VJ Edgecombe,1642845,Bovada,2026-03-25,2026-03-25 13:19:22,2026-03-25,Regular Season,0.48825,0.43478260869565216,0.40847201210287437,0.07977798789712565,0.12297500000000006,0.5117499999999999,0.6296296296296297,0.5915279878971256,-0.07977798789712565,-0.18722058823529414,
PRICED,over,PTS,full_game,20.5,True,34.843597412109375,35.001593169689244,21.431854248046875,0.09151911308433733,21.523373361131213,0.6420909777808131,78bf92243997831090f4e81bdc0a5d4d7ba172f90b72e1ee43b198174beb3eea,4000,42,LeBron James,2544,Bovada,2026-03-25,2026-03-25 13:19:22,2026-03-25,Regular Season,0.54775,0.4878048780487805,0.4592085979482169,0.08854140205178307,0.12288749999999982,0.45225000000000004,0.574468085106383,0.5407914020517831,-0.08854140205178307,-0.21274999999999994,
PRICED,over,PTS,full_game,20.5,True,35.30427169799805,35.462267455577916,21.120439529418945,0.17669533454919525,21.29713486396814,0.6420909777808131,78bf92243997831090f4e81bdc0a5d4d7ba172f90b72e1ee43b198174beb3eea,4000,42,VJ Edgecombe,1642845,BetRivers,2026-03-25,2026-03-25 13:19:22,2026-03-25,Regular Season,0.545,0.4854368932038835,0.4520257450053946,0.09297425499460543,0.12270000000000014,0.45499999999999996,0.588477366255144,0.5479742549946055,-0.09297425499460554,-0.22681818181818197,
PRICED,over,PTS,full_game,6.5,True,23.929744720458984,24.13253056629822,8.186028480529785,0.010881614623015817,8.1969100951528,0.4915060991395564,78bf92243997831090f4e81bdc0a5d4d7ba172f90b72e1ee43b198174beb3eea,4000,42,Sam Hauser,1630573,FanDuel,2026-03-25,2026-03-25 13:19:22,2026-03-25,Regular Season,0.61225,0.5454545454545454,0.5168918918918919,0.09535810810810808,0.12245833333333334,0.38775000000000004,0.5098039215686274,0.4831081081081081,-0.09535810810810808,-0.23941346153846144,
PRICED,over,PTS,full_game,4.5,True,24.928417205810547,24.907669711683567,6.199642181396484,-0.13477692383251597,6.0648652575639685,0.5327606694856868,78bf92243997831090f4e81bdc0a5d4d7ba172f90b72e1ee43b198174beb3eea,4000,42,Baylor Scheierman,1631248,FanDuel,2026-03-25,2026-03-25 13:19:22,2026-03-25,Regular Season,0.6385,0.5689655172413793,0.532258064516129,0.10624193548387095,0.1222121212121211,0.36150000000000004,0.5,0.4677419354838709,-0.10624193548387084,-0.2769999999999999,
PRICED,over,PTS,full_game,10.5,True,29.44710350036621,29.426356006239228,13.152752876281738,0.11072737918065179,13.26348025546239,0.5327606694856868,78bf92243997831090f4e81bdc0a5d4d7ba172f90b72e1ee43b198174beb3eea,4000,42,Cameron Johnson,1629661,Bovada,2026-03-26,2026-03-25 13:19:22,2026-03-25,Regular Season,0.67325,0.6,0.5633187772925764,0.10993122270742361,0.12208333333333327,0.32675,0.46511627906976744,0.43668122270742354,-0.10993122270742356,-0.29748750000000007,
PRICED,over,PTS,full_game,7.5,True,24.928417205810547,24.907669711683567,6.199642181396484,-0.13477692383251597,6.0648652575639685,0.5327606694856868,78bf92243997831090f4e81bdc0a5d4d7ba172f90b72e1ee43b198174beb3eea,4000,42,Baylor Scheierman,1631248,Bovada,2026-03-25,2026-03-25 13:19:22,2026-03-25,Regular Season,0.374,0.3333333333333333,0.3125,0.0615,0.122,0.626,0.7333333333333333,0.6875,-0.0615,-0.14636363636363628,
PRICED,over,PTS,full_game,21.5,True,33.76485061645508,33.92284637403495,21.9394588470459,0.1783470871765002,22.1178059342224,0.6420909777808131,78bf92243997831090f4e81bdc0a5d4d7ba172f90b72e1ee43b198174beb3eea,4000,42,Jayson Tatum,1628369,Bovada,2026-03-25,2026-03-25 13:19:22,2026-03-25,Regular Season,0.53425,0.47619047619047616,0.4458598726114649,0.08839012738853508,0.12192500000000006,0.46575,0.5918367346938775,0.554140127388535,-0.08839012738853502,-0.21304310344827587,
PRICED,over,PTS,full_game,21.5,True,33.76485061645508,33.92284637403495,21.9394588470459,0.1783470871765002,22.1178059342224,0.6420909777808131,78bf92243997831090f4e81bdc0a5d4d7ba172f90b72e1ee43b198174beb3eea,4000,42,Jayson Tatum,1628369,BetMGM,2026-03-25,2026-03-25 13:19:22,2026-03-25,Regular Season,0.53425,0.47619047619047616,0.4458598726114649,0.08839012738853508,0.12192500000000006,0.46575,0.5918367346938775,0.554140127388535,-0.08839012738853502,-0.21304310344827587,
PRICED,over,PTS,full_game,10.5,True,26.95008087158203,26.929333377455052,11.555325508117676,-0.10981557011108567,11.445509938006591,0.5327606694856868,78bf92243997831090f4e81bdc0a5d4d7ba172f90b72e1ee43b198174beb3eea,4000,42,Pelle Larsson,1641796,BetMGM,2026-03-25,2026-03-25 13:19:22,2026-03-25,Regular Season,0.5605,0.5,0.4653465346534653,0.09515346534653468,0.121,0.4395,0.574468085106383,0.5346534653465347,-0.09515346534653468,-0.23494444444444446,
PRICED,over,PTS,full_game,23.5,True,33.76485061645508,33.92284637403495,21.9394588470459,0.1783470871765002,22.1178059342224,0.6420909777808131,78bf92243997831090f4e81bdc0a5d4d7ba172f90b72e1ee43b198174beb3eea,4000,42,Jayson Tatum,1628369,Bovada,2026-03-25,2026-03-25 13:19:22,2026-03-25,Regular Season,0.423,0.37735849056603776,0.35437430786268,0.06862569213732,0.12095,0.577,0.6875,0.6456256921373201,-0.06862569213732017,-0.16072727272727272,
PRICED,over,PTS,full_game,19.5,True,34.843597412109375,35.001593169689244,21.431854248046875,0.09151911308433733,21.523373361131213,0.6420909777808131,78bf92243997831090f4e81bdc0a5d4d7ba172f90b72e1ee43b198174beb3eea,4000,42,LeBron James,2544,FanDuel,2026-03-25,2026-03-25 13:19:22,2026-03-25,Regular Season,0.59925,0.5348837209302325,0.5041554124246831,0.09509458757531686,0.12033695652173892,0.40075000000000005,0.5260663507109005,0.4958445875753168,-0.09509458757531675,-0.23821396396396383,
PRICED,over,PTS,full_game,8.5,True,25.615726470947266,25.594978976820286,13.096803665161133,0.17538342075070404,13.272187085911836,0.5327606694856868,78bf92243997831090f4e81bdc0a5d4d7ba172f90b72e1ee43b198174beb3eea,4000,42,Daniel Gafford,1629655,Bovada,2026-03-26,2026-03-25 13:19:22,2026-03-25,Regular Season,0.79525,0.7101449275362319,0.6653734238603297,0.1298765761396703,0.1198418367346939,0.20475,0.35714285714285715,0.3346265761396702,-0.12987657613967019,-0.4267000000000001,
PRICED,over,PTS,full_game,12.5,True,25.17422103881836,25.15347354469138,10.259522438049316,0.5422286774792826,10.8017511155286,0.5327606694856868,78bf92243997831090f4e81bdc0a5d4d7ba172f90b72e1ee43b198174beb3eea,4000,42,Jalen Wilson,1630592,Bovada,2026-03-26,2026-03-25 13:19:22,2026-03-25,Regular Season,0.37325,0.3333333333333333,0.3125,0.060750000000000026,0.11975000000000013,0.6267499999999999,0.7333333333333333,0.6875,-0.06075000000000008,-0.14534090909090908,
PRICED,over,PTS,full_game,24.5,True,33.76485061645508,33.92284637403495,21.9394588470459,0.1783470871765002,22.1178059342224,0.6420909777808131,78bf92243997831090f4e81bdc0a5d4d7ba172f90b72e1ee43b198174beb3eea,4000,42,Jayson Tatum,1628369,Bovada,2026-03-25,2026-03-25 13:19:22,2026-03-25,Regular Season,0.37325,0.3333333333333333,0.3125,0.060750000000000026,0.11975000000000013,0.6267499999999999,0.7333333333333333,0.6875,-0.06075000000000008,-0.14534090909090908,
PRICED,over,PTS,full_game,25.5,True,34.45897674560547,34.61697250318534,23.637983322143555,0.12246796973868529,23.76045129188224,0.6420909777808131,78bf92243997831090f4e81bdc0a5d4d7ba172f90b72e1ee43b198174beb3eea,4000,42,Cooper Flagg,1642843,Bovada,2026-03-26,2026-03-25 13:19:22,2026-03-25,Regular Season,0.3995,0.35714285714285715,0.3346265761396702,0.06487342386032985,0.11859999999999993,0.6005,0.7101449275362319,0.6653734238603297,-0.06487342386032968,-0.15439795918367347,
PRICED,over,PTS,full_game,11.5,True,32.193565368652344,32.35156112623221,13.902081489562988,0.038945417630644144,13.941026907193633,0.6420909777808131,78bf92243997831090f4e81bdc0a5d4d7ba172f90b72e1ee43b198174beb3eea,4000,42,Christian Braun,1631128,BetRivers,2026-03-26,2026-03-25 13:19:22,2026-03-25,Regular Season,0.6445,0.576271186440678,0.5354330708661418,0.10906692913385818,0.11839705882352936,0.35550000000000004,0.5,0.4645669291338583,-0.10906692913385824,-0.2889999999999999,
PRICED,over,PTS,full_game,6.5,True,23.929744720458984,24.13253056629822,8.186028480529785,0.010881614623015817,8.1969100951528,0.4915060991395564,78bf92243997831090f4e81bdc0a5d4d7ba172f90b72e1ee43b198174beb3eea,4000,42,Sam Hauser,1630573,BetRivers,2026-03-25,2026-03-25 13:19:22,2026-03-25,Regular Season,0.61225,0.5475113122171946,0.5078823946715012,0.10436760532849876,0.11824173553718997,0.38775000000000004,0.5305164319248826,0.49211760532849874,-0.1043676053284987,-0.26910840707964595,
PRICED,over,PTS,full_game,5.5,True,22.667152404785156,22.869938250624394,6.552900791168213,0.0994959745158494,6.652396765684062,0.4915060991395564,78bf92243997831090f4e81bdc0a5d4d7ba172f90b72e1ee43b198174beb3eea,4000,42,Dean Wade,1629731,DraftKings,2026-03-25,2026-03-25 13:19:22,2026-03-25,Regular Season,0.58825,0.5260663507109005,0.4958445875753168,0.09240541242468325,0.11820495495495509,0.41174999999999995,0.5348837209302325,0.5041554124246831,-0.09240541242468314,-0.2302065217391306,
PRICED,over,PTS,full_game,8.5,True,25.80695152282715,25.78620402870017,9.377436637878418,0.03850639952448724,9.415943037402906,0.5327606694856868,78bf92243997831090f4e81bdc0a5d4d7ba172f90b72e1ee43b198174beb3eea,4000,42,Neemias Queta,1629674,Bovada,2026-03-25,2026-03-25 13:19:22,2026-03-25,Regular Season,0.559,0.5,0.4693877551020409,0.08961224489795916,0.1180000000000001,0.44099999999999995,0.5652173913043478,0.5306122448979592,-0.08961224489795927,-0.21976923076923088,
PRICED,over,PTS,full_game,20.5,True,35.30427169799805,35.462267455577916,21.120439529418945,0.17669533454919525,21.29713486396814,0.6420909777808131,78bf92243997831090f4e81bdc0a5d4d7ba172f90b72e1ee43b198174beb3eea,4000,42,VJ Edgecombe,1642845,Bovada,2026-03-25,2026-03-25 13:19:22,2026-03-25,Regular Season,0.545,0.4878048780487805,0.4592085979482169,0.08579140205178315,0.11724999999999997,0.45499999999999996,0.574468085106383,0.5407914020517831,-0.08579140205178315,-0.20796296296296307,
PRICED,over,PTS,full_game,8.5,True,25.989696502685547,25.968949008558567,9.605721473693848,0.04738634920247185,9.65310782289632,0.5327606694856868,78bf92243997831090f4e81bdc0a5d4d7ba172f90b72e1ee43b198174beb3eea,4000,42,Brook Lopez,201572,BetOnline.ag,2026-03-26,2026-03-25 13:19:22,2026-03-25,Regular Season,0.57475,0.5145631067961165,0.483560743054414,0.091189256945586,0.11696698113207549,0.42525,0.5495495495495496,0.5164392569455861,-0.0911892569455861,-0.22618442622950818,
PRICED,over,PTS,full_game,21.5,True,34.45897674560547,34.61697250318534,23.637983322143555,0.12246796973868529,23.76045129188224,0.6420909777808131,78bf92243997831090f4e81bdc0a5d4d7ba172f90b72e1ee43b198174beb3eea,4000,42,Cooper Flagg,1642843,FanDuel,2026-03-26,2026-03-25 13:19:22,2026-03-25,Regular Season,0.60925,0.5454545454545454,0.5101214574898786,0.09912854251012138,0.11695833333333339,0.39075000000000004,0.5238095238095238,0.48987854251012153,-0.09912854251012149,-0.2540227272727272,
PRICED,over,PTS,full_game,21.5,True,34.45897674560547,34.61697250318534,23.637983322143555,0.12246796973868529,23.76045129188224,0.6420909777808131,78bf92243997831090f4e81bdc0a5d4d7ba172f90b72e1ee43b198174beb3eea,4000,42,Cooper Flagg,1642843,BetOnline.ag,2026-03-26,2026-03-25 13:19:22,2026-03-25,Regular Season,0.60925,0.5454545454545454,0.5123152709359606,0.09693472906403933,0.11695833333333339,0.39075000000000004,0.5192307692307693,0.4876847290640395,-0.09693472906403944,-0.2474444444444443,
PRICED,over,PTS,full_game,12.5,True,24.690671920776367,24.669924426649388,11.945374488830566,-0.12959114108602707,11.815783347744539,0.5327606694856868,78bf92243997831090f4e81bdc0a5d4d7ba172f90b72e1ee43b198174beb3eea,4000,42,Jaime Jaquez Jr,1631170,Bovada,2026-03-25,2026-03-25 13:19:22,2026-03-25,Regular Season,0.438,0.39215686274509803,0.3666469544648137,0.07135304553518629,0.11689999999999989,0.562,0.6774193548387096,0.6333530455351862,-0.07135304553518618,-0.1703809523809523,
PRICED,over,PTS,full_game,13.5,True,27.117136001586914,27.096388507459935,14.307957649230957,0.046712842749398034,14.354670491980356,0.5327606694856868,78bf92243997831090f4e81bdc0a5d4d7ba172f90b72e1ee43b198174beb3eea,4000,42,Andrew Wiggins,203952,BetRivers,2026-03-25,2026-03-25 13:19:22,2026-03-25,Regular Season,0.54475,0.4878048780487805,0.4546740873502499,0.09007591264975007,0.11673749999999983,0.45525000000000004,0.5850622406639004,0.5453259126497499,-0.0900759126497499,-0.22187765957446792,
PRICED,over,PTS,full_game,10.5,True,29.44710350036621,29.426356006239228,13.152752876281738,0.11072737918065179,13.26348025546239,0.5327606694856868,78bf92243997831090f4e81bdc0a5d4d7ba172f90b72e1ee43b198174beb3eea,4000,42,Cameron Johnson,1629661,BetRivers,2026-03-26,2026-03-25 13:19:22,2026-03-25,Regular Season,0.67325,0.6031746031746031,0.5611590972415714,0.11209090275842859,0.11617763157894745,0.32675,0.4716981132075472,0.4388409027584286,-0.11209090275842859,-0.30729,
PRICED,over,PTS,full_game,8.5,True,22.664844512939453,22.86763035877869,9.68027400970459,0.12252226757583444,9.802796277280425,0.4915060991395564,78bf92243997831090f4e81bdc0a5d4d7ba172f90b72e1ee43b198174beb3eea,4000,42,Harrison Barnes,203084,BetOnline.ag,2026-03-26,2026-03-25 13:19:22,2026-03-25,Regular Season,0.56625,0.5073891625615764,0.4773429454170958,0.08890705458290421,0.11600728155339812,0.43374999999999997,0.5555555555555556,0.5226570545829042,-0.08890705458290427,-0.21925000000000006,
PRICED,over,PTS,full_game,23.5,True,35.30427169799805,35.462267455577916,21.120439529418945,0.17669533454919525,21.29713486396814,0.6420909777808131,78bf92243997831090f4e81bdc0a5d4d7ba172f90b72e1ee43b198174beb3eea,4000,42,VJ Edgecombe,1642845,Bovada,2026-03-25,2026-03-25 13:19:22,2026-03-25,Regular Season,0.38475,0.3448275862068966,0.32315978456014366,0.06159021543985632,0.11577499999999985,0.6152500000000001,0.7222222222222222,0.6768402154398564,-0.06159021543985632,-0.1481153846153846,
PRICED,over,PTS,full_game,23.5,True,33.11474609375,33.27274185132987,24.551319122314453,0.20661038994258993,24.757929512257043,0.6420909777808131,78bf92243997831090f4e81bdc0a5d4d7ba172f90b72e1ee43b198174beb3eea,4000,42,Pascal Siakam,1627783,BetRivers,2026-03-25,2026-03-25 13:19:22,2026-03-25,Regular Season,0.5415,0.4854368932038835,0.4520257450053946,0.08947425499460537,0.11548999999999998,0.4585,0.588477366255144,0.5479742549946055,-0.08947425499460548,-0.2208706293706294,
PRICED,over,PTS,full_game,12.5,True,23.198101043701172,23.40088688954041,10.864527702331543,0.06808942348041232,10.932617125811955,0.4915060991395564,78bf92243997831090f4e81bdc0a5d4d7ba172f90b72e1ee43b198174beb3eea,4000,42,Jay Huff,1630643,Bovada,2026-03-25,2026-03-25 13:19:22,2026-03-25,Regular Season,0.37175,0.3333333333333333,0.3125,0.059250000000000025,0.11525000000000007,0.62825,0.7333333333333333,0.6875,-0.059250000000000025,-0.1432954545454545,
PRICED,over,PTS,full_game,11.5,True,25.035507202148438,25.014759708021458,12.892045021057129,0.21338662012528356,13.105431641182413,0.5327606694856868,78bf92243997831090f4e81bdc0a5d4d7ba172f90b72e1ee43b198174beb3eea,4000,42,Klay Thompson,202691,BetOnline.ag,2026-03-26,2026-03-25 13:19:22,2026-03-25,Regular Season,0.594,0.5327102803738317,0.5,0.09399999999999997,0.1150526315789474,0.406,0.5327102803738317,0.5,-0.09399999999999997,-0.23785964912280694,
PRICED,over,PTS,full_game,9.5,True,25.12068748474121,25.09993999061423,13.53354549407959,0.06471949184103075,13.59826498592062,0.5327606694856868,78bf92243997831090f4e81bdc0a5d4d7ba172f90b72e1ee43b198174beb3eea,4000,42,Tim Hardaway Jr,203501,Bovada,2026-03-26,2026-03-25 13:19:22,2026-03-25,Regular Season,0.761,0.6825396825396826,0.6395881006864989,0.12141189931350116,0.11495348837209302,0.239,0.38461538461538464,0.36041189931350115,-0.12141189931350116,-0.3786,
PRICED,over,PTS,full_game,8.5,True,22.66581153869629,22.868597384535526,8.16478443145752,-0.08576942493259945,8.07901500652492,0.4915060991395564,78bf92243997831090f4e81bdc0a5d4d7ba172f90b72e1ee43b198174beb3eea,4000,42,Tari Eason,1631106,Bovada,2026-03-26,2026-03-25 13:19:22,2026-03-25,Regular Season,0.455,0.40816326530612246,0.3838517538054269,0.0711482461945731,0.11475000000000013,0.5449999999999999,0.6551724137931034,0.6161482461945731,-0.07114824619457316,-0.16815789473684223,
PRICED,over,PTS,full_game,18.5,True,33.9068717956543,34.064867553234166,20.786582946777344,0.17861862682575927,20.965201573603103,0.6420909777808131,78bf92243997831090f4e81bdc0a5d4d7ba172f90b72e1ee43b198174beb3eea,4000,42,Alperen Sengun,1630578,BetRivers,2026-03-26,2026-03-25 13:19:22,2026-03-25,Regular Season,0.608,0.5454545454545454,0.5059101654846335,0.10208983451536646,0.1146666666666667,0.392,0.5327102803738317,0.4940898345153664,-0.1020898345153664,-0.26414035087719295,
PRICED,over,PTS,full_game,18.5,True,33.9068717956543,34.064867553234166,20.786582946777344,0.17861862682575927,20.965201573603103,0.6420909777808131,78bf92243997831090f4e81bdc0a5d4d7ba172f90b72e1ee43b198174beb3eea,4000,42,Alperen Sengun,1630578,Bovada,2026-03-26,2026-03-25 13:19:22,2026-03-25,Regular Season,0.608,0.5454545454545454,0.5101214574898786,0.0978785425101214,0.1146666666666667,0.392,0.5238095238095238,0.48987854251012153,-0.09787854251012151,-0.2516363636363636,
PRICED,over,PTS,full_game,8.5,True,26.95008087158203,26.929333377455052,11.555325508117676,-0.10981557011108567,11.445509938006591,0.5327606694856868,78bf92243997831090f4e81bdc0a5d4d7ba172f90b72e1ee43b198174beb3eea,4000,42,Pelle Larsson,1641796,Bovada,2026-03-25,2026-03-25 13:19:22,2026-03-25,Regular Season,0.694,0.6226415094339622,0.5834970530451867,0.11050294695481322,0.11460606060606043,0.30600000000000005,0.4444444444444444,0.4165029469548134,-0.11050294695481333,-0.3114999999999999,
PRICED,over,PTS,full_game,27.5,True,31.436262130737305,31.594257888317173,29.31964683532715,0.22171315762247193,29.54135999294962,0.6420909777808131,78bf92243997831090f4e81bdc0a5d4d7ba172f90b72e1ee43b198174beb3eea,4000,42,Kawhi Leonard,202695,DraftKings,2026-03-26,2026-03-25 13:19:22,2026-03-25,Regular Season,0.58875,0.5283018867924528,0.4979225527671597,0.09082744723284031,0.11441964285714279,0.41125,0.5327102803738317,0.5020774472328402,-0.0908274472328402,-0.22800438596491224,
PRICED,over,PTS,full_game,11.5,True,27.536518096923828,27.51577060279685,12.881379127502441,0.18425350464285548,13.065632632145297,0.5327606694856868,78bf92243997831090f4e81bdc0a5d4d7ba172f90b72e1ee43b198174beb3eea,4000,42,Olivier-Maxence Prosper,1641765,FanDuel,2026-03-26,2026-03-25 13:19:22,2026-03-25,Regular Season,0.603,0.5412844036697247,0.5060689431946916,0.09693105680530834,0.11401694915254235,0.397,0.5283018867924528,0.4939310568053083,-0.09693105680530828,-0.24853571428571425,
PRICED,over,PTS,full_game,11.5,True,25.17422103881836,25.15347354469138,10.259522438049316,0.5422286774792826,10.8017511155286,0.5327606694856868,78bf92243997831090f4e81bdc0a5d4d7ba172f90b72e1ee43b198174beb3eea,4000,42,Jalen Wilson,1630592,Bovada,2026-03-26,2026-03-25 13:19:22,2026-03-25,Regular Season,0.4455,0.4,0.375,0.07050000000000001,0.11375000000000002,0.5545,0.6666666666666666,0.625,-0.07050000000000001,-0.16825,
PRICED,over,PTS,full_game,14.5,True,26.55491828918457,26.53417079505759,13.723937034606934,0.05757327392150084,13.781510308528434,0.5327606694856868,78bf92243997831090f4e81bdc0a5d4d7ba172f90b72e1ee43b198174beb3eea,4000,42,John Collins,1628381,Bovada,2026-03-26,2026-03-25 13:19:22,2026-03-25,Regular Season,0.43675,0.39215686274509803,0.3666469544648137,0.07010304553518631,0.11371249999999988,0.56325,0.6774193548387096,0.6333530455351862,-0.0701030455351862,-0.16853571428571423,
PRICED,over,PTS,full_game,9.5,True,28.673789978027344,28.65304248390036,11.756421089172363,0.14518758306047308,11.901608672232836,0.5327606694856868,78bf92243997831090f4e81bdc0a5d4d7ba172f90b72e1ee43b198174beb3eea,4000,42,Walter Clayton Jr.,1642383,BetRivers,2026-03-26,2026-03-25 13:19:22,2026-03-25,Regular Season,0.6475,0.5815899581589958,0.5401900804186387,0.10730991958136127,0.1133273381294963,0.35250000000000004,0.49504950495049505,0.45980991958136136,-0.10730991958136132,-0.28794999999999993,
PRICED,over,PTS,full_game,13.5,True,26.55491828918457,26.53417079505759,13.723937034606934,0.05757327392150084,13.781510308528434,0.5327606694856868,78bf92243997831090f4e81bdc0a5d4d7ba172f90b72e1ee43b198174beb3eea,4000,42,John Collins,1628381,Bovada,2026-03-26,2026-03-25 13:19:22,2026-03-25,Regular Season,0.506,0.45454545454545453,0.4248366013071895,0.08116339869281053,0.11320000000000008,0.494,0.6153846153846154,0.5751633986928104,-0.08116339869281042,-0.19725000000000004,
PRICED,over,PTS,full_game,4.5,True,17.43634796142578,17.507217984009127,7.745432376861572,0.006044581461281666,7.751476958322854,0.44940254752247744,78bf92243997831090f4e81bdc0a5d4d7ba172f90b72e1ee43b198174beb3eea,4000,42,Luka Garza,1630568,Bovada,2026-03-25,2026-03-25 13:19:22,2026-03-25,Regular Season,0.76525,0.6875,0.6456256921373201,0.11962430786267986,0.11309090909090908,0.23475000000000001,0.37735849056603776,0.35437430786268,-0.11962430786267997,-0.3779125,
PRICED,over,PTS,full_game,13.5,True,28.66859245300293,28.647844958875947,17.731122970581055,0.21088574523594042,17.942008715816996,0.5327606694856868,78bf92243997831090f4e81bdc0a5d4d7ba172f90b72e1ee43b198174beb3eea,4000,42,G.G. Jackson,1641713,Bovada,2026-03-26,2026-03-25 13:19:22,2026-03-25,Regular Season,0.742,0.6666666666666666,0.625,0.11699999999999999,0.11299999999999999,0.258,0.4,0.375,-0.11699999999999999,-0.355,
PRICED,over,PTS,full_game,10.5,True,24.690671920776367,24.669924426649388,11.945374488830566,-0.12959114108602707,11.815783347744539,0.5327606694856868,78bf92243997831090f4e81bdc0a5d4d7ba172f90b72e1ee43b198174beb3eea,4000,42,Jaime Jaquez Jr,1631170,DraftKings,2026-03-25,2026-03-25 13:19:22,2026-03-25,Regular Season,0.5855,0.5260663507109005,0.4968624497991968,0.08863755020080322,0.11297747747747755,0.4145,0.5327102803738317,0.5031375502008032,-0.08863755020080322,-0.22190350877192982,
PRICED,over,PTS,full_game,21.5,True,34.45897674560547,34.61697250318534,23.637983322143555,0.12246796973868529,23.76045129188224,0.6420909777808131,78bf92243997831090f4e81bdc0a5d4d7ba172f90b72e1ee43b198174beb3eea,4000,42,Cooper Flagg,1642843,DraftKings,2026-03-26,2026-03-25 13:19:22,2026-03-25,Regular Season,0.60925,0.5475113122171946,0.5155112508272668,0.09373874917273317,0.11276239669421473,0.39075000000000004,0.5145631067961165,0.48448874917273327,-0.09373874917273323,-0.24061792452830177,
PRICED,over,PTS,full_game,15.5,True,31.632307052612305,31.790302810192173,15.010124206542969,-0.036121486557061225,14.974002719985908,0.6420909777808131,78bf92243997831090f4e81bdc0a5d4d7ba172f90b72e1ee43b198174beb3eea,4000,42,Payton Pritchard,1630202,Bovada,2026-03-25,2026-03-25 13:19:22,2026-03-25,Regular Season,0.4735,0.425531914893617,0.3982930298719772,0.0752069701280228,0.11272500000000008,0.5265,0.6428571428571429,0.6017069701280228,-0.0752069701280228,-0.181,
PRICED,over,PTS,full_game,21.5,True,35.98078155517578,36.13877731275565,26.0479736328125,0.20426456402313092,26.25223819683563,0.6420909777808131,78bf92243997831090f4e81bdc0a5d4d7ba172f90b72e1ee43b198174beb3eea,4000,42,Jaylen Brown,1627759,Bovada,2026-03-25,2026-03-25 13:19:22,2026-03-25,Regular Season,0.722,0.6491228070175439,0.6090534979423868,0.11294650205761314,0.11227027027027026,0.278,0.4166666666666667,0.39094650205761317,-0.11294650205761314,-0.3328,
PRICED,over,PTS,full_game,13.5,True,24.690671920776367,24.669924426649388,11.945374488830566,-0.12959114108602707,11.815783347744539,0.5327606694856868,78bf92243997831090f4e81bdc0a5d4d7ba172f90b72e1ee43b198174beb3eea,4000,42,Jaime Jaquez Jr,1631170,Bovada,2026-03-25,2026-03-25 13:19:22,2026-03-25,Regular Season,0.3705,0.3333333333333333,0.3125,0.057999999999999996,0.11150000000000004,0.6295,0.7333333333333333,0.6875,-0.05800000000000005,-0.14159090909090902,
PRICED,over,PTS,full_game,9.5,True,19.220142364501953,19.42292821034119,9.046540260314941,0.02360140624768824,9.07014166656263,0.4915060991395564,78bf92243997831090f4e81bdc0a5d4d7ba172f90b72e1ee43b198174beb3eea,4000,42,T.J. McConnell,204456,Bovada,2026-03-25,2026-03-25 13:19:22,2026-03-25,Regular Season,0.4535,0.40816326530612246,0.3838517538054269,0.0696482461945731,0.11107500000000015,0.5465,0.6551724137931034,0.6161482461945731,-0.0696482461945731,-0.16586842105263166,
PRICED,over,PTS,full_game,23.5,True,34.45897674560547,34.61697250318534,23.637983322143555,0.12246796973868529,23.76045129188224,0.6420909777808131,78bf92243997831090f4e81bdc0a5d4d7ba172f90b72e1ee43b198174beb3eea,4000,42,Cooper Flagg,1642843,Bovada,2026-03-26,2026-03-25 13:19:22,2026-03-25,Regular Season,0.505,0.45454545454545453,0.4248366013071895,0.08016339869281053,0.1110000000000001,0.495,0.6153846153846154,0.5751633986928104,-0.08016339869281042,-0.195625,
PRICED,over,PTS,full_game,8.5,True,22.664844512939453,22.86763035877869,9.68027400970459,0.12252226757583444,9.802796277280425,0.4915060991395564,78bf92243997831090f4e81bdc0a5d4d7ba172f90b72e1ee43b198174beb3eea,4000,42,Harrison Barnes,203084,DraftKings,2026-03-26,2026-03-25 13:19:22,2026-03-25,Regular Season,0.56625,0.5098039215686274,0.480324745257228,0.08592525474277202,0.110721153846154,0.43374999999999997,0.5515695067264574,0.519675254742772,-0.08592525474277202,-0.21360772357723584,
PRICED,over,PTS,full_game,12.5,True,32.07660675048828,32.23460250806815,19.07900619506836,-0.023949495517927303,19.05505669955043,0.6420909777808131,78bf92243997831090f4e81bdc0a5d4d7ba172f90b72e1ee43b198174beb3eea,4000,42,Quentin Grimes,1629656,Bovada,2026-03-25,2026-03-25 13:19:22,2026-03-25,Regular Season,0.82575,0.7435897435897436,0.6974398758727697,0.1283101241272303,0.1104913793103448,0.17425000000000002,0.3225806451612903,0.30256012412723043,-0.12831012412723042,-0.45982499999999993,
PRICED,over,PTS,full_game,22.5,True,33.76485061645508,33.92284637403495,21.9394588470459,0.1783470871765002,22.1178059342224,0.6420909777808131,78bf92243997831090f4e81bdc0a5d4d7ba172f90b72e1ee43b198174beb3eea,4000,42,Jayson Tatum,1628369,Bovada,2026-03-25,2026-03-25 13:19:22,2026-03-25,Regular Season,0.4725,0.425531914893617,0.3982930298719772,0.0742069701280228,0.11037499999999989,0.5275000000000001,0.6428571428571429,0.6017069701280228,-0.07420697012802269,-0.17944444444444435,
PRICED,over,PTS,full_game,12.5,True,34.903221130371094,35.06121688795096,15.497272491455078,-0.010874817943060836,15.486397673512018,0.6420909777808131,78bf92243997831090f4e81bdc0a5d4d7ba172f90b72e1ee43b198174beb3eea,4000,42,Jabari Smith Jr,1631095,Bovada,2026-03-26,2026-03-25 13:19:22,2026-03-25,Regular Season,0.657,0.5918367346938775,0.554140127388535,0.10285987261146501,0.11010344827586216,0.34299999999999997,0.47619047619047616,0.4458598726114649,-0.10285987261146495,-0.2797,
PRICED,over,PTS,full_game,9.5,True,26.95008087158203,26.929333377455052,11.555325508117676,-0.10981557011108567,11.445509938006591,0.5327606694856868,78bf92243997831090f4e81bdc0a5d4d7ba172f90b72e1ee43b198174beb3eea,4000,42,Pelle Larsson,1641796,BetRivers,2026-03-25,2026-03-25 13:19:22,2026-03-25,Regular Season,0.6315,0.5689655172413793,0.528604118993135,0.10289588100686498,0.10990909090909079,0.36850000000000005,0.5073891625615764,0.471395881006865,-0.10289588100686498,-0.27373300970873776,
PRICED,over,PTS,full_game,6.5,True,24.928417205810547,24.907669711683567,6.199642181396484,-0.13477692383251597,6.0648652575639685,0.5327606694856868,78bf92243997831090f4e81bdc0a5d4d7ba172f90b72e1ee43b198174beb3eea,4000,42,Baylor Scheierman,1631248,Bovada,2026-03-25,2026-03-25 13:19:22,2026-03-25,Regular Season,0.46225,0.4166666666666667,0.39094650205761317,0.07130349794238683,0.10940000000000005,0.53775,0.6491228070175439,0.6090534979423868,-0.07130349794238688,-0.17157432432432435,
PRICED,over,PTS,full_game,12.5,True,26.55491828918457,26.53417079505759,13.723937034606934,0.05757327392150084,13.781510308528434,0.5327606694856868,78bf92243997831090f4e81bdc0a5d4d7ba172f90b72e1ee43b198174beb3eea,4000,42,John Collins,1628381,BetOnline.ag,2026-03-26,2026-03-25 13:19:22,2026-03-25,Regular Season,0.576,0.5192307692307693,0.4876847290640395,0.08831527093596048,0.10933333333333328,0.42400000000000004,0.5454545454545454,0.5123152709359606,-0.08831527093596059,-0.2226666666666665,
PRICED,over,PTS,full_game,12.5,True,26.55491828918457,26.53417079505759,13.723937034606934,0.05757327392150084,13.781510308528434,0.5327606694856868,78bf92243997831090f4e81bdc0a5d4d7ba172f90b72e1ee43b198174beb3eea,4000,42,John Collins,1628381,DraftKings,2026-03-26,2026-03-25 13:19:22,2026-03-25,Regular Season,0.576,0.5192307692307693,0.4896023956080519,0.08639760439194805,0.10933333333333328,0.42400000000000004,0.5412844036697247,0.510397604391948,-0.08639760439194799,-0.21667796610169487,
PRICED,over,PTS,full_game,18.5,True,32.556095123291016,32.714090880870884,19.820106506347656,0.16824655340293018,19.988353059750587,0.6420909777808131,78bf92243997831090f4e81bdc0a5d4d7ba172f90b72e1ee43b198174beb3eea,4000,42,Evan Mobley,1630596,BetOnline.ag,2026-03-25,2026-03-25 13:19:22,2026-03-25,Regular Season,0.58325,0.5260663507109005,0.4948402542722694,0.08840974572773064,0.10870045045045063,0.41674999999999995,0.5370370370370371,0.5051597457277305,-0.08840974572773053,-0.22398275862068978,
PRICED,over,PTS,full_game,26.5,True,31.436262130737305,31.594257888317173,29.31964683532715,0.22171315762247193,29.54135999294962,0.6420909777808131,78bf92243997831090f4e81bdc0a5d4d7ba172f90b72e1ee43b198174beb3eea,4000,42,Kawhi Leonard,202695,Bovada,2026-03-26,2026-03-25 13:19:22,2026-03-25,Regular Season,0.63675,0.574468085106383,0.5407914020517831,0.09595859794821693,0.10841666666666672,0.36324999999999996,0.4878048780487805,0.4592085979482169,-0.09595859794821693,-0.25533750000000016,
PRICED,over,PTS,full_game,17.5,True,31.632307052612305,31.790302810192173,15.010124206542969,-0.036121486557061225,14.974002719985908,0.6420909777808131,78bf92243997831090f4e81bdc0a5d4d7ba172f90b72e1ee43b198174beb3eea,4000,42,Payton Pritchard,1630202,Bovada,2026-03-25,2026-03-25 13:19:22,2026-03-25,Regular Season,0.35175,0.31746031746031744,0.29739776951672864,0.05435223048327137,0.10801249999999996,0.64825,0.75,0.7026022304832714,-0.054352230483271424,-0.1356666666666667,
PRICED,over,PTS,full_game,22.5,True,34.45897674560547,34.61697250318534,23.637983322143555,0.12246796973868529,23.76045129188224,0.6420909777808131,78bf92243997831090f4e81bdc0a5d4d7ba172f90b72e1ee43b198174beb3eea,4000,42,Cooper Flagg,1642843,Bovada,2026-03-26,2026-03-25 13:19:22,2026-03-25,Regular Season,0.55375,0.5,0.4693877551020409,0.08436224489795907,0.10749999999999993,0.44625000000000004,0.5652173913043478,0.5306122448979592,-0.08436224489795918,-0.2104807692307692,
PRICED,over,PTS,full_game,19.5,True,35.30427169799805,35.462267455577916,21.120439529418945,0.17669533454919525,21.29713486396814,0.6420909777808131,78bf92243997831090f4e81bdc0a5d4d7ba172f90b72e1ee43b198174beb3eea,4000,42,VJ Edgecombe,1642845,DraftKings,2026-03-25,2026-03-25 13:19:22,2026-03-25,Regular Season,0.60175,0.54337899543379,0.512482836100362,0.08926716389963796,0.10742226890756312,0.39825,0.5169082125603864,0.487517163899638,-0.08926716389963801,-0.229553738317757,
PRICED,over,PTS,full_game,12.5,True,32.193565368652344,32.35156112623221,13.902081489562988,0.038945417630644144,13.941026907193633,0.6420909777808131,78bf92243997831090f4e81bdc0a5d4d7ba172f90b72e1ee43b198174beb3eea,4000,42,Christian Braun,1631128,Bovada,2026-03-26,2026-03-25 13:19:22,2026-03-25,Regular Season,0.58,0.5238095238095238,0.48987854251012153,0.09012145748987843,0.1072727272727273,0.42000000000000004,0.5454545454545454,0.5101214574898786,-0.09012145748987854,-0.22999999999999987,
PRICED,over,PTS,full_game,22.5,True,33.11474609375,33.27274185132987,24.551319122314453,0.20661038994258993,24.757929512257043,0.6420909777808131,78bf92243997831090f4e81bdc0a5d4d7ba172f90b72e1ee43b198174beb3eea,4000,42,Pascal Siakam,1627783,BetRivers,2026-03-25,2026-03-25 13:19:22,2026-03-25,Regular Season,0.59925,0.5412844036697247,0.5029738302934179,0.09627616970658204,0.10708898305084735,0.40075000000000005,0.5348837209302325,0.4970261697065821,-0.09627616970658204,-0.25077173913043477,
PRICED,over,PTS,full_game,19.5,True,34.843597412109375,35.001593169689244,21.431854248046875,0.09151911308433733,21.523373361131213,0.6420909777808131,78bf92243997831090f4e81bdc0a5d4d7ba172f90b72e1ee43b198174beb3eea,4000,42,LeBron James,2544,BetRivers,2026-03-25,2026-03-25 13:19:22,2026-03-25,Regular Season,0.59925,0.5412844036697247,0.5029738302934179,0.09627616970658204,0.10708898305084735,0.40075000000000005,0.5348837209302325,0.4970261697065821,-0.09627616970658204,-0.25077173913043477,
PRICED,over,PTS,full_game,8.5,True,25.989696502685547,25.968949008558567,9.605721473693848,0.04738634920247185,9.65310782289632,0.5327606694856868,78bf92243997831090f4e81bdc0a5d4d7ba172f90b72e1ee43b198174beb3eea,4000,42,Brook Lopez,201572,BetRivers,2026-03-26,2026-03-25 13:19:22,2026-03-25,Regular Season,0.57475,0.5192307692307693,0.4813476792586193,0.09340232074138066,0.10692592592592598,0.42525,0.5594713656387665,0.5186523207413807,-0.09340232074138066,-0.23990748031496062,
PRICED,over,PTS,full_game,20.5,True,35.98078155517578,36.13877731275565,26.0479736328125,0.20426456402313092,26.25223819683563,0.6420909777808131,78bf92243997831090f4e81bdc0a5d4d7ba172f90b72e1ee43b198174beb3eea,4000,42,Jaylen Brown,1627759,Bovada,2026-03-25,2026-03-25 13:19:22,2026-03-25,Regular Season,0.77125,0.696969696969697,0.6529968454258674,0.11825315457413255,0.10657608695652165,0.22875,0.37037037037037035,0.34700315457413244,-0.11825315457413244,-0.3823749999999999,
PRICED,over,PTS,full_game,7.5,True,25.386520385742188,25.365772891615208,11.788893699645996,0.13322454591086197,11.922118245556858,0.5327606694856868,78bf92243997831090f4e81bdc0a5d4d7ba172f90b72e1ee43b198174beb3eea,4000,42,Cam Spencer,1642285,Bovada,2026-03-26,2026-03-25 13:19:22,2026-03-25,Regular Season,0.771,0.696969696969697,0.6529968454258674,0.11800315457413257,0.10621739130434782,0.22899999999999998,0.37037037037037035,0.34700315457413244,-0.11800315457413246,-0.3817,
PRICED,over,PTS,full_game,17.5,True,32.556095123291016,32.714090880870884,19.820106506347656,0.16824655340293018,19.988353059750587,0.6420909777808131,78bf92243997831090f4e81bdc0a5d4d7ba172f90b72e1ee43b198174beb3eea,4000,42,Evan Mobley,1630596,BetRivers,2026-03-25,2026-03-25 13:19:22,2026-03-25,Regular Season,0.63725,0.576271186440678,0.5354330708661418,0.1018169291338582,0.10581617647058822,0.36275,0.5,0.4645669291338583,-0.10181692913385826,-0.27449999999999997,
PRICED,over,PTS,full_game,8.5,True,22.664844512939453,22.86763035877869,9.68027400970459,0.12252226757583444,9.802796277280425,0.4915060991395564,78bf92243997831090f4e81bdc0a5d4d7ba172f90b72e1ee43b198174beb3eea,4000,42,Harrison Barnes,203084,Bovada,2026-03-26,2026-03-25 13:19:22,2026-03-25,Regular Season,0.56625,0.5121951219512195,0.4796954314720812,0.08655456852791882,0.10553571428571429,0.43374999999999997,0.5555555555555556,0.5203045685279188,-0.08655456852791887,-0.21925000000000006,
PRICED,over,PTS,full_game,11.5,True,27.536518096923828,27.51577060279685,12.881379127502441,0.18425350464285548,13.065632632145297,0.5327606694856868,78bf92243997831090f4e81bdc0a5d4d7ba172f90b72e1ee43b198174beb3eea,4000,42,Olivier-Maxence Prosper,1641765,BetOnline.ag,2026-03-26,2026-03-25 13:19:22,2026-03-25,Regular Season,0.603,0.5454545454545454,0.5123152709359606,0.09068472906403935,0.10550000000000004,0.397,0.5192307692307693,0.4876847290640395,-0.09068472906403946,-0.23540740740740734,
PRICED,over,PTS,full_game,11.5,True,26.55491828918457,26.53417079505759,13.723937034606934,0.05757327392150084,13.781510308528434,0.5327606694856868,78bf92243997831090f4e81bdc0a5d4d7ba172f90b72e1ee43b198174beb3eea,4000,42,John Collins,1628381,BetRivers,2026-03-26,2026-03-25 13:19:22,2026-03-25,Regular Season,0.64675,0.5850622406639004,0.544113196125908,0.10263680387409202,0.10543794326241152,0.35324999999999995,0.49019607843137253,0.45588680387409203,-0.10263680387409208,-0.27937000000000006,
PRICED,over,PTS,full_game,24.5,True,35.98078155517578,36.13877731275565,26.0479736328125,0.20426456402313092,26.25223819683563,0.6420909777808131,78bf92243997831090f4e81bdc0a5d4d7ba172f90b72e1ee43b198174beb3eea,4000,42,Jaylen Brown,1627759,BetRivers,2026-03-25,2026-03-25 13:19:22,2026-03-25,Regular Season,0.56875,0.5145631067961165,0.4773835745752045,0.0913664254247955,0.10530660377358492,0.43125,0.5633187772925764,0.5226164254247954,-0.09136642542479534,-0.2344476744186046,
PRICED,over,PTS,full_game,16.5,True,30.69470977783203,30.8527055354119,16.762475967407227,0.21824562952181717,16.980721596929044,0.6420909777808131,78bf92243997831090f4e81bdc0a5d4d7ba172f90b72e1ee43b198174beb3eea,4000,42,Andrew Nembhard,1629614,BetRivers,2026-03-25,2026-03-25 13:19:22,2026-03-25,Regular Season,0.507,0.45871559633027525,0.42420361773651355,0.08279638226348646,0.10525999999999991,0.493,0.6226415094339622,0.5757963822634864,-0.0827963822634864,-0.2082121212121213,
PRICED,over,PTS,full_game,12.5,True,30.20000457763672,30.358000335216587,16.211793899536133,0.12781875965413517,16.33961265919027,0.6420909777808131,78bf92243997831090f4e81bdc0a5d4d7ba172f90b72e1ee43b198174beb3eea,4000,42,Chet Holmgren,1631096,Bovada,2026-03-25,2026-03-25 13:19:22,2026-03-25,Regular Season,0.7105,0.6428571428571429,0.6017069701280228,0.10879302987197725,0.10522222222222227,0.2895,0.425531914893617,0.3982930298719772,-0.1087930298719772,-0.31967500000000004,
PRICED,over,PTS,full_game,27.5,True,31.436262130737305,31.594257888317173,29.31964683532715,0.22171315762247193,29.54135999294962,0.6420909777808131,78bf92243997831090f4e81bdc0a5d4d7ba172f90b72e1ee43b198174beb3eea,4000,42,Kawhi Leonard,202695,BetOnline.ag,2026-03-26,2026-03-25 13:19:22,2026-03-25,Regular Season,0.58875,0.5327102803738317,0.5,0.08875,0.10519736842105265,0.41125,0.5327102803738317,0.5,-0.08875,-0.22800438596491224,
PRICED,over,PTS,full_game,10.5,True,28.673789978027344,28.65304248390036,11.756421089172363,0.14518758306047308,11.901608672232836,0.5327606694856868,78bf92243997831090f4e81bdc0a5d4d7ba172f90b72e1ee43b198174beb3eea,4000,42,Walter Clayton Jr.,1642383,BetOnline.ag,2026-03-26,2026-03-25 13:19:22,2026-03-25,Regular Season,0.57625,0.5215311004784688,0.48974190636412124,0.0865080936358788,0.10491972477064226,0.42374999999999996,0.54337899543379,0.5102580936358787,-0.08650809363587875,-0.2201575630252101,
PRICED,over,PTS,full_game,18.5,True,32.556095123291016,32.714090880870884,19.820106506347656,0.16824655340293018,19.988353059750587,0.6420909777808131,78bf92243997831090f4e81bdc0a5d4d7ba172f90b72e1ee43b198174beb3eea,4000,42,Evan Mobley,1630596,FanDuel,2026-03-25,2026-03-25 13:19:22,2026-03-25,Regular Season,0.58325,0.5283018867924528,0.4939310568053083,0.08931894319469175,0.10400892857142863,0.41674999999999995,0.5412844036697247,0.5060689431946916,-0.08931894319469169,-0.23007203389830516,
PRICED,over,PTS,full_game,19.5,True,33.76485061645508,33.92284637403495,21.9394588470459,0.1783470871765002,22.1178059342224,0.6420909777808131,78bf92243997831090f4e81bdc0a5d4d7ba172f90b72e1ee43b198174beb3eea,4000,42,Jayson Tatum,1628369,BetRivers,2026-03-25,2026-03-25 13:19:22,2026-03-25,Regular Season,0.636,0.576271186440678,0.5354330708661418,0.10056692913385823,0.10364705882352948,0.364,0.5,0.4645669291338583,-0.10056692913385828,-0.272,
PRICED,over,PTS,full_game,19.5,True,35.30427169799805,35.462267455577916,21.120439529418945,0.17669533454919525,21.29713486396814,0.6420909777808131,78bf92243997831090f4e81bdc0a5d4d7ba172f90b72e1ee43b198174beb3eea,4000,42,VJ Edgecombe,1642845,Bovada,2026-03-25,2026-03-25 13:19:22,2026-03-25,Regular Season,0.60175,0.5454545454545454,0.5101214574898786,0.09162854251012142,0.10320833333333346,0.39825,0.5238095238095238,0.48987854251012153,-0.09162854251012154,-0.23970454545454545,
PRICED,over,PTS,full_game,19.5,True,34.843597412109375,35.001593169689244,21.431854248046875,0.09151911308433733,21.523373361131213,0.6420909777808131,78bf92243997831090f4e81bdc0a5d4d7ba172f90b72e1ee43b198174beb3eea,4000,42,LeBron James,2544,DraftKings,2026-03-25,2026-03-25 13:19:22,2026-03-25,Regular Season,0.59925,0.54337899543379,0.512482836100362,0.0867671638996379,0.10282142857142851,0.40075000000000005,0.5169082125603864,0.487517163899638,-0.08676716389963796,-0.224717289719626,
PRICED,over,PTS,full_game,23.5,True,35.98078155517578,36.13877731275565,26.0479736328125,0.20426456402313092,26.25223819683563,0.6420909777808131,78bf92243997831090f4e81bdc0a5d4d7ba172f90b72e1ee43b198174beb3eea,4000,42,Jaylen Brown,1627759,BetRivers,2026-03-25,2026-03-25 13:19:22,2026-03-25,Regular Season,0.6225,0.5652173913043478,0.5257731958762887,0.09672680412371137,0.10134615384615392,0.37749999999999995,0.5098039215686274,0.4742268041237114,-0.09672680412371143,-0.25951923076923084,
PRICED,over,PTS,full_game,5.5,True,25.977554321289062,25.956806827162083,7.823307991027832,0.061237052007666354,7.884545043035498,0.5327606694856868,78bf92243997831090f4e81bdc0a5d4d7ba172f90b72e1ee43b198174beb3eea,4000,42,Cason Wallace,1641717,Bovada,2026-03-25,2026-03-25 13:19:22,2026-03-25,Regular Season,0.70775,0.6428571428571429,0.6017069701280228,0.10604302987197722,0.10094444444444445,0.29225,0.425531914893617,0.3982930298719772,-0.10604302987197717,-0.31321249999999995,
PRICED,over,PTS,full_game,13.5,True,34.903221130371094,35.06121688795096,15.497272491455078,-0.010874817943060836,15.486397673512018,0.6420909777808131,78bf92243997831090f4e81bdc0a5d4d7ba172f90b72e1ee43b198174beb3eea,4000,42,Jabari Smith Jr,1631095,BetMGM,2026-03-26,2026-03-25 13:19:22,2026-03-25,Regular Season,0.6005,0.5454545454545454,0.5101214574898786,0.09037854251012145,0.10091666666666677,0.39949999999999997,0.5238095238095238,0.48987854251012153,-0.09037854251012156,-0.23731818181818187,
PRICED,over,PTS,full_game,23.5,True,34.45897674560547,34.61697250318534,23.637983322143555,0.12246796973868529,23.76045129188224,0.6420909777808131,78bf92243997831090f4e81bdc0a5d4d7ba172f90b72e1ee43b198174beb3eea,4000,42,Cooper Flagg,1642843,BetRivers,2026-03-26,2026-03-25 13:19:22,2026-03-25,Regular Season,0.505,0.45871559633027525,0.42420361773651355,0.08079638226348645,0.10089999999999988,0.495,0.6226415094339622,0.5757963822634864,-0.0807963822634864,-0.20500000000000007,
PRICED,over,PTS,full_game,28.5,True,31.436262130737305,31.594257888317173,29.31964683532715,0.22171315762247193,29.54135999294962,0.6420909777808131,78bf92243997831090f4e81bdc0a5d4d7ba172f90b72e1ee43b198174beb3eea,4000,42,Kawhi Leonard,202695,Bovada,2026-03-26,2026-03-25 13:19:22,2026-03-25,Regular Season,0.537,0.4878048780487805,0.4592085979482169,0.07779140205178314,0.10085,0.46299999999999997,0.574468085106383,0.5407914020517831,-0.07779140205178314,-0.19403703703703712,
PRICED,over,PTS,full_game,27.5,True,31.436262130737305,31.594257888317173,29.31964683532715,0.22171315762247193,29.54135999294962,0.6420909777808131,78bf92243997831090f4e81bdc0a5d4d7ba172f90b72e1ee43b198174beb3eea,4000,42,Kawhi Leonard,202695,Bovada,2026-03-26,2026-03-25 13:19:22,2026-03-25,Regular Season,0.58875,0.5348837209302325,0.5,0.08875,0.1007065217391303,0.41125,0.5348837209302325,0.5,-0.08875,-0.23114130434782615,
PRICED,over,PTS,full_game,11.5,True,23.198101043701172,23.40088688954041,10.864527702331543,0.06808942348041232,10.932617125811955,0.4915060991395564,78bf92243997831090f4e81bdc0a5d4d7ba172f90b72e1ee43b198174beb3eea,4000,42,Jay Huff,1630643,Bovada,2026-03-25,2026-03-25 13:19:22,2026-03-25,Regular Season,0.44,0.4,0.375,0.065,0.09999999999999998,0.56,0.6666666666666666,0.625,-0.06499999999999995,-0.15999999999999998,
PRICED,over,PTS,full_game,7.5,True,25.989696502685547,25.968949008558567,9.605721473693848,0.04738634920247185,9.65310782289632,0.5327606694856868,78bf92243997831090f4e81bdc0a5d4d7ba172f90b72e1ee43b198174beb3eea,4000,42,Brook Lopez,201572,FanDuel,2026-03-26,2026-03-25 13:19:22,2026-03-25,Regular Season,0.63775,0.5798319327731093,0.5418848167539267,0.0958651832460733,0.09988768115942043,0.36224999999999996,0.49019607843137253,0.4581151832460733,-0.09586518324607335,-0.2610100000000001,
PRICED,over,PTS,full_game,12.5,True,25.12068748474121,25.09993999061423,13.53354549407959,0.06471949184103075,13.59826498592062,0.5327606694856868,78bf92243997831090f4e81bdc0a5d4d7ba172f90b72e1ee43b198174beb3eea,4000,42,Tim Hardaway Jr,203501,BetMGM,2026-03-26,2026-03-25 13:19:22,2026-03-25,Regular Season,0.56325,0.5121951219512195,0.4796954314720812,0.08355456852791882,0.0996785714285715,0.43674999999999997,0.5555555555555556,0.5203045685279188,-0.08355456852791887,-0.21385000000000004,
PRICED,over,PTS,full_game,12.5,True,26.55491828918457,26.53417079505759,13.723937034606934,0.05757327392150084,13.781510308528434,0.5327606694856868,78bf92243997831090f4e81bdc0a5d4d7ba172f90b72e1ee43b198174beb3eea,4000,42,John Collins,1628381,Bovada,2026-03-26,2026-03-25 13:19:22,2026-03-25,Regular Season,0.576,0.5238095238095238,0.48987854251012153,0.08612145748987843,0.09963636363636363,0.42400000000000004,0.5454545454545454,0.5101214574898786,-0.08612145748987854,-0.2226666666666665,
PRICED,over,PTS,full_game,16.5,True,31.632307052612305,31.790302810192173,15.010124206542969,-0.036121486557061225,14.974002719985908,0.6420909777808131,78bf92243997831090f4e81bdc0a5d4d7ba172f90b72e1ee43b198174beb3eea,4000,42,Payton Pritchard,1630202,Bovada,2026-03-25,2026-03-25 13:19:22,2026-03-25,Regular Season,0.40725,0.37037037037037035,0.34700315457413244,0.06024684542586756,0.09957500000000008,0.59275,0.696969696969697,0.6529968454258674,-0.060246845425867446,-0.1495326086956522,
PRICED,over,PTS,full_game,16.5,True,32.556095123291016,32.714090880870884,19.820106506347656,0.16824655340293018,19.988353059750587,0.6420909777808131,78bf92243997831090f4e81bdc0a5d4d7ba172f90b72e1ee43b198174beb3eea,4000,42,Evan Mobley,1630596,Bovada,2026-03-25,2026-03-25 13:19:22,2026-03-25,Regular Season,0.69225,0.6296296296296297,0.5915279878971256,0.10072201210287446,0.09945588235294134,0.30774999999999997,0.43478260869565216,0.40847201210287437,-0.1007220121028744,-0.29217500000000013,
PRICED,over,PTS,full_game,29.5,True,31.436262130737305,31.594257888317173,29.31964683532715,0.22171315762247193,29.54135999294962,0.6420909777808131,78bf92243997831090f4e81bdc0a5d4d7ba172f90b72e1ee43b198174beb3eea,4000,42,Kawhi Leonard,202695,Bovada,2026-03-26,2026-03-25 13:19:22,2026-03-25,Regular Season,0.4885,0.4444444444444444,0.4165029469548134,0.07199705304518661,0.09912499999999991,0.5115000000000001,0.6226415094339622,0.5834970530451867,-0.07199705304518667,-0.1785,
PRICED,over,PTS,full_game,10.5,True,24.690671920776367,24.669924426649388,11.945374488830566,-0.12959114108602707,11.815783347744539,0.5327606694856868,78bf92243997831090f4e81bdc0a5d4d7ba172f90b72e1ee43b198174beb3eea,4000,42,Jaime Jaquez Jr,1631170,BetOnline.ag,2026-03-25,2026-03-25 13:19:22,2026-03-25,Regular Season,0.5855,0.5327102803738317,0.5,0.08550000000000002,0.0990964912280703,0.4145,0.5327102803738317,0.5,-0.08550000000000002,-0.22190350877192982,
PRICED,over,PTS,full_game,19.5,True,35.30427169799805,35.462267455577916,21.120439529418945,0.17669533454919525,21.29713486396814,0.6420909777808131,78bf92243997831090f4e81bdc0a5d4d7ba172f90b72e1ee43b198174beb3eea,4000,42,VJ Edgecombe,1642845,BetRivers,2026-03-25,2026-03-25 13:19:22,2026-03-25,Regular Season,0.60175,0.5475113122171946,0.5078823946715012,0.0938676053284988,0.09906404958677684,0.39825,0.5305164319248826,0.49211760532849874,-0.09386760532849875,-0.2493163716814159,
PRICED,over,PTS,full_game,9.5,True,23.198101043701172,23.40088688954041,10.864527702331543,0.06808942348041232,10.932617125811955,0.4915060991395564,78bf92243997831090f4e81bdc0a5d4d7ba172f90b72e1ee43b198174beb3eea,4000,42,Jay Huff,1630643,FanDuel,2026-03-25,2026-03-25 13:19:22,2026-03-25,Regular Season,0.583,0.5305164319248826,0.5,0.08299999999999996,0.09892920353982293,0.41700000000000004,0.5305164319248826,0.5,-0.08299999999999996,-0.21397345132743356,
PRICED,over,PTS,full_game,19.5,True,34.843597412109375,35.001593169689244,21.431854248046875,0.09151911308433733,21.523373361131213,0.6420909777808131,78bf92243997831090f4e81bdc0a5d4d7ba172f90b72e1ee43b198174beb3eea,4000,42,LeBron James,2544,Bovada,2026-03-25,2026-03-25 13:19:22,2026-03-25,Regular Season,0.59925,0.5454545454545454,0.5101214574898786,0.08912854251012137,0.09862500000000002,0.40075000000000005,0.5238095238095238,0.48987854251012153,-0.08912854251012148,-0.23493181818181808,
PRICED,over,PTS,full_game,12.5,True,29.362808227539062,29.34206073341208,14.153419494628906,0.1702495475241976,14.323669042153103,0.5327606694856868,78bf92243997831090f4e81bdc0a5d4d7ba172f90b72e1ee43b198174beb3eea,4000,42,Aaron Nesmith,1630174,BetRivers,2026-03-25,2026-03-25 13:19:22,2026-03-25,Regular Season,0.5875,0.5348837209302325,0.4970261697065821,0.09047383029341793,0.09836956521739126,0.4125,0.5412844036697247,0.5029738302934179,-0.09047383029341793,-0.2379237288135594,
PRICED,over,PTS,full_game,7.5,True,26.79402732849121,26.77327983436423,8.438151359558105,0.05173029267935578,8.489881652237461,0.5327606694856868,78bf92243997831090f4e81bdc0a5d4d7ba172f90b72e1ee43b198174beb3eea,4000,42,Luguentz Dort,1629652,BetMGM,2026-03-25,2026-03-25 13:19:22,2026-03-25,Regular Season,0.5625,0.5121951219512195,0.4796954314720812,0.08280456852791879,0.0982142857142857,0.4375,0.5555555555555556,0.5203045685279188,-0.08280456852791884,-0.21249999999999997,
PRICED,over,PTS,full_game,16.5,True,27.117136001586914,27.096388507459935,14.307957649230957,0.046712842749398034,14.354670491980356,0.5327606694856868,78bf92243997831090f4e81bdc0a5d4d7ba172f90b72e1ee43b198174beb3eea,4000,42,Andrew Wiggins,203952,Bovada,2026-03-25,2026-03-25 13:19:22,2026-03-25,Regular Season,0.366,0.3333333333333333,0.3125,0.05349999999999999,0.09799999999999998,0.634,0.7333333333333333,0.6875,-0.05349999999999999,-0.13545454545454536,
PRICED,over,PTS,full_game,7.5,True,28.460786819458008,28.440039325331025,12.38502311706543,0.18918039832243067,12.574203515387861,0.5327606694856868,78bf92243997831090f4e81bdc0a5d4d7ba172f90b72e1ee43b198174beb3eea,4000,42,Taylor Hendricks,1641707,Bovada,2026-03-26,2026-03-25 13:19:22,2026-03-25,Regular Season,0.809,0.7368421052631579,0.6920583468395461,0.1169416531604539,0.09792857142857153,0.19099999999999995,0.32786885245901637,0.3079416531604538,-0.11694165316045385,-0.4174500000000002,
PRICED,over,PTS,full_game,21.5,True,34.45897674560547,34.61697250318534,23.637983322143555,0.12246796973868529,23.76045129188224,0.6420909777808131,78bf92243997831090f4e81bdc0a5d4d7ba172f90b72e1ee43b198174beb3eea,4000,42,Cooper Flagg,1642843,Bovada,2026-03-26,2026-03-25 13:19:22,2026-03-25,Regular Season,0.60925,0.5555555555555556,0.5203045685279188,0.08894543147208112,0.09664999999999996,0.39075000000000004,0.5121951219512195,0.4796954314720812,-0.08894543147208117,-0.2371071428571428,
PRICED,over,PTS,full_game,14.5,True,28.66859245300293,28.647844958875947,17.731122970581055,0.21088574523594042,17.942008715816996,0.5327606694856868,78bf92243997831090f4e81bdc0a5d4d7ba172f90b72e1ee43b198174beb3eea,4000,42,G.G. Jackson,1641713,BetRivers,2026-03-26,2026-03-25 13:19:22,2026-03-25,Regular Season,0.68575,0.6254681647940075,0.5791298865069356,0.10662011349306433,0.09637874251496992,0.31425000000000003,0.45454545454545453,0.4208701134930643,-0.10662011349306427,-0.30864999999999987,
PRICED,over,PTS,full_game,5.5,True,24.928417205810547,24.907669711683567,6.199642181396484,-0.13477692383251597,6.0648652575639685,0.5327606694856868,78bf92243997831090f4e81bdc0a5d4d7ba172f90b72e1ee43b198174beb3eea,4000,42,Baylor Scheierman,1631248,DraftKings,2026-03-25,2026-03-25 13:19:22,2026-03-25,Regular Season,0.5535,0.504950495049505,0.47614107883817425,0.07735892116182574,0.09614705882352947,0.4465,0.5555555555555556,0.5238589211618258,-0.07735892116182574,-0.19629999999999997,
PRICED,over,PTS,full_game,20.5,True,33.76485061645508,33.92284637403495,21.9394588470459,0.1783470871765002,22.1178059342224,0.6420909777808131,78bf92243997831090f4e81bdc0a5d4d7ba172f90b72e1ee43b198174beb3eea,4000,42,Jayson Tatum,1628369,Bovada,2026-03-25,2026-03-25 13:19:22,2026-03-25,Regular Season,0.58625,0.5348837209302325,0.5,0.08625000000000005,0.09603260869565222,0.41374999999999995,0.5348837209302325,0.5,-0.08625000000000005,-0.22646739130434795,
PRICED,over,PTS,full_game,8.5,True,28.02290153503418,28.002154040907197,9.271885871887207,0.1203047916054804,9.392190663492688,0.5327606694856868,78bf92243997831090f4e81bdc0a5d4d7ba172f90b72e1ee43b198174beb3eea,4000,42,Davion Mitchell,1630558,BetMGM,2026-03-25,2026-03-25 13:19:22,2026-03-25,Regular Season,0.548,0.5,0.4653465346534653,0.08265346534653473,0.09600000000000009,0.45199999999999996,0.574468085106383,0.5346534653465347,-0.08265346534653473,-0.21318518518518526,
PRICED,over,PTS,full_game,30.5,True,31.436262130737305,31.594257888317173,29.31964683532715,0.22171315762247193,29.54135999294962,0.6420909777808131,78bf92243997831090f4e81bdc0a5d4d7ba172f90b72e1ee43b198174beb3eea,4000,42,Kawhi Leonard,202695,Bovada,2026-03-26,2026-03-25 13:19:22,2026-03-25,Regular Season,0.43825,0.4,0.375,0.06324999999999997,0.09562499999999996,0.56175,0.6666666666666666,0.625,-0.06325000000000003,-0.157375,
PRICED,over,PTS,full_game,11.5,True,28.654237747192383,28.6334902530654,10.936616897583008,0.20485911580503605,11.141476013388043,0.5327606694856868,78bf92243997831090f4e81bdc0a5d4d7ba172f90b72e1ee43b198174beb3eea,4000,42,Ausar Thompson,1641709,Bovada,2026-03-25,2026-03-25 13:19:22,2026-03-25,Regular Season,0.4565,0.4166666666666667,0.39094650205761317,0.06555349794238685,0.09560000000000002,0.5435,0.6491228070175439,0.6090534979423868,-0.06555349794238685,-0.16271621621621624,
PRICED,over,PTS,full_game,7.5,True,28.02290153503418,28.002154040907197,9.271885871887207,0.1203047916054804,9.392190663492688,0.5327606694856868,78bf92243997831090f4e81bdc0a5d4d7ba172f90b72e1ee43b198174beb3eea,4000,42,Davion Mitchell,1630558,FanDuel,2026-03-25,2026-03-25 13:19:22,2026-03-25,Regular Season,0.61925,0.5652173913043478,0.5281576830249397,0.09109231697506026,0.09559615384615372,0.38075000000000003,0.504950495049505,0.4718423169750604,-0.09109231697506037,-0.2459656862745097,
PRICED,over,PTS,full_game,7.5,True,28.02290153503418,28.002154040907197,9.271885871887207,0.1203047916054804,9.392190663492688,0.5327606694856868,78bf92243997831090f4e81bdc0a5d4d7ba172f90b72e1ee43b198174beb3eea,4000,42,Davion Mitchell,1630558,BetOnline.ag,2026-03-25,2026-03-25 13:19:22,2026-03-25,Regular Season,0.61925,0.5652173913043478,0.5318542641970282,0.08739573580297177,0.09559615384615372,0.38075000000000003,0.4975124378109453,0.4681457358029717,-0.08739573580297166,-0.23469250000000003,
PRICED,over,PTS,full_game,17.5,True,33.9068717956543,34.064867553234166,20.786582946777344,0.17861862682575927,20.965201573603103,0.6420909777808131,78bf92243997831090f4e81bdc0a5d4d7ba172f90b72e1ee43b198174beb3eea,4000,42,Alperen Sengun,1630578,Bovada,2026-03-26,2026-03-25 13:19:22,2026-03-25,Regular Season,0.657,0.6,0.5633187772925764,0.09368122270742363,0.09499999999999997,0.34299999999999997,0.46511627906976744,0.43668122270742354,-0.09368122270742357,-0.2625500000000001,
PRICED,over,PTS,full_game,19.5,True,35.30427169799805,35.462267455577916,21.120439529418945,0.17669533454919525,21.29713486396814,0.6420909777808131,78bf92243997831090f4e81bdc0a5d4d7ba172f90b72e1ee43b198174beb3eea,4000,42,VJ Edgecombe,1642845,FanDuel,2026-03-25,2026-03-25 13:19:22,2026-03-25,Regular Season,0.60175,0.5495495495495496,0.5187593796898449,0.08299062031015514,0.09498770491803282,0.39825,0.5098039215686274,0.48124062031015497,-0.08299062031015497,-0.21881730769230767,
PRICED,over,PTS,full_game,10.5,True,24.690671920776367,24.669924426649388,11.945374488830566,-0.12959114108602707,11.815783347744539,0.5327606694856868,78bf92243997831090f4e81bdc0a5d4d7ba172f90b72e1ee43b198174beb3eea,4000,42,Jaime Jaquez Jr,1631170,Bovada,2026-03-25,2026-03-25 13:19:22,2026-03-25,Regular Season,0.5855,0.5348837209302325,0.5,0.08550000000000002,0.09463043478260869,0.4145,0.5348837209302325,0.5,-0.08550000000000002,-0.22506521739130442,
PRICED,over,PTS,full_game,12.5,True,28.66859245300293,28.647844958875947,17.731122970581055,0.21088574523594042,17.942008715816996,0.5327606694856868,78bf92243997831090f4e81bdc0a5d4d7ba172f90b72e1ee43b198174beb3eea,4000,42,G.G. Jackson,1641713,Bovada,2026-03-26,2026-03-25 13:19:22,2026-03-25,Regular Season,0.7905,0.7222222222222222,0.6768402154398564,0.11365978456014358,0.09453846153846146,0.20950000000000002,0.3448275862068966,0.32315978456014366,-0.11365978456014364,-0.39244999999999997,
PRICED,over,PTS,full_game,18.5,True,33.9068717956543,34.064867553234166,20.786582946777344,0.17861862682575927,20.965201573603103,0.6420909777808131,78bf92243997831090f4e81bdc0a5d4d7ba172f90b72e1ee43b198174beb3eea,4000,42,Alperen Sengun,1630578,BetMGM,2026-03-26,2026-03-25 13:19:22,2026-03-25,Regular Season,0.608,0.5555555555555556,0.5203045685279188,0.08769543147208114,0.09439999999999998,0.392,0.5121951219512195,0.4796954314720812,-0.0876954314720812,-0.23466666666666663,
PRICED,over,PTS,full_game,14.5,True,31.632307052612305,31.790302810192173,15.010124206542969,-0.036121486557061225,14.974002719985908,0.6420909777808131,78bf92243997831090f4e81bdc0a5d4d7ba172f90b72e1ee43b198174beb3eea,4000,42,Payton Pritchard,1630202,Bovada,2026-03-25,2026-03-25 13:19:22,2026-03-25,Regular Season,0.53375,0.4878048780487805,0.4592085979482169,0.07454140205178306,0.09418749999999976,0.46625000000000005,0.574468085106383,0.5407914020517831,-0.07454140205178306,-0.18837962962962956,
PRICED,over,PTS,full_game,15.5,True,30.69470977783203,30.8527055354119,16.762475967407227,0.21824562952181717,16.980721596929044,0.6420909777808131,78bf92243997831090f4e81bdc0a5d4d7ba172f90b72e1ee43b198174beb3eea,4000,42,Andrew Nembhard,1629614,FanDuel,2026-03-25,2026-03-25 13:19:22,2026-03-25,Regular Season,0.56275,0.5145631067961165,0.48542880932556204,0.07732119067443793,0.09364622641509435,0.43725,0.5454545454545454,0.5145711906744379,-0.07732119067443788,-0.1983749999999999,
PRICED,over,PTS,full_game,14.5,True,34.903221130371094,35.06121688795096,15.497272491455078,-0.010874817943060836,15.486397673512018,0.6420909777808131,78bf92243997831090f4e81bdc0a5d4d7ba172f90b72e1ee43b198174beb3eea,4000,42,Jabari Smith Jr,1631095,FanDuel,2026-03-26,2026-03-25 13:19:22,2026-03-25,Regular Season,0.54125,0.49504950495049505,0.46209273182957394,0.07915726817042607,0.09332499999999999,0.45875,0.576271186440678,0.5379072681704261,-0.07915726817042612,-0.20393382352941175,
PRICED,over,PTS,full_game,10.5,True,23.198101043701172,23.40088688954041,10.864527702331543,0.06808942348041232,10.932617125811955,0.4915060991395564,78bf92243997831090f4e81bdc0a5d4d7ba172f90b72e1ee43b198174beb3eea,4000,42,Jay Huff,1630643,Bovada,2026-03-25,2026-03-25 13:19:22,2026-03-25,Regular Season,0.5085,0.46511627906976744,0.43668122270742354,0.07181877729257641,0.09327499999999989,0.49150000000000005,0.6,0.5633187772925764,-0.07181877729257635,-0.18083333333333335,
PRICED,over,PTS,full_game,11.5,True,27.536518096923828,27.51577060279685,12.881379127502441,0.18425350464285548,13.065632632145297,0.5327606694856868,78bf92243997831090f4e81bdc0a5d4d7ba172f90b72e1ee43b198174beb3eea,4000,42,Olivier-Maxence Prosper,1641765,DraftKings,2026-03-26,2026-03-25 13:19:22,2026-03-25,Regular Season,0.603,0.5515695067264574,0.519675254742772,0.083324745257228,0.09324390243902436,0.397,0.5098039215686274,0.480324745257228,-0.083324745257228,-0.22126923076923066,
PRICED,over,PTS,full_game,11.5,True,34.903221130371094,35.06121688795096,15.497272491455078,-0.010874817943060836,15.486397673512018,0.6420909777808131,78bf92243997831090f4e81bdc0a5d4d7ba172f90b72e1ee43b198174beb3eea,4000,42,Jabari Smith Jr,1631095,Bovada,2026-03-26,2026-03-25 13:19:22,2026-03-25,Regular Season,0.716,0.6551724137931034,0.6161482461945731,0.09985175380542688,0.09284210526315773,0.28400000000000003,0.40816326530612246,0.3838517538054269,-0.09985175380542688,-0.30419999999999986,
PRICED,over,PTS,full_game,11.5,True,26.55491828918457,26.53417079505759,13.723937034606934,0.05757327392150084,13.781510308528434,0.5327606694856868,78bf92243997831090f4e81bdc0a5d4d7ba172f90b72e1ee43b198174beb3eea,4000,42,John Collins,1628381,Bovada,2026-03-26,2026-03-25 13:19:22,2026-03-25,Regular Season,0.64675,0.5918367346938775,0.554140127388535,0.09260987261146503,0.09278448275862078,0.35324999999999995,0.47619047619047616,0.4458598726114649,-0.09260987261146497,-0.25817500000000004,
PRICED,over,PTS,full_game,12.5,True,27.536518096923828,27.51577060279685,12.881379127502441,0.18425350464285548,13.065632632145297,0.5327606694856868,78bf92243997831090f4e81bdc0a5d4d7ba172f90b72e1ee43b198174beb3eea,4000,42,Olivier-Maxence Prosper,1641765,Bovada,2026-03-26,2026-03-25 13:19:22,2026-03-25,Regular Season,0.53275,0.4878048780487805,0.4592085979482169,0.07354140205178306,0.09213749999999976,0.46725000000000005,0.574468085106383,0.5407914020517831,-0.07354140205178306,-0.1866388888888888,
PRICED,over,PTS,full_game,19.5,True,33.11474609375,33.27274185132987,24.551319122314453,0.20661038994258993,24.757929512257043,0.6420909777808131,78bf92243997831090f4e81bdc0a5d4d7ba172f90b72e1ee43b198174beb3eea,4000,42,Pascal Siakam,1627783,Bovada,2026-03-25,2026-03-25 13:19:22,2026-03-25,Regular Season,0.73975,0.6774193548387096,0.6333530455351862,0.10639695446481379,0.09201190476190485,0.26025,0.39215686274509803,0.3666469544648137,-0.10639695446481373,-0.3363625000000001,
PRICED,over,PTS,full_game,11.5,True,24.690671920776367,24.669924426649388,11.945374488830566,-0.12959114108602707,11.815783347744539,0.5327606694856868,78bf92243997831090f4e81bdc0a5d4d7ba172f90b72e1ee43b198174beb3eea,4000,42,Jaime Jaquez Jr,1631170,Bovada,2026-03-25,2026-03-25 13:19:22,2026-03-25,Regular Season,0.50775,0.46511627906976744,0.43668122270742354,0.07106877729257649,0.09166249999999998,0.49224999999999997,0.6,0.5633187772925764,-0.07106877729257643,-0.17958333333333348,
PRICED,over,PTS,full_game,4.5,True,24.928417205810547,24.907669711683567,6.199642181396484,-0.13477692383251597,6.0648652575639685,0.5327606694856868,78bf92243997831090f4e81bdc0a5d4d7ba172f90b72e1ee43b198174beb3eea,4000,42,Baylor Scheierman,1631248,BetRivers,2026-03-25,2026-03-25 13:19:22,2026-03-25,Regular Season,0.6385,0.5850622406639004,0.544113196125908,0.09438680387409193,0.09133687943262414,0.36150000000000004,0.49019607843137253,0.45588680387409203,-0.09438680387409198,-0.2625399999999999,
PRICED,over,PTS,full_game,21.5,True,34.599552154541016,34.757547912120884,22.59900665283203,0.049018036571125245,22.648024689403158,0.6420909777808131,78bf92243997831090f4e81bdc0a5d4d7ba172f90b72e1ee43b198174beb3eea,4000,42,Bam Adebayo,1628389,Bovada,2026-03-25,2026-03-25 13:19:22,2026-03-25,Regular Season,0.54525,0.5,0.4693877551020409,0.07586224489795912,0.09050000000000002,0.45475,0.5652173913043478,0.5306122448979592,-0.07586224489795923,-0.19544230769230775,
PRICED,over,PTS,full_game,18.5,True,32.556095123291016,32.714090880870884,19.820106506347656,0.16824655340293018,19.988353059750587,0.6420909777808131,78bf92243997831090f4e81bdc0a5d4d7ba172f90b72e1ee43b198174beb3eea,4000,42,Evan Mobley,1630596,BetMGM,2026-03-25,2026-03-25 13:19:22,2026-03-25,Regular Season,0.58325,0.5348837209302325,0.5,0.08325000000000005,0.0904239130434783,0.41674999999999995,0.5348837209302325,0.5,-0.08325000000000005,-0.22085869565217403,
PRICED,over,PTS,full_game,16.5,True,30.69470977783203,30.8527055354119,16.762475967407227,0.21824562952181717,16.980721596929044,0.6420909777808131,78bf92243997831090f4e81bdc0a5d4d7ba172f90b72e1ee43b198174beb3eea,4000,42,Andrew Nembhard,1629614,Bovada,2026-03-25,2026-03-25 13:19:22,2026-03-25,Regular Season,0.507,0.46511627906976744,0.43668122270742354,0.07031877729257646,0.09004999999999996,0.493,0.6,0.5633187772925764,-0.0703187772925764,-0.1783333333333334,
PRICED,over,PTS,full_game,9.5,True,23.198101043701172,23.40088688954041,10.864527702331543,0.06808942348041232,10.932617125811955,0.4915060991395564,78bf92243997831090f4e81bdc0a5d4d7ba172f90b72e1ee43b198174beb3eea,4000,42,Jay Huff,1630643,BetMGM,2026-03-25,2026-03-25 13:19:22,2026-03-25,Regular Season,0.583,0.5348837209302325,0.5,0.08299999999999996,0.08995652173913027,0.41700000000000004,0.5348837209302325,0.5,-0.08299999999999996,-0.22039130434782606,
PRICED,over,PTS,full_game,9.5,True,23.198101043701172,23.40088688954041,10.864527702331543,0.06808942348041232,10.932617125811955,0.4915060991395564,78bf92243997831090f4e81bdc0a5d4d7ba172f90b72e1ee43b198174beb3eea,4000,42,Jay Huff,1630643,BetOnline.ag,2026-03-25,2026-03-25 13:19:22,2026-03-25,Regular Season,0.583,0.5348837209302325,0.5030953363598845,0.0799046636401155,0.08995652173913027,0.41700000000000004,0.5283018867924528,0.4969046636401156,-0.07990466364011556,-0.21067857142857138,
PRICED,over,PTS,full_game,10.5,True,25.17422103881836,25.15347354469138,10.259522438049316,0.5422286774792826,10.8017511155286,0.5327606694856868,78bf92243997831090f4e81bdc0a5d4d7ba172f90b72e1ee43b198174beb3eea,4000,42,Jalen Wilson,1630592,Bovada,2026-03-26,2026-03-25 13:19:22,2026-03-25,Regular Season,0.50675,0.46511627906976744,0.43668122270742354,0.07006877729257649,0.0895125,0.49324999999999997,0.6,0.5633187772925764,-0.07006877729257643,-0.17791666666666678,
PRICED,over,PTS,full_game,11.5,True,32.193565368652344,32.35156112623221,13.902081489562988,0.038945417630644144,13.941026907193633,0.6420909777808131,78bf92243997831090f4e81bdc0a5d4d7ba172f90b72e1ee43b198174beb3eea,4000,42,Christian Braun,1631128,Bovada,2026-03-26,2026-03-25 13:19:22,2026-03-25,Regular Season,0.6445,0.5918367346938775,0.554140127388535,0.09035987261146494,0.0889827586206896,0.35550000000000004,0.47619047619047616,0.4458598726114649,-0.09035987261146489,-0.2534499999999999,
PRICED,over,PTS,full_game,14.5,True,31.632307052612305,31.790302810192173,15.010124206542969,-0.036121486557061225,14.974002719985908,0.6420909777808131,78bf92243997831090f4e81bdc0a5d4d7ba172f90b72e1ee43b198174beb3eea,4000,42,Payton Pritchard,1630202,BetRivers,2026-03-25,2026-03-25 13:19:22,2026-03-25,Regular Season,0.53375,0.49019607843137253,0.45588680387409203,0.07786319612590792,0.08884999999999987,0.46625000000000005,0.5850622406639004,0.544113196125908,-0.07786319612590797,-0.20307624113475164,
PRICED,over,PTS,full_game,9.5,True,28.654237747192383,28.6334902530654,10.936616897583008,0.20485911580503605,11.141476013388043,0.5327606694856868,78bf92243997831090f4e81bdc0a5d4d7ba172f90b72e1ee43b198174beb3eea,4000,42,Ausar Thompson,1641709,BetRivers,2026-03-25,2026-03-25 13:19:22,2026-03-25,Regular Season,0.596,0.5475113122171946,0.5078823946715012,0.08811760532849877,0.0885619834710743,0.404,0.5305164319248826,0.49211760532849874,-0.08811760532849872,-0.23847787610619464,
PRICED,over,PTS,full_game,18.5,True,34.843597412109375,35.001593169689244,21.431854248046875,0.09151911308433733,21.523373361131213,0.6420909777808131,78bf92243997831090f4e81bdc0a5d4d7ba172f90b72e1ee43b198174beb3eea,4000,42,LeBron James,2544,Bovada,2026-03-25,2026-03-25 13:19:22,2026-03-25,Regular Season,0.65275,0.6,0.5633187772925764,0.08943122270742365,0.08791666666666664,0.34724999999999995,0.46511627906976744,0.43668122270742354,-0.0894312227074236,-0.25341250000000015,
PRICED,over,PTS,full_game,7.5,True,25.80695152282715,25.78620402870017,9.377436637878418,0.03850639952448724,9.415943037402906,0.5327606694856868,78bf92243997831090f4e81bdc0a5d4d7ba172f90b72e1ee43b198174beb3eea,4000,42,Neemias Queta,1629674,BetRivers,2026-03-25,2026-03-25 13:19:22,2026-03-25,Regular Season,0.6325,0.5815899581589958,0.5401900804186387,0.09230991958136125,0.08753597122302148,0.36750000000000005,0.49504950495049505,0.45980991958136136,-0.09230991958136131,-0.2576499999999999,
PRICED,over,PTS,full_game,20.5,True,34.599552154541016,34.757547912120884,22.59900665283203,0.049018036571125245,22.648024689403158,0.6420909777808131,78bf92243997831090f4e81bdc0a5d4d7ba172f90b72e1ee43b198174beb3eea,4000,42,Bam Adebayo,1628389,BetOnline.ag,2026-03-25,2026-03-25 13:19:22,2026-03-25,Regular Season,0.59975,0.5515695067264574,0.519675254742772,0.08007474525722802,0.08735162601626018,0.40025,0.5098039215686274,0.480324745257228,-0.08007474525722802,-0.2148942307692307,
PRICED,over,PTS,full_game,20.5,True,33.76485061645508,33.92284637403495,21.9394588470459,0.1783470871765002,22.1178059342224,0.6420909777808131,78bf92243997831090f4e81bdc0a5d4d7ba172f90b72e1ee43b198174beb3eea,4000,42,Jayson Tatum,1628369,DraftKings,2026-03-25,2026-03-25 13:19:22,2026-03-25,Regular Season,0.58625,0.5391705069124424,0.5083149711054754,0.07793502889452464,0.08731837606837622,0.41374999999999995,0.5215311004784688,0.4916850288945246,-0.07793502889452464,-0.20666284403669732,
PRICED,over,PTS,full_game,32.5,True,31.436262130737305,31.594257888317173,29.31964683532715,0.22171315762247193,29.54135999294962,0.6420909777808131,78bf92243997831090f4e81bdc0a5d4d7ba172f90b72e1ee43b198174beb3eea,4000,42,Kawhi Leonard,202695,Bovada,2026-03-26,2026-03-25 13:19:22,2026-03-25,Regular Season,0.345,0.31746031746031744,0.29739776951672864,0.047602230483271335,0.08674999999999988,0.655,0.75,0.7026022304832714,-0.04760223048327139,-0.12666666666666668,
PRICED,over,PTS,full_game,31.5,True,31.436262130737305,31.594257888317173,29.31964683532715,0.22171315762247193,29.54135999294962,0.6420909777808131,78bf92243997831090f4e81bdc0a5d4d7ba172f90b72e1ee43b198174beb3eea,4000,42,Kawhi Leonard,202695,Bovada,2026-03-26,2026-03-25 13:19:22,2026-03-25,Regular Season,0.388,0.35714285714285715,0.3346265761396702,0.05337342386032984,0.08639999999999992,0.612,0.7101449275362319,0.6653734238603297,-0.05337342386032973,-0.13820408163265308,
PRICED,over,PTS,full_game,9.5,True,23.198101043701172,23.40088688954041,10.864527702331543,0.06808942348041232,10.932617125811955,0.4915060991395564,78bf92243997831090f4e81bdc0a5d4d7ba172f90b72e1ee43b198174beb3eea,4000,42,Jay Huff,1630643,DraftKings,2026-03-25,2026-03-25 13:19:22,2026-03-25,Regular Season,0.583,0.5370370370370371,0.5062344139650873,0.07676558603491268,0.08558620689655161,0.41700000000000004,0.5238095238095238,0.4937655860349127,-0.07676558603491268,-0.20390909090909082,
PRICED,over,PTS,full_game,11.5,True,27.536518096923828,27.51577060279685,12.881379127502441,0.18425350464285548,13.065632632145297,0.5327606694856868,78bf92243997831090f4e81bdc0a5d4d7ba172f90b72e1ee43b198174beb3eea,4000,42,Olivier-Maxence Prosper,1641765,Bovada,2026-03-26,2026-03-25 13:19:22,2026-03-25,Regular Season,0.603,0.5555555555555556,0.5203045685279188,0.08269543147208114,0.08539999999999998,0.397,0.5121951219512195,0.4796954314720812,-0.0826954314720812,-0.22490476190476189,
PRICED,over,PTS,full_game,21.5,True,33.11474609375,33.27274185132987,24.551319122314453,0.20661038994258993,24.757929512257043,0.6420909777808131,78bf92243997831090f4e81bdc0a5d4d7ba172f90b72e1ee43b198174beb3eea,4000,42,Pascal Siakam,1627783,BetRivers,2026-03-25,2026-03-25 13:19:22,2026-03-25,Regular Season,0.651,0.6,0.5575221238938053,0.09347787610619473,0.08499999999999996,0.349,0.47619047619047616,0.4424778761061947,-0.09347787610619473,-0.2671,
PRICED,over,PTS,full_game,7.5,True,28.02290153503418,28.002154040907197,9.271885871887207,0.1203047916054804,9.392190663492688,0.5327606694856868,78bf92243997831090f4e81bdc0a5d4d7ba172f90b72e1ee43b198174beb3eea,4000,42,Davion Mitchell,1630558,DraftKings,2026-03-25,2026-03-25 13:19:22,2026-03-25,Regular Season,0.61925,0.5708154506437768,0.5379917512690355,0.08125824873096443,0.08485150375939843,0.38075000000000003,0.49019607843137253,0.4620082487309644,-0.08125824873096438,-0.2232699999999999,
PRICED,over,PTS,full_game,5.5,True,24.3814640045166,24.360716510389622,8.097933769226074,0.13406138963511238,8.231995158861187,0.5327606694856868,78bf92243997831090f4e81bdc0a5d4d7ba172f90b72e1ee43b198174beb3eea,4000,42,Isaiah Hartenstein,1628392,Bovada,2026-03-25,2026-03-25 13:19:22,2026-03-25,Regular Season,0.67525,0.6226415094339622,0.5834970530451867,0.09175294695481329,0.0844924242424242,0.32475,0.4444444444444444,0.4165029469548134,-0.0917529469548134,-0.26931250000000007,
PRICED,over,PTS,full_game,12.5,True,32.193565368652344,32.35156112623221,13.902081489562988,0.038945417630644144,13.941026907193633,0.6420909777808131,78bf92243997831090f4e81bdc0a5d4d7ba172f90b72e1ee43b198174beb3eea,4000,42,Christian Braun,1631128,BetMGM,2026-03-26,2026-03-25 13:19:22,2026-03-25,Regular Season,0.58,0.5348837209302325,0.5,0.07999999999999996,0.08434782608695635,0.42000000000000004,0.5348837209302325,0.5,-0.07999999999999996,-0.21478260869565213,
PRICED,over,PTS,full_game,9.5,True,24.419374465942383,24.398626971815403,8.339065551757812,0.10666579095547132,8.445731342713284,0.5327606694856868,78bf92243997831090f4e81bdc0a5d4d7ba172f90b72e1ee43b198174beb3eea,4000,42,Drake Powell,1642962,Bovada,2026-03-26,2026-03-25 13:19:22,2026-03-25,Regular Season,0.417,0.38461538461538464,0.36041189931350115,0.05658810068649883,0.08420000000000005,0.583,0.6825396825396826,0.6395881006864989,-0.05658810068649889,-0.14583720930232563,
PRICED,over,PTS,full_game,18.5,True,33.11474609375,33.27274185132987,24.551319122314453,0.20661038994258993,24.757929512257043,0.6420909777808131,78bf92243997831090f4e81bdc0a5d4d7ba172f90b72e1ee43b198174beb3eea,4000,42,Pascal Siakam,1627783,Bovada,2026-03-25,2026-03-25 13:19:22,2026-03-25,Regular Season,0.783,0.7222222222222222,0.6768402154398564,0.10615978456014363,0.08415384615384619,0.21699999999999997,0.3448275862068966,0.32315978456014366,-0.10615978456014369,-0.3707000000000001,
PRICED,over,PTS,full_game,15.5,True,30.69470977783203,30.8527055354119,16.762475967407227,0.21824562952181717,16.980721596929044,0.6420909777808131,78bf92243997831090f4e81bdc0a5d4d7ba172f90b72e1ee43b198174beb3eea,4000,42,Andrew Nembhard,1629614,BetOnline.ag,2026-03-25,2026-03-25 13:19:22,2026-03-25,Regular Season,0.56275,0.5192307692307693,0.4876847290640395,0.07506527093596049,0.08381481481481479,0.43725,0.5454545454545454,0.5123152709359606,-0.0750652709359606,-0.1983749999999999,
PRICED,over,PTS,full_game,10.5,True,28.654237747192383,28.6334902530654,10.936616897583008,0.20485911580503605,11.141476013388043,0.5327606694856868,78bf92243997831090f4e81bdc0a5d4d7ba172f90b72e1ee43b198174beb3eea,4000,42,Ausar Thompson,1641709,DraftKings,2026-03-25,2026-03-25 13:19:22,2026-03-25,Regular Season,0.526,0.4854368932038835,0.45722256664600125,0.06877743335399877,0.08356000000000008,0.474,0.576271186440678,0.5427774333539988,-0.06877743335399877,-0.17747058823529416,
PRICED,over,PTS,full_game,20.5,True,34.599552154541016,34.757547912120884,22.59900665283203,0.049018036571125245,22.648024689403158,0.6420909777808131,78bf92243997831090f4e81bdc0a5d4d7ba172f90b72e1ee43b198174beb3eea,4000,42,Bam Adebayo,1628389,DraftKings,2026-03-25,2026-03-25 13:19:22,2026-03-25,Regular Season,0.59975,0.5535714285714286,0.5217643644805572,0.07798563551944282,0.08341935483870966,0.40025,0.5073891625615764,0.47823563551944287,-0.07798563551944288,-0.21115776699029126,
PRICED,over,PTS,full_game,7.5,True,26.79402732849121,26.77327983436423,8.438151359558105,0.05173029267935578,8.489881652237461,0.5327606694856868,78bf92243997831090f4e81bdc0a5d4d7ba172f90b72e1ee43b198174beb3eea,4000,42,Luguentz Dort,1629652,BetOnline.ag,2026-03-25,2026-03-25 13:19:22,2026-03-25,Regular Season,0.5625,0.5192307692307693,0.4876847290640395,0.07481527093596052,0.08333333333333337,0.4375,0.5454545454545454,0.5123152709359606,-0.07481527093596063,-0.19791666666666663,
PRICED,over,PTS,full_game,14.5,True,27.536518096923828,27.51577060279685,12.881379127502441,0.18425350464285548,13.065632632145297,0.5327606694856868,78bf92243997831090f4e81bdc0a5d4d7ba172f90b72e1ee43b198174beb3eea,4000,42,Olivier-Maxence Prosper,1641765,Bovada,2026-03-26,2026-03-25 13:19:22,2026-03-25,Regular Season,0.39375,0.36363636363636365,0.33999999999999997,0.05375000000000002,0.08281250000000007,0.60625,0.7058823529411765,0.66,-0.053750000000000075,-0.1411458333333333,
PRICED,over,PTS,full_game,22.5,True,34.599552154541016,34.757547912120884,22.59900665283203,0.049018036571125245,22.648024689403158,0.6420909777808131,78bf92243997831090f4e81bdc0a5d4d7ba172f90b72e1ee43b198174beb3eea,4000,42,Bam Adebayo,1628389,Bovada,2026-03-25,2026-03-25 13:19:22,2026-03-25,Regular Season,0.492,0.45454545454545453,0.4248366013071895,0.06716339869281052,0.08240000000000003,0.508,0.6153846153846154,0.5751633986928104,-0.0671633986928104,-0.1745,
PRICED,over,PTS,full_game,22.5,True,35.98078155517578,36.13877731275565,26.0479736328125,0.20426456402313092,26.25223819683563,0.6420909777808131,78bf92243997831090f4e81bdc0a5d4d7ba172f90b72e1ee43b198174beb3eea,4000,42,Jaylen Brown,1627759,BetRivers,2026-03-25,2026-03-25 13:19:22,2026-03-25,Regular Season,0.677,0.6254681647940075,0.5791298865069356,0.0978701134930644,0.08238922155688622,0.32299999999999995,0.45454545454545453,0.4208701134930643,-0.09787011349306435,-0.28940000000000005,
PRICED,over,PTS,full_game,18.5,True,34.843597412109375,35.001593169689244,21.431854248046875,0.09151911308433733,21.523373361131213,0.6420909777808131,78bf92243997831090f4e81bdc0a5d4d7ba172f90b72e1ee43b198174beb3eea,4000,42,LeBron James,2544,BetRivers,2026-03-25,2026-03-25 13:19:22,2026-03-25,Regular Season,0.65275,0.6031746031746031,0.5611590972415714,0.09159090275842863,0.0821907894736843,0.34724999999999995,0.4716981132075472,0.4388409027584286,-0.09159090275842863,-0.26383000000000006,
PRICED,over,PTS,full_game,8.5,True,28.673789978027344,28.65304248390036,11.756421089172363,0.14518758306047308,11.901608672232836,0.5327606694856868,78bf92243997831090f4e81bdc0a5d4d7ba172f90b72e1ee43b198174beb3eea,4000,42,Walter Clayton Jr.,1642383,Bovada,2026-03-26,2026-03-25 13:19:22,2026-03-25,Regular Season,0.709,0.6551724137931034,0.6161482461945731,0.09285175380542687,0.08215789473684193,0.29100000000000004,0.40816326530612246,0.3838517538054269,-0.09285175380542687,-0.28704999999999986,
PRICED,over,PTS,full_game,4.5,True,22.667152404785156,22.869938250624394,6.552900791168213,0.0994959745158494,6.652396765684062,0.4915060991395564,78bf92243997831090f4e81bdc0a5d4d7ba172f90b72e1ee43b198174beb3eea,4000,42,Dean Wade,1629731,Bovada,2026-03-25,2026-03-25 13:19:22,2026-03-25,Regular Season,0.681,0.6296296296296297,0.5915279878971256,0.08947201210287448,0.0815882352941178,0.31899999999999995,0.43478260869565216,0.40847201210287437,-0.08947201210287442,-0.26630000000000015,
PRICED,over,PTS,full_game,6.5,True,24.3814640045166,24.360716510389622,8.097933769226074,0.13406138963511238,8.231995158861187,0.5327606694856868,78bf92243997831090f4e81bdc0a5d4d7ba172f90b72e1ee43b198174beb3eea,4000,42,Isaiah Hartenstein,1628392,BetOnline.ag,2026-03-25,2026-03-25 13:19:22,2026-03-25,Regular Season,0.611,0.5652173913043478,0.5306122448979592,0.08038775510204077,0.08099999999999996,0.389,0.5,0.4693877551020409,-0.08038775510204088,-0.22199999999999998,
PRICED,over,PTS,full_game,11.5,True,25.035507202148438,25.014759708021458,12.892045021057129,0.21338662012528356,13.105431641182413,0.5327606694856868,78bf92243997831090f4e81bdc0a5d4d7ba172f90b72e1ee43b198174beb3eea,4000,42,Klay Thompson,202691,FanDuel,2026-03-26,2026-03-25 13:19:22,2026-03-25,Regular Season,0.594,0.5495495495495496,0.5141838223374939,0.07981617766250604,0.08088524590163931,0.406,0.5192307692307693,0.48581617766250607,-0.07981617766250604,-0.21807407407407398,
PRICED,over,PTS,full_game,18.5,True,35.30427169799805,35.462267455577916,21.120439529418945,0.17669533454919525,21.29713486396814,0.6420909777808131,78bf92243997831090f4e81bdc0a5d4d7ba172f90b72e1ee43b198174beb3eea,4000,42,VJ Edgecombe,1642845,Bovada,2026-03-25,2026-03-25 13:19:22,2026-03-25,Regular Season,0.6485,0.6,0.5633187772925764,0.08518122270742357,0.0808333333333332,0.35150000000000003,0.46511627906976744,0.43668122270742354,-0.08518122270742351,-0.24427499999999996,
PRICED,over,PTS,full_game,5.5,True,24.928417205810547,24.907669711683567,6.199642181396484,-0.13477692383251597,6.0648652575639685,0.5327606694856868,78bf92243997831090f4e81bdc0a5d4d7ba172f90b72e1ee43b198174beb3eea,4000,42,Baylor Scheierman,1631248,Bovada,2026-03-25,2026-03-25 13:19:22,2026-03-25,Regular Season,0.5535,0.5121951219512195,0.4796954314720812,0.07380456852791878,0.08064285714285713,0.4465,0.5555555555555556,0.5203045685279188,-0.07380456852791883,-0.19629999999999997,
PRICED,over,PTS,full_game,23.5,True,34.599552154541016,34.757547912120884,22.59900665283203,0.049018036571125245,22.648024689403158,0.6420909777808131,78bf92243997831090f4e81bdc0a5d4d7ba172f90b72e1ee43b198174beb3eea,4000,42,Bam Adebayo,1628389,Bovada,2026-03-25,2026-03-25 13:19:22,2026-03-25,Regular Season,0.43225,0.4,0.375,0.05725000000000002,0.08062500000000006,0.56775,0.6666666666666666,0.625,-0.05725000000000002,-0.14837500000000003,
PRICED,over,PTS,full_game,20.5,True,34.599552154541016,34.757547912120884,22.59900665283203,0.049018036571125245,22.648024689403158,0.6420909777808131,78bf92243997831090f4e81bdc0a5d4d7ba172f90b72e1ee43b198174beb3eea,4000,42,Bam Adebayo,1628389,Bovada,2026-03-25,2026-03-25 13:19:22,2026-03-25,Regular Season,0.59975,0.5555555555555556,0.5203045685279188,0.07944543147208116,0.07955000000000001,0.40025,0.5121951219512195,0.4796954314720812,-0.07944543147208122,-0.21855952380952381,
PRICED,over,PTS,full_game,15.5,True,30.69470977783203,30.8527055354119,16.762475967407227,0.21824562952181717,16.980721596929044,0.6420909777808131,78bf92243997831090f4e81bdc0a5d4d7ba172f90b72e1ee43b198174beb3eea,4000,42,Andrew Nembhard,1629614,DraftKings,2026-03-25,2026-03-25 13:19:22,2026-03-25,Regular Season,0.56275,0.5215311004784688,0.4916850288945246,0.07106497110547538,0.0790344036697247,0.43725,0.5391705069124424,0.5083149711054754,-0.07106497110547538,-0.1890320512820512,
PRICED,over,PTS,full_game,13.5,True,27.117136001586914,27.096388507459935,14.307957649230957,0.046712842749398034,14.354670491980356,0.5327606694856868,78bf92243997831090f4e81bdc0a5d4d7ba172f90b72e1ee43b198174beb3eea,4000,42,Andrew Wiggins,203952,FanDuel,2026-03-25,2026-03-25 13:19:22,2026-03-25,Regular Season,0.54475,0.504950495049505,0.4718423169750604,0.07290768302493955,0.07881862745098034,0.45525000000000004,0.5652173913043478,0.5281576830249397,-0.07290768302493966,-0.19455769230769226,
PRICED,over,PTS,full_game,9.5,True,29.362808227539062,29.34206073341208,14.153419494628906,0.1702495475241976,14.323669042153103,0.5327606694856868,78bf92243997831090f4e81bdc0a5d4d7ba172f90b72e1ee43b198174beb3eea,4000,42,Aaron Nesmith,1630174,Bovada,2026-03-25,2026-03-25 13:19:22,2026-03-25,Regular Season,0.7615,0.7058823529411765,0.66,0.10149999999999992,0.07879166666666665,0.23850000000000005,0.36363636363636365,0.33999999999999997,-0.10149999999999992,-0.3441249999999999,
PRICED,over,PTS,full_game,22.5,True,33.11474609375,33.27274185132987,24.551319122314453,0.20661038994258993,24.757929512257043,0.6420909777808131,78bf92243997831090f4e81bdc0a5d4d7ba172f90b72e1ee43b198174beb3eea,4000,42,Pascal Siakam,1627783,BetOnline.ag,2026-03-25,2026-03-25 13:19:22,2026-03-25,Regular Season,0.59925,0.5555555555555556,0.5226570545829042,0.07659294541709571,0.07864999999999994,0.40075000000000005,0.5073891625615764,0.4773429454170958,-0.07659294541709577,-0.2101723300970873,
PRICED,over,PTS,full_game,10.5,True,28.654237747192383,28.6334902530654,10.936616897583008,0.20485911580503605,11.141476013388043,0.5327606694856868,78bf92243997831090f4e81bdc0a5d4d7ba172f90b72e1ee43b198174beb3eea,4000,42,Ausar Thompson,1641709,Bovada,2026-03-25,2026-03-25 13:19:22,2026-03-25,Regular Season,0.526,0.4878048780487805,0.4592085979482169,0.06679140205178313,0.07829999999999993,0.474,0.574468085106383,0.5407914020517831,-0.06679140205178313,-0.17488888888888893,
PRICED,over,PTS,full_game,12.5,True,27.117136001586914,27.096388507459935,14.307957649230957,0.046712842749398034,14.354670491980356,0.5327606694856868,78bf92243997831090f4e81bdc0a5d4d7ba172f90b72e1ee43b198174beb3eea,4000,42,Andrew Wiggins,203952,BetMGM,2026-03-25,2026-03-25 13:19:22,2026-03-25,Regular Season,0.599,0.5555555555555556,0.5203045685279188,0.07869543147208113,0.07819999999999999,0.401,0.5121951219512195,0.4796954314720812,-0.07869543147208119,-0.21709523809523806,
PRICED,over,PTS,full_game,10.5,True,23.198101043701172,23.40088688954041,10.864527702331543,0.06808942348041232,10.932617125811955,0.4915060991395564,78bf92243997831090f4e81bdc0a5d4d7ba172f90b72e1ee43b198174beb3eea,4000,42,Jay Huff,1630643,BetRivers,2026-03-25,2026-03-25 13:19:22,2026-03-25,Regular Season,0.5085,0.4716981132075472,0.43694311172035644,0.07155688827964352,0.07801999999999998,0.49150000000000005,0.6078431372549019,0.5630568882796436,-0.07155688827964357,-0.19140322580645158,
PRICED,over,PTS,full_game,7.5,True,28.02290153503418,28.002154040907197,9.271885871887207,0.1203047916054804,9.392190663492688,0.5327606694856868,78bf92243997831090f4e81bdc0a5d4d7ba172f90b72e1ee43b198174beb3eea,4000,42,Davion Mitchell,1630558,Bovada,2026-03-25,2026-03-25 13:19:22,2026-03-25,Regular Season,0.61925,0.574468085106383,0.5407914020517831,0.07845859794821686,0.07795370370370364,0.38075000000000003,0.4878048780487805,0.4592085979482169,-0.07845859794821686,-0.2194625,
PRICED,over,PTS,full_game,15.5,True,35.39308547973633,35.5510812373162,17.288541793823242,0.15619774757785815,17.444739541401102,0.6420909777808131,78bf92243997831090f4e81bdc0a5d4d7ba172f90b72e1ee43b198174beb3eea,4000,42,Derrick White,1628401,FanDuel,2026-03-25,2026-03-25 13:19:22,2026-03-25,Regular Season,0.59875,0.5555555555555556,0.5238589211618258,0.07489107883817425,0.07775000000000004,0.40125,0.504950495049505,0.47614107883817425,-0.07489107883817425,-0.2053676470588235,
PRICED,over,PTS,full_game,16.5,True,33.9068717956543,34.064867553234166,20.786582946777344,0.17861862682575927,20.965201573603103,0.6420909777808131,78bf92243997831090f4e81bdc0a5d4d7ba172f90b72e1ee43b198174beb3eea,4000,42,Alperen Sengun,1630578,Bovada,2026-03-26,2026-03-25 13:19:22,2026-03-25,Regular Season,0.706,0.6551724137931034,0.6161482461945731,0.08985175380542687,0.07757894736842091,0.29400000000000004,0.40816326530612246,0.3838517538054269,-0.08985175380542687,-0.27969999999999984,
PRICED,over,PTS,full_game,7.5,True,25.989696502685547,25.968949008558567,9.605721473693848,0.04738634920247185,9.65310782289632,0.5327606694856868,78bf92243997831090f4e81bdc0a5d4d7ba172f90b72e1ee43b198174beb3eea,4000,42,Brook Lopez,201572,Bovada,2026-03-26,2026-03-25 13:19:22,2026-03-25,Regular Season,0.63775,0.5918367346938775,0.554140127388535,0.08360987261146502,0.07757758620689664,0.36224999999999996,0.47619047619047616,0.4458598726114649,-0.08360987261146496,-0.23927500000000007,
PRICED,over,PTS,full_game,12.5,True,28.654237747192383,28.6334902530654,10.936616897583008,0.20485911580503605,11.141476013388043,0.5327606694856868,78bf92243997831090f4e81bdc0a5d4d7ba172f90b72e1ee43b198174beb3eea,4000,42,Ausar Thompson,1641709,Bovada,2026-03-25,2026-03-25 13:19:22,2026-03-25,Regular Season,0.38475,0.35714285714285715,0.3346265761396702,0.05012342386032981,0.07729999999999981,0.6152500000000001,0.7101449275362319,0.6653734238603297,-0.05012342386032964,-0.13362755102040813,
PRICED,over,PTS,full_game,20.5,True,34.45897674560547,34.61697250318534,23.637983322143555,0.12246796973868529,23.76045129188224,0.6420909777808131,78bf92243997831090f4e81bdc0a5d4d7ba172f90b72e1ee43b198174beb3eea,4000,42,Cooper Flagg,1642843,Bovada,2026-03-26,2026-03-25 13:19:22,2026-03-25,Regular Season,0.66275,0.6153846153846154,0.5751633986928104,0.08758660130718954,0.07696874999999992,0.33725000000000005,0.45454545454545453,0.4248366013071895,-0.08758660130718943,-0.25804999999999984,
PRICED,over,PTS,full_game,13.5,True,30.20000457763672,30.358000335216587,16.211793899536133,0.12781875965413517,16.33961265919027,0.6420909777808131,78bf92243997831090f4e81bdc0a5d4d7ba172f90b72e1ee43b198174beb3eea,4000,42,Chet Holmgren,1631096,BetRivers,2026-03-25,2026-03-25 13:19:22,2026-03-25,Regular Season,0.6545,0.6078431372549019,0.5653656042270325,0.08913439577296745,0.07675806451612888,0.34550000000000003,0.4672897196261682,0.4346343957729675,-0.08913439577296745,-0.26063000000000003,
PRICED,over,PTS,full_game,19.5,True,33.9068717956543,34.064867553234166,20.786582946777344,0.17861862682575927,20.965201573603103,0.6420909777808131,78bf92243997831090f4e81bdc0a5d4d7ba172f90b72e1ee43b198174beb3eea,4000,42,Alperen Sengun,1630578,BetOnline.ag,2026-03-26,2026-03-25 13:19:22,2026-03-25,Regular Season,0.559,0.5192307692307693,0.4876847290640395,0.07131527093596057,0.07659259259259277,0.44099999999999995,0.5454545454545454,0.5123152709359606,-0.07131527093596068,-0.1915,
PRICED,over,PTS,full_game,11.5,True,24.690671920776367,24.669924426649388,11.945374488830566,-0.12959114108602707,11.815783347744539,0.5327606694856868,78bf92243997831090f4e81bdc0a5d4d7ba172f90b72e1ee43b198174beb3eea,4000,42,Jaime Jaquez Jr,1631170,BetRivers,2026-03-25,2026-03-25 13:19:22,2026-03-25,Regular Season,0.50775,0.4716981132075472,0.4388409027584286,0.06890909724157146,0.07643000000000011,0.49224999999999997,0.6031746031746031,0.5611590972415714,-0.06890909724157146,-0.18390131578947372,
PRICED,over,PTS,full_game,9.5,True,25.17422103881836,25.15347354469138,10.259522438049316,0.5422286774792826,10.8017511155286,0.5327606694856868,78bf92243997831090f4e81bdc0a5d4d7ba172f90b72e1ee43b198174beb3eea,4000,42,Jalen Wilson,1630592,DraftKings,2026-03-26,2026-03-25 13:19:22,2026-03-25,Regular Season,0.58025,0.5391705069124424,0.5083149711054754,0.07193502889452463,0.07619017094017105,0.41974999999999996,0.5215311004784688,0.4916850288945246,-0.07193502889452463,-0.19515825688073402,
PRICED,over,PTS,full_game,17.5,True,34.843597412109375,35.001593169689244,21.431854248046875,0.09151911308433733,21.523373361131213,0.6420909777808131,78bf92243997831090f4e81bdc0a5d4d7ba172f90b72e1ee43b198174beb3eea,4000,42,LeBron James,2544,Bovada,2026-03-25,2026-03-25 13:19:22,2026-03-25,Regular Season,0.705,0.6551724137931034,0.6161482461945731,0.08885175380542687,0.0760526315789472,0.29500000000000004,0.40816326530612246,0.3838517538054269,-0.08885175380542687,-0.27724999999999983,
PRICED,over,PTS,full_game,18.5,True,33.9068717956543,34.064867553234166,20.786582946777344,0.17861862682575927,20.965201573603103,0.6420909777808131,78bf92243997831090f4e81bdc0a5d4d7ba172f90b72e1ee43b198174beb3eea,4000,42,Alperen Sengun,1630578,FanDuel,2026-03-26,2026-03-25 13:19:22,2026-03-25,Regular Season,0.608,0.5652173913043478,0.5281576830249397,0.07984231697506028,0.07569230769230761,0.392,0.504950495049505,0.4718423169750604,-0.07984231697506039,-0.22368627450980388,
PRICED,over,PTS,full_game,13.5,True,31.632307052612305,31.790302810192173,15.010124206542969,-0.036121486557061225,14.974002719985908,0.6420909777808131,78bf92243997831090f4e81bdc0a5d4d7ba172f90b72e1ee43b198174beb3eea,4000,42,Payton Pritchard,1630202,BetOnline.ag,2026-03-25,2026-03-25 13:19:22,2026-03-25,Regular Season,0.59075,0.5495495495495496,0.5164392569455861,0.07431074305441387,0.07497131147540986,0.40925,0.5145631067961165,0.483560743054414,-0.07431074305441399,-0.20466509433962266,
PRICED,over,PTS,full_game,13.5,True,31.632307052612305,31.790302810192173,15.010124206542969,-0.036121486557061225,14.974002719985908,0.6420909777808131,78bf92243997831090f4e81bdc0a5d4d7ba172f90b72e1ee43b198174beb3eea,4000,42,Payton Pritchard,1630202,FanDuel,2026-03-25,2026-03-25 13:19:22,2026-03-25,Regular Season,0.59075,0.5495495495495496,0.5141838223374939,0.07656617766250606,0.07497131147540986,0.40925,0.5192307692307693,0.48581617766250607,-0.07656617766250606,-0.2118148148148148,
PRICED,over,PTS,full_game,19.5,True,33.76485061645508,33.92284637403495,21.9394588470459,0.1783470871765002,22.1178059342224,0.6420909777808131,78bf92243997831090f4e81bdc0a5d4d7ba172f90b72e1ee43b198174beb3eea,4000,42,Jayson Tatum,1628369,Bovada,2026-03-25,2026-03-25 13:19:22,2026-03-25,Regular Season,0.636,0.5918367346938775,0.554140127388535,0.08185987261146499,0.07462068965517243,0.364,0.47619047619047616,0.4458598726114649,-0.08185987261146493,-0.23559999999999998,
PRICED,over,PTS,full_game,7.5,True,28.02290153503418,28.002154040907197,9.271885871887207,0.1203047916054804,9.392190663492688,0.5327606694856868,78bf92243997831090f4e81bdc0a5d4d7ba172f90b72e1ee43b198174beb3eea,4000,42,Davion Mitchell,1630558,BetRivers,2026-03-25,2026-03-25 13:19:22,2026-03-25,Regular Season,0.61925,0.576271186440678,0.5354330708661418,0.08381692913385819,0.07458088235294114,0.38075000000000003,0.5,0.4645669291338583,-0.08381692913385824,-0.23849999999999993,
PRICED,over,PTS,full_game,8.5,True,25.989696502685547,25.968949008558567,9.605721473693848,0.04738634920247185,9.65310782289632,0.5327606694856868,78bf92243997831090f4e81bdc0a5d4d7ba172f90b72e1ee43b198174beb3eea,4000,42,Brook Lopez,201572,BetMGM,2026-03-26,2026-03-25 13:19:22,2026-03-25,Regular Season,0.57475,0.5348837209302325,0.5,0.07474999999999998,0.07453260869565209,0.42525,0.5348837209302325,0.5,-0.07474999999999998,-0.20496739130434788,
PRICED,over,PTS,full_game,15.5,True,30.69470977783203,30.8527055354119,16.762475967407227,0.21824562952181717,16.980721596929044,0.6420909777808131,78bf92243997831090f4e81bdc0a5d4d7ba172f90b72e1ee43b198174beb3eea,4000,42,Andrew Nembhard,1629614,Bovada,2026-03-25,2026-03-25 13:19:22,2026-03-25,Regular Season,0.56275,0.5238095238095238,0.48987854251012153,0.07287145748987844,0.07434090909090907,0.43725,0.5454545454545454,0.5101214574898786,-0.07287145748987855,-0.1983749999999999,
PRICED,over,PTS,full_game,15.5,True,30.69470977783203,30.8527055354119,16.762475967407227,0.21824562952181717,16.980721596929044,0.6420909777808131,78bf92243997831090f4e81bdc0a5d4d7ba172f90b72e1ee43b198174beb3eea,4000,42,Andrew Nembhard,1629614,BetRivers,2026-03-25,2026-03-25 13:19:22,2026-03-25,Regular Season,0.56275,0.5238095238095238,0.4861878453038673,0.07656215469613264,0.07434090909090907,0.43725,0.5535714285714286,0.5138121546961325,-0.07656215469613248,-0.2101290322580645,
PRICED,over,PTS,full_game,7.5,True,26.79402732849121,26.77327983436423,8.438151359558105,0.05173029267935578,8.489881652237461,0.5327606694856868,78bf92243997831090f4e81bdc0a5d4d7ba172f90b72e1ee43b198174beb3eea,4000,42,Luguentz Dort,1629652,DraftKings,2026-03-25,2026-03-25 13:19:22,2026-03-25,Regular Season,0.5625,0.5238095238095238,0.4937655860349127,0.06873441396508728,0.07386363636363646,0.4375,0.5370370370370371,0.5062344139650873,-0.06873441396508728,-0.1853448275862069,
PRICED,over,PTS,full_game,7.5,True,26.79402732849121,26.77327983436423,8.438151359558105,0.05173029267935578,8.489881652237461,0.5327606694856868,78bf92243997831090f4e81bdc0a5d4d7ba172f90b72e1ee43b198174beb3eea,4000,42,Luguentz Dort,1629652,Bovada,2026-03-25,2026-03-25 13:19:22,2026-03-25,Regular Season,0.5625,0.5238095238095238,0.48987854251012153,0.07262145748987847,0.07386363636363646,0.4375,0.5454545454545454,0.5101214574898786,-0.07262145748987858,-0.19791666666666663,
PRICED,over,PTS,full_game,13.5,True,27.117136001586914,27.096388507459935,14.307957649230957,0.046712842749398034,14.354670491980356,0.5327606694856868,78bf92243997831090f4e81bdc0a5d4d7ba172f90b72e1ee43b198174beb3eea,4000,42,Andrew Wiggins,203952,DraftKings,2026-03-25,2026-03-25 13:19:22,2026-03-25,Regular Season,0.54475,0.5073891625615764,0.47823563551944287,0.06651436448055709,0.073633495145631,0.45525000000000004,0.5535714285714286,0.5217643644805572,-0.06651436448055714,-0.17761290322580642,
PRICED,over,PTS,full_game,9.5,True,28.654237747192383,28.6334902530654,10.936616897583008,0.20485911580503605,11.141476013388043,0.5327606694856868,78bf92243997831090f4e81bdc0a5d4d7ba172f90b72e1ee43b198174beb3eea,4000,42,Ausar Thompson,1641709,BetMGM,2026-03-25,2026-03-25 13:19:22,2026-03-25,Regular Season,0.596,0.5555555555555556,0.5203045685279188,0.07569543147208113,0.07279999999999998,0.404,0.5121951219512195,0.4796954314720812,-0.07569543147208119,-0.21123809523809522,
PRICED,over,PTS,full_game,9.5,True,28.654237747192383,28.6334902530654,10.936616897583008,0.20485911580503605,11.141476013388043,0.5327606694856868,78bf92243997831090f4e81bdc0a5d4d7ba172f90b72e1ee43b198174beb3eea,4000,42,Ausar Thompson,1641709,BetOnline.ag,2026-03-25,2026-03-25 13:19:22,2026-03-25,Regular Season,0.596,0.5555555555555556,0.5226570545829042,0.07334294541709574,0.07279999999999998,0.404,0.5073891625615764,0.4773429454170958,-0.0733429454170958,-0.2037669902912621,
PRICED,over,PTS,full_game,24.5,True,34.599552154541016,34.757547912120884,22.59900665283203,0.049018036571125245,22.648024689403158,0.6420909777808131,78bf92243997831090f4e81bdc0a5d4d7ba172f90b72e1ee43b198174beb3eea,4000,42,Bam Adebayo,1628389,Bovada,2026-03-25,2026-03-25 13:19:22,2026-03-25,Regular Season,0.383,0.35714285714285715,0.3346265761396702,0.048373423860329834,0.07239999999999991,0.617,0.7101449275362319,0.6653734238603297,-0.04837342386032972,-0.13116326530612243,
PRICED,over,PTS,full_game,15.5,True,32.556095123291016,32.714090880870884,19.820106506347656,0.16824655340293018,19.988353059750587,0.6420909777808131,78bf92243997831090f4e81bdc0a5d4d7ba172f90b72e1ee43b198174beb3eea,4000,42,Evan Mobley,1630596,Bovada,2026-03-25,2026-03-25 13:19:22,2026-03-25,Regular Season,0.73725,0.6875,0.6456256921373201,0.09162430786267983,0.07236363636363635,0.26275000000000004,0.37735849056603776,0.35437430786268,-0.09162430786267994,-0.30371249999999994,
PRICED,over,PTS,full_game,8.5,True,19.220142364501953,19.42292821034119,9.046540260314941,0.02360140624768824,9.07014166656263,0.4915060991395564,78bf92243997831090f4e81bdc0a5d4d7ba172f90b72e1ee43b198174beb3eea,4000,42,T.J. McConnell,204456,DraftKings,2026-03-25,2026-03-25 13:19:22,2026-03-25,Regular Season,0.52025,0.4854368932038835,0.45800038978756574,0.06224961021243425,0.07171499999999997,0.47975,0.574468085106383,0.5419996102124343,-0.06224961021243425,-0.16487962962962965,
PRICED,over,PTS,full_game,13.5,True,24.985828399658203,24.965080905531224,13.42587661743164,0.1539918355858247,13.579868453017465,0.5327606694856868,78bf92243997831090f4e81bdc0a5d4d7ba172f90b72e1ee43b198174beb3eea,4000,42,Cedric Coward,1642907,BetRivers,2026-03-26,2026-03-25 13:19:22,2026-03-25,Regular Season,0.50075,0.4672897196261682,0.4346343957729675,0.06611560422703255,0.07160499999999992,0.49924999999999997,0.6078431372549019,0.5653656042270325,-0.06611560422703255,-0.1786532258064517,
PRICED,over,PTS,full_game,10.5,True,32.193565368652344,32.35156112623221,13.902081489562988,0.038945417630644144,13.941026907193633,0.6420909777808131,78bf92243997831090f4e81bdc0a5d4d7ba172f90b72e1ee43b198174beb3eea,4000,42,Christian Braun,1631128,Bovada,2026-03-26,2026-03-25 13:19:22,2026-03-25,Regular Season,0.71425,0.6666666666666666,0.625,0.08925000000000005,0.07137500000000008,0.28574999999999995,0.4,0.375,-0.08925000000000005,-0.28562500000000013,
PRICED,over,PTS,full_game,9.5,True,29.44710350036621,29.426356006239228,13.152752876281738,0.11072737918065179,13.26348025546239,0.5327606694856868,78bf92243997831090f4e81bdc0a5d4d7ba172f90b72e1ee43b198174beb3eea,4000,42,Cameron Johnson,1629661,Bovada,2026-03-26,2026-03-25 13:19:22,2026-03-25,Regular Season,0.73125,0.6825396825396826,0.6395881006864989,0.0916618993135011,0.07136627906976734,0.26875000000000004,0.38461538461538464,0.36041189931350115,-0.0916618993135011,-0.30124999999999985,
PRICED,over,PTS,full_game,22.5,True,34.45897674560547,34.61697250318534,23.637983322143555,0.12246796973868529,23.76045129188224,0.6420909777808131,78bf92243997831090f4e81bdc0a5d4d7ba172f90b72e1ee43b198174beb3eea,4000,42,Cooper Flagg,1642843,BetRivers,2026-03-26,2026-03-25 13:19:22,2026-03-25,Regular Season,0.55375,0.5169082125603864,0.4802285578710111,0.07352144212898887,0.07127336448598132,0.44625000000000004,0.5594713656387665,0.519771442128989,-0.07352144212898892,-0.20237204724409447,
PRICED,over,PTS,full_game,25.5,True,31.436262130737305,31.594257888317173,29.31964683532715,0.22171315762247193,29.54135999294962,0.6420909777808131,78bf92243997831090f4e81bdc0a5d4d7ba172f90b72e1ee43b198174beb3eea,4000,42,Kawhi Leonard,202695,Bovada,2026-03-26,2026-03-25 13:19:22,2026-03-25,Regular Season,0.6745,0.6296296296296297,0.5915279878971256,0.08297201210287442,0.07126470588235301,0.3255,0.43478260869565216,0.40847201210287437,-0.08297201210287436,-0.25135,
PRICED,over,PTS,full_game,7.5,True,22.664844512939453,22.86763035877869,9.68027400970459,0.12252226757583444,9.802796277280425,0.4915060991395564,78bf92243997831090f4e81bdc0a5d4d7ba172f90b72e1ee43b198174beb3eea,4000,42,Harrison Barnes,203084,Bovada,2026-03-26,2026-03-25 13:19:22,2026-03-25,Regular Season,0.63375,0.5918367346938775,0.554140127388535,0.07960987261146502,0.07081896551724148,0.36624999999999996,0.47619047619047616,0.4458598726114649,-0.07960987261146496,-0.23087500000000005,
PRICED,over,PTS,full_game,13.5,True,27.536518096923828,27.51577060279685,12.881379127502441,0.18425350464285548,13.065632632145297,0.5327606694856868,78bf92243997831090f4e81bdc0a5d4d7ba172f90b72e1ee43b198174beb3eea,4000,42,Olivier-Maxence Prosper,1641765,Bovada,2026-03-26,2026-03-25 13:19:22,2026-03-25,Regular Season,0.4555,0.425531914893617,0.3982930298719772,0.05720697012802284,0.07042500000000007,0.5445,0.6428571428571429,0.6017069701280228,-0.05720697012802278,-0.15300000000000002,
PRICED,over,PTS,full_game,15.5,True,27.117136001586914,27.096388507459935,14.307957649230957,0.046712842749398034,14.354670491980356,0.5327606694856868,78bf92243997831090f4e81bdc0a5d4d7ba172f90b72e1ee43b198174beb3eea,4000,42,Andrew Wiggins,203952,Bovada,2026-03-25,2026-03-25 13:19:22,2026-03-25,Regular Season,0.41975,0.39215686274509803,0.3666469544648137,0.0531030455351863,0.0703625,0.5802499999999999,0.6774193548387096,0.6333530455351862,-0.0531030455351863,-0.14344047619047617,
PRICED,over,PTS,full_game,17.5,True,33.9068717956543,34.064867553234166,20.786582946777344,0.17861862682575927,20.965201573603103,0.6420909777808131,78bf92243997831090f4e81bdc0a5d4d7ba172f90b72e1ee43b198174beb3eea,4000,42,Alperen Sengun,1630578,BetRivers,2026-03-26,2026-03-25 13:19:22,2026-03-25,Regular Season,0.657,0.6138996138996139,0.5700816678839387,0.08691833211606137,0.07020754716981126,0.34299999999999997,0.46296296296296297,0.4299183321160614,-0.08691833211606143,-0.25912,
PRICED,over,PTS,full_game,7.5,True,26.95008087158203,26.929333377455052,11.555325508117676,-0.10981557011108567,11.445509938006591,0.5327606694856868,78bf92243997831090f4e81bdc0a5d4d7ba172f90b72e1ee43b198174beb3eea,4000,42,Pelle Larsson,1641796,Bovada,2026-03-25,2026-03-25 13:19:22,2026-03-25,Regular Season,0.75525,0.7058823529411765,0.66,0.09524999999999995,0.06993750000000004,0.24475000000000002,0.36363636363636365,0.33999999999999997,-0.09524999999999995,-0.32693749999999994,
PRICED,over,PTS,full_game,10.5,True,26.55491828918457,26.53417079505759,13.723937034606934,0.05757327392150084,13.781510308528434,0.5327606694856868,78bf92243997831090f4e81bdc0a5d4d7ba172f90b72e1ee43b198174beb3eea,4000,42,John Collins,1628381,Bovada,2026-03-26,2026-03-25 13:19:22,2026-03-25,Regular Season,0.71325,0.6666666666666666,0.625,0.08825000000000005,0.06987500000000008,0.28674999999999995,0.4,0.375,-0.08825000000000005,-0.2831250000000001,
PRICED,over,PTS,full_game,11.5,True,30.20000457763672,30.358000335216587,16.211793899536133,0.12781875965413517,16.33961265919027,0.6420909777808131,78bf92243997831090f4e81bdc0a5d4d7ba172f90b72e1ee43b198174beb3eea,4000,42,Chet Holmgren,1631096,Bovada,2026-03-25,2026-03-25 13:19:22,2026-03-25,Regular Season,0.75975,0.7101449275362319,0.6653734238603297,0.09437657613967032,0.06985204081632657,0.24024999999999996,0.35714285714285715,0.3346265761396702,-0.09437657613967021,-0.32730000000000015,
PRICED,over,PTS,full_game,5.5,True,23.929744720458984,24.13253056629822,8.186028480529785,0.010881614623015817,8.1969100951528,0.4915060991395564,78bf92243997831090f4e81bdc0a5d4d7ba172f90b72e1ee43b198174beb3eea,4000,42,Sam Hauser,1630573,Bovada,2026-03-25,2026-03-25 13:19:22,2026-03-25,Regular Season,0.673,0.6296296296296297,0.5915279878971256,0.08147201210287447,0.06888235294117662,0.32699999999999996,0.43478260869565216,0.40847201210287437,-0.08147201210287441,-0.24790000000000018,
PRICED,over,PTS,full_game,9.5,True,23.198101043701172,23.40088688954041,10.864527702331543,0.06808942348041232,10.932617125811955,0.4915060991395564,78bf92243997831090f4e81bdc0a5d4d7ba172f90b72e1ee43b198174beb3eea,4000,42,Jay Huff,1630643,Bovada,2026-03-25,2026-03-25 13:19:22,2026-03-25,Regular Season,0.583,0.5454545454545454,0.5101214574898786,0.07287854251012138,0.06883333333333336,0.41700000000000004,0.5238095238095238,0.48987854251012153,-0.07287854251012149,-0.20390909090909082,
PRICED,over,PTS,full_game,7.5,True,25.80695152282715,25.78620402870017,9.377436637878418,0.03850639952448724,9.415943037402906,0.5327606694856868,78bf92243997831090f4e81bdc0a5d4d7ba172f90b72e1ee43b198174beb3eea,4000,42,Neemias Queta,1629674,Bovada,2026-03-25,2026-03-25 13:19:22,2026-03-25,Regular Season,0.6325,0.5918367346938775,0.554140127388535,0.07835987261146493,0.06870689655172407,0.36750000000000005,0.47619047619047616,0.4458598726114649,-0.07835987261146488,-0.22824999999999984,
PRICED,over,PTS,full_game,7.5,True,22.66581153869629,22.868597384535526,8.16478443145752,-0.08576942493259945,8.07901500652492,0.4915060991395564,78bf92243997831090f4e81bdc0a5d4d7ba172f90b72e1ee43b198174beb3eea,4000,42,Tari Eason,1631106,Bovada,2026-03-26,2026-03-25 13:19:22,2026-03-25,Regular Season,0.521,0.4878048780487805,0.4592085979482169,0.06179140205178313,0.06804999999999994,0.479,0.574468085106383,0.5407914020517831,-0.06179140205178313,-0.1661851851851852,
PRICED,over,PTS,full_game,8.5,True,25.80695152282715,25.78620402870017,9.377436637878418,0.03850639952448724,9.415943037402906,0.5327606694856868,78bf92243997831090f4e81bdc0a5d4d7ba172f90b72e1ee43b198174beb3eea,4000,42,Neemias Queta,1629674,BetMGM,2026-03-25,2026-03-25 13:19:22,2026-03-25,Regular Season,0.559,0.5238095238095238,0.48987854251012153,0.06912145748987852,0.06718181818181834,0.44099999999999995,0.5454545454545454,0.5101214574898786,-0.06912145748987863,-0.1915,
PRICED,over,PTS,full_game,13.5,True,31.632307052612305,31.790302810192173,15.010124206542969,-0.036121486557061225,14.974002719985908,0.6420909777808131,78bf92243997831090f4e81bdc0a5d4d7ba172f90b72e1ee43b198174beb3eea,4000,42,Payton Pritchard,1630202,DraftKings,2026-03-25,2026-03-25 13:19:22,2026-03-25,Regular Season,0.59075,0.5535714285714286,0.5217643644805572,0.06898563551944281,0.06716129032258061,0.40925,0.5073891625615764,0.47823563551944287,-0.06898563551944287,-0.19341990291262134,
PRICED,over,PTS,full_game,14.5,True,34.903221130371094,35.06121688795096,15.497272491455078,-0.010874817943060836,15.486397673512018,0.6420909777808131,78bf92243997831090f4e81bdc0a5d4d7ba172f90b72e1ee43b198174beb3eea,4000,42,Jabari Smith Jr,1631095,BetRivers,2026-03-26,2026-03-25 13:19:22,2026-03-25,Regular Season,0.54125,0.5073891625615764,0.4697879307656324,0.0714620692343676,0.06673543689320394,0.45875,0.5726495726495726,0.5302120692343677,-0.07146206923436771,-0.19889925373134332,
PRICED,over,PTS,full_game,8.5,True,19.220142364501953,19.42292821034119,9.046540260314941,0.02360140624768824,9.07014166656263,0.4915060991395564,78bf92243997831090f4e81bdc0a5d4d7ba172f90b72e1ee43b198174beb3eea,4000,42,T.J. McConnell,204456,Bovada,2026-03-25,2026-03-25 13:19:22,2026-03-25,Regular Season,0.52025,0.4878048780487805,0.4592085979482169,0.0610414020517831,0.06651249999999986,0.47975,0.574468085106383,0.5407914020517831,-0.0610414020517831,-0.16487962962962965,
PRICED,over,PTS,full_game,11.5,True,23.601816177368164,23.8046020232074,12.341578483581543,-0.03987603901480194,12.301702444566741,0.4915060991395564,78bf92243997831090f4e81bdc0a5d4d7ba172f90b72e1ee43b198174beb3eea,4000,42,Ajay Mitchell,1642349,FanDuel,2026-03-25,2026-03-25 13:19:22,2026-03-25,Regular Season,0.54325,0.5098039215686274,0.48124062031015497,0.062009379689845046,0.06560576923076933,0.45675,0.5495495495495496,0.5187593796898449,-0.06200937968984488,-0.16886475409836066,
PRICED,over,PTS,full_game,21.5,True,34.45897674560547,34.61697250318534,23.637983322143555,0.12246796973868529,23.76045129188224,0.6420909777808131,78bf92243997831090f4e81bdc0a5d4d7ba172f90b72e1ee43b198174beb3eea,4000,42,Cooper Flagg,1642843,BetRivers,2026-03-26,2026-03-25 13:19:22,2026-03-25,Regular Season,0.60925,0.5726495726495726,0.5302120692343677,0.07903793076563226,0.0639141791044775,0.39075000000000004,0.5073891625615764,0.4697879307656324,-0.07903793076563237,-0.22988106796116498,
PRICED,over,PTS,full_game,9.5,True,25.17422103881836,25.15347354469138,10.259522438049316,0.5422286774792826,10.8017511155286,0.5327606694856868,78bf92243997831090f4e81bdc0a5d4d7ba172f90b72e1ee43b198174beb3eea,4000,42,Jalen Wilson,1630592,BetOnline.ag,2026-03-26,2026-03-25 13:19:22,2026-03-25,Regular Season,0.58025,0.5454545454545454,0.5123152709359606,0.06793472906403941,0.06379166666666686,0.41974999999999996,0.5192307692307693,0.4876847290640395,-0.06793472906403952,-0.19159259259259265,
PRICED,over,PTS,full_game,9.5,True,25.17422103881836,25.15347354469138,10.259522438049316,0.5422286774792826,10.8017511155286,0.5327606694856868,78bf92243997831090f4e81bdc0a5d4d7ba172f90b72e1ee43b198174beb3eea,4000,42,Jalen Wilson,1630592,Bovada,2026-03-26,2026-03-25 13:19:22,2026-03-25,Regular Season,0.58025,0.5454545454545454,0.5101214574898786,0.07012854251012146,0.06379166666666686,0.41974999999999996,0.5238095238095238,0.48987854251012153,-0.07012854251012157,-0.19865909090909095,
PRICED,over,PTS,full_game,13.5,True,27.117136001586914,27.096388507459935,14.307957649230957,0.046712842749398034,14.354670491980356,0.5327606694856868,78bf92243997831090f4e81bdc0a5d4d7ba172f90b72e1ee43b198174beb3eea,4000,42,Andrew Wiggins,203952,BetOnline.ag,2026-03-25,2026-03-25 13:19:22,2026-03-25,Regular Season,0.54475,0.5121951219512195,0.48149290561381863,0.06325709438618132,0.06355952380952368,0.45525000000000004,0.5515695067264574,0.5185070943861814,-0.06325709438618132,-0.1746280487804877,
PRICED,over,PTS,full_game,13.5,True,27.117136001586914,27.096388507459935,14.307957649230957,0.046712842749398034,14.354670491980356,0.5327606694856868,78bf92243997831090f4e81bdc0a5d4d7ba172f90b72e1ee43b198174beb3eea,4000,42,Andrew Wiggins,203952,Bovada,2026-03-25,2026-03-25 13:19:22,2026-03-25,Regular Season,0.54475,0.5121951219512195,0.4796954314720812,0.06505456852791874,0.06355952380952368,0.45525000000000004,0.5555555555555556,0.5203045685279188,-0.0650545685279188,-0.18054999999999988,
PRICED,over,PTS,full_game,13.5,True,31.632307052612305,31.790302810192173,15.010124206542969,-0.036121486557061225,14.974002719985908,0.6420909777808131,78bf92243997831090f4e81bdc0a5d4d7ba172f90b72e1ee43b198174beb3eea,4000,42,Payton Pritchard,1630202,Bovada,2026-03-25,2026-03-25 13:19:22,2026-03-25,Regular Season,0.59075,0.5555555555555556,0.5203045685279188,0.07044543147208115,0.06335000000000002,0.40925,0.5121951219512195,0.4796954314720812,-0.07044543147208121,-0.20098809523809524,
PRICED,over,PTS,full_game,10.5,True,27.536518096923828,27.51577060279685,12.881379127502441,0.18425350464285548,13.065632632145297,0.5327606694856868,78bf92243997831090f4e81bdc0a5d4d7ba172f90b72e1ee43b198174beb3eea,4000,42,Olivier-Maxence Prosper,1641765,Bovada,2026-03-26,2026-03-25 13:19:22,2026-03-25,Regular Season,0.6695,0.6296296296296297,0.5915279878971256,0.07797201210287441,0.06332352941176478,0.3305,0.43478260869565216,0.40847201210287437,-0.07797201210287436,-0.23985,
PRICED,over,PTS,full_game,9.5,True,24.690671920776367,24.669924426649388,11.945374488830566,-0.12959114108602707,11.815783347744539,0.5327606694856868,78bf92243997831090f4e81bdc0a5d4d7ba172f90b72e1ee43b198174beb3eea,4000,42,Jaime Jaquez Jr,1631170,Bovada,2026-03-25,2026-03-25 13:19:22,2026-03-25,Regular Season,0.65425,0.6153846153846154,0.5751633986928104,0.07908660130718959,0.06315625000000002,0.34575,0.45454545454545453,0.4248366013071895,-0.07908660130718947,-0.23934999999999995,
PRICED,over,PTS,full_game,7.5,True,22.66581153869629,22.868597384535526,8.16478443145752,-0.08576942493259945,8.07901500652492,0.4915060991395564,78bf92243997831090f4e81bdc0a5d4d7ba172f90b72e1ee43b198174beb3eea,4000,42,Tari Eason,1631106,DraftKings,2026-03-26,2026-03-25 13:19:22,2026-03-25,Regular Season,0.521,0.49019607843137253,0.46281519310564956,0.05818480689435046,0.06284000000000001,0.479,0.5689655172413793,0.5371848068943506,-0.05818480689435057,-0.15812121212121216,
PRICED,over,PTS,full_game,18.5,True,35.30427169799805,35.462267455577916,21.120439529418945,0.17669533454919525,21.29713486396814,0.6420909777808131,78bf92243997831090f4e81bdc0a5d4d7ba172f90b72e1ee43b198174beb3eea,4000,42,VJ Edgecombe,1642845,BetRivers,2026-03-25,2026-03-25 13:19:22,2026-03-25,Regular Season,0.6485,0.6108949416342413,0.5665958379709265,0.08190416202907347,0.061557324840764205,0.35150000000000003,0.4672897196261682,0.43340416202907345,-0.08190416202907341,-0.24779000000000007,
PRICED,over,PTS,full_game,15.5,True,33.9068717956543,34.064867553234166,20.786582946777344,0.17861862682575927,20.965201573603103,0.6420909777808131,78bf92243997831090f4e81bdc0a5d4d7ba172f90b72e1ee43b198174beb3eea,4000,42,Alperen Sengun,1630578,Bovada,2026-03-26,2026-03-25 13:19:22,2026-03-25,Regular Season,0.75825,0.7142857142857143,0.6705882352941177,0.08766176470588227,0.06154999999999988,0.24175000000000002,0.3508771929824561,0.32941176470588235,-0.08766176470588233,-0.3110124999999999,
PRICED,over,PTS,full_game,4.5,True,23.25214195251465,23.454927798353886,8.998461723327637,0.1483878931201688,9.146849616447806,0.4915060991395564,78bf92243997831090f4e81bdc0a5d4d7ba172f90b72e1ee43b198174beb3eea,4000,42,Bruce Brown,1628971,Bovada,2026-03-26,2026-03-25 13:19:22,2026-03-25,Regular Season,0.782,0.7368421052631579,0.6920583468395461,0.08994165316045388,0.06128571428571439,0.21799999999999997,0.32786885245901637,0.3079416531604538,-0.08994165316045383,-0.3351000000000001,
PRICED,over,PTS,full_game,20.5,True,34.599552154541016,34.757547912120884,22.59900665283203,0.049018036571125245,22.648024689403158,0.6420909777808131,78bf92243997831090f4e81bdc0a5d4d7ba172f90b72e1ee43b198174beb3eea,4000,42,Bam Adebayo,1628389,FanDuel,2026-03-25,2026-03-25 13:19:22,2026-03-25,Regular Season,0.59975,0.5652173913043478,0.5281576830249397,0.0715923169750603,0.0610961538461538,0.40025,0.504950495049505,0.4718423169750604,-0.07159231697506041,-0.20734803921568623,
PRICED,over,PTS,full_game,17.5,True,36.39570617675781,36.90122171082665,18.18636703491211,0.019495259918293466,18.205862294830403,0.746175435493391,78bf92243997831090f4e81bdc0a5d4d7ba172f90b72e1ee43b198174beb3eea,4000,42,Amen Thompson,1641708,BetOnline.ag,2026-03-26,2026-03-25 13:19:22,2026-03-25,Regular Season,0.53575,0.504950495049505,0.47438944435338465,0.0613605556466153,0.060995098039215656,0.46425000000000005,0.5594713656387665,0.5256105556466153,-0.061360555646615245,-0.17019881889763772,
PRICED,over,PTS,full_game,14.5,True,27.117136001586914,27.096388507459935,14.307957649230957,0.046712842749398034,14.354670491980356,0.5327606694856868,78bf92243997831090f4e81bdc0a5d4d7ba172f90b72e1ee43b198174beb3eea,4000,42,Andrew Wiggins,203952,Bovada,2026-03-25,2026-03-25 13:19:22,2026-03-25,Regular Season,0.48225,0.45454545454545453,0.4248366013071895,0.057413398692810536,0.06095000000000017,0.5177499999999999,0.6153846153846154,0.5751633986928104,-0.05741339869281048,-0.15865625000000005,
PRICED,over,PTS,full_game,19.5,True,34.599552154541016,34.757547912120884,22.59900665283203,0.049018036571125245,22.648024689403158,0.6420909777808131,78bf92243997831090f4e81bdc0a5d4d7ba172f90b72e1ee43b198174beb3eea,4000,42,Bam Adebayo,1628389,Bovada,2026-03-25,2026-03-25 13:19:22,2026-03-25,Regular Season,0.65275,0.6153846153846154,0.5751633986928104,0.07758660130718964,0.0607187500000001,0.34724999999999995,0.45454545454545453,0.4248366013071895,-0.07758660130718953,-0.23605000000000004,
PRICED,over,PTS,full_game,18.5,True,33.76485061645508,33.92284637403495,21.9394588470459,0.1783470871765002,22.1178059342224,0.6420909777808131,78bf92243997831090f4e81bdc0a5d4d7ba172f90b72e1ee43b198174beb3eea,4000,42,Jayson Tatum,1628369,Bovada,2026-03-25,2026-03-25 13:19:22,2026-03-25,Regular Season,0.68175,0.6428571428571429,0.6017069701280228,0.0800430298719772,0.06049999999999994,0.31825000000000003,0.425531914893617,0.3982930298719772,-0.08004302987197714,-0.2521124999999999,
PRICED,over,PTS,full_game,17.5,True,35.30427169799805,35.462267455577916,21.120439529418945,0.17669533454919525,21.29713486396814,0.6420909777808131,78bf92243997831090f4e81bdc0a5d4d7ba172f90b72e1ee43b198174beb3eea,4000,42,VJ Edgecombe,1642845,Bovada,2026-03-25,2026-03-25 13:19:22,2026-03-25,Regular Season,0.69475,0.6551724137931034,0.6161482461945731,0.07860175380542689,0.060407894736841994,0.30525,0.40816326530612246,0.3838517538054269,-0.07860175380542689,-0.2521374999999999,
PRICED,over,PTS,full_game,14.5,True,30.69470977783203,30.8527055354119,16.762475967407227,0.21824562952181717,16.980721596929044,0.6420909777808131,78bf92243997831090f4e81bdc0a5d4d7ba172f90b72e1ee43b198174beb3eea,4000,42,Andrew Nembhard,1629614,BetRivers,2026-03-25,2026-03-25 13:19:22,2026-03-25,Regular Season,0.62375,0.588477366255144,0.5479742549946055,0.07577574500539452,0.05993881118881117,0.37625,0.4854368932038835,0.4520257450053946,-0.07577574500539463,-0.22492500000000004,
PRICED,over,PTS,full_game,12.5,True,27.117136001586914,27.096388507459935,14.307957649230957,0.046712842749398034,14.354670491980356,0.5327606694856868,78bf92243997831090f4e81bdc0a5d4d7ba172f90b72e1ee43b198174beb3eea,4000,42,Andrew Wiggins,203952,BetRivers,2026-03-25,2026-03-25 13:19:22,2026-03-25,Regular Season,0.599,0.5652173913043478,0.5246062992125985,0.07439370078740148,0.059769230769230686,0.401,0.5121951219512195,0.4753937007874017,-0.07439370078740165,-0.21709523809523806,
PRICED,over,PTS,full_game,11.5,True,29.362808227539062,29.34206073341208,14.153419494628906,0.1702495475241976,14.323669042153103,0.5327606694856868,78bf92243997831090f4e81bdc0a5d4d7ba172f90b72e1ee43b198174beb3eea,4000,42,Aaron Nesmith,1630174,BetRivers,2026-03-25,2026-03-25 13:19:22,2026-03-25,Regular Season,0.6465,0.6108949416342413,0.567740307795812,0.07875969220418799,0.05828343949044573,0.35350000000000004,0.46511627906976744,0.43225969220418803,-0.07875969220418799,-0.23997499999999994,
PRICED,over,PTS,full_game,11.5,True,25.035507202148438,25.014759708021458,12.892045021057129,0.21338662012528356,13.105431641182413,0.5327606694856868,78bf92243997831090f4e81bdc0a5d4d7ba172f90b72e1ee43b198174beb3eea,4000,42,Klay Thompson,202691,DraftKings,2026-03-26,2026-03-25 13:19:22,2026-03-25,Regular Season,0.594,0.5614035087719298,0.5289256198347108,0.06507438016528921,0.05806249999999996,0.406,0.5,0.4710743801652893,-0.06507438016528927,-0.18799999999999994,
PRICED,over,PTS,full_game,16.5,True,36.39570617675781,36.90122171082665,18.18636703491211,0.019495259918293466,18.205862294830403,0.746175435493391,78bf92243997831090f4e81bdc0a5d4d7ba172f90b72e1ee43b198174beb3eea,4000,42,Amen Thompson,1641708,Bovada,2026-03-26,2026-03-25 13:19:22,2026-03-25,Regular Season,0.598,0.5652173913043478,0.5306122448979592,0.06738775510204076,0.05799999999999994,0.402,0.5,0.4693877551020409,-0.06738775510204087,-0.19599999999999995,
PRICED,over,PTS,full_game,22.5,True,34.45897674560547,34.61697250318534,23.637983322143555,0.12246796973868529,23.76045129188224,0.6420909777808131,78bf92243997831090f4e81bdc0a5d4d7ba172f90b72e1ee43b198174beb3eea,4000,42,Cooper Flagg,1642843,BetMGM,2026-03-26,2026-03-25 13:19:22,2026-03-25,Regular Season,0.55375,0.5238095238095238,0.48987854251012153,0.06387145748987844,0.05715909090909088,0.44625000000000004,0.5454545454545454,0.5101214574898786,-0.06387145748987855,-0.18187499999999984,
PRICED,over,PTS,full_game,4.5,True,25.977554321289062,25.956806827162083,7.823307991027832,0.061237052007666354,7.884545043035498,0.5327606694856868,78bf92243997831090f4e81bdc0a5d4d7ba172f90b72e1ee43b198174beb3eea,4000,42,Cason Wallace,1641717,Bovada,2026-03-25,2026-03-25 13:19:22,2026-03-25,Regular Season,0.77875,0.7368421052631579,0.6920583468395461,0.08669165316045391,0.05687500000000012,0.22124999999999995,0.32786885245901637,0.3079416531604538,-0.08669165316045385,-0.3251875000000002,
PRICED,over,PTS,full_game,19.5,True,34.45897674560547,34.61697250318534,23.637983322143555,0.12246796973868529,23.76045129188224,0.6420909777808131,78bf92243997831090f4e81bdc0a5d4d7ba172f90b72e1ee43b198174beb3eea,4000,42,Cooper Flagg,1642843,Bovada,2026-03-26,2026-03-25 13:19:22,2026-03-25,Regular Season,0.70425,0.6666666666666666,0.625,0.07925000000000004,0.056375000000000064,0.29574999999999996,0.4,0.375,-0.07925000000000004,-0.2606250000000001,
PRICED,over,PTS,full_game,14.5,True,32.556095123291016,32.714090880870884,19.820106506347656,0.16824655340293018,19.988353059750587,0.6420909777808131,78bf92243997831090f4e81bdc0a5d4d7ba172f90b72e1ee43b198174beb3eea,4000,42,Evan Mobley,1630596,Bovada,2026-03-25,2026-03-25 13:19:22,2026-03-25,Regular Season,0.78525,0.7435897435897436,0.6974398758727697,0.08781012412723033,0.05602586206896554,0.21475,0.3225806451612903,0.30256012412723043,-0.08781012412723044,-0.334275,
PRICED,over,PTS,full_game,12.5,True,26.55491828918457,26.53417079505759,13.723937034606934,0.05757327392150084,13.781510308528434,0.5327606694856868,78bf92243997831090f4e81bdc0a5d4d7ba172f90b72e1ee43b198174beb3eea,4000,42,John Collins,1628381,BetMGM,2026-03-26,2026-03-25 13:19:22,2026-03-25,Regular Season,0.576,0.5454545454545454,0.5101214574898786,0.06587854251012137,0.055999999999999994,0.42400000000000004,0.5238095238095238,0.48987854251012153,-0.06587854251012148,-0.1905454545454544,
PRICED,over,PTS,full_game,13.5,True,31.632307052612305,31.790302810192173,15.010124206542969,-0.036121486557061225,14.974002719985908,0.6420909777808131,78bf92243997831090f4e81bdc0a5d4d7ba172f90b72e1ee43b198174beb3eea,4000,42,Payton Pritchard,1630202,BetRivers,2026-03-25,2026-03-25 13:19:22,2026-03-25,Regular Season,0.59075,0.5594713656387665,0.5186523207413807,0.07209767925861932,0.05590748031496057,0.40925,0.5192307692307693,0.4813476792586193,-0.07209767925861932,-0.2118148148148148,
PRICED,over,PTS,full_game,9.5,True,28.654237747192383,28.6334902530654,10.936616897583008,0.20485911580503605,11.141476013388043,0.5327606694856868,78bf92243997831090f4e81bdc0a5d4d7ba172f90b72e1ee43b198174beb3eea,4000,42,Ausar Thompson,1641709,Bovada,2026-03-25,2026-03-25 13:19:22,2026-03-25,Regular Season,0.596,0.5652173913043478,0.5306122448979592,0.06538775510204076,0.054461538461538395,0.404,0.5,0.4693877551020409,-0.06538775510204087,-0.19199999999999995,
PRICED,over,PTS,full_game,9.5,True,28.654237747192383,28.6334902530654,10.936616897583008,0.20485911580503605,11.141476013388043,0.5327606694856868,78bf92243997831090f4e81bdc0a5d4d7ba172f90b72e1ee43b198174beb3eea,4000,42,Ausar Thompson,1641709,FanDuel,2026-03-25,2026-03-25 13:19:22,2026-03-25,Regular Season,0.596,0.5652173913043478,0.5281576830249397,0.06784231697506027,0.054461538461538395,0.404,0.504950495049505,0.4718423169750604,-0.06784231697506038,-0.19992156862745092,
PRICED,over,PTS,full_game,14.5,True,30.69470977783203,30.8527055354119,16.762475967407227,0.21824562952181717,16.980721596929044,0.6420909777808131,78bf92243997831090f4e81bdc0a5d4d7ba172f90b72e1ee43b198174beb3eea,4000,42,Andrew Nembhard,1629614,Bovada,2026-03-25,2026-03-25 13:19:22,2026-03-25,Regular Season,0.62375,0.5918367346938775,0.554140127388535,0.069609872611465,0.05392241379310353,0.37625,0.47619047619047616,0.4458598726114649,-0.06960987261146495,-0.20987500000000003,
PRICED,over,PTS,full_game,10.5,True,24.690671920776367,24.669924426649388,11.945374488830566,-0.12959114108602707,11.815783347744539,0.5327606694856868,78bf92243997831090f4e81bdc0a5d4d7ba172f90b72e1ee43b198174beb3eea,4000,42,Jaime Jaquez Jr,1631170,BetRivers,2026-03-25,2026-03-25 13:19:22,2026-03-25,Regular Season,0.5855,0.5555555555555556,0.5157946692991116,0.06970533070088847,0.05390000000000006,0.4145,0.5215311004784688,0.4842053307008884,-0.06970533070088841,-0.20522477064220185,
PRICED,over,PTS,full_game,14.5,True,25.035507202148438,25.014759708021458,12.892045021057129,0.21338662012528356,13.105431641182413,0.5327606694856868,78bf92243997831090f4e81bdc0a5d4d7ba172f90b72e1ee43b198174beb3eea,4000,42,Klay Thompson,202691,Bovada,2026-03-26,2026-03-25 13:19:22,2026-03-25,Regular Season,0.39025,0.37037037037037035,0.34700315457413244,0.04324684542586754,0.05367500000000003,0.60975,0.696969696969697,0.6529968454258674,-0.04324684542586743,-0.1251413043478261,
PRICED,over,PTS,full_game,9.5,True,23.198101043701172,23.40088688954041,10.864527702331543,0.06808942348041232,10.932617125811955,0.4915060991395564,78bf92243997831090f4e81bdc0a5d4d7ba172f90b72e1ee43b198174beb3eea,4000,42,Jay Huff,1630643,BetRivers,2026-03-25,2026-03-25 13:19:22,2026-03-25,Regular Season,0.583,0.5535714285714286,0.5138121546961325,0.06918784530386746,0.053161290322580546,0.41700000000000004,0.5238095238095238,0.4861878453038673,-0.06918784530386729,-0.20390909090909082,
PRICED,over,PTS,full_game,24.5,True,31.436262130737305,31.594257888317173,29.31964683532715,0.22171315762247193,29.54135999294962,0.6420909777808131,78bf92243997831090f4e81bdc0a5d4d7ba172f90b72e1ee43b198174beb3eea,4000,42,Kawhi Leonard,202695,Bovada,2026-03-26,2026-03-25 13:19:22,2026-03-25,Regular Season,0.713,0.6774193548387096,0.6333530455351862,0.07964695446481374,0.05252380952380953,0.28700000000000003,0.39215686274509803,0.3666469544648137,-0.07964695446481368,-0.26814999999999994,
PRICED,over,PTS,full_game,7.5,True,22.66581153869629,22.868597384535526,8.16478443145752,-0.08576942493259945,8.07901500652492,0.4915060991395564,78bf92243997831090f4e81bdc0a5d4d7ba172f90b72e1ee43b198174beb3eea,4000,42,Tari Eason,1631106,BetOnline.ag,2026-03-26,2026-03-25 13:19:22,2026-03-25,Regular Season,0.521,0.49504950495049505,0.46526552222043954,0.055734477779560476,0.05242000000000002,0.479,0.5689655172413793,0.5347344777795604,-0.05573447777956042,-0.15812121212121216,
PRICED,over,PTS,full_game,13.5,True,30.69470977783203,30.8527055354119,16.762475967407227,0.21824562952181717,16.980721596929044,0.6420909777808131,78bf92243997831090f4e81bdc0a5d4d7ba172f90b72e1ee43b198174beb3eea,4000,42,Andrew Nembhard,1629614,Bovada,2026-03-25,2026-03-25 13:19:22,2026-03-25,Regular Season,0.68275,0.6491228070175439,0.6090534979423868,0.07369650205761313,0.05180405405405403,0.31725000000000003,0.4166666666666667,0.39094650205761317,-0.07369650205761313,-0.23859999999999998,
PRICED,over,PTS,full_game,18.5,True,34.599552154541016,34.757547912120884,22.59900665283203,0.049018036571125245,22.648024689403158,0.6420909777808131,78bf92243997831090f4e81bdc0a5d4d7ba172f90b72e1ee43b198174beb3eea,4000,42,Bam Adebayo,1628389,Bovada,2026-03-25,2026-03-25 13:19:22,2026-03-25,Regular Season,0.70075,0.6666666666666666,0.625,0.07574999999999998,0.051124999999999976,0.29925,0.4,0.375,-0.07574999999999998,-0.25187499999999996,
PRICED,over,PTS,full_game,11.5,True,25.035507202148438,25.014759708021458,12.892045021057129,0.21338662012528356,13.105431641182413,0.5327606694856868,78bf92243997831090f4e81bdc0a5d4d7ba172f90b72e1ee43b198174beb3eea,4000,42,Klay Thompson,202691,Bovada,2026-03-26,2026-03-25 13:19:22,2026-03-25,Regular Season,0.594,0.5652173913043478,0.5306122448979592,0.06338775510204075,0.05092307692307685,0.406,0.5,0.4693877551020409,-0.06338775510204087,-0.18799999999999994,
PRICED,over,PTS,full_game,17.5,True,36.39570617675781,36.90122171082665,18.18636703491211,0.019495259918293466,18.205862294830403,0.746175435493391,78bf92243997831090f4e81bdc0a5d4d7ba172f90b72e1ee43b198174beb3eea,4000,42,Amen Thompson,1641708,DraftKings,2026-03-26,2026-03-25 13:19:22,2026-03-25,Regular Season,0.53575,0.5098039215686274,0.48124062031015497,0.05450937968984498,0.05089423076923072,0.46425000000000005,0.5495495495495496,0.5187593796898449,-0.05450937968984482,-0.155217213114754,
PRICED,over,PTS,full_game,9.5,True,32.193565368652344,32.35156112623221,13.902081489562988,0.038945417630644144,13.941026907193633,0.6420909777808131,78bf92243997831090f4e81bdc0a5d4d7ba172f90b72e1ee43b198174beb3eea,4000,42,Christian Braun,1631128,Bovada,2026-03-26,2026-03-25 13:19:22,2026-03-25,Regular Season,0.7735,0.7368421052631579,0.6920583468395461,0.08144165316045382,0.049750000000000016,0.22650000000000003,0.32786885245901637,0.3079416531604538,-0.08144165316045376,-0.3091749999999999,
PRICED,over,PTS,full_game,8.5,True,24.690671920776367,24.669924426649388,11.945374488830566,-0.12959114108602707,11.815783347744539,0.5327606694856868,78bf92243997831090f4e81bdc0a5d4d7ba172f90b72e1ee43b198174beb3eea,4000,42,Jaime Jaquez Jr,1631170,Bovada,2026-03-25,2026-03-25 13:19:22,2026-03-25,Regular Season,0.72125,0.6875,0.6456256921373201,0.07562430786267982,0.04909090909090902,0.27875000000000005,0.37735849056603776,0.35437430786268,-0.07562430786267993,-0.2613124999999999,
PRICED,over,PTS,full_game,12.5,True,25.035507202148438,25.014759708021458,12.892045021057129,0.21338662012528356,13.105431641182413,0.5327606694856868,78bf92243997831090f4e81bdc0a5d4d7ba172f90b72e1ee43b198174beb3eea,4000,42,Klay Thompson,202691,BetRivers,2026-03-26,2026-03-25 13:19:22,2026-03-25,Regular Season,0.51925,0.49504950495049505,0.45980991958136136,0.05944008041863863,0.048884999999999956,0.48075,0.5815899581589958,0.5401900804186387,-0.059440080418638686,-0.17338669064748202,
PRICED,over,PTS,full_game,13.5,True,25.035507202148438,25.014759708021458,12.892045021057129,0.21338662012528356,13.105431641182413,0.5327606694856868,78bf92243997831090f4e81bdc0a5d4d7ba172f90b72e1ee43b198174beb3eea,4000,42,Klay Thompson,202691,Bovada,2026-03-26,2026-03-25 13:19:22,2026-03-25,Regular Season,0.456,0.43478260869565216,0.40847201210287437,0.047527987897125645,0.048799999999999955,0.544,0.6296296296296297,0.5915279878971256,-0.047527987897125534,-0.1359999999999999,
PRICED,over,PTS,full_game,17.5,True,35.39308547973633,35.5510812373162,17.288541793823242,0.15619774757785815,17.444739541401102,0.6420909777808131,78bf92243997831090f4e81bdc0a5d4d7ba172f90b72e1ee43b198174beb3eea,4000,42,Derrick White,1628401,BetRivers,2026-03-25,2026-03-25 13:19:22,2026-03-25,Regular Season,0.48325,0.4608294930875576,0.427030022492421,0.05621997750757901,0.04865249999999999,0.51675,0.6183206106870229,0.5729699775075789,-0.0562199775075789,-0.16426851851851848,
PRICED,over,PTS,full_game,13.5,True,34.903221130371094,35.06121688795096,15.497272491455078,-0.010874817943060836,15.486397673512018,0.6420909777808131,78bf92243997831090f4e81bdc0a5d4d7ba172f90b72e1ee43b198174beb3eea,4000,42,Jabari Smith Jr,1631095,BetRivers,2026-03-26,2026-03-25 13:19:22,2026-03-25,Regular Season,0.6005,0.5726495726495726,0.5302120692343677,0.07028793076563233,0.04863432835820897,0.39949999999999997,0.5073891625615764,0.4697879307656324,-0.07028793076563244,-0.21263592233009715,
PRICED,over,PTS,full_game,28.5,True,31.436262130737305,31.594257888317173,29.31964683532715,0.22171315762247193,29.54135999294962,0.6420909777808131,78bf92243997831090f4e81bdc0a5d4d7ba172f90b72e1ee43b198174beb3eea,4000,42,Kawhi Leonard,202695,BetMGM,2026-03-26,2026-03-25 13:19:22,2026-03-25,Regular Season,0.537,0.5121951219512195,0.4796954314720812,0.05730456852791882,0.04842857142857149,0.46299999999999997,0.5555555555555556,0.5203045685279188,-0.057304568527918875,-0.16660000000000003,
PRICED,over,PTS,full_game,11.5,True,31.06273651123047,31.220732268810337,11.99189281463623,0.08936273017729433,12.081255544813525,0.6420909777808131,78bf92243997831090f4e81bdc0a5d4d7ba172f90b72e1ee43b198174beb3eea,4000,42,Dyson Daniels,1630700,FanDuel,2026-03-25,2026-03-25 13:19:22,2026-03-25,Regular Season,0.519,0.49504950495049505,0.4669102720259846,0.0520897279740154,0.04838000000000009,0.481,0.5652173913043478,0.5330897279740154,-0.052089727974015454,-0.14900000000000008,
PRICED,over,PTS,full_game,12.5,True,24.985828399658203,24.965080905531224,13.42587661743164,0.1539918355858247,13.579868453017465,0.5327606694856868,78bf92243997831090f4e81bdc0a5d4d7ba172f90b72e1ee43b198174beb3eea,4000,42,Cedric Coward,1642907,BetRivers,2026-03-26,2026-03-25 13:19:22,2026-03-25,Regular Season,0.571,0.5454545454545454,0.5059101654846335,0.06508983451536643,0.04683333333333334,0.42900000000000005,0.5327102803738317,0.4940898345153664,-0.06508983451536637,-0.19468421052631568,
PRICED,over,PTS,full_game,18.5,True,34.45897674560547,34.61697250318534,23.637983322143555,0.12246796973868529,23.76045129188224,0.6420909777808131,78bf92243997831090f4e81bdc0a5d4d7ba172f90b72e1ee43b198174beb3eea,4000,42,Cooper Flagg,1642843,Bovada,2026-03-26,2026-03-25 13:19:22,2026-03-25,Regular Season,0.7475,0.7142857142857143,0.6705882352941177,0.07691176470588235,0.046499999999999986,0.25249999999999995,0.3508771929824561,0.32941176470588235,-0.0769117647058824,-0.28037500000000015,
PRICED,over,PTS,full_game,9.5,True,26.55491828918457,26.53417079505759,13.723937034606934,0.05757327392150084,13.781510308528434,0.5327606694856868,78bf92243997831090f4e81bdc0a5d4d7ba172f90b72e1ee43b198174beb3eea,4000,42,John Collins,1628381,Bovada,2026-03-26,2026-03-25 13:19:22,2026-03-25,Regular Season,0.77075,0.7368421052631579,0.6920583468395461,0.0786916531604539,0.04601785714285728,0.22924999999999995,0.32786885245901637,0.3079416531604538,-0.07869165316045384,-0.3007875000000002,
PRICED,over,PTS,full_game,17.5,True,36.39570617675781,36.90122171082665,18.18636703491211,0.019495259918293466,18.205862294830403,0.746175435493391,78bf92243997831090f4e81bdc0a5d4d7ba172f90b72e1ee43b198174beb3eea,4000,42,Amen Thompson,1641708,BetMGM,2026-03-26,2026-03-25 13:19:22,2026-03-25,Regular Season,0.53575,0.5121951219512195,0.4796954314720812,0.056054568527918736,0.045988095238095106,0.46425000000000005,0.5555555555555556,0.5203045685279188,-0.05605456852791879,-0.16434999999999989,
PRICED,over,PTS,full_game,17.5,True,36.39570617675781,36.90122171082665,18.18636703491211,0.019495259918293466,18.205862294830403,0.746175435493391,78bf92243997831090f4e81bdc0a5d4d7ba172f90b72e1ee43b198174beb3eea,4000,42,Amen Thompson,1641708,Bovada,2026-03-26,2026-03-25 13:19:22,2026-03-25,Regular Season,0.53575,0.5121951219512195,0.4796954314720812,0.056054568527918736,0.045988095238095106,0.46425000000000005,0.5555555555555556,0.5203045685279188,-0.05605456852791879,-0.16434999999999989,
PRICED,over,PTS,full_game,11.5,True,25.035507202148438,25.014759708021458,12.892045021057129,0.21338662012528356,13.105431641182413,0.5327606694856868,78bf92243997831090f4e81bdc0a5d4d7ba172f90b72e1ee43b198174beb3eea,4000,42,Klay Thompson,202691,BetRivers,2026-03-26,2026-03-25 13:19:22,2026-03-25,Regular Season,0.594,0.5689655172413793,0.5274208712002507,0.06657912879974925,0.04399999999999993,0.406,0.5098039215686274,0.4725791287997492,-0.0665791287997492,-0.20361538461538453,
PRICED,over,PTS,full_game,7.5,True,25.989696502685547,25.968949008558567,9.605721473693848,0.04738634920247185,9.65310782289632,0.5327606694856868,78bf92243997831090f4e81bdc0a5d4d7ba172f90b72e1ee43b198174beb3eea,4000,42,Brook Lopez,201572,BetRivers,2026-03-26,2026-03-25 13:19:22,2026-03-25,Regular Season,0.63775,0.6108949416342413,0.5665958379709265,0.07115416202907354,0.043960191082802524,0.36224999999999996,0.4672897196261682,0.43340416202907345,-0.07115416202907349,-0.22478500000000018,
PRICED,over,PTS,full_game,8.5,True,24.419374465942383,24.398626971815403,8.339065551757812,0.10666579095547132,8.445731342713284,0.5327606694856868,78bf92243997831090f4e81bdc0a5d4d7ba172f90b72e1ee43b198174beb3eea,4000,42,Drake Powell,1642962,Bovada,2026-03-26,2026-03-25 13:19:22,2026-03-25,Regular Season,0.4855,0.46511627906976744,0.43668122270742354,0.04881877729257644,0.043825,0.5145,0.6,0.5633187772925764,-0.04881877729257644,-0.14250000000000007,
PRICED,over,PTS,full_game,10.5,True,34.903221130371094,35.06121688795096,15.497272491455078,-0.010874817943060836,15.486397673512018,0.6420909777808131,78bf92243997831090f4e81bdc0a5d4d7ba172f90b72e1ee43b198174beb3eea,4000,42,Jabari Smith Jr,1631095,Bovada,2026-03-26,2026-03-25 13:19:22,2026-03-25,Regular Season,0.76525,0.7333333333333333,0.6875,0.07774999999999999,0.043522727272727324,0.23475000000000001,0.3333333333333333,0.3125,-0.07774999999999999,-0.29574999999999996,
PRICED,over,PTS,full_game,24.5,True,35.98078155517578,36.13877731275565,26.0479736328125,0.20426456402313092,26.25223819683563,0.6420909777808131,78bf92243997831090f4e81bdc0a5d4d7ba172f90b72e1ee43b198174beb3eea,4000,42,Jaylen Brown,1627759,BetMGM,2026-03-25,2026-03-25 13:19:22,2026-03-25,Regular Season,0.56875,0.5454545454545454,0.5101214574898786,0.058628542510121395,0.042708333333333404,0.43125,0.5238095238095238,0.48987854251012153,-0.058628542510121506,-0.1767045454545454,
PRICED,over,PTS,full_game,12.5,True,27.117136001586914,27.096388507459935,14.307957649230957,0.046712842749398034,14.354670491980356,0.5327606694856868,78bf92243997831090f4e81bdc0a5d4d7ba172f90b72e1ee43b198174beb3eea,4000,42,Andrew Wiggins,203952,Bovada,2026-03-25,2026-03-25 13:19:22,2026-03-25,Regular Season,0.599,0.574468085106383,0.5407914020517831,0.05820859794821687,0.04270370370370363,0.401,0.4878048780487805,0.4592085979482169,-0.05820859794821687,-0.17795,
PRICED,over,PTS,full_game,19.5,True,36.39570617675781,36.90122171082665,18.18636703491211,0.019495259918293466,18.205862294830403,0.746175435493391,78bf92243997831090f4e81bdc0a5d4d7ba172f90b72e1ee43b198174beb3eea,4000,42,Amen Thompson,1641708,Bovada,2026-03-26,2026-03-25 13:19:22,2026-03-25,Regular Season,0.41675,0.4,0.375,0.04175000000000001,0.041874999999999996,0.58325,0.6666666666666666,0.625,-0.041749999999999954,-0.125125,
PRICED,over,PTS,full_game,12.5,True,31.632307052612305,31.790302810192173,15.010124206542969,-0.036121486557061225,14.974002719985908,0.6420909777808131,78bf92243997831090f4e81bdc0a5d4d7ba172f90b72e1ee43b198174beb3eea,4000,42,Payton Pritchard,1630202,Bovada,2026-03-25,2026-03-25 13:19:22,2026-03-25,Regular Season,0.64825,0.6226415094339622,0.5834970530451867,0.06475294695481326,0.04112878787878782,0.35175,0.4444444444444444,0.4165029469548134,-0.06475294695481337,-0.20856249999999998,
PRICED,over,PTS,full_game,6.5,True,25.989696502685547,25.968949008558567,9.605721473693848,0.04738634920247185,9.65310782289632,0.5327606694856868,78bf92243997831090f4e81bdc0a5d4d7ba172f90b72e1ee43b198174beb3eea,4000,42,Brook Lopez,201572,Bovada,2026-03-26,2026-03-25 13:19:22,2026-03-25,Regular Season,0.70525,0.6774193548387096,0.6333530455351862,0.07189695446481381,0.04108333333333347,0.29474999999999996,0.39215686274509803,0.3666469544648137,-0.07189695446481376,-0.24838750000000015,
PRICED,over,PTS,full_game,21.5,True,34.599552154541016,34.757547912120884,22.59900665283203,0.049018036571125245,22.648024689403158,0.6420909777808131,78bf92243997831090f4e81bdc0a5d4d7ba172f90b72e1ee43b198174beb3eea,4000,42,Bam Adebayo,1628389,BetMGM,2026-03-25,2026-03-25 13:19:22,2026-03-25,Regular Season,0.54525,0.5238095238095238,0.48987854251012153,0.055371457489878484,0.040931818181818236,0.45475,0.5454545454545454,0.5101214574898786,-0.055371457489878595,-0.16629166666666662,
PRICED,over,PTS,full_game,7.5,True,28.673789978027344,28.65304248390036,11.756421089172363,0.14518758306047308,11.901608672232836,0.5327606694856868,78bf92243997831090f4e81bdc0a5d4d7ba172f90b72e1ee43b198174beb3eea,4000,42,Walter Clayton Jr.,1642383,Bovada,2026-03-26,2026-03-25 13:19:22,2026-03-25,Regular Season,0.767,0.7368421052631579,0.6920583468395461,0.07494165316045387,0.04092857142857148,0.23299999999999998,0.32786885245901637,0.3079416531604538,-0.07494165316045381,-0.2893500000000001,
PRICED,over,PTS,full_game,12.5,True,28.552658081054688,28.531910586927705,11.295323371887207,-0.04038289101299347,11.254940480874213,0.5327606694856868,78bf92243997831090f4e81bdc0a5d4d7ba172f90b72e1ee43b198174beb3eea,4000,42,Derrick Jones,1627884,Bovada,2026-03-26,2026-03-25 13:19:22,2026-03-25,Regular Season,0.39275,0.37735849056603776,0.35437430786268,0.038375692137320006,0.040787499999999866,0.6072500000000001,0.6875,0.6456256921373201,-0.03837569213732006,-0.11672727272727268,
PRICED,over,PTS,full_game,8.5,True,19.220142364501953,19.42292821034119,9.046540260314941,0.02360140624768824,9.07014166656263,0.4915060991395564,78bf92243997831090f4e81bdc0a5d4d7ba172f90b72e1ee43b198174beb3eea,4000,42,T.J. McConnell,204456,BetOnline.ag,2026-03-25,2026-03-25 13:19:22,2026-03-25,Regular Season,0.52025,0.5,0.4693877551020409,0.0508622448979591,0.04049999999999998,0.47975,0.5652173913043478,0.5306122448979592,-0.05086224489795921,-0.15121153846153845,
PRICED,over,PTS,full_game,13.5,True,24.764997482299805,24.744249988172825,11.304346084594727,0.16820727502880042,11.472553359623527,0.5327606694856868,78bf92243997831090f4e81bdc0a5d4d7ba172f90b72e1ee43b198174beb3eea,4000,42,Ziaire Williams,1630533,Bovada,2026-03-26,2026-03-25 13:19:22,2026-03-25,Regular Season,0.35875,0.3448275862068966,0.32315978456014366,0.035590215439856354,0.04037500000000005,0.64125,0.7222222222222222,0.6768402154398564,-0.03559021543985641,-0.11211538461538464,
PRICED,over,PTS,full_game,17.5,True,33.76485061645508,33.92284637403495,21.9394588470459,0.1783470871765002,22.1178059342224,0.6420909777808131,78bf92243997831090f4e81bdc0a5d4d7ba172f90b72e1ee43b198174beb3eea,4000,42,Jayson Tatum,1628369,Bovada,2026-03-25,2026-03-25 13:19:22,2026-03-25,Regular Season,0.725,0.696969696969697,0.6529968454258674,0.07200315457413253,0.04021739130434776,0.275,0.37037037037037035,0.34700315457413244,-0.07200315457413242,-0.2574999999999999,
PRICED,over,PTS,full_game,16.5,True,35.39308547973633,35.5510812373162,17.288541793823242,0.15619774757785815,17.444739541401102,0.6420909777808131,78bf92243997831090f4e81bdc0a5d4d7ba172f90b72e1ee43b198174beb3eea,4000,42,Derrick White,1628401,BetRivers,2026-03-25,2026-03-25 13:19:22,2026-03-25,Regular Season,0.5445,0.5238095238095238,0.4861878453038673,0.058312154696132656,0.039500000000000035,0.4555,0.5535714285714286,0.5138121546961325,-0.05831215469613249,-0.17716129032258066,
PRICED,over,PTS,full_game,18.5,True,36.39570617675781,36.90122171082665,18.18636703491211,0.019495259918293466,18.205862294830403,0.746175435493391,78bf92243997831090f4e81bdc0a5d4d7ba172f90b72e1ee43b198174beb3eea,4000,42,Amen Thompson,1641708,Bovada,2026-03-26,2026-03-25 13:19:22,2026-03-25,Regular Season,0.4725,0.45454545454545453,0.4248366013071895,0.0476633986928105,0.03949999999999998,0.5275000000000001,0.6153846153846154,0.5751633986928104,-0.04766339869281033,-0.14281249999999995,
PRICED,over,PTS,full_game,12.5,True,25.035507202148438,25.014759708021458,12.892045021057129,0.21338662012528356,13.105431641182413,0.5327606694856868,78bf92243997831090f4e81bdc0a5d4d7ba172f90b72e1ee43b198174beb3eea,4000,42,Klay Thompson,202691,Bovada,2026-03-26,2026-03-25 13:19:22,2026-03-25,Regular Season,0.51925,0.5,0.4693877551020409,0.049862244897959096,0.03849999999999998,0.48075,0.5652173913043478,0.5306122448979592,-0.04986224489795921,-0.1494423076923077,
PRICED,over,PTS,full_game,4.5,True,24.928417205810547,24.907669711683567,6.199642181396484,-0.13477692383251597,6.0648652575639685,0.5327606694856868,78bf92243997831090f4e81bdc0a5d4d7ba172f90b72e1ee43b198174beb3eea,4000,42,Baylor Scheierman,1631248,Bovada,2026-03-25,2026-03-25 13:19:22,2026-03-25,Regular Season,0.6385,0.6153846153846154,0.5751633986928104,0.06333660130718954,0.03756249999999994,0.36150000000000004,0.45454545454545453,0.4248366013071895,-0.06333660130718943,-0.20469999999999983,
PRICED,over,PTS,full_game,16.5,True,35.30427169799805,35.462267455577916,21.120439529418945,0.17669533454919525,21.29713486396814,0.6420909777808131,78bf92243997831090f4e81bdc0a5d4d7ba172f90b72e1ee43b198174beb3eea,4000,42,VJ Edgecombe,1642845,Bovada,2026-03-25,2026-03-25 13:19:22,2026-03-25,Regular Season,0.741,0.7142857142857143,0.6705882352941177,0.07041176470588228,0.03739999999999993,0.259,0.3508771929824561,0.32941176470588235,-0.07041176470588234,-0.26184999999999997,
PRICED,over,PTS,full_game,16.5,True,34.843597412109375,35.001593169689244,21.431854248046875,0.09151911308433733,21.523373361131213,0.6420909777808131,78bf92243997831090f4e81bdc0a5d4d7ba172f90b72e1ee43b198174beb3eea,4000,42,LeBron James,2544,Bovada,2026-03-25,2026-03-25 13:19:22,2026-03-25,Regular Season,0.74075,0.7142857142857143,0.6705882352941177,0.07016176470588231,0.03704999999999997,0.25925,0.3508771929824561,0.32941176470588235,-0.07016176470588237,-0.2611375,
PRICED,over,PTS,full_game,8.5,True,25.17422103881836,25.15347354469138,10.259522438049316,0.5422286774792826,10.8017511155286,0.5327606694856868,78bf92243997831090f4e81bdc0a5d4d7ba172f90b72e1ee43b198174beb3eea,4000,42,Jalen Wilson,1630592,Bovada,2026-03-26,2026-03-25 13:19:22,2026-03-25,Regular Season,0.6455,0.6226415094339622,0.5834970530451867,0.06200294695481323,0.036712121212121085,0.35450000000000004,0.4444444444444444,0.4165029469548134,-0.06200294695481334,-0.20237499999999992,
PRICED,over,PTS,full_game,6.5,True,21.962265014648438,22.165050860487675,7.550651550292969,0.1458887301801991,7.696540280473168,0.4915060991395564,78bf92243997831090f4e81bdc0a5d4d7ba172f90b72e1ee43b198174beb3eea,4000,42,Taurean Prince,1627752,BetRivers,2026-03-26,2026-03-25 13:19:22,2026-03-25,Regular Season,0.5935,0.5726495726495726,0.5302120692343677,0.06328793076563233,0.036410447761194065,0.4065,0.5073891625615764,0.4697879307656324,-0.06328793076563244,-0.19883980582524274,
PRICED,over,PTS,full_game,23.5,True,31.436262130737305,31.594257888317173,29.31964683532715,0.22171315762247193,29.54135999294962,0.6420909777808131,78bf92243997831090f4e81bdc0a5d4d7ba172f90b72e1ee43b198174beb3eea,4000,42,Kawhi Leonard,202695,Bovada,2026-03-26,2026-03-25 13:19:22,2026-03-25,Regular Season,0.7485,0.7222222222222222,0.6768402154398564,0.07165978456014366,0.03638461538461546,0.25149999999999995,0.3448275862068966,0.32315978456014366,-0.07165978456014371,-0.27065000000000017,
PRICED,over,PTS,full_game,6.5,True,25.80695152282715,25.78620402870017,9.377436637878418,0.03850639952448724,9.415943037402906,0.5327606694856868,78bf92243997831090f4e81bdc0a5d4d7ba172f90b72e1ee43b198174beb3eea,4000,42,Neemias Queta,1629674,Bovada,2026-03-25,2026-03-25 13:19:22,2026-03-25,Regular Season,0.702,0.6774193548387096,0.6333530455351862,0.06864695446481373,0.036285714285714255,0.29800000000000004,0.39215686274509803,0.3666469544648137,-0.06864695446481367,-0.24009999999999992,
PRICED,over,PTS,full_game,12.5,True,24.985828399658203,24.965080905531224,13.42587661743164,0.1539918355858247,13.579868453017465,0.5327606694856868,78bf92243997831090f4e81bdc0a5d4d7ba172f90b72e1ee43b198174beb3eea,4000,42,Cedric Coward,1642907,BetOnline.ag,2026-03-26,2026-03-25 13:19:22,2026-03-25,Regular Season,0.571,0.5515695067264574,0.5185070943861814,0.052492905613818586,0.035227642276422666,0.42900000000000005,0.5121951219512195,0.48149290561381863,-0.052492905613818586,-0.16242857142857137,
PRICED,over,PTS,full_game,11.5,True,24.985828399658203,24.965080905531224,13.42587661743164,0.1539918355858247,13.579868453017465,0.5327606694856868,78bf92243997831090f4e81bdc0a5d4d7ba172f90b72e1ee43b198174beb3eea,4000,42,Cedric Coward,1642907,BetRivers,2026-03-26,2026-03-25 13:19:22,2026-03-25,Regular Season,0.6445,0.6226415094339622,0.5757963822634864,0.06870361773651357,0.035106060606060474,0.35550000000000004,0.45871559633027525,0.42420361773651355,-0.06870361773651351,-0.22501000000000004,
PRICED,over,PTS,full_game,11.5,True,24.985828399658203,24.965080905531224,13.42587661743164,0.1539918355858247,13.579868453017465,0.5327606694856868,78bf92243997831090f4e81bdc0a5d4d7ba172f90b72e1ee43b198174beb3eea,4000,42,Cedric Coward,1642907,Bovada,2026-03-26,2026-03-25 13:19:22,2026-03-25,Regular Season,0.6445,0.6226415094339622,0.5834970530451867,0.06100294695481323,0.035106060606060474,0.35550000000000004,0.4444444444444444,0.4165029469548134,-0.06100294695481334,-0.2001249999999999,
PRICED,over,PTS,full_game,17.5,True,34.599552154541016,34.757547912120884,22.59900665283203,0.049018036571125245,22.648024689403158,0.6420909777808131,78bf92243997831090f4e81bdc0a5d4d7ba172f90b72e1ee43b198174beb3eea,4000,42,Bam Adebayo,1628389,Bovada,2026-03-25,2026-03-25 13:19:22,2026-03-25,Regular Season,0.74725,0.7222222222222222,0.6768402154398564,0.07040978456014357,0.03465384615384609,0.25275000000000003,0.3448275862068966,0.32315978456014366,-0.07040978456014363,-0.26702499999999996,
PRICED,over,PTS,full_game,7.5,True,22.55941390991211,22.762199755751347,7.83659029006958,-0.05055636978327149,7.786033920286308,0.4915060991395564,78bf92243997831090f4e81bdc0a5d4d7ba172f90b72e1ee43b198174beb3eea,4000,42,Dominick Barlow,1631230,BetMGM,2026-03-25,2026-03-25 13:19:22,2026-03-25,Regular Season,0.51725,0.5,0.4653465346534653,0.05190346534653467,0.034499999999999975,0.48275,0.574468085106383,0.5346534653465347,-0.05190346534653467,-0.15965740740740741,
PRICED,over,PTS,full_game,22.5,True,34.599552154541016,34.757547912120884,22.59900665283203,0.049018036571125245,22.648024689403158,0.6420909777808131,78bf92243997831090f4e81bdc0a5d4d7ba172f90b72e1ee43b198174beb3eea,4000,42,Bam Adebayo,1628389,BetRivers,2026-03-25,2026-03-25 13:19:22,2026-03-25,Regular Season,0.492,0.47619047619047616,0.4424778761061947,0.04952212389380528,0.03320000000000001,0.508,0.6,0.5575221238938053,-0.04952212389380528,-0.15333333333333338,
PRICED,over,PTS,full_game,12.5,True,30.69470977783203,30.8527055354119,16.762475967407227,0.21824562952181717,16.980721596929044,0.6420909777808131,78bf92243997831090f4e81bdc0a5d4d7ba172f90b72e1ee43b198174beb3eea,4000,42,Andrew Nembhard,1629614,Bovada,2026-03-25,2026-03-25 13:19:22,2026-03-25,Regular Season,0.738,0.7142857142857143,0.6705882352941177,0.06741176470588228,0.033199999999999896,0.262,0.3508771929824561,0.32941176470588235,-0.06741176470588234,-0.25329999999999997,
PRICED,over,PTS,full_game,10.5,True,28.552658081054688,28.531910586927705,11.295323371887207,-0.04038289101299347,11.254940480874213,0.5327606694856868,78bf92243997831090f4e81bdc0a5d4d7ba172f90b72e1ee43b198174beb3eea,4000,42,Derrick Jones,1627884,DraftKings,2026-03-26,2026-03-25 13:19:22,2026-03-25,Regular Season,0.524,0.5073891625615764,0.47823563551944287,0.04576436448055715,0.03273786407766999,0.476,0.5535714285714286,0.5217643644805572,-0.04576436448055721,-0.14012903225806456,
PRICED,over,PTS,full_game,11.5,True,23.601816177368164,23.8046020232074,12.341578483581543,-0.03987603901480194,12.301702444566741,0.4915060991395564,78bf92243997831090f4e81bdc0a5d4d7ba172f90b72e1ee43b198174beb3eea,4000,42,Ajay Mitchell,1642349,BetOnline.ag,2026-03-25,2026-03-25 13:19:22,2026-03-25,Regular Season,0.54325,0.5260663507109005,0.4948402542722694,0.0484097457277306,0.03266441441441448,0.45675,0.5370370370370371,0.5051597457277305,-0.04840974572773049,-0.14950000000000002,
PRICED,over,PTS,full_game,10.5,True,25.035507202148438,25.014759708021458,12.892045021057129,0.21338662012528356,13.105431641182413,0.5327606694856868,78bf92243997831090f4e81bdc0a5d4d7ba172f90b72e1ee43b198174beb3eea,4000,42,Klay Thompson,202691,Bovada,2026-03-26,2026-03-25 13:19:22,2026-03-25,Regular Season,0.66375,0.6428571428571429,0.6017069701280228,0.062043029871977184,0.03249999999999992,0.33625000000000005,0.425531914893617,0.3982930298719772,-0.06204302987197713,-0.20981249999999985,
PRICED,over,PTS,full_game,7.5,True,24.419374465942383,24.398626971815403,8.339065551757812,0.10666579095547132,8.445731342713284,0.5327606694856868,78bf92243997831090f4e81bdc0a5d4d7ba172f90b72e1ee43b198174beb3eea,4000,42,Drake Powell,1642962,BetOnline.ag,2026-03-26,2026-03-25 13:19:22,2026-03-25,Regular Season,0.55425,0.5370370370370371,0.5051597457277305,0.04909025427226954,0.03205172413793106,0.44575,0.5260663507109005,0.4948402542722694,-0.04909025427226943,-0.15267342342342338,
PRICED,over,PTS,full_game,7.5,True,24.419374465942383,24.398626971815403,8.339065551757812,0.10666579095547132,8.445731342713284,0.5327606694856868,78bf92243997831090f4e81bdc0a5d4d7ba172f90b72e1ee43b198174beb3eea,4000,42,Drake Powell,1642962,DraftKings,2026-03-26,2026-03-25 13:19:22,2026-03-25,Regular Season,0.55425,0.5370370370370371,0.5062344139650873,0.04801558603491274,0.03205172413793106,0.44575,0.5238095238095238,0.4937655860349127,-0.04801558603491274,-0.14902272727272725,
PRICED,over,PTS,full_game,17.5,True,36.39570617675781,36.90122171082665,18.18636703491211,0.019495259918293466,18.205862294830403,0.746175435493391,78bf92243997831090f4e81bdc0a5d4d7ba172f90b72e1ee43b198174beb3eea,4000,42,Amen Thompson,1641708,FanDuel,2026-03-26,2026-03-25 13:19:22,2026-03-25,Regular Season,0.53575,0.5192307692307693,0.48581617766250607,0.04993382233749388,0.031814814814814796,0.46425000000000005,0.5495495495495496,0.5141838223374939,-0.04993382233749388,-0.155217213114754,
PRICED,over,PTS,full_game,12.5,True,24.985828399658203,24.965080905531224,13.42587661743164,0.1539918355858247,13.579868453017465,0.5327606694856868,78bf92243997831090f4e81bdc0a5d4d7ba172f90b72e1ee43b198174beb3eea,4000,42,Cedric Coward,1642907,DraftKings,2026-03-26,2026-03-25 13:19:22,2026-03-25,Regular Season,0.571,0.5535714285714286,0.5217643644805572,0.049235635519442766,0.0314838709677418,0.42900000000000005,0.5073891625615764,0.47823563551944287,-0.04923563551944282,-0.15449514563106787,
PRICED,over,PTS,full_game,11.5,True,24.37023162841797,24.34948413429099,9.662095069885254,0.023093270417233,9.685188340302487,0.5327606694856868,78bf92243997831090f4e81bdc0a5d4d7ba172f90b72e1ee43b198174beb3eea,4000,42,Nick Richards,1630208,Bovada,2026-03-25,2026-03-25 13:19:22,2026-03-25,Regular Season,0.36175,0.3508771929824561,0.32941176470588235,0.03233823529411767,0.030987500000000057,0.63825,0.7142857142857143,0.6705882352941177,-0.03233823529411772,-0.1064500000000001,
PRICED,over,PTS,full_game,10.5,True,24.37023162841797,24.34948413429099,9.662095069885254,0.023093270417233,9.685188340302487,0.5327606694856868,78bf92243997831090f4e81bdc0a5d4d7ba172f90b72e1ee43b198174beb3eea,4000,42,Nick Richards,1630208,Bovada,2026-03-25,2026-03-25 13:19:22,2026-03-25,Regular Season,0.4295,0.4166666666666667,0.39094650205761317,0.03855349794238683,0.03079999999999994,0.5705,0.6491228070175439,0.6090534979423868,-0.03855349794238683,-0.1211216216216216,
PRICED,over,PTS,full_game,15.5,True,36.39570617675781,36.90122171082665,18.18636703491211,0.019495259918293466,18.205862294830403,0.746175435493391,78bf92243997831090f4e81bdc0a5d4d7ba172f90b72e1ee43b198174beb3eea,4000,42,Amen Thompson,1641708,Bovada,2026-03-26,2026-03-25 13:19:22,2026-03-25,Regular Season,0.649,0.6296296296296297,0.5915279878971256,0.05747201210287445,0.030764705882353083,0.351,0.43478260869565216,0.40847201210287437,-0.05747201210287439,-0.1927000000000001,
PRICED,over,PTS,full_game,10.5,True,29.52571678161621,29.504969287489228,9.081414222717285,-0.03294953439683776,9.048464688320447,0.5327606694856868,78bf92243997831090f4e81bdc0a5d4d7ba172f90b72e1ee43b198174beb3eea,4000,42,Draymond Green,203110,Bovada,2026-03-26,2026-03-25 13:19:22,2026-03-25,Regular Season,0.38175,0.37037037037037035,0.34700315457413244,0.034746845425867534,0.030725000000000113,0.61825,0.696969696969697,0.6529968454258674,-0.03474684542586748,-0.11294565217391306,
PRICED,over,PTS,full_game,6.5,True,26.79402732849121,26.77327983436423,8.438151359558105,0.05173029267935578,8.489881652237461,0.5327606694856868,78bf92243997831090f4e81bdc0a5d4d7ba172f90b72e1ee43b198174beb3eea,4000,42,Luguentz Dort,1629652,Bovada,2026-03-25,2026-03-25 13:19:22,2026-03-25,Regular Season,0.63425,0.6153846153846154,0.5751633986928104,0.05908660130718957,0.03065624999999994,0.36575,0.45454545454545453,0.4248366013071895,-0.05908660130718946,-0.1953499999999999,
PRICED,over,PTS,full_game,12.5,True,22.414613723754883,22.61739956959412,11.23256778717041,0.05412673820494705,11.286694525375356,0.4915060991395564,78bf92243997831090f4e81bdc0a5d4d7ba172f90b72e1ee43b198174beb3eea,4000,42,Gary Payton II,1627780,Bovada,2026-03-26,2026-03-25 13:19:22,2026-03-25,Regular Season,0.4205,0.40816326530612246,0.3838517538054269,0.036648246194573075,0.030225000000000057,0.5795,0.6551724137931034,0.6161482461945731,-0.036648246194573075,-0.11550000000000005,
PRICED,over,PTS,full_game,13.5,True,22.414613723754883,22.61739956959412,11.23256778717041,0.05412673820494705,11.286694525375356,0.4915060991395564,78bf92243997831090f4e81bdc0a5d4d7ba172f90b72e1ee43b198174beb3eea,4000,42,Gary Payton II,1627780,Bovada,2026-03-26,2026-03-25 13:19:22,2026-03-25,Regular Season,0.35525,0.3448275862068966,0.32315978456014366,0.03209021543985635,0.030225000000000057,0.6447499999999999,0.7222222222222222,0.6768402154398564,-0.03209021543985646,-0.10726923076923084,
PRICED,over,PTS,full_game,6.5,True,28.02290153503418,28.002154040907197,9.271885871887207,0.1203047916054804,9.392190663492688,0.5327606694856868,78bf92243997831090f4e81bdc0a5d4d7ba172f90b72e1ee43b198174beb3eea,4000,42,Davion Mitchell,1630558,Bovada,2026-03-25,2026-03-25 13:19:22,2026-03-25,Regular Season,0.6865,0.6666666666666666,0.625,0.0615,0.02975,0.3135,0.4,0.375,-0.0615,-0.21625,
PRICED,over,PTS,full_game,6.5,True,22.664844512939453,22.86763035877869,9.68027400970459,0.12252226757583444,9.802796277280425,0.4915060991395564,78bf92243997831090f4e81bdc0a5d4d7ba172f90b72e1ee43b198174beb3eea,4000,42,Harrison Barnes,203084,Bovada,2026-03-26,2026-03-25 13:19:22,2026-03-25,Regular Season,0.7025,0.6825396825396826,0.6395881006864989,0.06291189931350116,0.029244186046511578,0.2975,0.38461538461538464,0.36041189931350115,-0.06291189931350116,-0.22650000000000003,
PRICED,over,PTS,full_game,7.5,True,21.962265014648438,22.165050860487675,7.550651550292969,0.1458887301801991,7.696540280473168,0.4915060991395564,78bf92243997831090f4e81bdc0a5d4d7ba172f90b72e1ee43b198174beb3eea,4000,42,Taurean Prince,1627752,FanDuel,2026-03-26,2026-03-25 13:19:22,2026-03-25,Regular Season,0.50925,0.49504950495049505,0.46209273182957394,0.04715726817042604,0.02868499999999996,0.49075,0.576271186440678,0.5379072681704261,-0.04715726817042609,-0.1484044117647058,
PRICED,over,PTS,full_game,10.5,True,22.414613723754883,22.61739956959412,11.23256778717041,0.05412673820494705,11.286694525375356,0.4915060991395564,78bf92243997831090f4e81bdc0a5d4d7ba172f90b72e1ee43b198174beb3eea,4000,42,Gary Payton II,1627780,DraftKings,2026-03-26,2026-03-25 13:19:22,2026-03-25,Regular Season,0.55225,0.5370370370370371,0.5062344139650873,0.04601558603491274,0.02832758620689657,0.44775,0.5238095238095238,0.4937655860349127,-0.04601558603491274,-0.14520454545454548,
PRICED,over,PTS,full_game,10.5,True,24.764997482299805,24.744249988172825,11.304346084594727,0.16820727502880042,11.472553359623527,0.5327606694856868,78bf92243997831090f4e81bdc0a5d4d7ba172f90b72e1ee43b198174beb3eea,4000,42,Ziaire Williams,1630533,DraftKings,2026-03-26,2026-03-25 13:19:22,2026-03-25,Regular Season,0.55875,0.54337899543379,0.512482836100362,0.04626716389963792,0.028287815126050442,0.44125000000000003,0.5169082125603864,0.487517163899638,-0.046267163899637975,-0.14636682242990645,
PRICED,over,PTS,full_game,12.5,True,24.985828399658203,24.965080905531224,13.42587661743164,0.1539918355858247,13.579868453017465,0.5327606694856868,78bf92243997831090f4e81bdc0a5d4d7ba172f90b72e1ee43b198174beb3eea,4000,42,Cedric Coward,1642907,Bovada,2026-03-26,2026-03-25 13:19:22,2026-03-25,Regular Season,0.571,0.5555555555555556,0.5203045685279188,0.05069543147208111,0.027799999999999936,0.42900000000000005,0.5121951219512195,0.4796954314720812,-0.050695431472081165,-0.16242857142857137,
PRICED,over,PTS,full_game,20.5,True,36.39570617675781,36.90122171082665,18.18636703491211,0.019495259918293466,18.205862294830403,0.746175435493391,78bf92243997831090f4e81bdc0a5d4d7ba172f90b72e1ee43b198174beb3eea,4000,42,Amen Thompson,1641708,Bovada,2026-03-26,2026-03-25 13:19:22,2026-03-25,Regular Season,0.3605,0.3508771929824561,0.32941176470588235,0.03108823529411764,0.027425000000000033,0.6395,0.7142857142857143,0.6705882352941177,-0.03108823529411775,-0.10470000000000007,
PRICED,over,PTS,full_game,3.5,True,22.667152404785156,22.869938250624394,6.552900791168213,0.0994959745158494,6.652396765684062,0.4915060991395564,78bf92243997831090f4e81bdc0a5d4d7ba172f90b72e1ee43b198174beb3eea,4000,42,Dean Wade,1629731,Bovada,2026-03-25,2026-03-25 13:19:22,2026-03-25,Regular Season,0.757,0.7368421052631579,0.6920583468395461,0.06494165316045386,0.027357142857142913,0.243,0.32786885245901637,0.3079416531604538,-0.0649416531604538,-0.2588500000000001,
PRICED,over,PTS,full_game,10.5,True,31.06273651123047,31.220732268810337,11.99189281463623,0.08936273017729433,12.081255544813525,0.6420909777808131,78bf92243997831090f4e81bdc0a5d4d7ba172f90b72e1ee43b198174beb3eea,4000,42,Dyson Daniels,1630700,BetMGM,2026-03-25,2026-03-25 13:19:22,2026-03-25,Regular Season,0.58975,0.574468085106383,0.5346534653465347,0.05509653465346531,0.02660185185185182,0.41025,0.5,0.4653465346534653,-0.05509653465346531,-0.1795,
PRICED,over,PTS,full_game,9.5,True,25.17422103881836,25.15347354469138,10.259522438049316,0.5422286774792826,10.8017511155286,0.5327606694856868,78bf92243997831090f4e81bdc0a5d4d7ba172f90b72e1ee43b198174beb3eea,4000,42,Jalen Wilson,1630592,FanDuel,2026-03-26,2026-03-25 13:19:22,2026-03-25,Regular Season,0.58025,0.5652173913043478,0.5281576830249397,0.05209231697506034,0.02659615384615388,0.41974999999999996,0.504950495049505,0.4718423169750604,-0.05209231697506045,-0.1687303921568628,
PRICED,over,PTS,full_game,13.5,True,24.985828399658203,24.965080905531224,13.42587661743164,0.1539918355858247,13.579868453017465,0.5327606694856868,78bf92243997831090f4e81bdc0a5d4d7ba172f90b72e1ee43b198174beb3eea,4000,42,Cedric Coward,1642907,Bovada,2026-03-26,2026-03-25 13:19:22,2026-03-25,Regular Season,0.50075,0.4878048780487805,0.4592085979482169,0.04154140205178314,0.02653749999999999,0.49924999999999997,0.574468085106383,0.5407914020517831,-0.04154140205178314,-0.13093518518518527,
PRICED,over,PTS,full_game,9.5,True,27.536518096923828,27.51577060279685,12.881379127502441,0.18425350464285548,13.065632632145297,0.5327606694856868,78bf92243997831090f4e81bdc0a5d4d7ba172f90b72e1ee43b198174beb3eea,4000,42,Olivier-Maxence Prosper,1641765,Bovada,2026-03-26,2026-03-25 13:19:22,2026-03-25,Regular Season,0.7245,0.7058823529411765,0.66,0.0645,0.026375000000000093,0.27549999999999997,0.36363636363636365,0.33999999999999997,-0.0645,-0.24237500000000012,
PRICED,over,PTS,full_game,8.5,True,23.198101043701172,23.40088688954041,10.864527702331543,0.06808942348041232,10.932617125811955,0.4915060991395564,78bf92243997831090f4e81bdc0a5d4d7ba172f90b72e1ee43b198174beb3eea,4000,42,Jay Huff,1630643,Bovada,2026-03-25,2026-03-25 13:19:22,2026-03-25,Regular Season,0.63875,0.6226415094339622,0.5834970530451867,0.05525294695481331,0.025871212121212128,0.36124999999999996,0.4444444444444444,0.4165029469548134,-0.05525294695481342,-0.18718750000000006,
PRICED,over,PTS,full_game,7.5,True,23.929744720458984,24.13253056629822,8.186028480529785,0.010881614623015817,8.1969100951528,0.4915060991395564,78bf92243997831090f4e81bdc0a5d4d7ba172f90b72e1ee43b198174beb3eea,4000,42,Sam Hauser,1630573,BetRivers,2026-03-25,2026-03-25 13:19:22,2026-03-25,Regular Season,0.53725,0.5238095238095238,0.4861878453038673,0.05106215469613268,0.025659090909090965,0.46275,0.5535714285714286,0.5138121546961325,-0.05106215469613251,-0.16406451612903228,
PRICED,over,PTS,full_game,12.5,True,24.764997482299805,24.744249988172825,11.304346084594727,0.16820727502880042,11.472553359623527,0.5327606694856868,78bf92243997831090f4e81bdc0a5d4d7ba172f90b72e1ee43b198174beb3eea,4000,42,Ziaire Williams,1630533,Bovada,2026-03-26,2026-03-25 13:19:22,2026-03-25,Regular Season,0.4185,0.40816326530612246,0.3838517538054269,0.034648246194573074,0.025325000000000042,0.5815,0.6551724137931034,0.6161482461945731,-0.034648246194573074,-0.11244736842105268,
PRICED,over,PTS,full_game,8.5,True,28.654237747192383,28.6334902530654,10.936616897583008,0.20485911580503605,11.141476013388043,0.5327606694856868,78bf92243997831090f4e81bdc0a5d4d7ba172f90b72e1ee43b198174beb3eea,4000,42,Ausar Thompson,1641709,Bovada,2026-03-25,2026-03-25 13:19:22,2026-03-25,Regular Season,0.659,0.6428571428571429,0.6017069701280228,0.057293029871977263,0.025111111111111195,0.34099999999999997,0.425531914893617,0.3982930298719772,-0.05729302987197721,-0.19865000000000005,
PRICED,over,PTS,full_game,18.5,True,29.712934494018555,29.69218699989157,18.254894256591797,0.038316045804493604,18.29321030239629,0.5327606694856868,78bf92243997831090f4e81bdc0a5d4d7ba172f90b72e1ee43b198174beb3eea,4000,42,Bennedict Mathurin,1631097,BetRivers,2026-03-26,2026-03-25 13:19:22,2026-03-25,Regular Season,0.4765,0.46511627906976744,0.43225969220418803,0.04424030779581195,0.024474999999999802,0.5235000000000001,0.6108949416342413,0.567740307795812,-0.044240307795811895,-0.14306050955414013,
PRICED,over,PTS,full_game,10.5,True,24.764997482299805,24.744249988172825,11.304346084594727,0.16820727502880042,11.472553359623527,0.5327606694856868,78bf92243997831090f4e81bdc0a5d4d7ba172f90b72e1ee43b198174beb3eea,4000,42,Ziaire Williams,1630533,BetMGM,2026-03-26,2026-03-25 13:19:22,2026-03-25,Regular Season,0.55875,0.5454545454545454,0.5101214574898786,0.048628542510121386,0.024375000000000036,0.44125000000000003,0.5238095238095238,0.48987854251012153,-0.0486285425101215,-0.1576136363636363,
PRICED,over,PTS,full_game,10.5,True,24.764997482299805,24.744249988172825,11.304346084594727,0.16820727502880042,11.472553359623527,0.5327606694856868,78bf92243997831090f4e81bdc0a5d4d7ba172f90b72e1ee43b198174beb3eea,4000,42,Ziaire Williams,1630533,Bovada,2026-03-26,2026-03-25 13:19:22,2026-03-25,Regular Season,0.55875,0.5454545454545454,0.5101214574898786,0.048628542510121386,0.024375000000000036,0.44125000000000003,0.5238095238095238,0.48987854251012153,-0.0486285425101215,-0.1576136363636363,
PRICED,over,PTS,full_game,7.5,True,22.55941390991211,22.762199755751347,7.83659029006958,-0.05055636978327149,7.786033920286308,0.4915060991395564,78bf92243997831090f4e81bdc0a5d4d7ba172f90b72e1ee43b198174beb3eea,4000,42,Dominick Barlow,1631230,BetOnline.ag,2026-03-25,2026-03-25 13:19:22,2026-03-25,Regular Season,0.51725,0.504950495049505,0.47438944435338465,0.04286055564661534,0.024357843137254864,0.48275,0.5594713656387665,0.5256105556466153,-0.042860555646615284,-0.13713188976377955,
PRICED,over,PTS,full_game,11.5,True,31.632307052612305,31.790302810192173,15.010124206542969,-0.036121486557061225,14.974002719985908,0.6420909777808131,78bf92243997831090f4e81bdc0a5d4d7ba172f90b72e1ee43b198174beb3eea,4000,42,Payton Pritchard,1630202,Bovada,2026-03-25,2026-03-25 13:19:22,2026-03-25,Regular Season,0.704,0.6875,0.6456256921373201,0.05837430786267983,0.023999999999999966,0.29600000000000004,0.37735849056603776,0.35437430786268,-0.05837430786267994,-0.2155999999999999,
PRICED,over,PTS,full_game,7.5,True,24.419374465942383,24.398626971815403,8.339065551757812,0.10666579095547132,8.445731342713284,0.5327606694856868,78bf92243997831090f4e81bdc0a5d4d7ba172f90b72e1ee43b198174beb3eea,4000,42,Drake Powell,1642962,FanDuel,2026-03-26,2026-03-25 13:19:22,2026-03-25,Regular Season,0.55425,0.5412844036697247,0.5060689431946916,0.048181056805308375,0.023953389830508487,0.44575,0.5283018867924528,0.4939310568053083,-0.04818105680530832,-0.15625892857142865,
PRICED,over,PTS,full_game,10.5,True,25.17422103881836,25.15347354469138,10.259522438049316,0.5422286774792826,10.8017511155286,0.5327606694856868,78bf92243997831090f4e81bdc0a5d4d7ba172f90b72e1ee43b198174beb3eea,4000,42,Jalen Wilson,1630592,BetRivers,2026-03-26,2026-03-25 13:19:22,2026-03-25,Regular Season,0.50675,0.49504950495049505,0.45980991958136136,0.046940080418638674,0.023635000000000073,0.49324999999999997,0.5815899581589958,0.5401900804186387,-0.04694008041863873,-0.15189388489208638,
PRICED,over,PTS,full_game,15.5,True,35.39308547973633,35.5510812373162,17.288541793823242,0.15619774757785815,17.444739541401102,0.6420909777808131,78bf92243997831090f4e81bdc0a5d4d7ba172f90b72e1ee43b198174beb3eea,4000,42,Derrick White,1628401,BetRivers,2026-03-25,2026-03-25 13:19:22,2026-03-25,Regular Season,0.59875,0.5850622406639004,0.544113196125908,0.05463680387409198,0.023395390070922062,0.40125,0.49019607843137253,0.45588680387409203,-0.05463680387409203,-0.18145,
PRICED,over,PTS,full_game,10.5,True,28.552658081054688,28.531910586927705,11.295323371887207,-0.04038289101299347,11.254940480874213,0.5327606694856868,78bf92243997831090f4e81bdc0a5d4d7ba172f90b72e1ee43b198174beb3eea,4000,42,Derrick Jones,1627884,Bovada,2026-03-26,2026-03-25 13:19:22,2026-03-25,Regular Season,0.524,0.5121951219512195,0.4796954314720812,0.04430456852791881,0.02304761904761904,0.476,0.5555555555555556,0.5203045685279188,-0.044304568527918864,-0.1432,
PRICED,over,PTS,full_game,12.5,True,23.601816177368164,23.8046020232074,12.341578483581543,-0.03987603901480194,12.301702444566741,0.4915060991395564,78bf92243997831090f4e81bdc0a5d4d7ba172f90b72e1ee43b198174beb3eea,4000,42,Ajay Mitchell,1642349,BetRivers,2026-03-25,2026-03-25 13:19:22,2026-03-25,Regular Season,0.47575,0.46511627906976744,0.43105600399434135,0.044693996005658654,0.022862500000000008,0.52425,0.6138996138996139,0.5689439960056586,-0.0446939960056586,-0.14603301886792464,
PRICED,over,PTS,full_game,11.5,True,28.552658081054688,28.531910586927705,11.295323371887207,-0.04038289101299347,11.254940480874213,0.5327606694856868,78bf92243997831090f4e81bdc0a5d4d7ba172f90b72e1ee43b198174beb3eea,4000,42,Derrick Jones,1627884,Bovada,2026-03-26,2026-03-25 13:19:22,2026-03-25,Regular Season,0.4545,0.4444444444444444,0.4165029469548134,0.037997053045186635,0.022625000000000006,0.5455,0.6226415094339622,0.5834970530451867,-0.037997053045186746,-0.12389393939393945,
PRICED,over,PTS,full_game,16.5,True,35.39308547973633,35.5510812373162,17.288541793823242,0.15619774757785815,17.444739541401102,0.6420909777808131,78bf92243997831090f4e81bdc0a5d4d7ba172f90b72e1ee43b198174beb3eea,4000,42,Derrick White,1628401,BetOnline.ag,2026-03-25,2026-03-25 13:19:22,2026-03-25,Regular Season,0.5445,0.5327102803738317,0.5,0.044499999999999984,0.022131578947368447,0.4555,0.5327102803738317,0.5,-0.044499999999999984,-0.14493859649122803,
PRICED,over,PTS,full_game,7.5,True,22.66581153869629,22.868597384535526,8.16478443145752,-0.08576942493259945,8.07901500652492,0.4915060991395564,78bf92243997831090f4e81bdc0a5d4d7ba172f90b72e1ee43b198174beb3eea,4000,42,Tari Eason,1631106,FanDuel,2026-03-26,2026-03-25 13:19:22,2026-03-25,Regular Season,0.521,0.5098039215686274,0.47591522157996147,0.04508477842003855,0.021961538461538588,0.479,0.5614035087719298,0.5240847784200385,-0.04508477842003855,-0.14678125000000003,
PRICED,over,PTS,full_game,6.5,True,22.66581153869629,22.868597384535526,8.16478443145752,-0.08576942493259945,8.07901500652492,0.4915060991395564,78bf92243997831090f4e81bdc0a5d4d7ba172f90b72e1ee43b198174beb3eea,4000,42,Tari Eason,1631106,Bovada,2026-03-26,2026-03-25 13:19:22,2026-03-25,Regular Season,0.58675,0.574468085106383,0.5407914020517831,0.045958597948216884,0.021379629629629582,0.41325,0.4878048780487805,0.4592085979482169,-0.045958597948216884,-0.15283750000000007,
PRICED,over,PTS,full_game,11.5,True,24.764997482299805,24.744249988172825,11.304346084594727,0.16820727502880042,11.472553359623527,0.5327606694856868,78bf92243997831090f4e81bdc0a5d4d7ba172f90b72e1ee43b198174beb3eea,4000,42,Ziaire Williams,1630533,Bovada,2026-03-26,2026-03-25 13:19:22,2026-03-25,Regular Season,0.48625,0.47619047619047616,0.4458598726114649,0.04039012738853509,0.02112500000000017,0.5137499999999999,0.5918367346938775,0.554140127388535,-0.04039012738853509,-0.13193965517241385,
PRICED,over,PTS,full_game,8.5,True,24.37023162841797,24.34948413429099,9.662095069885254,0.023093270417233,9.685188340302487,0.5327606694856868,78bf92243997831090f4e81bdc0a5d4d7ba172f90b72e1ee43b198174beb3eea,4000,42,Nick Richards,1630208,BetOnline.ag,2026-03-25,2026-03-25 13:19:22,2026-03-25,Regular Season,0.563,0.5515695067264574,0.5185070943861814,0.04449290561381858,0.020723577235772228,0.43700000000000006,0.5121951219512195,0.48149290561381863,-0.04449290561381858,-0.14680952380952372,
PRICED,over,PTS,full_game,8.5,True,19.220142364501953,19.42292821034119,9.046540260314941,0.02360140624768824,9.07014166656263,0.4915060991395564,78bf92243997831090f4e81bdc0a5d4d7ba172f90b72e1ee43b198174beb3eea,4000,42,T.J. McConnell,204456,FanDuel,2026-03-25,2026-03-25 13:19:22,2026-03-25,Regular Season,0.52025,0.5098039215686274,0.48124062031015497,0.039009379689845025,0.02049038461538466,0.47975,0.5495495495495496,0.5187593796898449,-0.03900937968984486,-0.1270122950819672,
PRICED,over,PTS,full_game,21.5,True,34.599552154541016,34.757547912120884,22.59900665283203,0.049018036571125245,22.648024689403158,0.6420909777808131,78bf92243997831090f4e81bdc0a5d4d7ba172f90b72e1ee43b198174beb3eea,4000,42,Bam Adebayo,1628389,BetRivers,2026-03-25,2026-03-25 13:19:22,2026-03-25,Regular Season,0.54525,0.5348837209302325,0.4970261697065821,0.048223830293417924,0.019380434782608646,0.45475,0.5412844036697247,0.5029738302934179,-0.048223830293417924,-0.15986864406779666,
PRICED,over,PTS,full_game,21.5,True,32.13052749633789,32.28852325391776,20.602521896362305,0.11400670728507989,20.716528603647383,0.6420909777808131,78bf92243997831090f4e81bdc0a5d4d7ba172f90b72e1ee43b198174beb3eea,4000,42,Tyler Herro,1629639,Bovada,2026-03-25,2026-03-25 13:19:22,2026-03-25,Regular Season,0.453,0.4444444444444444,0.4165029469548134,0.036497053045186634,0.0192500000000001,0.5469999999999999,0.6226415094339622,0.5834970530451867,-0.0364970530451868,-0.12148484848484858,
PRICED,over,PTS,full_game,10.5,True,24.690671920776367,24.669924426649388,11.945374488830566,-0.12959114108602707,11.815783347744539,0.5327606694856868,78bf92243997831090f4e81bdc0a5d4d7ba172f90b72e1ee43b198174beb3eea,4000,42,Jaime Jaquez Jr,1631170,BetMGM,2026-03-25,2026-03-25 13:19:22,2026-03-25,Regular Season,0.5855,0.574468085106383,0.5346534653465347,0.050846534653465336,0.019203703703703723,0.4145,0.5,0.4653465346534653,-0.050846534653465336,-0.17100000000000004,
PRICED,over,PTS,full_game,14.5,True,31.632307052612305,31.790302810192173,15.010124206542969,-0.036121486557061225,14.974002719985908,0.6420909777808131,78bf92243997831090f4e81bdc0a5d4d7ba172f90b72e1ee43b198174beb3eea,4000,42,Payton Pritchard,1630202,BetMGM,2026-03-25,2026-03-25 13:19:22,2026-03-25,Regular Season,0.53375,0.5238095238095238,0.48987854251012153,0.04387145748987842,0.018977272727272676,0.46625000000000005,0.5454545454545454,0.5101214574898786,-0.04387145748987853,-0.14520833333333316,
PRICED,over,PTS,full_game,10.5,True,28.552658081054688,28.531910586927705,11.295323371887207,-0.04038289101299347,11.254940480874213,0.5327606694856868,78bf92243997831090f4e81bdc0a5d4d7ba172f90b72e1ee43b198174beb3eea,4000,42,Derrick Jones,1627884,BetOnline.ag,2026-03-26,2026-03-25 13:19:22,2026-03-25,Regular Season,0.524,0.5145631067961165,0.483560743054414,0.04043925694558603,0.018339622641509457,0.476,0.5495495495495496,0.5164392569455861,-0.040439256945586144,-0.13383606557377054,
PRICED,over,PTS,full_game,11.5,True,31.06273651123047,31.220732268810337,11.99189281463623,0.08936273017729433,12.081255544813525,0.6420909777808131,78bf92243997831090f4e81bdc0a5d4d7ba172f90b72e1ee43b198174beb3eea,4000,42,Dyson Daniels,1630700,DraftKings,2026-03-25,2026-03-25 13:19:22,2026-03-25,Regular Season,0.519,0.5098039215686274,0.480324745257228,0.038675254742772,0.01803846153846167,0.481,0.5515695067264574,0.519675254742772,-0.038675254742772,-0.12794308943089433,
PRICED,over,PTS,full_game,16.5,True,35.39308547973633,35.5510812373162,17.288541793823242,0.15619774757785815,17.444739541401102,0.6420909777808131,78bf92243997831090f4e81bdc0a5d4d7ba172f90b72e1ee43b198174beb3eea,4000,42,Derrick White,1628401,DraftKings,2026-03-25,2026-03-25 13:19:22,2026-03-25,Regular Season,0.5445,0.5348837209302325,0.5041554124246831,0.04034458757531689,0.01797826086956511,0.4555,0.5260663507109005,0.4958445875753168,-0.04034458757531678,-0.13413963963963954,
PRICED,over,PTS,full_game,7.5,True,19.220142364501953,19.42292821034119,9.046540260314941,0.02360140624768824,9.07014166656263,0.4915060991395564,78bf92243997831090f4e81bdc0a5d4d7ba172f90b72e1ee43b198174beb3eea,4000,42,T.J. McConnell,204456,Bovada,2026-03-25,2026-03-25 13:19:22,2026-03-25,Regular Season,0.58475,0.574468085106383,0.5407914020517831,0.04395859794821688,0.017898148148148108,0.41525,0.4878048780487805,0.4592085979482169,-0.04395859794821688,-0.14873750000000008,
PRICED,over,PTS,full_game,7.5,True,22.66581153869629,22.868597384535526,8.16478443145752,-0.08576942493259945,8.07901500652492,0.4915060991395564,78bf92243997831090f4e81bdc0a5d4d7ba172f90b72e1ee43b198174beb3eea,4000,42,Tari Eason,1631106,BetMGM,2026-03-26,2026-03-25 13:19:22,2026-03-25,Regular Season,0.521,0.5121951219512195,0.4796954314720812,0.041304568527918806,0.0171904761904762,0.479,0.5555555555555556,0.5203045685279188,-0.04130456852791886,-0.13780000000000003,
PRICED,over,PTS,full_game,11.5,True,27.117136001586914,27.096388507459935,14.307957649230957,0.046712842749398034,14.354670491980356,0.5327606694856868,78bf92243997831090f4e81bdc0a5d4d7ba172f90b72e1ee43b198174beb3eea,4000,42,Andrew Wiggins,203952,Bovada,2026-03-25,2026-03-25 13:19:22,2026-03-25,Regular Season,0.66025,0.6491228070175439,0.6090534979423868,0.05119650205761317,0.017141891891891914,0.33975,0.4166666666666667,0.39094650205761317,-0.05119650205761317,-0.18460000000000004,
PRICED,over,PTS,full_game,10.5,True,24.764997482299805,24.744249988172825,11.304346084594727,0.16820727502880042,11.472553359623527,0.5327606694856868,78bf92243997831090f4e81bdc0a5d4d7ba172f90b72e1ee43b198174beb3eea,4000,42,Ziaire Williams,1630533,BetOnline.ag,2026-03-26,2026-03-25 13:19:22,2026-03-25,Regular Season,0.55875,0.5495495495495496,0.5164392569455861,0.042310743054413846,0.01674180327868846,0.44125000000000003,0.5145631067961165,0.483560743054414,-0.04231074305441396,-0.14247641509433956,
PRICED,over,PTS,full_game,13.5,True,28.987327575683594,28.96658008155661,13.827828407287598,0.04202019893517117,13.869848606222769,0.5327606694856868,78bf92243997831090f4e81bdc0a5d4d7ba172f90b72e1ee43b198174beb3eea,4000,42,Sam Merrill,1630241,FanDuel,2026-03-25,2026-03-25 13:19:22,2026-03-25,Regular Season,0.51825,0.5098039215686274,0.47591522157996147,0.04233477842003852,0.016567307692307742,0.48175,0.5614035087719298,0.5240847784200385,-0.04233477842003852,-0.14188281249999996,
PRICED,over,PTS,full_game,7.5,True,24.419374465942383,24.398626971815403,8.339065551757812,0.10666579095547132,8.445731342713284,0.5327606694856868,78bf92243997831090f4e81bdc0a5d4d7ba172f90b72e1ee43b198174beb3eea,4000,42,Drake Powell,1642962,BetMGM,2026-03-26,2026-03-25 13:19:22,2026-03-25,Regular Season,0.55425,0.5454545454545454,0.5101214574898786,0.04412854251012144,0.01612500000000011,0.44575,0.5238095238095238,0.48987854251012153,-0.04412854251012155,-0.14902272727272725,
PRICED,over,PTS,full_game,7.5,True,24.419374465942383,24.398626971815403,8.339065551757812,0.10666579095547132,8.445731342713284,0.5327606694856868,78bf92243997831090f4e81bdc0a5d4d7ba172f90b72e1ee43b198174beb3eea,4000,42,Drake Powell,1642962,Bovada,2026-03-26,2026-03-25 13:19:22,2026-03-25,Regular Season,0.55425,0.5454545454545454,0.5101214574898786,0.04412854251012144,0.01612500000000011,0.44575,0.5238095238095238,0.48987854251012153,-0.04412854251012155,-0.14902272727272725,
PRICED,over,PTS,full_game,9.5,True,25.035507202148438,25.014759708021458,12.892045021057129,0.21338662012528356,13.105431641182413,0.5327606694856868,78bf92243997831090f4e81bdc0a5d4d7ba172f90b72e1ee43b198174beb3eea,4000,42,Klay Thompson,202691,Bovada,2026-03-26,2026-03-25 13:19:22,2026-03-25,Regular Season,0.72575,0.7142857142857143,0.6705882352941177,0.0551617647058823,0.016049999999999953,0.27425,0.3508771929824561,0.32941176470588235,-0.055161764705882355,-0.21838749999999996,
PRICED,over,PTS,full_game,10.5,True,24.985828399658203,24.965080905531224,13.42587661743164,0.1539918355858247,13.579868453017465,0.5327606694856868,78bf92243997831090f4e81bdc0a5d4d7ba172f90b72e1ee43b198174beb3eea,4000,42,Cedric Coward,1642907,Bovada,2026-03-26,2026-03-25 13:19:22,2026-03-25,Regular Season,0.708,0.696969696969697,0.6529968454258674,0.05500315457413252,0.015826086956521657,0.29200000000000004,0.37037037037037035,0.34700315457413244,-0.05500315457413241,-0.21159999999999984,
PRICED,over,PTS,full_game,22.5,True,32.13052749633789,32.28852325391776,20.602521896362305,0.11400670728507989,20.716528603647383,0.6420909777808131,78bf92243997831090f4e81bdc0a5d4d7ba172f90b72e1ee43b198174beb3eea,4000,42,Tyler Herro,1629639,Bovada,2026-03-25,2026-03-25 13:19:22,2026-03-25,Regular Season,0.406,0.4,0.375,0.031000000000000028,0.015000000000000013,0.594,0.6666666666666666,0.625,-0.031000000000000028,-0.10900000000000004,
PRICED,over,PTS,full_game,7.5,True,22.55941390991211,22.762199755751347,7.83659029006958,-0.05055636978327149,7.786033920286308,0.4915060991395564,78bf92243997831090f4e81bdc0a5d4d7ba172f90b72e1ee43b198174beb3eea,4000,42,Dominick Barlow,1631230,DraftKings,2026-03-25,2026-03-25 13:19:22,2026-03-25,Regular Season,0.51725,0.5098039215686274,0.48124062031015497,0.03600937968984502,0.014605769230769283,0.48275,0.5495495495495496,0.5187593796898449,-0.036009379689844856,-0.12155327868852456,
PRICED,over,PTS,full_game,4.5,True,24.3814640045166,24.360716510389622,8.097933769226074,0.13406138963511238,8.231995158861187,0.5327606694856868,78bf92243997831090f4e81bdc0a5d4d7ba172f90b72e1ee43b198174beb3eea,4000,42,Isaiah Hartenstein,1628392,Bovada,2026-03-25,2026-03-25 13:19:22,2026-03-25,Regular Season,0.73275,0.7222222222222222,0.6768402154398564,0.055909784560143616,0.014576923076923043,0.26725,0.3448275862068966,0.32315978456014366,-0.05590978456014367,-0.22497500000000004,
PRICED,over,PTS,full_game,9.5,True,24.37023162841797,24.34948413429099,9.662095069885254,0.023093270417233,9.685188340302487,0.5327606694856868,78bf92243997831090f4e81bdc0a5d4d7ba172f90b72e1ee43b198174beb3eea,4000,42,Nick Richards,1630208,Bovada,2026-03-25,2026-03-25 13:19:22,2026-03-25,Regular Season,0.49475,0.4878048780487805,0.4592085979482169,0.03554140205178313,0.014237500000000014,0.50525,0.574468085106383,0.5407914020517831,-0.03554140205178313,-0.12049074074074079,
PRICED,over,PTS,full_game,7.5,True,25.17422103881836,25.15347354469138,10.259522438049316,0.5422286774792826,10.8017511155286,0.5327606694856868,78bf92243997831090f4e81bdc0a5d4d7ba172f90b72e1ee43b198174beb3eea,4000,42,Jalen Wilson,1630592,Bovada,2026-03-26,2026-03-25 13:19:22,2026-03-25,Regular Season,0.7155,0.7058823529411765,0.66,0.055499999999999994,0.01362500000000011,0.2845,0.36363636363636365,0.33999999999999997,-0.055499999999999994,-0.21762500000000007,
PRICED,over,PTS,full_game,11.5,True,31.06273651123047,31.220732268810337,11.99189281463623,0.08936273017729433,12.081255544813525,0.6420909777808131,78bf92243997831090f4e81bdc0a5d4d7ba172f90b72e1ee43b198174beb3eea,4000,42,Dyson Daniels,1630700,BetOnline.ag,2026-03-25,2026-03-25 13:19:22,2026-03-25,Regular Season,0.519,0.5121951219512195,0.48149290561381863,0.03750709438618138,0.01328571428571429,0.481,0.5515695067264574,0.5185070943861814,-0.03750709438618138,-0.12794308943089433,
PRICED,over,PTS,full_game,11.5,True,31.06273651123047,31.220732268810337,11.99189281463623,0.08936273017729433,12.081255544813525,0.6420909777808131,78bf92243997831090f4e81bdc0a5d4d7ba172f90b72e1ee43b198174beb3eea,4000,42,Dyson Daniels,1630700,Bovada,2026-03-25,2026-03-25 13:19:22,2026-03-25,Regular Season,0.519,0.5121951219512195,0.4796954314720812,0.039304568527918804,0.01328571428571429,0.481,0.5555555555555556,0.5203045685279188,-0.03930456852791886,-0.13419999999999999,
PRICED,over,PTS,full_game,9.5,True,25.17422103881836,25.15347354469138,10.259522438049316,0.5422286774792826,10.8017511155286,0.5327606694856868,78bf92243997831090f4e81bdc0a5d4d7ba172f90b72e1ee43b198174beb3eea,4000,42,Jalen Wilson,1630592,BetRivers,2026-03-26,2026-03-25 13:19:22,2026-03-25,Regular Season,0.58025,0.5726495726495726,0.5338645418326693,0.04638545816733075,0.013272388059701545,0.41974999999999996,0.5,0.4661354581673307,-0.04638545816733075,-0.1605000000000001,
PRICED,over,PTS,full_game,11.5,True,22.414613723754883,22.61739956959412,11.23256778717041,0.05412673820494705,11.286694525375356,0.4915060991395564,78bf92243997831090f4e81bdc0a5d4d7ba172f90b72e1ee43b198174beb3eea,4000,42,Gary Payton II,1627780,Bovada,2026-03-26,2026-03-25 13:19:22,2026-03-25,Regular Season,0.48225,0.47619047619047616,0.4458598726114649,0.03639012738853509,0.012725000000000097,0.5177499999999999,0.5918367346938775,0.554140127388535,-0.03639012738853509,-0.12518103448275864,
PRICED,over,PTS,full_game,10.5,True,22.414613723754883,22.61739956959412,11.23256778717041,0.05412673820494705,11.286694525375356,0.4915060991395564,78bf92243997831090f4e81bdc0a5d4d7ba172f90b72e1ee43b198174beb3eea,4000,42,Gary Payton II,1627780,Bovada,2026-03-26,2026-03-25 13:19:22,2026-03-25,Regular Season,0.55225,0.5454545454545454,0.5101214574898786,0.042128542510121436,0.01245833333333346,0.44775,0.5238095238095238,0.48987854251012153,-0.04212854251012155,-0.14520454545454548,
PRICED,over,PTS,full_game,14.5,True,24.985828399658203,24.965080905531224,13.42587661743164,0.1539918355858247,13.579868453017465,0.5327606694856868,78bf92243997831090f4e81bdc0a5d4d7ba172f90b72e1ee43b198174beb3eea,4000,42,Cedric Coward,1642907,Bovada,2026-03-26,2026-03-25 13:19:22,2026-03-25,Regular Season,0.43075,0.425531914893617,0.3982930298719772,0.032456970128022844,0.012262500000000065,0.56925,0.6428571428571429,0.6017069701280228,-0.03245697012802273,-0.11449999999999999,
PRICED,over,PTS,full_game,9.5,True,28.552658081054688,28.531910586927705,11.295323371887207,-0.04038289101299347,11.254940480874213,0.5327606694856868,78bf92243997831090f4e81bdc0a5d4d7ba172f90b72e1ee43b198174beb3eea,4000,42,Derrick Jones,1627884,Bovada,2026-03-26,2026-03-25 13:19:22,2026-03-25,Regular Season,0.599,0.5918367346938775,0.554140127388535,0.04485987261146496,0.012103448275862072,0.401,0.47619047619047616,0.4458598726114649,-0.0448598726114649,-0.15789999999999993,
PRICED,over,PTS,full_game,9.5,True,29.52571678161621,29.504969287489228,9.081414222717285,-0.03294953439683776,9.048464688320447,0.5327606694856868,78bf92243997831090f4e81bdc0a5d4d7ba172f90b72e1ee43b198174beb3eea,4000,42,Draymond Green,203110,Bovada,2026-03-26,2026-03-25 13:19:22,2026-03-25,Regular Season,0.44975,0.4444444444444444,0.4165029469548134,0.0332470530451866,0.011937499999999934,0.55025,0.6226415094339622,0.5834970530451867,-0.033247053045186714,-0.11626515151515154,
PRICED,over,PTS,full_game,13.5,True,28.987327575683594,28.96658008155661,13.827828407287598,0.04202019893517117,13.869848606222769,0.5327606694856868,78bf92243997831090f4e81bdc0a5d4d7ba172f90b72e1ee43b198174beb3eea,4000,42,Sam Merrill,1630241,BetMGM,2026-03-25,2026-03-25 13:19:22,2026-03-25,Regular Season,0.51825,0.5121951219512195,0.4796954314720812,0.038554568527918776,0.011821428571428538,0.48175,0.5555555555555556,0.5203045685279188,-0.03855456852791883,-0.13284999999999997,
PRICED,over,PTS,full_game,6.5,True,22.55941390991211,22.762199755751347,7.83659029006958,-0.05055636978327149,7.786033920286308,0.4915060991395564,78bf92243997831090f4e81bdc0a5d4d7ba172f90b72e1ee43b198174beb3eea,4000,42,Dominick Barlow,1631230,Bovada,2026-03-25,2026-03-25 13:19:22,2026-03-25,Regular Season,0.607,0.6,0.5633187772925764,0.043681222707423584,0.011666666666666548,0.393,0.46511627906976744,0.43668122270742354,-0.04368122270742353,-0.15505000000000002,
PRICED,over,PTS,full_game,4.5,True,23.929744720458984,24.13253056629822,8.186028480529785,0.010881614623015817,8.1969100951528,0.4915060991395564,78bf92243997831090f4e81bdc0a5d4d7ba172f90b72e1ee43b198174beb3eea,4000,42,Sam Hauser,1630573,Bovada,2026-03-25,2026-03-25 13:19:22,2026-03-25,Regular Season,0.74125,0.7333333333333333,0.6875,0.053749999999999964,0.010795454545454608,0.25875000000000004,0.3333333333333333,0.3125,-0.053749999999999964,-0.2237499999999999,
PRICED,over,PTS,full_game,7.5,True,28.654237747192383,28.6334902530654,10.936616897583008,0.20485911580503605,11.141476013388043,0.5327606694856868,78bf92243997831090f4e81bdc0a5d4d7ba172f90b72e1ee43b198174beb3eea,4000,42,Ausar Thompson,1641709,Bovada,2026-03-25,2026-03-25 13:19:22,2026-03-25,Regular Season,0.73,0.7222222222222222,0.6768402154398564,0.053159784560143586,0.010769230769230698,0.27,0.3448275862068966,0.32315978456014366,-0.05315978456014364,-0.21699999999999997,
PRICED,over,PTS,full_game,19.5,True,32.13052749633789,32.28852325391776,20.602521896362305,0.11400670728507989,20.716528603647383,0.6420909777808131,78bf92243997831090f4e81bdc0a5d4d7ba172f90b72e1ee43b198174beb3eea,4000,42,Tyler Herro,1629639,DraftKings,2026-03-25,2026-03-25 13:19:22,2026-03-25,Regular Season,0.55325,0.5475113122171946,0.5155112508272668,0.03773874917273323,0.010481404958677665,0.44675,0.5145631067961165,0.48448874917273327,-0.03773874917273329,-0.13178773584905662,
PRICED,over,PTS,full_game,14.5,True,36.39570617675781,36.90122171082665,18.18636703491211,0.019495259918293466,18.205862294830403,0.746175435493391,78bf92243997831090f4e81bdc0a5d4d7ba172f90b72e1ee43b198174beb3eea,4000,42,Amen Thompson,1641708,Bovada,2026-03-26,2026-03-25 13:19:22,2026-03-25,Regular Season,0.70425,0.696969696969697,0.6529968454258674,0.0512531545741326,0.010445652173913078,0.29574999999999996,0.37037037037037035,0.34700315457413244,-0.05125315457413249,-0.20147500000000007,
PRICED,over,PTS,full_game,13.5,True,31.06273651123047,31.220732268810337,11.99189281463623,0.08936273017729433,12.081255544813525,0.6420909777808131,78bf92243997831090f4e81bdc0a5d4d7ba172f90b72e1ee43b198174beb3eea,4000,42,Dyson Daniels,1630700,Bovada,2026-03-25,2026-03-25 13:19:22,2026-03-25,Regular Season,0.38125,0.37735849056603776,0.35437430786268,0.026875692137319995,0.010312499999999947,0.61875,0.6875,0.6456256921373201,-0.026875692137320106,-0.09999999999999992,
PRICED,over,PTS,full_game,12.5,True,24.985828399658203,24.965080905531224,13.42587661743164,0.1539918355858247,13.579868453017465,0.5327606694856868,78bf92243997831090f4e81bdc0a5d4d7ba172f90b72e1ee43b198174beb3eea,4000,42,Cedric Coward,1642907,FanDuel,2026-03-26,2026-03-25 13:19:22,2026-03-25,Regular Season,0.571,0.5652173913043478,0.5281576830249397,0.042842316975060246,0.010230769230769099,0.42900000000000005,0.504950495049505,0.4718423169750604,-0.04284231697506036,-0.15041176470588224,
PRICED,over,PTS,full_game,7.5,True,22.55941390991211,22.762199755751347,7.83659029006958,-0.05055636978327149,7.786033920286308,0.4915060991395564,78bf92243997831090f4e81bdc0a5d4d7ba172f90b72e1ee43b198174beb3eea,4000,42,Dominick Barlow,1631230,Bovada,2026-03-25,2026-03-25 13:19:22,2026-03-25,Regular Season,0.51725,0.5121951219512195,0.4796954314720812,0.037554568527918775,0.009869047619047555,0.48275,0.5555555555555556,0.5203045685279188,-0.03755456852791883,-0.13104999999999994,
PRICED,over,PTS,full_game,8.5,True,24.419374465942383,24.398626971815403,8.339065551757812,0.10666579095547132,8.445731342713284,0.5327606694856868,78bf92243997831090f4e81bdc0a5d4d7ba172f90b72e1ee43b198174beb3eea,4000,42,Drake Powell,1642962,BetRivers,2026-03-26,2026-03-25 13:19:22,2026-03-25,Regular Season,0.4855,0.4807692307692308,0.44617156016119747,0.03932843983880252,0.009840000000000071,0.5145,0.5967741935483871,0.5538284398388026,-0.03932843983880263,-0.13786486486486488,
PRICED,over,PTS,full_game,10.5,True,22.030521392822266,22.233307238661503,8.128360748291016,0.03647207217169879,8.164832820462715,0.4915060991395564,78bf92243997831090f4e81bdc0a5d4d7ba172f90b72e1ee43b198174beb3eea,4000,42,Luke Kennard,1628379,Bovada,2026-03-25,2026-03-25 13:19:22,2026-03-25,Regular Season,0.331,0.32786885245901637,0.3079416531604538,0.023058346839546218,0.009549999999999947,0.669,0.7368421052631579,0.6920583468395461,-0.023058346839546107,-0.09207142857142853,
PRICED,over,PTS,full_game,23.5,True,35.243343353271484,35.40133911085135,23.194602966308594,0.1067812234085172,23.301384189717112,0.6420909777808131,78bf92243997831090f4e81bdc0a5d4d7ba172f90b72e1ee43b198174beb3eea,4000,42,James Harden,201935,BetRivers,2026-03-25,2026-03-25 13:19:22,2026-03-25,Regular Season,0.46725,0.46296296296296297,0.4299183321160614,0.0373316678839386,0.009260000000000046,0.5327500000000001,0.6138996138996139,0.5700816678839387,-0.0373316678839386,-0.13218710691823904,
PRICED,over,PTS,full_game,9.5,True,24.764997482299805,24.744249988172825,11.304346084594727,0.16820727502880042,11.472553359623527,0.5327606694856868,78bf92243997831090f4e81bdc0a5d4d7ba172f90b72e1ee43b198174beb3eea,4000,42,Ziaire Williams,1630533,Bovada,2026-03-26,2026-03-25 13:19:22,2026-03-25,Regular Season,0.628,0.6226415094339622,0.5834970530451867,0.04450294695481327,0.008606060606060562,0.372,0.4444444444444444,0.4165029469548134,-0.04450294695481338,-0.16300000000000003,
PRICED,over,PTS,full_game,21.5,True,35.243343353271484,35.40133911085135,23.194602966308594,0.1067812234085172,23.301384189717112,0.6420909777808131,78bf92243997831090f4e81bdc0a5d4d7ba172f90b72e1ee43b198174beb3eea,4000,42,James Harden,201935,FanDuel,2026-03-25,2026-03-25 13:19:22,2026-03-25,Regular Season,0.57375,0.5689655172413793,0.532258064516129,0.04149193548387098,0.008409090909090866,0.42625,0.5,0.4677419354838709,-0.04149193548387087,-0.14749999999999996,
PRICED,over,PTS,full_game,11.5,True,27.966472625732422,27.94572513160544,13.153449058532715,-0.09437765780543017,13.059071400727285,0.5327606694856868,78bf92243997831090f4e81bdc0a5d4d7ba172f90b72e1ee43b198174beb3eea,4000,42,Toumani Camara,1641739,Bovada,2026-03-26,2026-03-25 13:19:22,2026-03-25,Regular Season,0.605,0.6,0.5633187772925764,0.04168122270742358,0.008333333333333193,0.395,0.46511627906976744,0.43668122270742354,-0.041681222707423526,-0.15075,
PRICED,over,PTS,full_game,8.5,True,29.52571678161621,29.504969287489228,9.081414222717285,-0.03294953439683776,9.048464688320447,0.5327606694856868,78bf92243997831090f4e81bdc0a5d4d7ba172f90b72e1ee43b198174beb3eea,4000,42,Draymond Green,203110,DraftKings,2026-03-26,2026-03-25 13:19:22,2026-03-25,Regular Season,0.5235,0.5192307692307693,0.4896023956080519,0.033897604391948055,0.008222222222222242,0.47650000000000003,0.5412844036697247,0.510397604391948,-0.033897604391948,-0.11968644067796608,
PRICED,over,PTS,full_game,23.5,True,32.13052749633789,32.28852325391776,20.602521896362305,0.11400670728507989,20.716528603647383,0.6420909777808131,78bf92243997831090f4e81bdc0a5d4d7ba172f90b72e1ee43b198174beb3eea,4000,42,Tyler Herro,1629639,Bovada,2026-03-25,2026-03-25 13:19:22,2026-03-25,Regular Season,0.35375,0.3508771929824561,0.32941176470588235,0.02433823529411766,0.008187500000000014,0.64625,0.7142857142857143,0.6705882352941177,-0.024338235294117716,-0.09525000000000006,
PRICED,over,PTS,full_game,7.5,True,22.66581153869629,22.868597384535526,8.16478443145752,-0.08576942493259945,8.07901500652492,0.4915060991395564,78bf92243997831090f4e81bdc0a5d4d7ba172f90b72e1ee43b198174beb3eea,4000,42,Tari Eason,1631106,BetRivers,2026-03-26,2026-03-25 13:19:22,2026-03-25,Regular Season,0.521,0.5169082125603864,0.4802285578710111,0.04077144212898892,0.007915887850467374,0.479,0.5594713656387665,0.519771442128989,-0.04077144212898898,-0.14383464566929138,
PRICED,over,PTS,full_game,12.5,True,27.966472625732422,27.94572513160544,13.153449058532715,-0.09437765780543017,13.059071400727285,0.5327606694856868,78bf92243997831090f4e81bdc0a5d4d7ba172f90b72e1ee43b198174beb3eea,4000,42,Toumani Camara,1641739,DraftKings,2026-03-26,2026-03-25 13:19:22,2026-03-25,Regular Season,0.53675,0.5327102803738317,0.5031375502008032,0.03361244979919675,0.007583333333333275,0.46325000000000005,0.5260663507109005,0.4968624497991968,-0.03361244979919675,-0.11940765765765748,
PRICED,over,PTS,full_game,11.5,True,23.601816177368164,23.8046020232074,12.341578483581543,-0.03987603901480194,12.301702444566741,0.4915060991395564,78bf92243997831090f4e81bdc0a5d4d7ba172f90b72e1ee43b198174beb3eea,4000,42,Ajay Mitchell,1642349,DraftKings,2026-03-25,2026-03-25 13:19:22,2026-03-25,Regular Season,0.54325,0.5391705069124424,0.5083149711054754,0.0349350288945246,0.007566239316239398,0.45675,0.5215311004784688,0.4916850288945246,-0.0349350288945246,-0.12421330275229359,
PRICED,over,PTS,full_game,16.5,True,31.385635375976562,31.54363113355643,17.061952590942383,0.17023114052883484,17.232183731471217,0.6420909777808131,78bf92243997831090f4e81bdc0a5d4d7ba172f90b72e1ee43b198174beb3eea,4000,42,Naji Marshall,1630230,BetOnline.ag,2026-03-26,2026-03-25 13:19:22,2026-03-25,Regular Season,0.5365,0.5327102803738317,0.5,0.03649999999999998,0.007114035087719295,0.4635,0.5327102803738317,0.5,-0.03649999999999998,-0.12992105263157888,
PRICED,over,PTS,full_game,14.5,True,24.568023681640625,24.547276187513646,14.854936599731445,0.10032632076956734,14.955262920501013,0.5327606694856868,78bf92243997831090f4e81bdc0a5d4d7ba172f90b72e1ee43b198174beb3eea,4000,42,Collin Sexton,1629012,BetMGM,2026-03-25,2026-03-25 13:19:22,2026-03-25,Regular Season,0.51575,0.5121951219512195,0.4796954314720812,0.03605456852791883,0.006940476190476219,0.48424999999999996,0.5555555555555556,0.5203045685279188,-0.036054568527918884,-0.12835000000000008,
PRICED,over,PTS,full_game,9.5,True,31.06273651123047,31.220732268810337,11.99189281463623,0.08936273017729433,12.081255544813525,0.6420909777808131,78bf92243997831090f4e81bdc0a5d4d7ba172f90b72e1ee43b198174beb3eea,4000,42,Dyson Daniels,1630700,Bovada,2026-03-25,2026-03-25 13:19:22,2026-03-25,Regular Season,0.6595,0.6551724137931034,0.6161482461945731,0.043351753805426885,0.006605263157894614,0.3405,0.40816326530612246,0.3838517538054269,-0.043351753805426885,-0.1657749999999999,
PRICED,over,PTS,full_game,6.5,True,22.55941390991211,22.762199755751347,7.83659029006958,-0.05055636978327149,7.786033920286308,0.4915060991395564,78bf92243997831090f4e81bdc0a5d4d7ba172f90b72e1ee43b198174beb3eea,4000,42,Dominick Barlow,1631230,BetRivers,2026-03-25,2026-03-25 13:19:22,2026-03-25,Regular Season,0.607,0.6031746031746031,0.5611590972415714,0.04584090275842856,0.006342105263157871,0.393,0.4716981132075472,0.4388409027584286,-0.04584090275842856,-0.16683999999999993,
PRICED,over,PTS,full_game,12.5,True,25.26226234436035,25.241514850233372,12.96000862121582,0.0278778472041177,12.987886468419939,0.5327606694856868,78bf92243997831090f4e81bdc0a5d4d7ba172f90b72e1ee43b198174beb3eea,4000,42,Naz Reid,1629675,FanDuel,2026-03-26,2026-03-25 13:19:22,2026-03-25,Regular Season,0.527,0.5238095238095238,0.48987854251012153,0.037121457489878495,0.006090909090909202,0.473,0.5454545454545454,0.5101214574898786,-0.037121457489878606,-0.1328333333333333,
PRICED,over,PTS,full_game,13.5,True,27.90944480895996,27.888697314832978,13.97557258605957,0.009696416097275905,13.985269002156846,0.5327606694856868,78bf92243997831090f4e81bdc0a5d4d7ba172f90b72e1ee43b198174beb3eea,4000,42,Tre Jones,1630200,FanDuel,2026-03-25,2026-03-25 13:19:22,2026-03-25,Regular Season,0.52225,0.5192307692307693,0.4896023956080519,0.03264760439194808,0.005814814814814884,0.47775,0.5412844036697247,0.510397604391948,-0.032647604391948026,-0.1173771186440678,
PRICED,over,PTS,full_game,7.5,True,22.55941390991211,22.762199755751347,7.83659029006958,-0.05055636978327149,7.786033920286308,0.4915060991395564,78bf92243997831090f4e81bdc0a5d4d7ba172f90b72e1ee43b198174beb3eea,4000,42,Dominick Barlow,1631230,FanDuel,2026-03-25,2026-03-25 13:19:22,2026-03-25,Regular Season,0.51725,0.5145631067961165,0.48542880932556204,0.03182119067443795,0.005221698113207551,0.48275,0.5454545454545454,0.5145711906744379,-0.031821190674437894,-0.11495833333333322,
PRICED,over,PTS,full_game,20.5,True,34.599552154541016,34.757547912120884,22.59900665283203,0.049018036571125245,22.648024689403158,0.6420909777808131,78bf92243997831090f4e81bdc0a5d4d7ba172f90b72e1ee43b198174beb3eea,4000,42,Bam Adebayo,1628389,BetRivers,2026-03-25,2026-03-25 13:19:22,2026-03-25,Regular Season,0.59975,0.5967741935483871,0.5538284398388026,0.04592156016119742,0.004986486486486474,0.40025,0.4807692307692308,0.44617156016119747,-0.04592156016119747,-0.16747999999999996,
PRICED,over,PTS,full_game,7.5,True,23.929744720458984,24.13253056629822,8.186028480529785,0.010881614623015817,8.1969100951528,0.4915060991395564,78bf92243997831090f4e81bdc0a5d4d7ba172f90b72e1ee43b198174beb3eea,4000,42,Sam Hauser,1630573,BetMGM,2026-03-25,2026-03-25 13:19:22,2026-03-25,Regular Season,0.53725,0.5348837209302325,0.5,0.037250000000000005,0.0044239130434782226,0.46275,0.5348837209302325,0.5,-0.037250000000000005,-0.134858695652174,
PRICED,over,PTS,full_game,9.5,True,24.37023162841797,24.34948413429099,9.662095069885254,0.023093270417233,9.685188340302487,0.5327606694856868,78bf92243997831090f4e81bdc0a5d4d7ba172f90b72e1ee43b198174beb3eea,4000,42,Nick Richards,1630208,DraftKings,2026-03-25,2026-03-25 13:19:22,2026-03-25,Regular Season,0.49475,0.49261083743842365,0.46485420481757994,0.029895795182420082,0.004342500000000138,0.50525,0.5670995670995671,0.53514579518242,-0.029895795182420026,-0.10906297709923674,
PRICED,over,PTS,full_game,17.5,True,29.712934494018555,29.69218699989157,18.254894256591797,0.038316045804493604,18.29321030239629,0.5327606694856868,78bf92243997831090f4e81bdc0a5d4d7ba172f90b72e1ee43b198174beb3eea,4000,42,Bennedict Mathurin,1631097,BetRivers,2026-03-26,2026-03-25 13:19:22,2026-03-25,Regular Season,0.53275,0.5305164319248826,0.49305831019436736,0.03969168980563259,0.004210176991150338,0.46725000000000005,0.5454545454545454,0.5069416898056327,-0.039691689805632646,-0.1433749999999998,
PRICED,over,PTS,full_game,12.5,True,31.06273651123047,31.220732268810337,11.99189281463623,0.08936273017729433,12.081255544813525,0.6420909777808131,78bf92243997831090f4e81bdc0a5d4d7ba172f90b72e1ee43b198174beb3eea,4000,42,Dyson Daniels,1630700,Bovada,2026-03-25,2026-03-25 13:19:22,2026-03-25,Regular Season,0.44625,0.4444444444444444,0.4165029469548134,0.0297470530451866,0.004062499999999969,0.55375,0.6226415094339622,0.5834970530451867,-0.029747053045186767,-0.11064393939393946,
PRICED,over,PTS,full_game,11.5,True,31.06273651123047,31.220732268810337,11.99189281463623,0.08936273017729433,12.081255544813525,0.6420909777808131,78bf92243997831090f4e81bdc0a5d4d7ba172f90b72e1ee43b198174beb3eea,4000,42,Dyson Daniels,1630700,BetRivers,2026-03-25,2026-03-25 13:19:22,2026-03-25,Regular Season,0.519,0.5169082125603864,0.4802285578710111,0.03877144212898892,0.0040467289719626764,0.481,0.5594713656387665,0.519771442128989,-0.038771442128988975,-0.1402598425196851,
PRICED,over,PTS,full_game,7.5,True,21.962265014648438,22.165050860487675,7.550651550292969,0.1458887301801991,7.696540280473168,0.4915060991395564,78bf92243997831090f4e81bdc0a5d4d7ba172f90b72e1ee43b198174beb3eea,4000,42,Taurean Prince,1627752,BetRivers,2026-03-26,2026-03-25 13:19:22,2026-03-25,Regular Season,0.50925,0.5073891625615764,0.4697879307656324,0.03946206923436757,0.0036674757281552894,0.49075,0.5726495726495726,0.5302120692343677,-0.03946206923436768,-0.1430186567164179,
PRICED,over,PTS,full_game,11.5,True,23.601816177368164,23.8046020232074,12.341578483581543,-0.03987603901480194,12.301702444566741,0.4915060991395564,78bf92243997831090f4e81bdc0a5d4d7ba172f90b72e1ee43b198174beb3eea,4000,42,Ajay Mitchell,1642349,BetRivers,2026-03-25,2026-03-25 13:19:22,2026-03-25,Regular Season,0.54325,0.5412844036697247,0.5029738302934179,0.0402761697065821,0.003631355932203373,0.45675,0.5348837209302325,0.4970261697065821,-0.0402761697065821,-0.1460760869565218,
PRICED,over,PTS,full_game,12.5,True,27.966472625732422,27.94572513160544,13.153449058532715,-0.09437765780543017,13.059071400727285,0.5327606694856868,78bf92243997831090f4e81bdc0a5d4d7ba172f90b72e1ee43b198174beb3eea,4000,42,Toumani Camara,1641739,Bovada,2026-03-26,2026-03-25 13:19:22,2026-03-25,Regular Season,0.53675,0.5348837209302325,0.5,0.03674999999999995,0.0034891304347824392,0.46325000000000005,0.5348837209302325,0.5,-0.03674999999999995,-0.13392391304347823,
PRICED,over,PTS,full_game,12.5,True,27.966472625732422,27.94572513160544,13.153449058532715,-0.09437765780543017,13.059071400727285,0.5327606694856868,78bf92243997831090f4e81bdc0a5d4d7ba172f90b72e1ee43b198174beb3eea,4000,42,Toumani Camara,1641739,BetMGM,2026-03-26,2026-03-25 13:19:22,2026-03-25,Regular Season,0.53675,0.5348837209302325,0.5,0.03674999999999995,0.0034891304347824392,0.46325000000000005,0.5348837209302325,0.5,-0.03674999999999995,-0.13392391304347823,
PRICED,over,PTS,full_game,12.5,True,27.966472625732422,27.94572513160544,13.153449058532715,-0.09437765780543017,13.059071400727285,0.5327606694856868,78bf92243997831090f4e81bdc0a5d4d7ba172f90b72e1ee43b198174beb3eea,4000,42,Toumani Camara,1641739,BetOnline.ag,2026-03-26,2026-03-25 13:19:22,2026-03-25,Regular Season,0.53675,0.5348837209302325,0.5030953363598845,0.03365466364011549,0.0034891304347824392,0.46325000000000005,0.5283018867924528,0.4969046636401156,-0.033654663640115545,-0.12313392857142852,
PRICED,over,PTS,full_game,19.5,True,32.13052749633789,32.28852325391776,20.602521896362305,0.11400670728507989,20.716528603647383,0.6420909777808131,78bf92243997831090f4e81bdc0a5d4d7ba172f90b72e1ee43b198174beb3eea,4000,42,Tyler Herro,1629639,BetOnline.ag,2026-03-25,2026-03-25 13:19:22,2026-03-25,Regular Season,0.55325,0.5515695067264574,0.519675254742772,0.033574745257228034,0.0030467479674797238,0.44675,0.5098039215686274,0.480324745257228,-0.033574745257228034,-0.1236826923076923,
PRICED,over,PTS,full_game,8.5,True,24.37023162841797,24.34948413429099,9.662095069885254,0.023093270417233,9.685188340302487,0.5327606694856868,78bf92243997831090f4e81bdc0a5d4d7ba172f90b72e1ee43b198174beb3eea,4000,42,Nick Richards,1630208,FanDuel,2026-03-25,2026-03-25 13:19:22,2026-03-25,Regular Season,0.563,0.5614035087719298,0.5289256198347108,0.034074380165289186,0.0028437499999999227,0.43700000000000006,0.5,0.4710743801652893,-0.03407438016528924,-0.1259999999999999,
PRICED,over,PTS,full_game,20.5,True,32.13052749633789,32.28852325391776,20.602521896362305,0.11400670728507989,20.716528603647383,0.6420909777808131,78bf92243997831090f4e81bdc0a5d4d7ba172f90b72e1ee43b198174beb3eea,4000,42,Tyler Herro,1629639,Bovada,2026-03-25,2026-03-25 13:19:22,2026-03-25,Regular Season,0.50075,0.5,0.4693877551020409,0.031362244897959135,0.0015000000000000568,0.49924999999999997,0.5652173913043478,0.5306122448979592,-0.031362244897959246,-0.11671153846153853,
PRICED,over,PTS,full_game,13.5,True,23.601816177368164,23.8046020232074,12.341578483581543,-0.03987603901480194,12.301702444566741,0.4915060991395564,78bf92243997831090f4e81bdc0a5d4d7ba172f90b72e1ee43b198174beb3eea,4000,42,Ajay Mitchell,1642349,Bovada,2026-03-25,2026-03-25 13:19:22,2026-03-25,Regular Season,0.40875,0.40816326530612246,0.3838517538054269,0.024898246194573093,0.0014374999999999805,0.59125,0.6551724137931034,0.6161482461945731,-0.024898246194573037,-0.09756578947368427,
PRICED,over,PTS,full_game,13.5,True,27.90944480895996,27.888697314832978,13.97557258605957,0.009696416097275905,13.985269002156846,0.5327606694856868,78bf92243997831090f4e81bdc0a5d4d7ba172f90b72e1ee43b198174beb3eea,4000,42,Tre Jones,1630200,BetOnline.ag,2026-03-25,2026-03-25 13:19:22,2026-03-25,Regular Season,0.52225,0.5215311004784688,0.48974190636412124,0.032508093635878754,0.0013784403669724887,0.47775,0.54337899543379,0.5102580936358787,-0.0325080936358787,-0.1207794117647058,
PRICED,over,PTS,full_game,13.5,True,27.90944480895996,27.888697314832978,13.97557258605957,0.009696416097275905,13.985269002156846,0.5327606694856868,78bf92243997831090f4e81bdc0a5d4d7ba172f90b72e1ee43b198174beb3eea,4000,42,Tre Jones,1630200,DraftKings,2026-03-25,2026-03-25 13:19:22,2026-03-25,Regular Season,0.52225,0.5215311004784688,0.4926759856030803,0.0295740143969197,0.0013784403669724887,0.47775,0.5370370370370371,0.5073240143969199,-0.029574014396919868,-0.11039655172413793,
PRICED,over,PTS,full_game,13.5,True,27.90944480895996,27.888697314832978,13.97557258605957,0.009696416097275905,13.985269002156846,0.5327606694856868,78bf92243997831090f4e81bdc0a5d4d7ba172f90b72e1ee43b198174beb3eea,4000,42,Tre Jones,1630200,BetRivers,2026-03-25,2026-03-25 13:19:22,2026-03-25,Regular Season,0.52225,0.5215311004784688,0.4842053307008884,0.0380446692991116,0.0013784403669724887,0.47775,0.5555555555555556,0.5157946692991116,-0.038044669299111544,-0.14004999999999995,
PRICED,over,PTS,full_game,12.5,True,28.987327575683594,28.96658008155661,13.827828407287598,0.04202019893517117,13.869848606222769,0.5327606694856868,78bf92243997831090f4e81bdc0a5d4d7ba172f90b72e1ee43b198174beb3eea,4000,42,Sam Merrill,1630241,BetRivers,2026-03-25,2026-03-25 13:19:22,2026-03-25,Regular Season,0.58925,0.588477366255144,0.5479742549946055,0.04127574500539455,0.0013129370629370585,0.41074999999999995,0.4854368932038835,0.4520257450053946,-0.04127574500539466,-0.15385500000000008,
PRICED,over,PTS,full_game,22.5,True,35.243343353271484,35.40133911085135,23.194602966308594,0.1067812234085172,23.301384189717112,0.6420909777808131,78bf92243997831090f4e81bdc0a5d4d7ba172f90b72e1ee43b198174beb3eea,4000,42,James Harden,201935,BetOnline.ag,2026-03-25,2026-03-25 13:19:22,2026-03-25,Regular Season,0.51975,0.5192307692307693,0.4876847290640395,0.032065270935960566,0.0010000000000001674,0.48024999999999995,0.5454545454545454,0.5123152709359606,-0.03206527093596068,-0.11954166666666666,
PRICED,over,PTS,full_game,7.5,True,22.55941390991211,22.762199755751347,7.83659029006958,-0.05055636978327149,7.786033920286308,0.4915060991395564,78bf92243997831090f4e81bdc0a5d4d7ba172f90b72e1ee43b198174beb3eea,4000,42,Dominick Barlow,1631230,BetRivers,2026-03-25,2026-03-25 13:19:22,2026-03-25,Regular Season,0.51725,0.5169082125603864,0.4802285578710111,0.03702144212898889,0.0006612149532710387,0.48275,0.5594713656387665,0.519771442128989,-0.037021442128988946,-0.13713188976377955,
PRICED,over,PTS,full_game,17.5,True,29.712934494018555,29.69218699989157,18.254894256591797,0.038316045804493604,18.29321030239629,0.5327606694856868,78bf92243997831090f4e81bdc0a5d4d7ba172f90b72e1ee43b198174beb3eea,4000,42,Bennedict Mathurin,1631097,FanDuel,2026-03-26,2026-03-25 13:19:22,2026-03-25,Regular Season,0.53275,0.5327102803738317,0.5,0.032749999999999946,7.456140350869944e-05,0.46725000000000005,0.5327102803738317,0.5,-0.032749999999999946,-0.12288157894736829,
NO_BET,,PTS,full_game,8.5,True,29.52571678161621,29.504969287489228,9.081414222717285,-0.03294953439683776,9.048464688320447,0.5327606694856868,78bf92243997831090f4e81bdc0a5d4d7ba172f90b72e1ee43b198174beb3eea,4000,42,Draymond Green,203110,Bovada,2026-03-26,2026-03-25 13:19:22,2026-03-25,Regular Season,0.5235,0.5238095238095238,0.48987854251012153,0.03362145748987844,-0.0005909090909091419,0.47650000000000003,0.5454545454545454,0.5101214574898786,-0.03362145748987855,-0.1264166666666665,positive vig-free edge with nonpositive EV
NO_BET,,PTS,full_game,12.5,True,23.601816177368164,23.8046020232074,12.341578483581543,-0.03987603901480194,12.301702444566741,0.4915060991395564,78bf92243997831090f4e81bdc0a5d4d7ba172f90b72e1ee43b198174beb3eea,4000,42,Ajay Mitchell,1642349,Bovada,2026-03-25,2026-03-25 13:19:22,2026-03-25,Regular Season,0.47575,0.47619047619047616,0.4458598726114649,0.02989012738853508,-0.0009249999999999536,0.52425,0.5918367346938775,0.554140127388535,-0.029890127388535026,-0.11419827586206893,positive vig-free edge with nonpositive EV
NO_BET,,PTS,full_game,21.5,True,35.243343353271484,35.40133911085135,23.194602966308594,0.1067812234085172,23.301384189717112,0.6420909777808131,78bf92243997831090f4e81bdc0a5d4d7ba172f90b72e1ee43b198174beb3eea,4000,42,James Harden,201935,Bovada,2026-03-25,2026-03-25 13:19:22,2026-03-25,Regular Season,0.57375,0.574468085106383,0.5407914020517831,0.03295859794821687,-0.0012500000000000289,0.42625,0.4878048780487805,0.4592085979482169,-0.03295859794821687,-0.12618750000000006,positive vig-free edge with nonpositive EV
NO_BET,,PTS,full_game,16.5,True,35.39308547973633,35.5510812373162,17.288541793823242,0.15619774757785815,17.444739541401102,0.6420909777808131,78bf92243997831090f4e81bdc0a5d4d7ba172f90b72e1ee43b198174beb3eea,4000,42,Derrick White,1628401,Bovada,2026-03-25,2026-03-25 13:19:22,2026-03-25,Regular Season,0.5445,0.5454545454545454,0.5101214574898786,0.0343785425101214,-0.0017499999999999738,0.4555,0.5238095238095238,0.48987854251012153,-0.03437854251012151,-0.13040909090909086,positive vig-free edge with nonpositive EV
NO_BET,,PTS,full_game,13.5,True,28.987327575683594,28.96658008155661,13.827828407287598,0.04202019893517117,13.869848606222769,0.5327606694856868,78bf92243997831090f4e81bdc0a5d4d7ba172f90b72e1ee43b198174beb3eea,4000,42,Sam Merrill,1630241,BetRivers,2026-03-25,2026-03-25 13:19:22,2026-03-25,Regular Season,0.51825,0.5192307692307693,0.4813476792586193,0.03690232074138067,-0.0018888888888888289,0.48175,0.5594713656387665,0.5186523207413807,-0.03690232074138067,-0.13891929133858266,positive vig-free edge with nonpositive EV
NO_BET,,PTS,full_game,15.5,True,35.39308547973633,35.5510812373162,17.288541793823242,0.15619774757785815,17.444739541401102,0.6420909777808131,78bf92243997831090f4e81bdc0a5d4d7ba172f90b72e1ee43b198174beb3eea,4000,42,Derrick White,1628401,Bovada,2026-03-25,2026-03-25 13:19:22,2026-03-25,Regular Season,0.59875,0.6,0.5633187772925764,0.035431222707423604,-0.002083333333333437,0.40125,0.46511627906976744,0.43668122270742354,-0.03543122270742355,-0.13731250000000006,positive vig-free edge with nonpositive EV
NO_BET,,PTS,full_game,14.5,True,27.90944480895996,27.888697314832978,13.97557258605957,0.009696416097275905,13.985269002156846,0.5327606694856868,78bf92243997831090f4e81bdc0a5d4d7ba172f90b72e1ee43b198174beb3eea,4000,42,Tre Jones,1630200,Bovada,2026-03-25,2026-03-25 13:19:22,2026-03-25,Regular Season,0.4535,0.45454545454545453,0.4248366013071895,0.028663398692810538,-0.0022999999999998577,0.5465,0.6153846153846154,0.5751633986928104,-0.028663398692810427,-0.11193750000000002,positive vig-free edge with nonpositive EV
NO_BET,,PTS,full_game,9.5,True,22.414613723754883,22.61739956959412,11.23256778717041,0.05412673820494705,11.286694525375356,0.4915060991395564,78bf92243997831090f4e81bdc0a5d4d7ba172f90b72e1ee43b198174beb3eea,4000,42,Gary Payton II,1627780,Bovada,2026-03-26,2026-03-25 13:19:22,2026-03-25,Regular Season,0.621,0.6226415094339622,0.5834970530451867,0.037502946954813265,-0.0026363636363637144,0.379,0.4444444444444444,0.4165029469548134,-0.037502946954813376,-0.14725,positive vig-free edge with nonpositive EV
NO_BET,,PTS,full_game,13.5,True,25.26226234436035,25.241514850233372,12.96000862121582,0.0278778472041177,12.987886468419939,0.5327606694856868,78bf92243997831090f4e81bdc0a5d4d7ba172f90b72e1ee43b198174beb3eea,4000,42,Naz Reid,1629675,BetRivers,2026-03-26,2026-03-25 13:19:22,2026-03-25,Regular Season,0.4575,0.45871559633027525,0.42420361773651355,0.03329638226348647,-0.002650000000000041,0.5425,0.6226415094339622,0.5757963822634864,-0.03329638226348641,-0.12871212121212128,positive vig-free edge with nonpositive EV
NO_BET,,PTS,full_game,13.5,True,27.90944480895996,27.888697314832978,13.97557258605957,0.009696416097275905,13.985269002156846,0.5327606694856868,78bf92243997831090f4e81bdc0a5d4d7ba172f90b72e1ee43b198174beb3eea,4000,42,Tre Jones,1630200,Bovada,2026-03-25,2026-03-25 13:19:22,2026-03-25,Regular Season,0.52225,0.5238095238095238,0.48987854251012153,0.032371457489878463,-0.0029772727272727173,0.47775,0.5454545454545454,0.5101214574898786,-0.032371457489878575,-0.12412499999999993,positive vig-free edge with nonpositive EV
NO_BET,,PTS,full_game,18.5,True,35.39308547973633,35.5510812373162,17.288541793823242,0.15619774757785815,17.444739541401102,0.6420909777808131,78bf92243997831090f4e81bdc0a5d4d7ba172f90b72e1ee43b198174beb3eea,4000,42,Derrick White,1628401,Bovada,2026-03-25,2026-03-25 13:19:22,2026-03-25,Regular Season,0.42425,0.425531914893617,0.3982930298719772,0.025956970128022838,-0.0030124999999999735,0.57575,0.6428571428571429,0.6017069701280228,-0.025956970128022783,-0.10438888888888892,positive vig-free edge with nonpositive EV
NO_BET,,PTS,full_game,22.5,True,35.243343353271484,35.40133911085135,23.194602966308594,0.1067812234085172,23.301384189717112,0.6420909777808131,78bf92243997831090f4e81bdc0a5d4d7ba172f90b72e1ee43b198174beb3eea,4000,42,James Harden,201935,BetRivers,2026-03-25,2026-03-25 13:19:22,2026-03-25,Regular Season,0.51975,0.5215311004784688,0.4842053307008884,0.03554466929911165,-0.003415137614678765,0.48024999999999995,0.5555555555555556,0.5157946692991116,-0.0355446692991116,-0.13555000000000006,positive vig-free edge with nonpositive EV
NO_BET,,PTS,full_game,13.5,True,27.966472625732422,27.94572513160544,13.153449058532715,-0.09437765780543017,13.059071400727285,0.5327606694856868,78bf92243997831090f4e81bdc0a5d4d7ba172f90b72e1ee43b198174beb3eea,4000,42,Toumani Camara,1641739,Bovada,2026-03-26,2026-03-25 13:19:22,2026-03-25,Regular Season,0.4635,0.46511627906976744,0.43668122270742354,0.02681877729257648,-0.003475000000000006,0.5365,0.6,0.5633187772925764,-0.026818777292576423,-0.10583333333333345,positive vig-free edge with nonpositive EV
NO_BET,,PTS,full_game,10.5,True,31.06273651123047,31.220732268810337,11.99189281463623,0.08936273017729433,12.081255544813525,0.6420909777808131,78bf92243997831090f4e81bdc0a5d4d7ba172f90b72e1ee43b198174beb3eea,4000,42,Dyson Daniels,1630700,Bovada,2026-03-25,2026-03-25 13:19:22,2026-03-25,Regular Season,0.58975,0.5918367346938775,0.554140127388535,0.03560987261146498,-0.0035258620689654907,0.41025,0.47619047619047616,0.4458598726114649,-0.03560987261146492,-0.13847499999999996,positive vig-free edge with nonpositive EV
NO_BET,,PTS,full_game,8.5,True,28.552658081054688,28.531910586927705,11.295323371887207,-0.04038289101299347,11.254940480874213,0.5327606694856868,78bf92243997831090f4e81bdc0a5d4d7ba172f90b72e1ee43b198174beb3eea,4000,42,Derrick Jones,1627884,Bovada,2026-03-26,2026-03-25 13:19:22,2026-03-25,Regular Season,0.66425,0.6666666666666666,0.625,0.03925000000000001,-0.0036249999999999893,0.33575,0.4,0.375,-0.03925000000000001,-0.16062500000000002,positive vig-free edge with nonpositive EV
NO_BET,,PTS,full_game,8.5,True,24.37023162841797,24.34948413429099,9.662095069885254,0.023093270417233,9.685188340302487,0.5327606694856868,78bf92243997831090f4e81bdc0a5d4d7ba172f90b72e1ee43b198174beb3eea,4000,42,Nick Richards,1630208,Bovada,2026-03-25,2026-03-25 13:19:22,2026-03-25,Regular Season,0.563,0.5652173913043478,0.5306122448979592,0.03238775510204073,-0.0039230769230770846,0.43700000000000006,0.5,0.4693877551020409,-0.03238775510204084,-0.1259999999999999,positive vig-free edge with nonpositive EV
NO_BET,,PTS,full_game,11.5,True,23.601816177368164,23.8046020232074,12.341578483581543,-0.03987603901480194,12.301702444566741,0.4915060991395564,78bf92243997831090f4e81bdc0a5d4d7ba172f90b72e1ee43b198174beb3eea,4000,42,Ajay Mitchell,1642349,Bovada,2026-03-25,2026-03-25 13:19:22,2026-03-25,Regular Season,0.54325,0.5454545454545454,0.5101214574898786,0.03312854251012143,-0.004041666666666555,0.45675,0.5238095238095238,0.48987854251012153,-0.03312854251012154,-0.12802272727272723,positive vig-free edge with nonpositive EV
NO_BET,,PTS,full_game,19.5,True,32.13052749633789,32.28852325391776,20.602521896362305,0.11400670728507989,20.716528603647383,0.6420909777808131,78bf92243997831090f4e81bdc0a5d4d7ba172f90b72e1ee43b198174beb3eea,4000,42,Tyler Herro,1629639,BetMGM,2026-03-25,2026-03-25 13:19:22,2026-03-25,Regular Season,0.55325,0.5555555555555556,0.5203045685279188,0.03294543147208118,-0.0041499999999999315,0.44675,0.5121951219512195,0.4796954314720812,-0.03294543147208123,-0.12777380952380957,positive vig-free edge with nonpositive EV
NO_BET,,PTS,full_game,19.5,True,32.13052749633789,32.28852325391776,20.602521896362305,0.11400670728507989,20.716528603647383,0.6420909777808131,78bf92243997831090f4e81bdc0a5d4d7ba172f90b72e1ee43b198174beb3eea,4000,42,Tyler Herro,1629639,Bovada,2026-03-25,2026-03-25 13:19:22,2026-03-25,Regular Season,0.55325,0.5555555555555556,0.5203045685279188,0.03294543147208118,-0.0041499999999999315,0.44675,0.5121951219512195,0.4796954314720812,-0.03294543147208123,-0.12777380952380957,positive vig-free edge with nonpositive EV
NO_BET,,PTS,full_game,21.5,True,35.243343353271484,35.40133911085135,23.194602966308594,0.1067812234085172,23.301384189717112,0.6420909777808131,78bf92243997831090f4e81bdc0a5d4d7ba172f90b72e1ee43b198174beb3eea,4000,42,James Harden,201935,BetRivers,2026-03-25,2026-03-25 13:19:22,2026-03-25,Regular Season,0.57375,0.576271186440678,0.5354330708661418,0.0383169291338582,-0.004375000000000018,0.42625,0.5,0.4645669291338583,-0.03831692913385826,-0.14749999999999996,positive vig-free edge with nonpositive EV
NO_BET,,PTS,full_game,8.5,True,29.52571678161621,29.504969287489228,9.081414222717285,-0.03294953439683776,9.048464688320447,0.5327606694856868,78bf92243997831090f4e81bdc0a5d4d7ba172f90b72e1ee43b198174beb3eea,4000,42,Draymond Green,203110,BetOnline.ag,2026-03-26,2026-03-25 13:19:22,2026-03-25,Regular Season,0.5235,0.5260663507109005,0.4948402542722694,0.028659745727730557,-0.004878378378378401,0.47650000000000003,0.5370370370370371,0.5051597457277305,-0.028659745727730446,-0.11272413793103442,positive vig-free edge with nonpositive EV
NO_BET,,PTS,full_game,8.5,True,29.52571678161621,29.504969287489228,9.081414222717285,-0.03294953439683776,9.048464688320447,0.5327606694856868,78bf92243997831090f4e81bdc0a5d4d7ba172f90b72e1ee43b198174beb3eea,4000,42,Draymond Green,203110,BetMGM,2026-03-26,2026-03-25 13:19:22,2026-03-25,Regular Season,0.5235,0.5260663507109005,0.49095295536791317,0.0325470446320868,-0.004878378378378401,0.47650000000000003,0.5454545454545454,0.5090470446320868,-0.0325470446320868,-0.1264166666666665,positive vig-free edge with nonpositive EV
NO_BET,,PTS,full_game,11.5,True,27.90944480895996,27.888697314832978,13.97557258605957,0.009696416097275905,13.985269002156846,0.5327606694856868,78bf92243997831090f4e81bdc0a5d4d7ba172f90b72e1ee43b198174beb3eea,4000,42,Tre Jones,1630200,Bovada,2026-03-25,2026-03-25 13:19:22,2026-03-25,Regular Season,0.65175,0.6551724137931034,0.6161482461945731,0.03560175380542696,-0.005223684210526325,0.34824999999999995,0.40816326530612246,0.3838517538054269,-0.03560175380542696,-0.14678750000000007,positive vig-free edge with nonpositive EV
NO_BET,,PTS,full_game,8.5,True,24.764997482299805,24.744249988172825,11.304346084594727,0.16820727502880042,11.472553359623527,0.5327606694856868,78bf92243997831090f4e81bdc0a5d4d7ba172f90b72e1ee43b198174beb3eea,4000,42,Ziaire Williams,1630533,Bovada,2026-03-26,2026-03-25 13:19:22,2026-03-25,Regular Season,0.69325,0.696969696969697,0.6529968454258674,0.04025315457413259,-0.005336956521739156,0.30674999999999997,0.37037037037037035,0.34700315457413244,-0.04025315457413248,-0.171775,positive vig-free edge with nonpositive EV
NO_BET,,PTS,full_game,5.5,True,26.79402732849121,26.77327983436423,8.438151359558105,0.05173029267935578,8.489881652237461,0.5327606694856868,78bf92243997831090f4e81bdc0a5d4d7ba172f90b72e1ee43b198174beb3eea,4000,42,Luguentz Dort,1629652,Bovada,2026-03-25,2026-03-25 13:19:22,2026-03-25,Regular Season,0.70175,0.7058823529411765,0.66,0.041749999999999954,-0.00585416666666666,0.29825,0.36363636363636365,0.33999999999999997,-0.041749999999999954,-0.17981249999999993,positive vig-free edge with nonpositive EV
NO_BET,,PTS,full_game,10.5,True,22.414613723754883,22.61739956959412,11.23256778717041,0.05412673820494705,11.286694525375356,0.4915060991395564,78bf92243997831090f4e81bdc0a5d4d7ba172f90b72e1ee43b198174beb3eea,4000,42,Gary Payton II,1627780,FanDuel,2026-03-26,2026-03-25 13:19:22,2026-03-25,Regular Season,0.55225,0.5555555555555556,0.5191532258064516,0.033096774193548395,-0.005949999999999955,0.44775,0.5145631067961165,0.4808467741935484,-0.033096774193548395,-0.12984433962264152,positive vig-free edge with nonpositive EV
NO_BET,,PTS,full_game,6.5,True,23.54230308532715,23.745088931166386,7.398534774780273,-0.10823569018887544,7.290299084591398,0.4915060991395564,78bf92243997831090f4e81bdc0a5d4d7ba172f90b72e1ee43b198174beb3eea,4000,42,Keon Ellis,1631165,BetRivers,2026-03-25,2026-03-25 13:19:22,2026-03-25,Regular Season,0.556,0.5594713656387665,0.5186523207413807,0.03734767925861937,-0.0062047244094487475,0.44399999999999995,0.5192307692307693,0.4813476792586193,-0.03734767925861937,-0.14488888888888896,positive vig-free edge with nonpositive EV
NO_BET,,PTS,full_game,7.5,True,23.198101043701172,23.40088688954041,10.864527702331543,0.06808942348041232,10.932617125811955,0.4915060991395564,78bf92243997831090f4e81bdc0a5d4d7ba172f90b72e1ee43b198174beb3eea,4000,42,Jay Huff,1630643,Bovada,2026-03-25,2026-03-25 13:19:22,2026-03-25,Regular Season,0.7015,0.7058823529411765,0.66,0.04149999999999998,-0.00620833333333326,0.2985,0.36363636363636365,0.33999999999999997,-0.04149999999999998,-0.17912499999999998,positive vig-free edge with nonpositive EV
NO_BET,,PTS,full_game,12.5,True,25.26226234436035,25.241514850233372,12.96000862121582,0.0278778472041177,12.987886468419939,0.5327606694856868,78bf92243997831090f4e81bdc0a5d4d7ba172f90b72e1ee43b198174beb3eea,4000,42,Naz Reid,1629675,BetRivers,2026-03-26,2026-03-25 13:19:22,2026-03-25,Regular Season,0.527,0.5305164319248826,0.49211760532849874,0.03488239467150128,-0.006628318584070703,0.473,0.5475113122171946,0.5078823946715012,-0.03488239467150123,-0.13609090909090915,positive vig-free edge with nonpositive EV
NO_BET,,PTS,full_game,20.5,True,35.243343353271484,35.40133911085135,23.194602966308594,0.1067812234085172,23.301384189717112,0.6420909777808131,78bf92243997831090f4e81bdc0a5d4d7ba172f90b72e1ee43b198174beb3eea,4000,42,James Harden,201935,Bovada,2026-03-25,2026-03-25 13:19:22,2026-03-25,Regular Season,0.625,0.6296296296296297,0.5915279878971256,0.03347201210287443,-0.007352941176470507,0.375,0.43478260869565216,0.40847201210287437,-0.03347201210287437,-0.13750000000000007,positive vig-free edge with nonpositive EV
NO_BET,,PTS,full_game,22.5,True,35.243343353271484,35.40133911085135,23.194602966308594,0.1067812234085172,23.301384189717112,0.6420909777808131,78bf92243997831090f4e81bdc0a5d4d7ba172f90b72e1ee43b198174beb3eea,4000,42,James Harden,201935,BetMGM,2026-03-25,2026-03-25 13:19:22,2026-03-25,Regular Season,0.51975,0.5238095238095238,0.48987854251012153,0.029871457489878517,-0.007749999999999868,0.48024999999999995,0.5454545454545454,0.5101214574898786,-0.029871457489878628,-0.11954166666666666,positive vig-free edge with nonpositive EV
NO_BET,,PTS,full_game,22.5,True,35.243343353271484,35.40133911085135,23.194602966308594,0.1067812234085172,23.301384189717112,0.6420909777808131,78bf92243997831090f4e81bdc0a5d4d7ba172f90b72e1ee43b198174beb3eea,4000,42,James Harden,201935,DraftKings,2026-03-25,2026-03-25 13:19:22,2026-03-25,Regular Season,0.51975,0.5238095238095238,0.4947698744769875,0.024980125523012542,-0.007749999999999868,0.48024999999999995,0.5348837209302325,0.5052301255230125,-0.024980125523012542,-0.10214130434782626,positive vig-free edge with nonpositive EV
NO_BET,,PTS,full_game,22.5,True,35.243343353271484,35.40133911085135,23.194602966308594,0.1067812234085172,23.301384189717112,0.6420909777808131,78bf92243997831090f4e81bdc0a5d4d7ba172f90b72e1ee43b198174beb3eea,4000,42,James Harden,201935,Bovada,2026-03-25,2026-03-25 13:19:22,2026-03-25,Regular Season,0.51975,0.5238095238095238,0.48987854251012153,0.029871457489878517,-0.007749999999999868,0.48024999999999995,0.5454545454545454,0.5101214574898786,-0.029871457489878628,-0.11954166666666666,positive vig-free edge with nonpositive EV
NO_BET,,PTS,full_game,17.5,True,29.712934494018555,29.69218699989157,18.254894256591797,0.038316045804493604,18.29321030239629,0.5327606694856868,78bf92243997831090f4e81bdc0a5d4d7ba172f90b72e1ee43b198174beb3eea,4000,42,Bennedict Mathurin,1631097,BetOnline.ag,2026-03-26,2026-03-25 13:19:22,2026-03-25,Regular Season,0.53275,0.5370370370370371,0.5051597457277305,0.027590254272269465,-0.007982758620689812,0.46725000000000005,0.5260663507109005,0.4948402542722694,-0.027590254272269354,-0.11180405405405391,positive vig-free edge with nonpositive EV
NO_BET,,PTS,full_game,15.5,True,24.568023681640625,24.547276187513646,14.854936599731445,0.10032632076956734,14.955262920501013,0.5327606694856868,78bf92243997831090f4e81bdc0a5d4d7ba172f90b72e1ee43b198174beb3eea,4000,42,Collin Sexton,1629012,BetRivers,2026-03-25,2026-03-25 13:19:22,2026-03-25,Regular Season,0.4635,0.4672897196261682,0.4346343957729675,0.02886560422703255,-0.008110000000000062,0.5365,0.6078431372549019,0.5653656042270325,-0.02886560422703255,-0.11737096774193562,positive vig-free edge with nonpositive EV
NO_BET,,PTS,full_game,10.5,True,28.552658081054688,28.531910586927705,11.295323371887207,-0.04038289101299347,11.254940480874213,0.5327606694856868,78bf92243997831090f4e81bdc0a5d4d7ba172f90b72e1ee43b198174beb3eea,4000,42,Derrick Jones,1627884,BetRivers,2026-03-26,2026-03-25 13:19:22,2026-03-25,Regular Season,0.524,0.5283018867924528,0.4901435104873048,0.03385648951269521,-0.008142857142857118,0.476,0.5495495495495496,0.5098564895126951,-0.033856489512695154,-0.13383606557377054,positive vig-free edge with nonpositive EV
NO_BET,,PTS,full_game,6.5,True,22.030521392822266,22.233307238661503,8.128360748291016,0.03647207217169879,8.164832820462715,0.4915060991395564,78bf92243997831090f4e81bdc0a5d4d7ba172f90b72e1ee43b198174beb3eea,4000,42,Luke Kennard,1628379,BetRivers,2026-03-25,2026-03-25 13:19:22,2026-03-25,Regular Season,0.59825,0.6031746031746031,0.5611590972415714,0.03709090275842852,-0.008164473684210583,0.40175000000000005,0.4716981132075472,0.4388409027584286,-0.03709090275842852,-0.14828999999999987,positive vig-free edge with nonpositive EV
NO_BET,,PTS,full_game,16.5,True,29.712934494018555,29.69218699989157,18.254894256591797,0.038316045804493604,18.29321030239629,0.5327606694856868,78bf92243997831090f4e81bdc0a5d4d7ba172f90b72e1ee43b198174beb3eea,4000,42,Bennedict Mathurin,1631097,BetRivers,2026-03-26,2026-03-25 13:19:22,2026-03-25,Regular Season,0.5915,0.5967741935483871,0.5538284398388026,0.03767156016119744,-0.008837837837837814,0.4085,0.4807692307692308,0.44617156016119747,-0.03767156016119749,-0.15032,positive vig-free edge with nonpositive EV
NO_BET,,PTS,full_game,8.5,True,22.55941390991211,22.762199755751347,7.83659029006958,-0.05055636978327149,7.786033920286308,0.4915060991395564,78bf92243997831090f4e81bdc0a5d4d7ba172f90b72e1ee43b198174beb3eea,4000,42,Dominick Barlow,1631230,Bovada,2026-03-25,2026-03-25 13:19:22,2026-03-25,Regular Season,0.42175,0.425531914893617,0.3982930298719772,0.023456970128022836,-0.008887499999999826,0.5782499999999999,0.6428571428571429,0.6017069701280228,-0.023456970128022836,-0.10050000000000003,positive vig-free edge with nonpositive EV
NO_BET,,PTS,full_game,17.5,True,35.39308547973633,35.5510812373162,17.288541793823242,0.15619774757785815,17.444739541401102,0.6420909777808131,78bf92243997831090f4e81bdc0a5d4d7ba172f90b72e1ee43b198174beb3eea,4000,42,Derrick White,1628401,Bovada,2026-03-25,2026-03-25 13:19:22,2026-03-25,Regular Season,0.48325,0.4878048780487805,0.4592085979482169,0.024041402051783123,-0.00933750000000011,0.51675,0.574468085106383,0.5407914020517831,-0.024041402051783067,-0.10047222222222224,positive vig-free edge with nonpositive EV
NO_BET,,PTS,full_game,7.5,True,29.52571678161621,29.504969287489228,9.081414222717285,-0.03294953439683776,9.048464688320447,0.5327606694856868,78bf92243997831090f4e81bdc0a5d4d7ba172f90b72e1ee43b198174beb3eea,4000,42,Draymond Green,203110,Bovada,2026-03-26,2026-03-25 13:19:22,2026-03-25,Regular Season,0.59425,0.6,0.5633187772925764,0.030931222707423545,-0.009583333333333499,0.40575000000000006,0.46511627906976744,0.43668122270742354,-0.03093122270742349,-0.1276374999999999,positive vig-free edge with nonpositive EV
NO_BET,,PTS,full_game,5.5,True,22.55941390991211,22.762199755751347,7.83659029006958,-0.05055636978327149,7.786033920286308,0.4915060991395564,78bf92243997831090f4e81bdc0a5d4d7ba172f90b72e1ee43b198174beb3eea,4000,42,Dominick Barlow,1631230,Bovada,2026-03-25,2026-03-25 13:19:22,2026-03-25,Regular Season,0.68975,0.696969696969697,0.6529968454258674,0.03675315457413253,-0.01035869565217401,0.31025,0.37037037037037035,0.34700315457413244,-0.03675315457413242,-0.16232499999999983,positive vig-free edge with nonpositive EV
NO_BET,,PTS,full_game,13.5,True,28.987327575683594,28.96658008155661,13.827828407287598,0.04202019893517117,13.869848606222769,0.5327606694856868,78bf92243997831090f4e81bdc0a5d4d7ba172f90b72e1ee43b198174beb3eea,4000,42,Sam Merrill,1630241,BetOnline.ag,2026-03-25,2026-03-25 13:19:22,2026-03-25,Regular Season,0.51825,0.5238095238095238,0.49179655455291227,0.02645344544708772,-0.010613636363636325,0.48175,0.5412844036697247,0.5082034454470877,-0.02645344544708772,-0.10998728813559322,positive vig-free edge with nonpositive EV
NO_BET,,PTS,full_game,10.5,True,24.764997482299805,24.744249988172825,11.304346084594727,0.16820727502880042,11.472553359623527,0.5327606694856868,78bf92243997831090f4e81bdc0a5d4d7ba172f90b72e1ee43b198174beb3eea,4000,42,Ziaire Williams,1630533,FanDuel,2026-03-26,2026-03-25 13:19:22,2026-03-25,Regular Season,0.55875,0.5652173913043478,0.5281576830249397,0.030592316975060263,-0.011442307692307807,0.44125000000000003,0.504950495049505,0.4718423169750604,-0.030592316975060374,-0.12615196078431362,positive vig-free edge with nonpositive EV
NO_BET,,PTS,full_game,10.5,True,31.06273651123047,31.220732268810337,11.99189281463623,0.08936273017729433,12.081255544813525,0.6420909777808131,78bf92243997831090f4e81bdc0a5d4d7ba172f90b72e1ee43b198174beb3eea,4000,42,Dyson Daniels,1630700,BetRivers,2026-03-25,2026-03-25 13:19:22,2026-03-25,Regular Season,0.58975,0.5967741935483871,0.5538284398388026,0.03592156016119741,-0.011770270270270278,0.41025,0.4807692307692308,0.44617156016119747,-0.03592156016119746,-0.14667999999999998,positive vig-free edge with nonpositive EV
NO_BET,,PTS,full_game,10.5,True,27.117136001586914,27.096388507459935,14.307957649230957,0.046712842749398034,14.354670491980356,0.5327606694856868,78bf92243997831090f4e81bdc0a5d4d7ba172f90b72e1ee43b198174beb3eea,4000,42,Andrew Wiggins,203952,Bovada,2026-03-25,2026-03-25 13:19:22,2026-03-25,Regular Season,0.7135,0.7222222222222222,0.6768402154398564,0.03665978456014363,-0.012076923076923096,0.2865,0.3448275862068966,0.32315978456014366,-0.03665978456014368,-0.16915000000000013,positive vig-free edge with nonpositive EV
NO_BET,,PTS,full_game,10.5,True,27.966472625732422,27.94572513160544,13.153449058532715,-0.09437765780543017,13.059071400727285,0.5327606694856868,78bf92243997831090f4e81bdc0a5d4d7ba172f90b72e1ee43b198174beb3eea,4000,42,Toumani Camara,1641739,Bovada,2026-03-26,2026-03-25 13:19:22,2026-03-25,Regular Season,0.669,0.6774193548387096,0.6333530455351862,0.03564695446481381,-0.012428571428571289,0.33099999999999996,0.39215686274509803,0.3666469544648137,-0.03564695446481375,-0.15595000000000014,positive vig-free edge with nonpositive EV
NO_BET,,PTS,full_game,6.5,True,17.4144229888916,17.485293011474948,7.271876335144043,-0.14746386499128866,7.1244124701527545,0.44940254752247744,78bf92243997831090f4e81bdc0a5d4d7ba172f90b72e1ee43b198174beb3eea,4000,42,Robert Williams,1629057,DraftKings,2026-03-26,2026-03-25 13:19:22,2026-03-25,Regular Season,0.53625,0.54337899543379,0.512482836100362,0.023767163899637955,-0.013119747899159595,0.46375,0.5169082125603864,0.487517163899638,-0.02376716389963801,-0.10283878504672894,positive vig-free edge with nonpositive EV
NO_BET,,PTS,full_game,9.5,True,22.030521392822266,22.233307238661503,8.128360748291016,0.03647207217169879,8.164832820462715,0.4915060991395564,78bf92243997831090f4e81bdc0a5d4d7ba172f90b72e1ee43b198174beb3eea,4000,42,Luke Kennard,1628379,Bovada,2026-03-25,2026-03-25 13:19:22,2026-03-25,Regular Season,0.39475,0.4,0.375,0.01974999999999999,-0.013125000000000053,0.6052500000000001,0.6666666666666666,0.625,-0.019749999999999934,-0.09212499999999996,positive vig-free edge with nonpositive EV
NO_BET,,PTS,full_game,15.5,True,24.985828399658203,24.965080905531224,13.42587661743164,0.1539918355858247,13.579868453017465,0.5327606694856868,78bf92243997831090f4e81bdc0a5d4d7ba172f90b72e1ee43b198174beb3eea,4000,42,Cedric Coward,1642907,Bovada,2026-03-26,2026-03-25 13:19:22,2026-03-25,Regular Season,0.3655,0.37037037037037035,0.34700315457413244,0.018496845425867547,-0.013149999999999995,0.6345000000000001,0.696969696969697,0.6529968454258674,-0.01849684542586738,-0.08963043478260868,positive vig-free edge with nonpositive EV
NO_BET,,PTS,full_game,19.5,True,35.39308547973633,35.5510812373162,17.288541793823242,0.15619774757785815,17.444739541401102,0.6420909777808131,78bf92243997831090f4e81bdc0a5d4d7ba172f90b72e1ee43b198174beb3eea,4000,42,Derrick White,1628401,Bovada,2026-03-25,2026-03-25 13:19:22,2026-03-25,Regular Season,0.37225,0.37735849056603776,0.35437430786268,0.017875692137320043,-0.01353749999999998,0.62775,0.6875,0.6456256921373201,-0.0178756921373201,-0.08690909090909088,positive vig-free edge with nonpositive EV
NO_BET,,PTS,full_game,8.5,True,22.414613723754883,22.61739956959412,11.23256778717041,0.05412673820494705,11.286694525375356,0.4915060991395564,78bf92243997831090f4e81bdc0a5d4d7ba172f90b72e1ee43b198174beb3eea,4000,42,Gary Payton II,1627780,Bovada,2026-03-26,2026-03-25 13:19:22,2026-03-25,Regular Season,0.6875,0.696969696969697,0.6529968454258674,0.034503154574132555,-0.01358695652173919,0.3125,0.37037037037037035,0.34700315457413244,-0.034503154574132444,-0.15625,positive vig-free edge with nonpositive EV
NO_BET,,PTS,full_game,12.5,True,27.90944480895996,27.888697314832978,13.97557258605957,0.009696416097275905,13.985269002156846,0.5327606694856868,78bf92243997831090f4e81bdc0a5d4d7ba172f90b72e1ee43b198174beb3eea,4000,42,Tre Jones,1630200,Bovada,2026-03-25,2026-03-25 13:19:22,2026-03-25,Regular Season,0.58375,0.5918367346938775,0.554140127388535,0.02960987261146497,-0.013663793103448285,0.41625,0.47619047619047616,0.4458598726114649,-0.029609872611464916,-0.12587499999999996,positive vig-free edge with nonpositive EV
NO_BET,,PTS,full_game,8.5,True,31.06273651123047,31.220732268810337,11.99189281463623,0.08936273017729433,12.081255544813525,0.6420909777808131,78bf92243997831090f4e81bdc0a5d4d7ba172f90b72e1ee43b198174beb3eea,4000,42,Dyson Daniels,1630700,Bovada,2026-03-25,2026-03-25 13:19:22,2026-03-25,Regular Season,0.72325,0.7333333333333333,0.6875,0.03574999999999995,-0.013749999999999984,0.27675000000000005,0.3333333333333333,0.3125,-0.03574999999999995,-0.16974999999999985,positive vig-free edge with nonpositive EV
NO_BET,,PTS,full_game,16.5,True,29.712934494018555,29.69218699989157,18.254894256591797,0.038316045804493604,18.29321030239629,0.5327606694856868,78bf92243997831090f4e81bdc0a5d4d7ba172f90b72e1ee43b198174beb3eea,4000,42,Bennedict Mathurin,1631097,Bovada,2026-03-26,2026-03-25 13:19:22,2026-03-25,Regular Season,0.5915,0.6,0.5633187772925764,0.028181222707423625,-0.014166666666666716,0.4085,0.46511627906976744,0.43668122270742354,-0.02818122270742357,-0.12172500000000008,positive vig-free edge with nonpositive EV
NO_BET,,PTS,full_game,12.5,True,25.26226234436035,25.241514850233372,12.96000862121582,0.0278778472041177,12.987886468419939,0.5327606694856868,78bf92243997831090f4e81bdc0a5d4d7ba172f90b72e1ee43b198174beb3eea,4000,42,Naz Reid,1629675,BetMGM,2026-03-26,2026-03-25 13:19:22,2026-03-25,Regular Season,0.527,0.5348837209302325,0.5,0.027000000000000024,-0.014739130434782644,0.473,0.5348837209302325,0.5,-0.027000000000000024,-0.11569565217391314,positive vig-free edge with nonpositive EV
NO_BET,,PTS,full_game,7.5,True,22.030521392822266,22.233307238661503,8.128360748291016,0.03647207217169879,8.164832820462715,0.4915060991395564,78bf92243997831090f4e81bdc0a5d4d7ba172f90b72e1ee43b198174beb3eea,4000,42,Luke Kennard,1628379,BetRivers,2026-03-25,2026-03-25 13:19:22,2026-03-25,Regular Season,0.531,0.5391705069124424,0.5,0.031000000000000028,-0.015153846153846073,0.469,0.5391705069124424,0.5,-0.031000000000000028,-0.13014529914529915,positive vig-free edge with nonpositive EV
NO_BET,,PTS,full_game,8.5,True,16.84052848815918,16.911398510742526,8.880940437316895,0.16411879711973862,9.045059234436634,0.44940254752247744,78bf92243997831090f4e81bdc0a5d4d7ba172f90b72e1ee43b198174beb3eea,4000,42,Obi Toppin,1630167,FanDuel,2026-03-25,2026-03-25 13:19:22,2026-03-25,Regular Season,0.511,0.5192307692307693,0.4896023956080519,0.0213976043919481,-0.015851851851851784,0.489,0.5412844036697247,0.510397604391948,-0.021397604391948044,-0.0965932203389831,positive vig-free edge with nonpositive EV
NO_BET,,PTS,full_game,10.5,True,28.552658081054688,28.531910586927705,11.295323371887207,-0.04038289101299347,11.254940480874213,0.5327606694856868,78bf92243997831090f4e81bdc0a5d4d7ba172f90b72e1ee43b198174beb3eea,4000,42,Derrick Jones,1627884,FanDuel,2026-03-26,2026-03-25 13:19:22,2026-03-25,Regular Season,0.524,0.5327102803738317,0.5,0.02400000000000002,-0.016350877192982394,0.476,0.5327102803738317,0.5,-0.02400000000000002,-0.1064561403508772,positive vig-free edge with nonpositive EV
NO_BET,,PTS,full_game,16.5,True,31.385635375976562,31.54363113355643,17.061952590942383,0.17023114052883484,17.232183731471217,0.6420909777808131,78bf92243997831090f4e81bdc0a5d4d7ba172f90b72e1ee43b198174beb3eea,4000,42,Naji Marshall,1630230,FanDuel,2026-03-26,2026-03-25 13:19:22,2026-03-25,Regular Season,0.5365,0.5454545454545454,0.5101214574898786,0.026378542510121394,-0.016416666666666635,0.4635,0.5238095238095238,0.48987854251012153,-0.026378542510121505,-0.11513636363636354,positive vig-free edge with nonpositive EV
NO_BET,,PTS,full_game,18.5,True,32.13052749633789,32.28852325391776,20.602521896362305,0.11400670728507989,20.716528603647383,0.6420909777808131,78bf92243997831090f4e81bdc0a5d4d7ba172f90b72e1ee43b198174beb3eea,4000,42,Tyler Herro,1629639,Bovada,2026-03-25,2026-03-25 13:19:22,2026-03-25,Regular Season,0.60525,0.6153846153846154,0.5751633986928104,0.030086601307189542,-0.016468750000000087,0.39475000000000005,0.45454545454545453,0.4248366013071895,-0.03008660130718943,-0.13154999999999983,positive vig-free edge with nonpositive EV
NO_BET,,PTS,full_game,14.5,True,35.39308547973633,35.5510812373162,17.288541793823242,0.15619774757785815,17.444739541401102,0.6420909777808131,78bf92243997831090f4e81bdc0a5d4d7ba172f90b72e1ee43b198174beb3eea,4000,42,Derrick White,1628401,Bovada,2026-03-25,2026-03-25 13:19:22,2026-03-25,Regular Season,0.6555,0.6666666666666666,0.625,0.03049999999999997,-0.016750000000000043,0.34450000000000003,0.4,0.375,-0.03049999999999997,-0.13874999999999993,positive vig-free edge with nonpositive EV
NO_BET,,PTS,full_game,6.5,True,17.4144229888916,17.485293011474948,7.271876335144043,-0.14746386499128866,7.1244124701527545,0.44940254752247744,78bf92243997831090f4e81bdc0a5d4d7ba172f90b72e1ee43b198174beb3eea,4000,42,Robert Williams,1629057,Bovada,2026-03-26,2026-03-25 13:19:22,2026-03-25,Regular Season,0.53625,0.5454545454545454,0.5101214574898786,0.026128542510121422,-0.016874999999999918,0.46375,0.5238095238095238,0.48987854251012153,-0.026128542510121533,-0.11465909090909088,positive vig-free edge with nonpositive EV
NO_BET,,PTS,full_game,6.5,True,24.419374465942383,24.398626971815403,8.339065551757812,0.10666579095547132,8.445731342713284,0.5327606694856868,78bf92243997831090f4e81bdc0a5d4d7ba172f90b72e1ee43b198174beb3eea,4000,42,Drake Powell,1642962,Bovada,2026-03-26,2026-03-25 13:19:22,2026-03-25,Regular Season,0.619,0.6296296296296297,0.5915279878971256,0.02747201210287442,-0.016882352941176404,0.381,0.43478260869565216,0.40847201210287437,-0.027472012102874366,-0.12370000000000003,positive vig-free edge with nonpositive EV
NO_BET,,PTS,full_game,21.5,True,32.13052749633789,32.28852325391776,20.602521896362305,0.11400670728507989,20.716528603647383,0.6420909777808131,78bf92243997831090f4e81bdc0a5d4d7ba172f90b72e1ee43b198174beb3eea,4000,42,Tyler Herro,1629639,BetRivers,2026-03-25,2026-03-25 13:19:22,2026-03-25,Regular Season,0.453,0.4608294930875576,0.427030022492421,0.025969977507579012,-0.01698999999999995,0.5469999999999999,0.6183206106870229,0.5729699775075789,-0.025969977507579012,-0.11534567901234571,positive vig-free edge with nonpositive EV
NO_BET,,PTS,full_game,17.5,True,32.13052749633789,32.28852325391776,20.602521896362305,0.11400670728507989,20.716528603647383,0.6420909777808131,78bf92243997831090f4e81bdc0a5d4d7ba172f90b72e1ee43b198174beb3eea,4000,42,Tyler Herro,1629639,Bovada,2026-03-25,2026-03-25 13:19:22,2026-03-25,Regular Season,0.655,0.6666666666666666,0.625,0.030000000000000027,-0.01749999999999996,0.345,0.4,0.375,-0.030000000000000027,-0.13750000000000007,positive vig-free edge with nonpositive EV
NO_BET,,PTS,full_game,3.5,True,24.928417205810547,24.907669711683567,6.199642181396484,-0.13477692383251597,6.0648652575639685,0.5327606694856868,78bf92243997831090f4e81bdc0a5d4d7ba172f90b72e1ee43b198174beb3eea,4000,42,Baylor Scheierman,1631248,Bovada,2026-03-25,2026-03-25 13:19:22,2026-03-25,Regular Season,0.72,0.7333333333333333,0.6875,0.03249999999999997,-0.018181818181818132,0.28,0.3333333333333333,0.3125,-0.03249999999999997,-0.15999999999999992,positive vig-free edge with nonpositive EV
NO_BET,,PTS,full_game,12.5,True,25.26226234436035,25.241514850233372,12.96000862121582,0.0278778472041177,12.987886468419939,0.5327606694856868,78bf92243997831090f4e81bdc0a5d4d7ba172f90b72e1ee43b198174beb3eea,4000,42,Naz Reid,1629675,DraftKings,2026-03-26,2026-03-25 13:19:22,2026-03-25,Regular Season,0.527,0.5370370370370371,0.5062344139650873,0.020765586034912742,-0.018689655172413777,0.473,0.5238095238095238,0.4937655860349127,-0.020765586034912742,-0.09700000000000003,positive vig-free edge with nonpositive EV
NO_BET,,PTS,full_game,23.5,True,35.243343353271484,35.40133911085135,23.194602966308594,0.1067812234085172,23.301384189717112,0.6420909777808131,78bf92243997831090f4e81bdc0a5d4d7ba172f90b72e1ee43b198174beb3eea,4000,42,James Harden,201935,Bovada,2026-03-25,2026-03-25 13:19:22,2026-03-25,Regular Season,0.46725,0.47619047619047616,0.4458598726114649,0.021390127388535074,-0.018774999999999986,0.5327500000000001,0.5918367346938775,0.554140127388535,-0.021390127388534963,-0.09983620689655165,positive vig-free edge with nonpositive EV
NO_BET,,PTS,full_game,19.5,True,35.243343353271484,35.40133911085135,23.194602966308594,0.1067812234085172,23.301384189717112,0.6420909777808131,78bf92243997831090f4e81bdc0a5d4d7ba172f90b72e1ee43b198174beb3eea,4000,42,James Harden,201935,Bovada,2026-03-25,2026-03-25 13:19:22,2026-03-25,Regular Season,0.6695,0.6825396825396826,0.6395881006864989,0.029911899313501134,-0.019104651162790753,0.3305,0.38461538461538464,0.36041189931350115,-0.029911899313501134,-0.14069999999999994,positive vig-free edge with nonpositive EV
NO_BET,,PTS,full_game,8.5,True,19.220142364501953,19.42292821034119,9.046540260314941,0.02360140624768824,9.07014166656263,0.4915060991395564,78bf92243997831090f4e81bdc0a5d4d7ba172f90b72e1ee43b198174beb3eea,4000,42,T.J. McConnell,204456,BetRivers,2026-03-25,2026-03-25 13:19:22,2026-03-25,Regular Season,0.52025,0.5305164319248826,0.49305831019436736,0.027191689805632635,-0.019351769911504446,0.47975,0.5454545454545454,0.5069416898056327,-0.02719168980563269,-0.12045833333333322,positive vig-free edge with nonpositive EV
NO_BET,,PTS,full_game,9.5,True,28.552658081054688,28.531910586927705,11.295323371887207,-0.04038289101299347,11.254940480874213,0.5327606694856868,78bf92243997831090f4e81bdc0a5d4d7ba172f90b72e1ee43b198174beb3eea,4000,42,Derrick Jones,1627884,BetRivers,2026-03-26,2026-03-25 13:19:22,2026-03-25,Regular Season,0.599,0.6108949416342413,0.567740307795812,0.031259692204188005,-0.019471337579617942,0.401,0.46511627906976744,0.43225969220418803,-0.031259692204188005,-0.13784999999999997,positive vig-free edge with nonpositive EV
NO_BET,,PTS,full_game,17.5,True,29.712934494018555,29.69218699989157,18.254894256591797,0.038316045804493604,18.29321030239629,0.5327606694856868,78bf92243997831090f4e81bdc0a5d4d7ba172f90b72e1ee43b198174beb3eea,4000,42,Bennedict Mathurin,1631097,DraftKings,2026-03-26,2026-03-25 13:19:22,2026-03-25,Regular Season,0.53275,0.54337899543379,0.512482836100362,0.020267163899637897,-0.019560924369747934,0.46725000000000005,0.5169082125603864,0.487517163899638,-0.020267163899637952,-0.09606775700934567,positive vig-free edge with nonpositive EV
NO_BET,,PTS,full_game,16.5,True,35.39308547973633,35.5510812373162,17.288541793823242,0.15619774757785815,17.444739541401102,0.6420909777808131,78bf92243997831090f4e81bdc0a5d4d7ba172f90b72e1ee43b198174beb3eea,4000,42,Derrick White,1628401,BetMGM,2026-03-25,2026-03-25 13:19:22,2026-03-25,Regular Season,0.5445,0.5555555555555556,0.5203045685279188,0.02419543147208114,-0.01990000000000003,0.4555,0.5121951219512195,0.4796954314720812,-0.024195431472081197,-0.11069047619047617,positive vig-free edge with nonpositive EV
NO_BET,,PTS,full_game,16.5,True,32.13052749633789,32.28852325391776,20.602521896362305,0.11400670728507989,20.716528603647383,0.6420909777808131,78bf92243997831090f4e81bdc0a5d4d7ba172f90b72e1ee43b198174beb3eea,4000,42,Tyler Herro,1629639,Bovada,2026-03-25,2026-03-25 13:19:22,2026-03-25,Regular Season,0.70775,0.7222222222222222,0.6768402154398564,0.030909784560143594,-0.02003846153846156,0.29225,0.3448275862068966,0.32315978456014366,-0.03090978456014365,-0.15247500000000003,positive vig-free edge with nonpositive EV
NO_BET,,PTS,full_game,16.5,True,31.385635375976562,31.54363113355643,17.061952590942383,0.17023114052883484,17.232183731471217,0.6420909777808131,78bf92243997831090f4e81bdc0a5d4d7ba172f90b72e1ee43b198174beb3eea,4000,42,Naji Marshall,1630230,DraftKings,2026-03-26,2026-03-25 13:19:22,2026-03-25,Regular Season,0.5365,0.5475113122171946,0.5155112508272668,0.02098874917273319,-0.020111570247933974,0.4635,0.5145631067961165,0.48448874917273327,-0.020988749172733245,-0.09923584905660371,positive vig-free edge with nonpositive EV
NO_BET,,PTS,full_game,25.5,True,35.243343353271484,35.40133911085135,23.194602966308594,0.1067812234085172,23.301384189717112,0.6420909777808131,78bf92243997831090f4e81bdc0a5d4d7ba172f90b72e1ee43b198174beb3eea,4000,42,James Harden,201935,Bovada,2026-03-25,2026-03-25 13:19:22,2026-03-25,Regular Season,0.36975,0.37735849056603776,0.35437430786268,0.01537569213732004,-0.020162499999999972,0.63025,0.6875,0.6456256921373201,-0.015375692137320152,-0.08327272727272728,positive vig-free edge with nonpositive EV
NO_BET,,PTS,full_game,14.5,True,31.06273651123047,31.220732268810337,11.99189281463623,0.08936273017729433,12.081255544813525,0.6420909777808131,78bf92243997831090f4e81bdc0a5d4d7ba172f90b72e1ee43b198174beb3eea,4000,42,Dyson Daniels,1630700,Bovada,2026-03-25,2026-03-25 13:19:22,2026-03-25,Regular Season,0.316,0.3225806451612903,0.30256012412723043,0.013439875872769569,-0.020399999999999863,0.6839999999999999,0.7435897435897436,0.6974398758727697,-0.013439875872769735,-0.08013793103448277,positive vig-free edge with nonpositive EV
NO_BET,,PTS,full_game,9.5,True,23.601816177368164,23.8046020232074,12.341578483581543,-0.03987603901480194,12.301702444566741,0.4915060991395564,78bf92243997831090f4e81bdc0a5d4d7ba172f90b72e1ee43b198174beb3eea,4000,42,Ajay Mitchell,1642349,Bovada,2026-03-25,2026-03-25 13:19:22,2026-03-25,Regular Season,0.67325,0.6875,0.6456256921373201,0.027624307862679887,-0.020727272727272705,0.32675,0.37735849056603776,0.35437430786268,-0.027624307862679998,-0.13411250000000008,positive vig-free edge with nonpositive EV
NO_BET,,PTS,full_game,18.5,True,35.243343353271484,35.40133911085135,23.194602966308594,0.1067812234085172,23.301384189717112,0.6420909777808131,78bf92243997831090f4e81bdc0a5d4d7ba172f90b72e1ee43b198174beb3eea,4000,42,James Harden,201935,Bovada,2026-03-25,2026-03-25 13:19:22,2026-03-25,Regular Season,0.71775,0.7333333333333333,0.6875,0.03025,-0.021249999999999936,0.28225,0.3333333333333333,0.3125,-0.03025,-0.15325,positive vig-free edge with nonpositive EV
NO_BET,,PTS,full_game,24.5,True,35.243343353271484,35.40133911085135,23.194602966308594,0.1067812234085172,23.301384189717112,0.6420909777808131,78bf92243997831090f4e81bdc0a5d4d7ba172f90b72e1ee43b198174beb3eea,4000,42,James Harden,201935,Bovada,2026-03-25,2026-03-25 13:19:22,2026-03-25,Regular Season,0.41625,0.425531914893617,0.3982930298719772,0.01795697012802283,-0.0218124999999999,0.58375,0.6428571428571429,0.6017069701280228,-0.017956970128022776,-0.09194444444444444,positive vig-free edge with nonpositive EV
NO_BET,,PTS,full_game,12.5,True,27.90944480895996,27.888697314832978,13.97557258605957,0.009696416097275905,13.985269002156846,0.5327606694856868,78bf92243997831090f4e81bdc0a5d4d7ba172f90b72e1ee43b198174beb3eea,4000,42,Tre Jones,1630200,BetRivers,2026-03-25,2026-03-25 13:19:22,2026-03-25,Regular Season,0.58375,0.5967741935483871,0.5538284398388026,0.029921560161197402,-0.02182432432432435,0.41625,0.4807692307692308,0.44617156016119747,-0.029921560161197458,-0.13419999999999993,positive vig-free edge with nonpositive EV
NO_BET,,PTS,full_game,10.5,True,23.601816177368164,23.8046020232074,12.341578483581543,-0.03987603901480194,12.301702444566741,0.4915060991395564,78bf92243997831090f4e81bdc0a5d4d7ba172f90b72e1ee43b198174beb3eea,4000,42,Ajay Mitchell,1642349,Bovada,2026-03-25,2026-03-25 13:19:22,2026-03-25,Regular Season,0.609,0.6226415094339622,0.5834970530451867,0.025502946954813255,-0.02190909090909099,0.391,0.4444444444444444,0.4165029469548134,-0.025502946954813366,-0.12024999999999997,positive vig-free edge with nonpositive EV
NO_BET,,PTS,full_game,18.5,True,36.39570617675781,36.90122171082665,18.18636703491211,0.019495259918293466,18.205862294830403,0.746175435493391,78bf92243997831090f4e81bdc0a5d4d7ba172f90b72e1ee43b198174beb3eea,4000,42,Amen Thompson,1641708,BetRivers,2026-03-26,2026-03-25 13:19:22,2026-03-25,Regular Season,0.4725,0.4830917874396135,0.45082651527800965,0.02167348472199032,-0.021924999999999972,0.5275000000000001,0.588477366255144,0.5491734847219903,-0.021673484721990266,-0.10361888111888112,positive vig-free edge with nonpositive EV
NO_BET,,PTS,full_game,11.5,True,25.26226234436035,25.241514850233372,12.96000862121582,0.0278778472041177,12.987886468419939,0.5327606694856868,78bf92243997831090f4e81bdc0a5d4d7ba172f90b72e1ee43b198174beb3eea,4000,42,Naz Reid,1629675,BetRivers,2026-03-26,2026-03-25 13:19:22,2026-03-25,Regular Season,0.5945,0.6078431372549019,0.5630568882796436,0.03144311172035641,-0.021951612903225837,0.40549999999999997,0.4716981132075472,0.43694311172035644,-0.031443111720356465,-0.14034000000000002,positive vig-free edge with nonpositive EV
NO_BET,,PTS,full_game,17.5,True,28.430749893188477,28.410002399061494,17.826675415039062,-0.10143604155900998,17.725239373480054,0.5327606694856868,78bf92243997831090f4e81bdc0a5d4d7ba172f90b72e1ee43b198174beb3eea,4000,42,Jerami Grant,203924,FanDuel,2026-03-26,2026-03-25 13:19:22,2026-03-25,Regular Season,0.50325,0.5145631067961165,0.4808467741935484,0.0224032258064516,-0.021985849056603834,0.49675,0.5555555555555556,0.5191532258064516,-0.0224032258064516,-0.10584999999999994,positive vig-free edge with nonpositive EV
NO_BET,,PTS,full_game,15.5,True,29.712934494018555,29.69218699989157,18.254894256591797,0.038316045804493604,18.29321030239629,0.5327606694856868,78bf92243997831090f4e81bdc0a5d4d7ba172f90b72e1ee43b198174beb3eea,4000,42,Bennedict Mathurin,1631097,Bovada,2026-03-26,2026-03-25 13:19:22,2026-03-25,Regular Season,0.652,0.6666666666666666,0.625,0.027000000000000024,-0.021999999999999964,0.348,0.4,0.375,-0.027000000000000024,-0.13,positive vig-free edge with nonpositive EV
NO_BET,,PTS,full_game,18.5,True,29.712934494018555,29.69218699989157,18.254894256591797,0.038316045804493604,18.29321030239629,0.5327606694856868,78bf92243997831090f4e81bdc0a5d4d7ba172f90b72e1ee43b198174beb3eea,4000,42,Bennedict Mathurin,1631097,Bovada,2026-03-26,2026-03-25 13:19:22,2026-03-25,Regular Season,0.4765,0.4878048780487805,0.4592085979482169,0.01729140205178309,-0.023175000000000168,0.5235000000000001,0.574468085106383,0.5407914020517831,-0.017291402051783034,-0.08872222222222215,positive vig-free edge with nonpositive EV
NO_BET,,PTS,full_game,17.5,True,29.712934494018555,29.69218699989157,18.254894256591797,0.038316045804493604,18.29321030239629,0.5327606694856868,78bf92243997831090f4e81bdc0a5d4d7ba172f90b72e1ee43b198174beb3eea,4000,42,Bennedict Mathurin,1631097,Bovada,2026-03-26,2026-03-25 13:19:22,2026-03-25,Regular Season,0.53275,0.5454545454545454,0.5101214574898786,0.022628542510121363,-0.02329166666666671,0.46725000000000005,0.5238095238095238,0.48987854251012153,-0.022628542510121474,-0.10797727272727259,positive vig-free edge with nonpositive EV
NO_BET,,PTS,full_game,6.5,True,17.4144229888916,17.485293011474948,7.271876335144043,-0.14746386499128866,7.1244124701527545,0.44940254752247744,78bf92243997831090f4e81bdc0a5d4d7ba172f90b72e1ee43b198174beb3eea,4000,42,Robert Williams,1629057,BetOnline.ag,2026-03-26,2026-03-25 13:19:22,2026-03-25,Regular Season,0.53625,0.5495495495495496,0.5164392569455861,0.019810743054413882,-0.024200819672131113,0.46375,0.5145631067961165,0.483560743054414,-0.019810743054413993,-0.09875,positive vig-free edge with nonpositive EV
NO_BET,,PTS,full_game,9.5,True,27.620878219604492,27.600130725477513,11.75461196899414,0.1035564751244054,11.858168444118546,0.5327606694856868,78bf92243997831090f4e81bdc0a5d4d7ba172f90b72e1ee43b198174beb3eea,4000,42,Deandre Ayton,1629028,Bovada,2026-03-25,2026-03-25 13:19:22,2026-03-25,Regular Season,0.65025,0.6666666666666666,0.625,0.025249999999999995,-0.024625000000000008,0.34975,0.4,0.375,-0.025249999999999995,-0.125625,positive vig-free edge with nonpositive EV
NO_BET,,PTS,full_game,9.5,True,27.966472625732422,27.94572513160544,13.153449058532715,-0.09437765780543017,13.059071400727285,0.5327606694856868,78bf92243997831090f4e81bdc0a5d4d7ba172f90b72e1ee43b198174beb3eea,4000,42,Toumani Camara,1641739,Bovada,2026-03-26,2026-03-25 13:19:22,2026-03-25,Regular Season,0.731,0.75,0.7026022304832714,0.028397769516728566,-0.025333333333333402,0.269,0.31746031746031744,0.29739776951672864,-0.02839776951672862,-0.15264999999999995,positive vig-free edge with nonpositive EV
NO_BET,,PTS,full_game,10.5,True,27.90944480895996,27.888697314832978,13.97557258605957,0.009696416097275905,13.985269002156846,0.5327606694856868,78bf92243997831090f4e81bdc0a5d4d7ba172f90b72e1ee43b198174beb3eea,4000,42,Tre Jones,1630200,Bovada,2026-03-25,2026-03-25 13:19:22,2026-03-25,Regular Season,0.71475,0.7333333333333333,0.6875,0.027249999999999996,-0.025340909090909025,0.28525,0.3333333333333333,0.3125,-0.027249999999999996,-0.14425,positive vig-free edge with nonpositive EV
NO_BET,,PTS,full_game,6.5,True,19.220142364501953,19.42292821034119,9.046540260314941,0.02360140624768824,9.07014166656263,0.4915060991395564,78bf92243997831090f4e81bdc0a5d4d7ba172f90b72e1ee43b198174beb3eea,4000,42,T.J. McConnell,204456,Bovada,2026-03-25,2026-03-25 13:19:22,2026-03-25,Regular Season,0.64975,0.6666666666666666,0.625,0.02475000000000005,-0.025374999999999925,0.35024999999999995,0.4,0.375,-0.02475000000000005,-0.12437500000000012,positive vig-free edge with nonpositive EV
NO_BET,,PTS,full_game,8.5,True,22.030521392822266,22.233307238661503,8.128360748291016,0.03647207217169879,8.164832820462715,0.4915060991395564,78bf92243997831090f4e81bdc0a5d4d7ba172f90b72e1ee43b198174beb3eea,4000,42,Luke Kennard,1628379,Bovada,2026-03-25,2026-03-25 13:19:22,2026-03-25,Regular Season,0.464,0.47619047619047616,0.4458598726114649,0.0181401273885351,-0.025599999999999956,0.536,0.5918367346938775,0.554140127388535,-0.018140127388534988,-0.09434482758620688,positive vig-free edge with nonpositive EV
NO_BET,,PTS,full_game,14.5,True,29.712934494018555,29.69218699989157,18.254894256591797,0.038316045804493604,18.29321030239629,0.5327606694856868,78bf92243997831090f4e81bdc0a5d4d7ba172f90b72e1ee43b198174beb3eea,4000,42,Bennedict Mathurin,1631097,Bovada,2026-03-26,2026-03-25 13:19:22,2026-03-25,Regular Season,0.7035,0.7222222222222222,0.6768402154398564,0.026659784560143618,-0.025923076923076938,0.2965,0.3448275862068966,0.32315978456014366,-0.026659784560143673,-0.1401500000000001,positive vig-free edge with nonpositive EV
NO_BET,,PTS,full_game,10.5,True,23.601816177368164,23.8046020232074,12.341578483581543,-0.03987603901480194,12.301702444566741,0.4915060991395564,78bf92243997831090f4e81bdc0a5d4d7ba172f90b72e1ee43b198174beb3eea,4000,42,Ajay Mitchell,1642349,BetRivers,2026-03-25,2026-03-25 13:19:22,2026-03-25,Regular Season,0.609,0.6254681647940075,0.5791298865069356,0.029870113493064343,-0.026329341317365418,0.391,0.45454545454545453,0.4208701134930643,-0.029870113493064288,-0.13979999999999992,positive vig-free edge with nonpositive EV
NO_BET,,PTS,full_game,19.5,True,32.13052749633789,32.28852325391776,20.602521896362305,0.11400670728507989,20.716528603647383,0.6420909777808131,78bf92243997831090f4e81bdc0a5d4d7ba172f90b72e1ee43b198174beb3eea,4000,42,Tyler Herro,1629639,FanDuel,2026-03-25,2026-03-25 13:19:22,2026-03-25,Regular Season,0.55325,0.5689655172413793,0.532258064516129,0.020991935483871016,-0.027621212121212102,0.44675,0.5,0.4677419354838709,-0.020991935483870905,-0.10650000000000004,positive vig-free edge with nonpositive EV
NO_BET,,PTS,full_game,7.5,True,28.552658081054688,28.531910586927705,11.295323371887207,-0.04038289101299347,11.254940480874213,0.5327606694856868,78bf92243997831090f4e81bdc0a5d4d7ba172f90b72e1ee43b198174beb3eea,4000,42,Derrick Jones,1627884,Bovada,2026-03-26,2026-03-25 13:19:22,2026-03-25,Regular Season,0.72925,0.75,0.7026022304832714,0.026647769516728537,-0.027666666666666784,0.27075000000000005,0.31746031746031744,0.29739776951672864,-0.026647769516728592,-0.14713749999999992,positive vig-free edge with nonpositive EV
NO_BET,,PTS,full_game,5.5,True,22.66581153869629,22.868597384535526,8.16478443145752,-0.08576942493259945,8.07901500652492,0.4915060991395564,78bf92243997831090f4e81bdc0a5d4d7ba172f90b72e1ee43b198174beb3eea,4000,42,Tari Eason,1631106,Bovada,2026-03-26,2026-03-25 13:19:22,2026-03-25,Regular Season,0.6585,0.6774193548387096,0.6333530455351862,0.025146954464813742,-0.027928571428571414,0.3415,0.39215686274509803,0.3666469544648137,-0.025146954464813687,-0.12917500000000004,positive vig-free edge with nonpositive EV
NO_BET,,PTS,full_game,16.5,True,31.281320571899414,31.439316329479283,18.695396423339844,0.08389964265639008,18.779296065996235,0.6420909777808131,78bf92243997831090f4e81bdc0a5d4d7ba172f90b72e1ee43b198174beb3eea,4000,42,Nickeil Alexander-Walker,1629638,Bovada,2026-03-25,2026-03-25 13:19:22,2026-03-25,Regular Season,0.63675,0.6551724137931034,0.6161482461945731,0.020601753805426948,-0.028118421052631626,0.36324999999999996,0.40816326530612246,0.3838517538054269,-0.020601753805426948,-0.11003750000000001,positive vig-free edge with nonpositive EV
NO_BET,,PTS,full_game,18.5,True,32.89009094238281,33.04808669996268,17.752477645874023,0.07588933197150931,17.828366977845533,0.6420909777808131,78bf92243997831090f4e81bdc0a5d4d7ba172f90b72e1ee43b198174beb3eea,4000,42,Scottie Barnes,1630567,BetRivers,2026-03-26,2026-03-25 13:19:22,2026-03-25,Regular Season,0.44975,0.46296296296296297,0.4281605438619427,0.021589456138057295,-0.02854000000000001,0.55025,0.6183206106870229,0.5718394561380572,-0.021589456138057184,-0.11008950617283941,positive vig-free edge with nonpositive EV
NO_BET,,PTS,full_game,14.5,True,27.966472625732422,27.94572513160544,13.153449058532715,-0.09437765780543017,13.059071400727285,0.5327606694856868,78bf92243997831090f4e81bdc0a5d4d7ba172f90b72e1ee43b198174beb3eea,4000,42,Toumani Camara,1641739,Bovada,2026-03-26,2026-03-25 13:19:22,2026-03-25,Regular Season,0.3885,0.4,0.375,0.013500000000000012,-0.028749999999999942,0.6114999999999999,0.6666666666666666,0.625,-0.013500000000000068,-0.08275000000000005,positive vig-free edge with nonpositive EV
NO_BET,,PTS,full_game,14.5,True,23.601816177368164,23.8046020232074,12.341578483581543,-0.03987603901480194,12.301702444566741,0.4915060991395564,78bf92243997831090f4e81bdc0a5d4d7ba172f90b72e1ee43b198174beb3eea,4000,42,Ajay Mitchell,1642349,Bovada,2026-03-25,2026-03-25 13:19:22,2026-03-25,Regular Season,0.34075,0.3508771929824561,0.32941176470588235,0.011338235294117649,-0.028862500000000013,0.65925,0.7142857142857143,0.6705882352941177,-0.011338235294117704,-0.07705000000000006,positive vig-free edge with nonpositive EV
NO_BET,,PTS,full_game,4.5,True,17.4144229888916,17.485293011474948,7.271876335144043,-0.14746386499128866,7.1244124701527545,0.44940254752247744,78bf92243997831090f4e81bdc0a5d4d7ba172f90b72e1ee43b198174beb3eea,4000,42,Robert Williams,1629057,Bovada,2026-03-26,2026-03-25 13:19:22,2026-03-25,Regular Season,0.7155,0.7368421052631579,0.6920583468395461,0.02344165316045388,-0.02896428571428561,0.2845,0.32786885245901637,0.3079416531604538,-0.023441653160453824,-0.13227500000000014,positive vig-free edge with nonpositive EV
NO_BET,,PTS,full_game,10.5,True,23.789234161376953,23.99202000721619,10.024728775024414,0.043700665828887486,10.068429440853302,0.4915060991395564,78bf92243997831090f4e81bdc0a5d4d7ba172f90b72e1ee43b198174beb3eea,4000,42,Ben Saraf,1642879,BetRivers,2026-03-26,2026-03-25 13:19:22,2026-03-25,Regular Season,0.4575,0.4716981132075472,0.43694311172035644,0.02055688827964358,-0.030099999999999905,0.5425,0.6078431372549019,0.5630568882796436,-0.020556888279643637,-0.1075000000000001,positive vig-free edge with nonpositive EV
NO_BET,,PTS,full_game,5.5,True,17.4144229888916,17.485293011474948,7.271876335144043,-0.14746386499128866,7.1244124701527545,0.44940254752247744,78bf92243997831090f4e81bdc0a5d4d7ba172f90b72e1ee43b198174beb3eea,4000,42,Robert Williams,1629057,Bovada,2026-03-26,2026-03-25 13:19:22,2026-03-25,Regular Season,0.6235,0.6428571428571429,0.6017069701280228,0.021793029871977287,-0.030111111111111033,0.37649999999999995,0.425531914893617,0.3982930298719772,-0.021793029871977232,-0.11522500000000013,positive vig-free edge with nonpositive EV
NO_BET,,PTS,full_game,11.5,True,28.924306869506836,28.903559375379853,11.886113166809082,0.11185219717128075,11.997965363980363,0.5327606694856868,78bf92243997831090f4e81bdc0a5d4d7ba172f90b72e1ee43b198174beb3eea,4000,42,Max Christie,1631108,BetOnline.ag,2026-03-26,2026-03-25 13:19:22,2026-03-25,Regular Season,0.51625,0.5327102803738317,0.5,0.016249999999999987,-0.03089912280701751,0.48375,0.5327102803738317,0.5,-0.016249999999999987,-0.09190789473684208,positive vig-free edge with nonpositive EV
NO_BET,,PTS,full_game,11.5,True,28.924306869506836,28.903559375379853,11.886113166809082,0.11185219717128075,11.997965363980363,0.5327606694856868,78bf92243997831090f4e81bdc0a5d4d7ba172f90b72e1ee43b198174beb3eea,4000,42,Max Christie,1631108,FanDuel,2026-03-26,2026-03-25 13:19:22,2026-03-25,Regular Season,0.51625,0.5327102803738317,0.5,0.016249999999999987,-0.03089912280701751,0.48375,0.5327102803738317,0.5,-0.016249999999999987,-0.09190789473684208,positive vig-free edge with nonpositive EV
NO_BET,,PTS,full_game,18.5,True,31.385635375976562,31.54363113355643,17.061952590942383,0.17023114052883484,17.232183731471217,0.6420909777808131,78bf92243997831090f4e81bdc0a5d4d7ba172f90b72e1ee43b198174beb3eea,4000,42,Naji Marshall,1630230,Bovada,2026-03-26,2026-03-25 13:19:22,2026-03-25,Regular Season,0.42125,0.43478260869565216,0.40847201210287437,0.012777987897125642,-0.03112500000000007,0.57875,0.6296296296296297,0.5915279878971256,-0.012777987897125587,-0.08080882352941171,positive vig-free edge with nonpositive EV
NO_BET,,PTS,full_game,7.5,True,24.37023162841797,24.34948413429099,9.662095069885254,0.023093270417233,9.685188340302487,0.5327606694856868,78bf92243997831090f4e81bdc0a5d4d7ba172f90b72e1ee43b198174beb3eea,4000,42,Nick Richards,1630208,Bovada,2026-03-25,2026-03-25 13:19:22,2026-03-25,Regular Season,0.6285,0.6491228070175439,0.6090534979423868,0.019446502057613113,-0.03177027027027035,0.37150000000000005,0.4166666666666667,0.39094650205761317,-0.019446502057613113,-0.10839999999999994,positive vig-free edge with nonpositive EV
NO_BET,,PTS,full_game,13.5,True,35.39308547973633,35.5510812373162,17.288541793823242,0.15619774757785815,17.444739541401102,0.6420909777808131,78bf92243997831090f4e81bdc0a5d4d7ba172f90b72e1ee43b198174beb3eea,4000,42,Derrick White,1628401,Bovada,2026-03-25,2026-03-25 13:19:22,2026-03-25,Regular Season,0.71,0.7333333333333333,0.6875,0.022499999999999964,-0.0318181818181818,0.29000000000000004,0.3333333333333333,0.3125,-0.022499999999999964,-0.1299999999999999,positive vig-free edge with nonpositive EV
NO_BET,,PTS,full_game,7.5,True,24.419374465942383,24.398626971815403,8.339065551757812,0.10666579095547132,8.445731342713284,0.5327606694856868,78bf92243997831090f4e81bdc0a5d4d7ba172f90b72e1ee43b198174beb3eea,4000,42,Drake Powell,1642962,BetRivers,2026-03-26,2026-03-25 13:19:22,2026-03-25,Regular Season,0.55425,0.5726495726495726,0.5338645418326693,0.020385458167330728,-0.03213059701492538,0.44575,0.5,0.4661354581673307,-0.020385458167330728,-0.10850000000000004,positive vig-free edge with nonpositive EV
NO_BET,,PTS,full_game,17.5,True,36.39570617675781,36.90122171082665,18.18636703491211,0.019495259918293466,18.205862294830403,0.746175435493391,78bf92243997831090f4e81bdc0a5d4d7ba172f90b72e1ee43b198174beb3eea,4000,42,Amen Thompson,1641708,BetRivers,2026-03-26,2026-03-25 13:19:22,2026-03-25,Regular Season,0.53575,0.5535714285714286,0.5138121546961325,0.021937845303867443,-0.03219354838709687,0.46425000000000005,0.5238095238095238,0.4861878453038673,-0.021937845303867276,-0.11370454545454534,positive vig-free edge with nonpositive EV
NO_BET,,PTS,full_game,15.5,True,31.281320571899414,31.439316329479283,18.695396423339844,0.08389964265639008,18.779296065996235,0.6420909777808131,78bf92243997831090f4e81bdc0a5d4d7ba172f90b72e1ee43b198174beb3eea,4000,42,Nickeil Alexander-Walker,1629638,Bovada,2026-03-25,2026-03-25 13:19:22,2026-03-25,Regular Season,0.69125,0.7142857142857143,0.6705882352941177,0.020661764705882324,-0.03225,0.30874999999999997,0.3508771929824561,0.32941176470588235,-0.02066176470588238,-0.12006250000000007,positive vig-free edge with nonpositive EV
NO_BET,,PTS,full_game,8.5,True,29.52571678161621,29.504969287489228,9.081414222717285,-0.03294953439683776,9.048464688320447,0.5327606694856868,78bf92243997831090f4e81bdc0a5d4d7ba172f90b72e1ee43b198174beb3eea,4000,42,Draymond Green,203110,FanDuel,2026-03-26,2026-03-25 13:19:22,2026-03-25,Regular Season,0.5235,0.5412844036697247,0.5060689431946916,0.01743105680530832,-0.03285593220338989,0.47650000000000003,0.5283018867924528,0.4939310568053083,-0.017431056805308265,-0.0980535714285714,positive vig-free edge with nonpositive EV
NO_BET,,PTS,full_game,17.5,True,32.89009094238281,33.04808669996268,17.752477645874023,0.07588933197150931,17.828366977845533,0.6420909777808131,78bf92243997831090f4e81bdc0a5d4d7ba172f90b72e1ee43b198174beb3eea,4000,42,Scottie Barnes,1630567,FanDuel,2026-03-26,2026-03-25 13:19:22,2026-03-25,Regular Season,0.51075,0.5283018867924528,0.4939310568053083,0.016818943194691738,-0.03322321428571423,0.48924999999999996,0.5412844036697247,0.5060689431946916,-0.016818943194691682,-0.09613135593220345,positive vig-free edge with nonpositive EV
NO_BET,,PTS,full_game,9.5,True,23.789234161376953,23.99202000721619,10.024728775024414,0.043700665828887486,10.068429440853302,0.4915060991395564,78bf92243997831090f4e81bdc0a5d4d7ba172f90b72e1ee43b198174beb3eea,4000,42,Ben Saraf,1642879,BetMGM,2026-03-26,2026-03-25 13:19:22,2026-03-25,Regular Season,0.52725,0.5454545454545454,0.5101214574898786,0.017128542510121414,-0.03337499999999993,0.47275,0.5238095238095238,0.48987854251012153,-0.017128542510121525,-0.09747727272727269,positive vig-free edge with nonpositive EV
NO_BET,,PTS,full_game,7.5,True,22.030521392822266,22.233307238661503,8.128360748291016,0.03647207217169879,8.164832820462715,0.4915060991395564,78bf92243997831090f4e81bdc0a5d4d7ba172f90b72e1ee43b198174beb3eea,4000,42,Luke Kennard,1628379,FanDuel,2026-03-25,2026-03-25 13:19:22,2026-03-25,Regular Season,0.531,0.5495495495495496,0.5187593796898449,0.01224062031015516,-0.03375409836065568,0.469,0.5098039215686274,0.48124062031015497,-0.012240620310154993,-0.0800384615384615,positive vig-free edge with nonpositive EV
NO_BET,,PTS,full_game,12.5,True,25.26226234436035,25.241514850233372,12.96000862121582,0.0278778472041177,12.987886468419939,0.5327606694856868,78bf92243997831090f4e81bdc0a5d4d7ba172f90b72e1ee43b198174beb3eea,4000,42,Naz Reid,1629675,Bovada,2026-03-26,2026-03-25 13:19:22,2026-03-25,Regular Season,0.527,0.5454545454545454,0.5101214574898786,0.01687854251012144,-0.033833333333333215,0.473,0.5238095238095238,0.48987854251012153,-0.016878542510121552,-0.09700000000000003,positive vig-free edge with nonpositive EV
NO_BET,,PTS,full_game,12.5,True,27.966472625732422,27.94572513160544,13.153449058532715,-0.09437765780543017,13.059071400727285,0.5327606694856868,78bf92243997831090f4e81bdc0a5d4d7ba172f90b72e1ee43b198174beb3eea,4000,42,Toumani Camara,1641739,FanDuel,2026-03-26,2026-03-25 13:19:22,2026-03-25,Regular Season,0.53675,0.5555555555555556,0.5191532258064516,0.017596774193548326,-0.03385000000000005,0.46325000000000005,0.5145631067961165,0.4808467741935484,-0.017596774193548326,-0.09972169811320747,positive vig-free edge with nonpositive EV
NO_BET,,PTS,full_game,18.5,True,31.281320571899414,31.439316329479283,18.695396423339844,0.08389964265639008,18.779296065996235,0.6420909777808131,78bf92243997831090f4e81bdc0a5d4d7ba172f90b72e1ee43b198174beb3eea,4000,42,Nickeil Alexander-Walker,1629638,FanDuel,2026-03-25,2026-03-25 13:19:22,2026-03-25,Regular Season,0.51675,0.5348837209302325,0.5041554124246831,0.012594587575316951,-0.033902173913043454,0.48324999999999996,0.5260663507109005,0.4958445875753168,-0.01259458757531684,-0.08138963963963969,positive vig-free edge with nonpositive EV
NO_BET,,PTS,full_game,11.5,True,25.26226234436035,25.241514850233372,12.96000862121582,0.0278778472041177,12.987886468419939,0.5327606694856868,78bf92243997831090f4e81bdc0a5d4d7ba172f90b72e1ee43b198174beb3eea,4000,42,Naz Reid,1629675,Bovada,2026-03-26,2026-03-25 13:19:22,2026-03-25,Regular Season,0.5945,0.6153846153846154,0.5751633986928104,0.019336601307189616,-0.033937499999999954,0.40549999999999997,0.45454545454545453,0.4248366013071895,-0.019336601307189505,-0.1079,positive vig-free edge with nonpositive EV
NO_BET,,PTS,full_game,20.5,True,29.712934494018555,29.69218699989157,18.254894256591797,0.038316045804493604,18.29321030239629,0.5327606694856868,78bf92243997831090f4e81bdc0a5d4d7ba172f90b72e1ee43b198174beb3eea,4000,42,Bennedict Mathurin,1631097,Bovada,2026-03-26,2026-03-25 13:19:22,2026-03-25,Regular Season,0.3645,0.37735849056603776,0.35437430786268,0.010125692137320008,-0.034074999999999966,0.6355,0.6875,0.6456256921373201,-0.010125692137320175,-0.07563636363636361,positive vig-free edge with nonpositive EV
NO_BET,,PTS,full_game,16.5,True,31.385635375976562,31.54363113355643,17.061952590942383,0.17023114052883484,17.232183731471217,0.6420909777808131,78bf92243997831090f4e81bdc0a5d4d7ba172f90b72e1ee43b198174beb3eea,4000,42,Naji Marshall,1630230,Bovada,2026-03-26,2026-03-25 13:19:22,2026-03-25,Regular Season,0.5365,0.5555555555555556,0.5203045685279188,0.016195431472081134,-0.0343,0.4635,0.5121951219512195,0.4796954314720812,-0.01619543147208119,-0.09507142857142853,positive vig-free edge with nonpositive EV
NO_BET,,PTS,full_game,6.5,True,17.4144229888916,17.485293011474948,7.271876335144043,-0.14746386499128866,7.1244124701527545,0.44940254752247744,78bf92243997831090f4e81bdc0a5d4d7ba172f90b72e1ee43b198174beb3eea,4000,42,Robert Williams,1629057,BetMGM,2026-03-26,2026-03-25 13:19:22,2026-03-25,Regular Season,0.53625,0.5555555555555556,0.5203045685279188,0.015945431472081162,-0.03474999999999995,0.46375,0.5121951219512195,0.4796954314720812,-0.015945431472081217,-0.09458333333333335,positive vig-free edge with nonpositive EV
NO_BET,,PTS,full_game,11.5,True,28.987327575683594,28.96658008155661,13.827828407287598,0.04202019893517117,13.869848606222769,0.5327606694856868,78bf92243997831090f4e81bdc0a5d4d7ba172f90b72e1ee43b198174beb3eea,4000,42,Sam Merrill,1630241,Bovada,2026-03-25,2026-03-25 13:19:22,2026-03-25,Regular Season,0.6585,0.6825396825396826,0.6395881006864989,0.018911899313501124,-0.035220930232558234,0.3415,0.38461538461538464,0.36041189931350115,-0.018911899313501124,-0.11209999999999987,positive vig-free edge with nonpositive EV
NO_BET,,PTS,full_game,20.5,True,35.39308547973633,35.5510812373162,17.288541793823242,0.15619774757785815,17.444739541401102,0.6420909777808131,78bf92243997831090f4e81bdc0a5d4d7ba172f90b72e1ee43b198174beb3eea,4000,42,Derrick White,1628401,Bovada,2026-03-25,2026-03-25 13:19:22,2026-03-25,Regular Season,0.31625,0.32786885245901637,0.3079416531604538,0.008308346839546177,-0.03543750000000023,0.6837500000000001,0.7368421052631579,0.6920583468395461,-0.008308346839546066,-0.07205357142857133,positive vig-free edge with nonpositive EV
NO_BET,,PTS,full_game,14.5,True,24.568023681640625,24.547276187513646,14.854936599731445,0.10032632076956734,14.955262920501013,0.5327606694856868,78bf92243997831090f4e81bdc0a5d4d7ba172f90b72e1ee43b198174beb3eea,4000,42,Collin Sexton,1629012,FanDuel,2026-03-25,2026-03-25 13:19:22,2026-03-25,Regular Season,0.51575,0.5348837209302325,0.5041554124246831,0.01159458757531695,-0.0357717391304348,0.48424999999999996,0.5260663507109005,0.4958445875753168,-0.01159458757531684,-0.07948873873873874,positive vig-free edge with nonpositive EV
NO_BET,,PTS,full_game,7.5,True,17.4144229888916,17.485293011474948,7.271876335144043,-0.14746386499128866,7.1244124701527545,0.44940254752247744,78bf92243997831090f4e81bdc0a5d4d7ba172f90b72e1ee43b198174beb3eea,4000,42,Robert Williams,1629057,Bovada,2026-03-26,2026-03-25 13:19:22,2026-03-25,Regular Season,0.43825,0.45454545454545453,0.4248366013071895,0.013413398692810496,-0.03584999999999994,0.56175,0.6153846153846154,0.5751633986928104,-0.013413398692810441,-0.08715624999999999,positive vig-free edge with nonpositive EV
NO_BET,,PTS,full_game,7.5,True,21.962265014648438,22.165050860487675,7.550651550292969,0.1458887301801991,7.696540280473168,0.4915060991395564,78bf92243997831090f4e81bdc0a5d4d7ba172f90b72e1ee43b198174beb3eea,4000,42,Taurean Prince,1627752,BetOnline.ag,2026-03-26,2026-03-25 13:19:22,2026-03-25,Regular Season,0.50925,0.5283018867924528,0.4969046636401156,0.012345336359884385,-0.03606250000000005,0.49075,0.5348837209302325,0.5030953363598845,-0.01234533635988444,-0.08251086956521742,positive vig-free edge with nonpositive EV
NO_BET,,PTS,full_game,12.5,True,31.708898544311523,31.866894301891392,11.904556274414062,0.06961333565917877,11.974169610073242,0.6420909777808131,78bf92243997831090f4e81bdc0a5d4d7ba172f90b72e1ee43b198174beb3eea,4000,42,Rudy Gobert,203497,BetRivers,2026-03-26,2026-03-25 13:19:22,2026-03-25,Regular Season,0.45025,0.4672897196261682,0.4346343957729675,0.015615604227032509,-0.03646500000000008,0.54975,0.6078431372549019,0.5653656042270325,-0.015615604227032565,-0.09557258064516139,positive vig-free edge with nonpositive EV
NO_BET,,PTS,full_game,7.5,True,22.030521392822266,22.233307238661503,8.128360748291016,0.03647207217169879,8.164832820462715,0.4915060991395564,78bf92243997831090f4e81bdc0a5d4d7ba172f90b72e1ee43b198174beb3eea,4000,42,Luke Kennard,1628379,BetOnline.ag,2026-03-25,2026-03-25 13:19:22,2026-03-25,Regular Season,0.531,0.5515695067264574,0.519675254742772,0.011324745257228042,-0.037292682926829246,0.469,0.5098039215686274,0.480324745257228,-0.011324745257228042,-0.0800384615384615,positive vig-free edge with nonpositive EV
NO_BET,,PTS,full_game,7.5,True,22.030521392822266,22.233307238661503,8.128360748291016,0.03647207217169879,8.164832820462715,0.4915060991395564,78bf92243997831090f4e81bdc0a5d4d7ba172f90b72e1ee43b198174beb3eea,4000,42,Luke Kennard,1628379,DraftKings,2026-03-25,2026-03-25 13:19:22,2026-03-25,Regular Season,0.531,0.5515695067264574,0.519675254742772,0.011324745257228042,-0.037292682926829246,0.469,0.5098039215686274,0.480324745257228,-0.011324745257228042,-0.0800384615384615,positive vig-free edge with nonpositive EV
NO_BET,,PTS,full_game,11.5,True,27.620878219604492,27.600130725477513,11.75461196899414,0.1035564751244054,11.858168444118546,0.5327606694856868,78bf92243997831090f4e81bdc0a5d4d7ba172f90b72e1ee43b198174beb3eea,4000,42,Deandre Ayton,1629028,BetOnline.ag,2026-03-25,2026-03-25 13:19:22,2026-03-25,Regular Season,0.50425,0.5238095238095238,0.49179655455291227,0.012453445447087708,-0.03734090909090909,0.49575,0.5412844036697247,0.5082034454470877,-0.012453445447087708,-0.08412288135593216,positive vig-free edge with nonpositive EV
NO_BET,,PTS,full_game,11.5,True,27.620878219604492,27.600130725477513,11.75461196899414,0.1035564751244054,11.858168444118546,0.5327606694856868,78bf92243997831090f4e81bdc0a5d4d7ba172f90b72e1ee43b198174beb3eea,4000,42,Deandre Ayton,1629028,DraftKings,2026-03-25,2026-03-25 13:19:22,2026-03-25,Regular Season,0.50425,0.5238095238095238,0.4937655860349127,0.010484413965087258,-0.03734090909090909,0.49575,0.5370370370370371,0.5062344139650873,-0.010484413965087258,-0.07687931034482759,positive vig-free edge with nonpositive EV
NO_BET,,PTS,full_game,11.5,True,27.620878219604492,27.600130725477513,11.75461196899414,0.1035564751244054,11.858168444118546,0.5327606694856868,78bf92243997831090f4e81bdc0a5d4d7ba172f90b72e1ee43b198174beb3eea,4000,42,Deandre Ayton,1629028,Bovada,2026-03-25,2026-03-25 13:19:22,2026-03-25,Regular Season,0.50425,0.5238095238095238,0.48987854251012153,0.014371457489878448,-0.03734090909090909,0.49575,0.5454545454545454,0.5101214574898786,-0.014371457489878559,-0.0911249999999999,positive vig-free edge with nonpositive EV
NO_BET,,PTS,full_game,15.5,True,31.385635375976562,31.54363113355643,17.061952590942383,0.17023114052883484,17.232183731471217,0.6420909777808131,78bf92243997831090f4e81bdc0a5d4d7ba172f90b72e1ee43b198174beb3eea,4000,42,Naji Marshall,1630230,Bovada,2026-03-26,2026-03-25 13:19:22,2026-03-25,Regular Season,0.59225,0.6153846153846154,0.5751633986928104,0.01708660130718964,-0.037593749999999926,0.40774999999999995,0.45454545454545453,0.4248366013071895,-0.01708660130718953,-0.10295000000000004,positive vig-free edge with nonpositive EV
NO_BET,,PTS,full_game,18.5,True,31.281320571899414,31.439316329479283,18.695396423339844,0.08389964265639008,18.779296065996235,0.6420909777808131,78bf92243997831090f4e81bdc0a5d4d7ba172f90b72e1ee43b198174beb3eea,4000,42,Nickeil Alexander-Walker,1629638,BetOnline.ag,2026-03-25,2026-03-25 13:19:22,2026-03-25,Regular Season,0.51675,0.5370370370370371,0.5051597457277305,0.011590254272269562,-0.03777586206896544,0.48324999999999996,0.5260663507109005,0.4948402542722694,-0.011590254272269451,-0.08138963963963969,positive vig-free edge with nonpositive EV
NO_BET,,PTS,full_game,15.5,True,27.90944480895996,27.888697314832978,13.97557258605957,0.009696416097275905,13.985269002156846,0.5327606694856868,78bf92243997831090f4e81bdc0a5d4d7ba172f90b72e1ee43b198174beb3eea,4000,42,Tre Jones,1630200,Bovada,2026-03-25,2026-03-25 13:19:22,2026-03-25,Regular Season,0.38475,0.4,0.375,0.009749999999999981,-0.038125000000000075,0.6152500000000001,0.6666666666666666,0.625,-0.009749999999999925,-0.07712499999999994,positive vig-free edge with nonpositive EV
NO_BET,,PTS,full_game,10.5,True,27.620878219604492,27.600130725477513,11.75461196899414,0.1035564751244054,11.858168444118546,0.5327606694856868,78bf92243997831090f4e81bdc0a5d4d7ba172f90b72e1ee43b198174beb3eea,4000,42,Deandre Ayton,1629028,Bovada,2026-03-25,2026-03-25 13:19:22,2026-03-25,Regular Season,0.57675,0.6,0.5633187772925764,0.013431222707423585,-0.03875000000000012,0.42325,0.46511627906976744,0.43668122270742354,-0.013431222707423529,-0.0900125,positive vig-free edge with nonpositive EV
NO_BET,,PTS,full_game,17.5,True,31.385635375976562,31.54363113355643,17.061952590942383,0.17023114052883484,17.232183731471217,0.6420909777808131,78bf92243997831090f4e81bdc0a5d4d7ba172f90b72e1ee43b198174beb3eea,4000,42,Naji Marshall,1630230,BetRivers,2026-03-26,2026-03-25 13:19:22,2026-03-25,Regular Season,0.47575,0.49504950495049505,0.461322848133297,0.014427151866703014,-0.03898499999999999,0.52425,0.5780590717299579,0.5386771518667031,-0.01442715186670307,-0.0930857664233577,positive vig-free edge with nonpositive EV
NO_BET,,PTS,full_game,17.5,True,31.281320571899414,31.439316329479283,18.695396423339844,0.08389964265639008,18.779296065996235,0.6420909777808131,78bf92243997831090f4e81bdc0a5d4d7ba172f90b72e1ee43b198174beb3eea,4000,42,Nickeil Alexander-Walker,1629638,Bovada,2026-03-25,2026-03-25 13:19:22,2026-03-25,Regular Season,0.5765,0.6,0.5633187772925764,0.013181222707423612,-0.03916666666666674,0.4235,0.46511627906976744,0.43668122270742354,-0.013181222707423557,-0.08947500000000008,positive vig-free edge with nonpositive EV
NO_BET,,PTS,full_game,19.5,True,29.712934494018555,29.69218699989157,18.254894256591797,0.038316045804493604,18.29321030239629,0.5327606694856868,78bf92243997831090f4e81bdc0a5d4d7ba172f90b72e1ee43b198174beb3eea,4000,42,Bennedict Mathurin,1631097,Bovada,2026-03-26,2026-03-25 13:19:22,2026-03-25,Regular Season,0.41775,0.43478260869565216,0.40847201210287437,0.009277987897125639,-0.03917499999999996,0.5822499999999999,0.6296296296296297,0.5915279878971256,-0.009277987897125639,-0.07524999999999998,positive vig-free edge with nonpositive EV
NO_BET,,PTS,full_game,13.5,True,25.26226234436035,25.241514850233372,12.96000862121582,0.0278778472041177,12.987886468419939,0.5327606694856868,78bf92243997831090f4e81bdc0a5d4d7ba172f90b72e1ee43b198174beb3eea,4000,42,Naz Reid,1629675,Bovada,2026-03-26,2026-03-25 13:19:22,2026-03-25,Regular Season,0.4575,0.47619047619047616,0.4458598726114649,0.011640127388535093,-0.039249999999999896,0.5425,0.5918367346938775,0.554140127388535,-0.011640127388535038,-0.08336206896551723,positive vig-free edge with nonpositive EV
NO_BET,,PTS,full_game,10.5,True,28.552658081054688,28.531910586927705,11.295323371887207,-0.04038289101299347,11.254940480874213,0.5327606694856868,78bf92243997831090f4e81bdc0a5d4d7ba172f90b72e1ee43b198174beb3eea,4000,42,Derrick Jones,1627884,BetMGM,2026-03-26,2026-03-25 13:19:22,2026-03-25,Regular Season,0.524,0.5454545454545454,0.5101214574898786,0.013878542510121439,-0.03933333333333322,0.476,0.5238095238095238,0.48987854251012153,-0.01387854251012155,-0.09127272727272728,positive vig-free edge with nonpositive EV
NO_BET,,PTS,full_game,14.5,True,31.859560012817383,32.01755577039725,15.124837875366211,0.06197670804329808,15.18681458340951,0.6420909777808131,78bf92243997831090f4e81bdc0a5d4d7ba172f90b72e1ee43b198174beb3eea,4000,42,P.J. Washington,1629023,BetOnline.ag,2026-03-26,2026-03-25 13:19:22,2026-03-25,Regular Season,0.524,0.5454545454545454,0.5123152709359606,0.01168472906403939,-0.03933333333333322,0.476,0.5192307692307693,0.4876847290640395,-0.0116847290640395,-0.08325925925925926,positive vig-free edge with nonpositive EV
NO_BET,,PTS,full_game,8.5,True,17.4144229888916,17.485293011474948,7.271876335144043,-0.14746386499128866,7.1244124701527545,0.44940254752247744,78bf92243997831090f4e81bdc0a5d4d7ba172f90b72e1ee43b198174beb3eea,4000,42,Robert Williams,1629057,Bovada,2026-03-26,2026-03-25 13:19:22,2026-03-25,Regular Season,0.3625,0.37735849056603776,0.35437430786268,0.008125692137320006,-0.03937500000000005,0.6375,0.6875,0.6456256921373201,-0.008125692137320173,-0.0727272727272727,positive vig-free edge with nonpositive EV
NO_BET,,PTS,full_game,8.5,True,27.620878219604492,27.600130725477513,11.75461196899414,0.1035564751244054,11.858168444118546,0.5327606694856868,78bf92243997831090f4e81bdc0a5d4d7ba172f90b72e1ee43b198174beb3eea,4000,42,Deandre Ayton,1629028,Bovada,2026-03-25,2026-03-25 13:19:22,2026-03-25,Regular Season,0.71425,0.7435897435897436,0.6974398758727697,0.016810124127230375,-0.03945689655172405,0.28574999999999995,0.3225806451612903,0.30256012412723043,-0.016810124127230486,-0.11417500000000014,positive vig-free edge with nonpositive EV
NO_BET,,PTS,full_game,19.5,True,32.52472686767578,32.68272262525565,19.384681701660156,0.08096657882010863,19.465648280480266,0.6420909777808131,78bf92243997831090f4e81bdc0a5d4d7ba172f90b72e1ee43b198174beb3eea,4000,42,Matas Buzelis,1641824,FanDuel,2026-03-25,2026-03-25 13:19:22,2026-03-25,Regular Season,0.49425,0.5145631067961165,0.48542880932556204,0.008821190674437984,-0.03947641509433952,0.5057499999999999,0.5454545454545454,0.5145711906744379,-0.008821190674437984,-0.0727916666666667,positive vig-free edge with nonpositive EV
NO_BET,,PTS,full_game,6.5,True,22.66581153869629,22.868597384535526,8.16478443145752,-0.08576942493259945,8.07901500652492,0.4915060991395564,78bf92243997831090f4e81bdc0a5d4d7ba172f90b72e1ee43b198174beb3eea,4000,42,Tari Eason,1631106,BetRivers,2026-03-26,2026-03-25 13:19:22,2026-03-25,Regular Season,0.58675,0.6108949416342413,0.567740307795812,0.019009692204188022,-0.03952388535031859,0.41325,0.46511627906976744,0.43225969220418803,-0.019009692204188022,-0.11151250000000001,positive vig-free edge with nonpositive EV
NO_BET,,PTS,full_game,16.5,True,36.39570617675781,36.90122171082665,18.18636703491211,0.019495259918293466,18.205862294830403,0.746175435493391,78bf92243997831090f4e81bdc0a5d4d7ba172f90b72e1ee43b198174beb3eea,4000,42,Amen Thompson,1641708,BetRivers,2026-03-26,2026-03-25 13:19:22,2026-03-25,Regular Season,0.598,0.6226415094339622,0.5757963822634864,0.02220361773651358,-0.03957575757575765,0.402,0.45871559633027525,0.42420361773651355,-0.022203617736513526,-0.12364000000000008,positive vig-free edge with nonpositive EV
NO_BET,,PTS,full_game,20.5,True,32.13052749633789,32.28852325391776,20.602521896362305,0.11400670728507989,20.716528603647383,0.6420909777808131,78bf92243997831090f4e81bdc0a5d4d7ba172f90b72e1ee43b198174beb3eea,4000,42,Tyler Herro,1629639,BetRivers,2026-03-25,2026-03-25 13:19:22,2026-03-25,Regular Season,0.50075,0.5215311004784688,0.4842053307008884,0.016544669299111636,-0.03984633027522927,0.49924999999999997,0.5555555555555556,0.5157946692991116,-0.01654466929911158,-0.10135000000000005,positive vig-free edge with nonpositive EV
NO_BET,,PTS,full_game,9.5,True,23.789234161376953,23.99202000721619,10.024728775024414,0.043700665828887486,10.068429440853302,0.4915060991395564,78bf92243997831090f4e81bdc0a5d4d7ba172f90b72e1ee43b198174beb3eea,4000,42,Ben Saraf,1642879,FanDuel,2026-03-26,2026-03-25 13:19:22,2026-03-25,Regular Season,0.52725,0.5495495495495496,0.5141838223374939,0.013066177662506062,-0.04057786885245901,0.47275,0.5192307692307693,0.48581617766250607,-0.013066177662506062,-0.08951851851851844,positive vig-free edge with nonpositive EV
NO_BET,,PTS,full_game,9.5,True,23.789234161376953,23.99202000721619,10.024728775024414,0.043700665828887486,10.068429440853302,0.4915060991395564,78bf92243997831090f4e81bdc0a5d4d7ba172f90b72e1ee43b198174beb3eea,4000,42,Ben Saraf,1642879,BetOnline.ag,2026-03-26,2026-03-25 13:19:22,2026-03-25,Regular Season,0.52725,0.5495495495495496,0.5164392569455861,0.010810743054413874,-0.04057786885245901,0.47275,0.5145631067961165,0.483560743054414,-0.010810743054413985,-0.08125943396226415,positive vig-free edge with nonpositive EV
NO_BET,,PTS,full_game,17.5,True,29.712934494018555,29.69218699989157,18.254894256591797,0.038316045804493604,18.29321030239629,0.5327606694856868,78bf92243997831090f4e81bdc0a5d4d7ba172f90b72e1ee43b198174beb3eea,4000,42,Bennedict Mathurin,1631097,BetMGM,2026-03-26,2026-03-25 13:19:22,2026-03-25,Regular Season,0.53275,0.5555555555555556,0.5203045685279188,0.012445431472081103,-0.041050000000000086,0.46725000000000005,0.5121951219512195,0.4796954314720812,-0.012445431472081159,-0.08774999999999994,positive vig-free edge with nonpositive EV
NO_BET,,PTS,full_game,16.5,True,31.385635375976562,31.54363113355643,17.061952590942383,0.17023114052883484,17.232183731471217,0.6420909777808131,78bf92243997831090f4e81bdc0a5d4d7ba172f90b72e1ee43b198174beb3eea,4000,42,Naji Marshall,1630230,BetRivers,2026-03-26,2026-03-25 13:19:22,2026-03-25,Regular Season,0.5365,0.5594713656387665,0.519771442128989,0.01672855787101102,-0.04105905511811031,0.4635,0.5169082125603864,0.4802285578710111,-0.016728557871011074,-0.10332242990654195,positive vig-free edge with nonpositive EV
NO_BET,,PTS,full_game,17.5,True,32.89009094238281,33.04808669996268,17.752477645874023,0.07588933197150931,17.828366977845533,0.6420909777808131,78bf92243997831090f4e81bdc0a5d4d7ba172f90b72e1ee43b198174beb3eea,4000,42,Scottie Barnes,1630567,BetRivers,2026-03-26,2026-03-25 13:19:22,2026-03-25,Regular Season,0.51075,0.5327102803738317,0.4940898345153664,0.016660165484633616,-0.04122368421052619,0.48924999999999996,0.5454545454545454,0.5059101654846335,-0.01666016548463356,-0.10304166666666664,positive vig-free edge with nonpositive EV
NO_BET,,PTS,full_game,12.5,True,27.620878219604492,27.600130725477513,11.75461196899414,0.1035564751244054,11.858168444118546,0.5327606694856868,78bf92243997831090f4e81bdc0a5d4d7ba172f90b72e1ee43b198174beb3eea,4000,42,Deandre Ayton,1629028,BetRivers,2026-03-25,2026-03-25 13:19:22,2026-03-25,Regular Season,0.43575,0.45454545454545453,0.4208701134930643,0.014879886506935724,-0.041349999999999776,0.5642499999999999,0.6254681647940075,0.5791298865069356,-0.014879886506935724,-0.09787574850299419,positive vig-free edge with nonpositive EV
NO_BET,,PTS,full_game,12.5,True,27.620878219604492,27.600130725477513,11.75461196899414,0.1035564751244054,11.858168444118546,0.5327606694856868,78bf92243997831090f4e81bdc0a5d4d7ba172f90b72e1ee43b198174beb3eea,4000,42,Deandre Ayton,1629028,Bovada,2026-03-25,2026-03-25 13:19:22,2026-03-25,Regular Season,0.43575,0.45454545454545453,0.4248366013071895,0.01091339869281055,-0.041349999999999776,0.5642499999999999,0.6153846153846154,0.5751633986928104,-0.010913398692810494,-0.08309375000000008,positive vig-free edge with nonpositive EV
NO_BET,,PTS,full_game,15.5,True,27.966472625732422,27.94572513160544,13.153449058532715,-0.09437765780543017,13.059071400727285,0.5327606694856868,78bf92243997831090f4e81bdc0a5d4d7ba172f90b72e1ee43b198174beb3eea,4000,42,Toumani Camara,1641739,Bovada,2026-03-26,2026-03-25 13:19:22,2026-03-25,Regular Season,0.33025,0.3448275862068966,0.32315978456014366,0.007090215439856329,-0.042275000000000174,0.6697500000000001,0.7222222222222222,0.6768402154398564,-0.007090215439856329,-0.07265384615384612,positive vig-free edge with nonpositive EV
NO_BET,,PTS,full_game,12.5,True,28.987327575683594,28.96658008155661,13.827828407287598,0.04202019893517117,13.869848606222769,0.5327606694856868,78bf92243997831090f4e81bdc0a5d4d7ba172f90b72e1ee43b198174beb3eea,4000,42,Sam Merrill,1630241,Bovada,2026-03-25,2026-03-25 13:19:22,2026-03-25,Regular Season,0.58925,0.6153846153846154,0.5751633986928104,0.014086601307189639,-0.042468749999999944,0.41074999999999995,0.45454545454545453,0.4248366013071895,-0.014086601307189528,-0.09635000000000005,positive vig-free edge with nonpositive EV
NO_BET,,PTS,full_game,10.5,True,25.26226234436035,25.241514850233372,12.96000862121582,0.0278778472041177,12.987886468419939,0.5327606694856868,78bf92243997831090f4e81bdc0a5d4d7ba172f90b72e1ee43b198174beb3eea,4000,42,Naz Reid,1629675,Bovada,2026-03-26,2026-03-25 13:19:22,2026-03-25,Regular Season,0.65825,0.6875,0.6456256921373201,0.012624307862679873,-0.0425454545454545,0.34175,0.37735849056603776,0.35437430786268,-0.012624307862679984,-0.09436250000000002,positive vig-free edge with nonpositive EV
NO_BET,,PTS,full_game,19.5,True,32.13052749633789,32.28852325391776,20.602521896362305,0.11400670728507989,20.716528603647383,0.6420909777808131,78bf92243997831090f4e81bdc0a5d4d7ba172f90b72e1ee43b198174beb3eea,4000,42,Tyler Herro,1629639,BetRivers,2026-03-25,2026-03-25 13:19:22,2026-03-25,Regular Season,0.55325,0.5780590717299579,0.5362035225048923,0.01704647749510768,-0.042917883211678776,0.44675,0.5,0.4637964774951076,-0.017046477495107626,-0.10650000000000004,positive vig-free edge with nonpositive EV
NO_BET,,PTS,full_game,14.5,True,31.859560012817383,32.01755577039725,15.124837875366211,0.06197670804329808,15.18681458340951,0.6420909777808131,78bf92243997831090f4e81bdc0a5d4d7ba172f90b72e1ee43b198174beb3eea,4000,42,P.J. Washington,1629023,DraftKings,2026-03-26,2026-03-25 13:19:22,2026-03-25,Regular Season,0.524,0.5475113122171946,0.5166631951676735,0.007336804832326571,-0.04294214876033059,0.476,0.5121951219512195,0.4833368048323266,-0.007336804832326627,-0.07066666666666671,positive vig-free edge with nonpositive EV
NO_BET,,PTS,full_game,10.5,True,28.987327575683594,28.96658008155661,13.827828407287598,0.04202019893517117,13.869848606222769,0.5327606694856868,78bf92243997831090f4e81bdc0a5d4d7ba172f90b72e1ee43b198174beb3eea,4000,42,Sam Merrill,1630241,Bovada,2026-03-25,2026-03-25 13:19:22,2026-03-25,Regular Season,0.71775,0.75,0.7026022304832714,0.015147769516728582,-0.043000000000000066,0.28225,0.31746031746031744,0.29739776951672864,-0.015147769516728637,-0.11091249999999997,positive vig-free edge with nonpositive EV
NO_BET,,PTS,full_game,18.5,True,32.52472686767578,32.68272262525565,19.384681701660156,0.08096657882010863,19.465648280480266,0.6420909777808131,78bf92243997831090f4e81bdc0a5d4d7ba172f90b72e1ee43b198174beb3eea,4000,42,Matas Buzelis,1641824,BetRivers,2026-03-25,2026-03-25 13:19:22,2026-03-25,Regular Season,0.548,0.5726495726495726,0.5338645418326693,0.01413545816733075,-0.04304477611940294,0.45199999999999996,0.5,0.4661354581673307,-0.01413545816733075,-0.09600000000000009,positive vig-free edge with nonpositive EV
NO_BET,,PTS,full_game,14.5,True,24.568023681640625,24.547276187513646,14.854936599731445,0.10032632076956734,14.955262920501013,0.5327606694856868,78bf92243997831090f4e81bdc0a5d4d7ba172f90b72e1ee43b198174beb3eea,4000,42,Collin Sexton,1629012,BetRivers,2026-03-25,2026-03-25 13:19:22,2026-03-25,Regular Season,0.51575,0.5391705069124424,0.5,0.015750000000000042,-0.04343803418803405,0.48424999999999996,0.5391705069124424,0.5,-0.015750000000000042,-0.10186111111111118,positive vig-free edge with nonpositive EV
NO_BET,,PTS,full_game,19.5,True,32.52472686767578,32.68272262525565,19.384681701660156,0.08096657882010863,19.465648280480266,0.6420909777808131,78bf92243997831090f4e81bdc0a5d4d7ba172f90b72e1ee43b198174beb3eea,4000,42,Matas Buzelis,1641824,BetRivers,2026-03-25,2026-03-25 13:19:22,2026-03-25,Regular Season,0.49425,0.5169082125603864,0.4802285578710111,0.014021442128988926,-0.043834112149532534,0.5057499999999999,0.5594713656387665,0.519771442128989,-0.014021442128989037,-0.09602165354330722,positive vig-free edge with nonpositive EV
NO_BET,,PTS,full_game,16.5,True,32.89009094238281,33.04808669996268,17.752477645874023,0.07588933197150931,17.828366977845533,0.6420909777808131,78bf92243997831090f4e81bdc0a5d4d7ba172f90b72e1ee43b198174beb3eea,4000,42,Scottie Barnes,1630567,BetRivers,2026-03-26,2026-03-25 13:19:22,2026-03-25,Regular Season,0.5705,0.5967741935483871,0.5538284398388026,0.01667156016119742,-0.044027027027027044,0.4295,0.4807692307692308,0.44617156016119747,-0.016671560161197474,-0.10663999999999996,positive vig-free edge with nonpositive EV
NO_BET,,PTS,full_game,15.5,True,31.859560012817383,32.01755577039725,15.124837875366211,0.06197670804329808,15.18681458340951,0.6420909777808131,78bf92243997831090f4e81bdc0a5d4d7ba172f90b72e1ee43b198174beb3eea,4000,42,P.J. Washington,1629023,Bovada,2026-03-26,2026-03-25 13:19:22,2026-03-25,Regular Season,0.46625,0.4878048780487805,0.4592085979482169,0.007041402051783108,-0.044187500000000046,0.53375,0.574468085106383,0.5407914020517831,-0.007041402051783163,-0.07087962962962968,positive vig-free edge with nonpositive EV
NO_BET,,PTS,full_game,7.5,True,22.030521392822266,22.233307238661503,8.128360748291016,0.03647207217169879,8.164832820462715,0.4915060991395564,78bf92243997831090f4e81bdc0a5d4d7ba172f90b72e1ee43b198174beb3eea,4000,42,Luke Kennard,1628379,Bovada,2026-03-25,2026-03-25 13:19:22,2026-03-25,Regular Season,0.531,0.5555555555555556,0.5203045685279188,0.010695431472081185,-0.044199999999999906,0.469,0.5121951219512195,0.4796954314720812,-0.01069543147208124,-0.08433333333333343,positive vig-free edge with nonpositive EV
NO_BET,,PTS,full_game,14.5,True,31.385635375976562,31.54363113355643,17.061952590942383,0.17023114052883484,17.232183731471217,0.6420909777808131,78bf92243997831090f4e81bdc0a5d4d7ba172f90b72e1ee43b198174beb3eea,4000,42,Naji Marshall,1630230,Bovada,2026-03-26,2026-03-25 13:19:22,2026-03-25,Regular Season,0.64725,0.6774193548387096,0.6333530455351862,0.01389695446481376,-0.044535714285714234,0.35275,0.39215686274509803,0.3666469544648137,-0.013896954464813704,-0.10048750000000006,positive vig-free edge with nonpositive EV
NO_BET,,PTS,full_game,11.5,True,16.84052848815918,16.911398510742526,8.880940437316895,0.16411879711973862,9.045059234436634,0.44940254752247744,78bf92243997831090f4e81bdc0a5d4d7ba172f90b72e1ee43b198174beb3eea,4000,42,Obi Toppin,1630167,Bovada,2026-03-25,2026-03-25 13:19:22,2026-03-25,Regular Season,0.31325,0.32786885245901637,0.3079416531604538,0.005308346839546174,-0.04458750000000011,0.68675,0.7368421052631579,0.6920583468395461,-0.005308346839546174,-0.0679821428571428,positive vig-free edge with nonpositive EV
NO_BET,,PTS,full_game,8.5,True,16.84052848815918,16.911398510742526,8.880940437316895,0.16411879711973862,9.045059234436634,0.44940254752247744,78bf92243997831090f4e81bdc0a5d4d7ba172f90b72e1ee43b198174beb3eea,4000,42,Obi Toppin,1630167,BetOnline.ag,2026-03-25,2026-03-25 13:19:22,2026-03-25,Regular Season,0.511,0.5348837209302325,0.5030953363598845,0.00790466364011555,-0.04465217391304355,0.489,0.5283018867924528,0.4969046636401156,-0.007904663640115606,-0.0743928571428572,positive vig-free edge with nonpositive EV
NO_BET,,PTS,full_game,8.5,True,16.84052848815918,16.911398510742526,8.880940437316895,0.16411879711973862,9.045059234436634,0.44940254752247744,78bf92243997831090f4e81bdc0a5d4d7ba172f90b72e1ee43b198174beb3eea,4000,42,Obi Toppin,1630167,BetMGM,2026-03-25,2026-03-25 13:19:22,2026-03-25,Regular Season,0.511,0.5348837209302325,0.5,0.01100000000000001,-0.04465217391304355,0.489,0.5348837209302325,0.5,-0.01100000000000001,-0.08578260869565224,positive vig-free edge with nonpositive EV
NO_BET,,PTS,full_game,6.5,True,17.4144229888916,17.485293011474948,7.271876335144043,-0.14746386499128866,7.1244124701527545,0.44940254752247744,78bf92243997831090f4e81bdc0a5d4d7ba172f90b72e1ee43b198174beb3eea,4000,42,Robert Williams,1629057,FanDuel,2026-03-26,2026-03-25 13:19:22,2026-03-25,Regular Season,0.53625,0.5614035087719298,0.5264701091382962,0.009779890861703833,-0.044804687499999996,0.46375,0.504950495049505,0.4735298908617039,-0.009779890861703888,-0.08159313725490192,positive vig-free edge with nonpositive EV
NO_BET,,PTS,full_game,13.5,True,31.385635375976562,31.54363113355643,17.061952590942383,0.17023114052883484,17.232183731471217,0.6420909777808131,78bf92243997831090f4e81bdc0a5d4d7ba172f90b72e1ee43b198174beb3eea,4000,42,Naji Marshall,1630230,Bovada,2026-03-26,2026-03-25 13:19:22,2026-03-25,Regular Season,0.70375,0.7368421052631579,0.6920583468395461,0.011691653160453841,-0.04491071428571425,0.29625,0.32786885245901637,0.3079416531604538,-0.011691653160453785,-0.09643750000000006,positive vig-free edge with nonpositive EV
NO_BET,,PTS,full_game,10.5,True,24.764997482299805,24.744249988172825,11.304346084594727,0.16820727502880042,11.472553359623527,0.5327606694856868,78bf92243997831090f4e81bdc0a5d4d7ba172f90b72e1ee43b198174beb3eea,4000,42,Ziaire Williams,1630533,BetRivers,2026-03-26,2026-03-25 13:19:22,2026-03-25,Regular Season,0.55875,0.5850622406639004,0.5453259126497499,0.013424087350250025,-0.04497340425531915,0.44125000000000003,0.4878048780487805,0.4546740873502499,-0.013424087350249858,-0.09543750000000001,positive vig-free edge with nonpositive EV
NO_BET,,PTS,full_game,16.5,True,32.52472686767578,32.68272262525565,19.384681701660156,0.08096657882010863,19.465648280480266,0.6420909777808131,78bf92243997831090f4e81bdc0a5d4d7ba172f90b72e1ee43b198174beb3eea,4000,42,Matas Buzelis,1641824,Bovada,2026-03-25,2026-03-25 13:19:22,2026-03-25,Regular Season,0.6655,0.696969696969697,0.6529968454258674,0.012503154574132536,-0.04515217391304355,0.3345,0.37037037037037035,0.34700315457413244,-0.012503154574132425,-0.09684999999999988,positive vig-free edge with nonpositive EV
NO_BET,,PTS,full_game,18.5,True,31.281320571899414,31.439316329479283,18.695396423339844,0.08389964265639008,18.779296065996235,0.6420909777808131,78bf92243997831090f4e81bdc0a5d4d7ba172f90b72e1ee43b198174beb3eea,4000,42,Nickeil Alexander-Walker,1629638,DraftKings,2026-03-25,2026-03-25 13:19:22,2026-03-25,Regular Season,0.51675,0.5412844036697247,0.510397604391948,0.006352395608052008,-0.045326271186440614,0.48324999999999996,0.5192307692307693,0.4896023956080519,-0.006352395608051953,-0.0692962962962963,positive vig-free edge with nonpositive EV
NO_BET,,PTS,full_game,18.5,True,32.52472686767578,32.68272262525565,19.384681701660156,0.08096657882010863,19.465648280480266,0.6420909777808131,78bf92243997831090f4e81bdc0a5d4d7ba172f90b72e1ee43b198174beb3eea,4000,42,Matas Buzelis,1641824,Bovada,2026-03-25,2026-03-25 13:19:22,2026-03-25,Regular Season,0.548,0.574468085106383,0.5407914020517831,0.007208597948216933,-0.046074074074074045,0.45199999999999996,0.4878048780487805,0.4592085979482169,-0.007208597948216933,-0.07340000000000019,positive vig-free edge with nonpositive EV
NO_BET,,PTS,full_game,13.5,True,28.987327575683594,28.96658008155661,13.827828407287598,0.04202019893517117,13.869848606222769,0.5327606694856868,78bf92243997831090f4e81bdc0a5d4d7ba172f90b72e1ee43b198174beb3eea,4000,42,Sam Merrill,1630241,DraftKings,2026-03-25,2026-03-25 13:19:22,2026-03-25,Regular Season,0.51825,0.54337899543379,0.512482836100362,0.005767163899637939,-0.04624579831932768,0.48175,0.5169082125603864,0.487517163899638,-0.005767163899637995,-0.06801635514018683,positive vig-free edge with nonpositive EV
NO_BET,,PTS,full_game,11.5,True,28.924306869506836,28.903559375379853,11.886113166809082,0.11185219717128075,11.997965363980363,0.5327606694856868,78bf92243997831090f4e81bdc0a5d4d7ba172f90b72e1ee43b198174beb3eea,4000,42,Max Christie,1631108,DraftKings,2026-03-26,2026-03-25 13:19:22,2026-03-25,Regular Season,0.51625,0.5412844036697247,0.510397604391948,0.005852395608051952,-0.04625000000000007,0.48375,0.5192307692307693,0.4896023956080519,-0.005852395608051897,-0.06833333333333325,positive vig-free edge with nonpositive EV
NO_BET,,PTS,full_game,14.5,True,31.859560012817383,32.01755577039725,15.124837875366211,0.06197670804329808,15.18681458340951,0.6420909777808131,78bf92243997831090f4e81bdc0a5d4d7ba172f90b72e1ee43b198174beb3eea,4000,42,P.J. Washington,1629023,FanDuel,2026-03-26,2026-03-25 13:19:22,2026-03-25,Regular Season,0.524,0.5495495495495496,0.5141838223374939,0.009816177662506087,-0.04649180327868846,0.476,0.5192307692307693,0.48581617766250607,-0.009816177662506087,-0.08325925925925926,positive vig-free edge with nonpositive EV
NO_BET,,PTS,full_game,6.5,True,29.52571678161621,29.504969287489228,9.081414222717285,-0.03294953439683776,9.048464688320447,0.5327606694856868,78bf92243997831090f4e81bdc0a5d4d7ba172f90b72e1ee43b198174beb3eea,4000,42,Draymond Green,203110,Bovada,2026-03-26,2026-03-25 13:19:22,2026-03-25,Regular Season,0.664,0.696969696969697,0.6529968454258674,0.01100315457413259,-0.047304347826086945,0.33599999999999997,0.37037037037037035,0.34700315457413244,-0.011003154574132479,-0.0928,positive vig-free edge with nonpositive EV
NO_BET,,PTS,full_game,9.5,True,23.789234161376953,23.99202000721619,10.024728775024414,0.043700665828887486,10.068429440853302,0.4915060991395564,78bf92243997831090f4e81bdc0a5d4d7ba172f90b72e1ee43b198174beb3eea,4000,42,Ben Saraf,1642879,BetRivers,2026-03-26,2026-03-25 13:19:22,2026-03-25,Regular Season,0.52725,0.5535714285714286,0.5138121546961325,0.01343784530386749,-0.047548387096774225,0.47275,0.5238095238095238,0.4861878453038673,-0.013437845303867324,-0.09747727272727269,positive vig-free edge with nonpositive EV
NO_BET,,PTS,full_game,7.5,True,21.962265014648438,22.165050860487675,7.550651550292969,0.1458887301801991,7.696540280473168,0.4915060991395564,78bf92243997831090f4e81bdc0a5d4d7ba172f90b72e1ee43b198174beb3eea,4000,42,Taurean Prince,1627752,DraftKings,2026-03-26,2026-03-25 13:19:22,2026-03-25,Regular Season,0.50925,0.5348837209302325,0.5041554124246831,0.005094587575316889,-0.04792391304347837,0.49075,0.5260663507109005,0.4958445875753168,-0.005094587575316778,-0.06713288288288277,positive vig-free edge with nonpositive EV
NO_BET,,PTS,full_game,7.5,True,23.54230308532715,23.745088931166386,7.398534774780273,-0.10823569018887544,7.290299084591398,0.4915060991395564,78bf92243997831090f4e81bdc0a5d4d7ba172f90b72e1ee43b198174beb3eea,4000,42,Keon Ellis,1631165,BetRivers,2026-03-25,2026-03-25 13:19:22,2026-03-25,Regular Season,0.462,0.4854368932038835,0.4520257450053946,0.009974254994605414,-0.04827999999999999,0.538,0.588477366255144,0.5479742549946055,-0.00997425499460547,-0.08577622377622385,positive vig-free edge with nonpositive EV
NO_BET,,PTS,full_game,14.5,True,32.89009094238281,33.04808669996268,17.752477645874023,0.07588933197150931,17.828366977845533,0.6420909777808131,78bf92243997831090f4e81bdc0a5d4d7ba172f90b72e1ee43b198174beb3eea,4000,42,Scottie Barnes,1630567,Bovada,2026-03-26,2026-03-25 13:19:22,2026-03-25,Regular Season,0.68725,0.7222222222222222,0.6768402154398564,0.010409784560143631,-0.0484230769230769,0.31275,0.3448275862068966,0.32315978456014366,-0.010409784560143687,-0.09302500000000014,positive vig-free edge with nonpositive EV
NO_BET,,PTS,full_game,8.5,True,16.84052848815918,16.911398510742526,8.880940437316895,0.16411879711973862,9.045059234436634,0.44940254752247744,78bf92243997831090f4e81bdc0a5d4d7ba172f90b72e1ee43b198174beb3eea,4000,42,Obi Toppin,1630167,DraftKings,2026-03-25,2026-03-25 13:19:22,2026-03-25,Regular Season,0.511,0.5370370370370371,0.5073240143969199,0.003675985603080134,-0.04848275862068968,0.489,0.5215311004784688,0.4926759856030803,-0.0036759856030803006,-0.06237614678899084,positive vig-free edge with nonpositive EV
NO_BET,,PTS,full_game,17.5,True,31.385635375976562,31.54363113355643,17.061952590942383,0.17023114052883484,17.232183731471217,0.6420909777808131,78bf92243997831090f4e81bdc0a5d4d7ba172f90b72e1ee43b198174beb3eea,4000,42,Naji Marshall,1630230,Bovada,2026-03-26,2026-03-25 13:19:22,2026-03-25,Regular Season,0.47575,0.5,0.4693877551020409,0.006362244897959113,-0.04849999999999999,0.52425,0.5652173913043478,0.5306122448979592,-0.006362244897959224,-0.07248076923076929,positive vig-free edge with nonpositive EV
NO_BET,,PTS,full_game,16.5,True,32.89009094238281,33.04808669996268,17.752477645874023,0.07588933197150931,17.828366977845533,0.6420909777808131,78bf92243997831090f4e81bdc0a5d4d7ba172f90b72e1ee43b198174beb3eea,4000,42,Scottie Barnes,1630567,Bovada,2026-03-26,2026-03-25 13:19:22,2026-03-25,Regular Season,0.5705,0.6,0.5633187772925764,0.007181222707423607,-0.04916666666666675,0.4295,0.46511627906976744,0.43668122270742354,-0.007181222707423551,-0.07657500000000006,positive vig-free edge with nonpositive EV
NO_BET,,PTS,full_game,11.5,True,27.620878219604492,27.600130725477513,11.75461196899414,0.1035564751244054,11.858168444118546,0.5327606694856868,78bf92243997831090f4e81bdc0a5d4d7ba172f90b72e1ee43b198174beb3eea,4000,42,Deandre Ayton,1629028,FanDuel,2026-03-25,2026-03-25 13:19:22,2026-03-25,Regular Season,0.50425,0.5305164319248826,0.5,0.004249999999999976,-0.04951106194690269,0.49575,0.5305164319248826,0.5,-0.004249999999999976,-0.06553318584070789,positive vig-free edge with nonpositive EV
NO_BET,,PTS,full_game,15.5,True,24.568023681640625,24.547276187513646,14.854936599731445,0.10032632076956734,14.955262920501013,0.5327606694856868,78bf92243997831090f4e81bdc0a5d4d7ba172f90b72e1ee43b198174beb3eea,4000,42,Collin Sexton,1629012,Bovada,2026-03-25,2026-03-25 13:19:22,2026-03-25,Regular Season,0.4635,0.4878048780487805,0.4592085979482169,0.004291402051783133,-0.04982500000000001,0.5365,0.574468085106383,0.5407914020517831,-0.004291402051783133,-0.06609259259259265,positive vig-free edge with nonpositive EV
NO_BET,,PTS,full_game,13.5,True,28.987327575683594,28.96658008155661,13.827828407287598,0.04202019893517117,13.869848606222769,0.5327606694856868,78bf92243997831090f4e81bdc0a5d4d7ba172f90b72e1ee43b198174beb3eea,4000,42,Sam Merrill,1630241,Bovada,2026-03-25,2026-03-25 13:19:22,2026-03-25,Regular Season,0.51825,0.5454545454545454,0.5101214574898786,0.008128542510121406,-0.04987499999999995,0.48175,0.5238095238095238,0.48987854251012153,-0.008128542510121517,-0.0802954545454545,positive vig-free edge with nonpositive EV
NO_BET,,PTS,full_game,19.5,True,31.385635375976562,31.54363113355643,17.061952590942383,0.17023114052883484,17.232183731471217,0.6420909777808131,78bf92243997831090f4e81bdc0a5d4d7ba172f90b72e1ee43b198174beb3eea,4000,42,Naji Marshall,1630230,Bovada,2026-03-26,2026-03-25 13:19:22,2026-03-25,Regular Season,0.36525,0.38461538461538464,0.36041189931350115,0.00483810068649887,-0.050349999999999895,0.6347499999999999,0.6825396825396826,0.6395881006864989,-0.004838100686498925,-0.07001744186046521,positive vig-free edge with nonpositive EV
NO_BET,,PTS,full_game,11.5,True,24.764997482299805,24.744249988172825,11.304346084594727,0.16820727502880042,11.472553359623527,0.5327606694856868,78bf92243997831090f4e81bdc0a5d4d7ba172f90b72e1ee43b198174beb3eea,4000,42,Ziaire Williams,1630533,BetRivers,2026-03-26,2026-03-25 13:19:22,2026-03-25,Regular Season,0.48625,0.5121951219512195,0.4753937007874017,0.010856299212598342,-0.05065476190476187,0.5137499999999999,0.5652173913043478,0.5246062992125985,-0.010856299212598564,-0.0910576923076924,positive vig-free edge with nonpositive EV
NO_BET,,PTS,full_game,16.5,True,31.385635375976562,31.54363113355643,17.061952590942383,0.17023114052883484,17.232183731471217,0.6420909777808131,78bf92243997831090f4e81bdc0a5d4d7ba172f90b72e1ee43b198174beb3eea,4000,42,Naji Marshall,1630230,BetMGM,2026-03-26,2026-03-25 13:19:22,2026-03-25,Regular Season,0.5365,0.5652173913043478,0.5246062992125985,0.011893700787401484,-0.05080769230769239,0.4635,0.5121951219512195,0.4753937007874017,-0.011893700787401651,-0.09507142857142853,positive vig-free edge with nonpositive EV
NO_BET,,PTS,full_game,12.5,True,25.26226234436035,25.241514850233372,12.96000862121582,0.0278778472041177,12.987886468419939,0.5327606694856868,78bf92243997831090f4e81bdc0a5d4d7ba172f90b72e1ee43b198174beb3eea,4000,42,Naz Reid,1629675,BetOnline.ag,2026-03-26,2026-03-25 13:19:22,2026-03-25,Regular Season,0.527,0.5555555555555556,0.5226570545829042,0.004342945417095789,-0.051399999999999946,0.473,0.5073891625615764,0.4773429454170958,-0.004342945417095845,-0.06777669902912625,positive vig-free edge with nonpositive EV
NO_BET,,PTS,full_game,26.5,True,35.243343353271484,35.40133911085135,23.194602966308594,0.1067812234085172,23.301384189717112,0.6420909777808131,78bf92243997831090f4e81bdc0a5d4d7ba172f90b72e1ee43b198174beb3eea,4000,42,James Harden,201935,Bovada,2026-03-25,2026-03-25 13:19:22,2026-03-25,Regular Season,0.316,0.3333333333333333,0.3125,0.003500000000000003,-0.051999999999999935,0.6839999999999999,0.7333333333333333,0.6875,-0.0035000000000000586,-0.0672727272727272,positive vig-free edge with nonpositive EV
NO_BET,,PTS,full_game,19.5,True,32.52472686767578,32.68272262525565,19.384681701660156,0.08096657882010863,19.465648280480266,0.6420909777808131,78bf92243997831090f4e81bdc0a5d4d7ba172f90b72e1ee43b198174beb3eea,4000,42,Matas Buzelis,1641824,DraftKings,2026-03-25,2026-03-25 13:19:22,2026-03-25,Regular Season,0.49425,0.5215311004784688,0.4916850288945246,0.002564971105475433,-0.05230963302752284,0.5057499999999999,0.5391705069124424,0.5083149711054754,-0.0025649711054754887,-0.061985042735042795,positive vig-free edge with nonpositive EV
NO_BET,,PTS,full_game,18.5,True,31.281320571899414,31.439316329479283,18.695396423339844,0.08389964265639008,18.779296065996235,0.6420909777808131,78bf92243997831090f4e81bdc0a5d4d7ba172f90b72e1ee43b198174beb3eea,4000,42,Nickeil Alexander-Walker,1629638,Bovada,2026-03-25,2026-03-25 13:19:22,2026-03-25,Regular Season,0.51675,0.5454545454545454,0.5101214574898786,0.00662854251012146,-0.052624999999999866,0.48324999999999996,0.5238095238095238,0.48987854251012153,-0.006628542510121571,-0.07743181818181821,positive vig-free edge with nonpositive EV
NO_BET,,PTS,full_game,17.5,True,32.52472686767578,32.68272262525565,19.384681701660156,0.08096657882010863,19.465648280480266,0.6420909777808131,78bf92243997831090f4e81bdc0a5d4d7ba172f90b72e1ee43b198174beb3eea,4000,42,Matas Buzelis,1641824,Bovada,2026-03-25,2026-03-25 13:19:22,2026-03-25,Regular Season,0.609,0.6428571428571429,0.6017069701280228,0.007293029871977219,-0.052666666666666695,0.391,0.425531914893617,0.3982930298719772,-0.007293029871977164,-0.08114999999999994,positive vig-free edge with nonpositive EV
NO_BET,,PTS,full_game,18.5,True,28.430749893188477,28.410002399061494,17.826675415039062,-0.10143604155900998,17.725239373480054,0.5327606694856868,78bf92243997831090f4e81bdc0a5d4d7ba172f90b72e1ee43b198174beb3eea,4000,42,Jerami Grant,203924,BetRivers,2026-03-26,2026-03-25 13:19:22,2026-03-25,Regular Season,0.44675,0.4716981132075472,0.4388409027584286,0.007909097241571406,-0.05288999999999999,0.55325,0.6031746031746031,0.5611590972415714,-0.007909097241571406,-0.0827697368421052,positive vig-free edge with nonpositive EV
NO_BET,,PTS,full_game,9.5,True,22.55941390991211,22.762199755751347,7.83659029006958,-0.05055636978327149,7.786033920286308,0.4915060991395564,78bf92243997831090f4e81bdc0a5d4d7ba172f90b72e1ee43b198174beb3eea,4000,42,Dominick Barlow,1631230,Bovada,2026-03-25,2026-03-25 13:19:22,2026-03-25,Regular Season,0.33825,0.35714285714285715,0.3346265761396702,0.003623423860329822,-0.05290000000000017,0.6617500000000001,0.7101449275362319,0.6653734238603297,-0.0036234238603296554,-0.06814795918367345,positive vig-free edge with nonpositive EV
NO_BET,,PTS,full_game,15.5,True,31.385635375976562,31.54363113355643,17.061952590942383,0.17023114052883484,17.232183731471217,0.6420909777808131,78bf92243997831090f4e81bdc0a5d4d7ba172f90b72e1ee43b198174beb3eea,4000,42,Naji Marshall,1630230,BetRivers,2026-03-26,2026-03-25 13:19:22,2026-03-25,Regular Season,0.59225,0.6254681647940075,0.5824275503980232,0.009822449601976868,-0.05310928143712573,0.40774999999999995,0.4484304932735426,0.41757244960197687,-0.009822449601976924,-0.09071750000000012,positive vig-free edge with nonpositive EV
NO_BET,,PTS,full_game,10.5,True,16.84052848815918,16.911398510742526,8.880940437316895,0.16411879711973862,9.045059234436634,0.44940254752247744,78bf92243997831090f4e81bdc0a5d4d7ba172f90b72e1ee43b198174beb3eea,4000,42,Obi Toppin,1630167,Bovada,2026-03-25,2026-03-25 13:19:22,2026-03-25,Regular Season,0.37125,0.39215686274509803,0.3666469544648137,0.004603045535186312,-0.053312499999999985,0.6287499999999999,0.6774193548387096,0.6333530455351862,-0.004603045535186312,-0.07184523809523813,positive vig-free edge with nonpositive EV
NO_BET,,PTS,full_game,11.5,True,28.924306869506836,28.903559375379853,11.886113166809082,0.11185219717128075,11.997965363980363,0.5327606694856868,78bf92243997831090f4e81bdc0a5d4d7ba172f90b72e1ee43b198174beb3eea,4000,42,Max Christie,1631108,Bovada,2026-03-26,2026-03-25 13:19:22,2026-03-25,Regular Season,0.51625,0.5454545454545454,0.5101214574898786,0.006128542510121404,-0.0535416666666666,0.48375,0.5238095238095238,0.48987854251012153,-0.006128542510121515,-0.07647727272727267,positive vig-free edge with nonpositive EV
NO_BET,,PTS,full_game,9.5,True,23.789234161376953,23.99202000721619,10.024728775024414,0.043700665828887486,10.068429440853302,0.4915060991395564,78bf92243997831090f4e81bdc0a5d4d7ba172f90b72e1ee43b198174beb3eea,4000,42,Ben Saraf,1642879,DraftKings,2026-03-26,2026-03-25 13:19:22,2026-03-25,Regular Season,0.52725,0.5575221238938053,0.5259594617046021,0.001290538295397936,-0.05429761904761915,0.47275,0.5024875621890548,0.47404053829539794,-0.001290538295397936,-0.059180693069306956,positive vig-free edge with nonpositive EV
NO_BET,,PTS,full_game,17.5,True,28.430749893188477,28.410002399061494,17.826675415039062,-0.10143604155900998,17.725239373480054,0.5327606694856868,78bf92243997831090f4e81bdc0a5d4d7ba172f90b72e1ee43b198174beb3eea,4000,42,Jerami Grant,203924,BetOnline.ag,2026-03-26,2026-03-25 13:19:22,2026-03-25,Regular Season,0.50325,0.5327102803738317,0.5,0.003249999999999975,-0.05530263157894738,0.49675,0.5327102803738317,0.5,-0.003249999999999975,-0.0675043859649122,positive vig-free edge with nonpositive EV
NO_BET,,PTS,full_game,5.5,True,21.962265014648438,22.165050860487675,7.550651550292969,0.1458887301801991,7.696540280473168,0.4915060991395564,78bf92243997831090f4e81bdc0a5d4d7ba172f90b72e1ee43b198174beb3eea,4000,42,Taurean Prince,1627752,Bovada,2026-03-26,2026-03-25 13:19:22,2026-03-25,Regular Season,0.682,0.7222222222222222,0.6768402154398564,0.005159784560143654,-0.05569230769230765,0.31799999999999995,0.3448275862068966,0.32315978456014366,-0.00515978456014371,-0.0778000000000002,positive vig-free edge with nonpositive EV
NO_BET,,PTS,full_game,24.5,True,34.2680778503418,34.426073607921666,23.74484634399414,0.11501737115835965,23.8598637151525,0.6420909777808131,78bf92243997831090f4e81bdc0a5d4d7ba172f90b72e1ee43b198174beb3eea,4000,42,Jamal Murray,1627750,BetRivers,2026-03-26,2026-03-25 13:19:22,2026-03-25,Regular Season,0.44525,0.4716981132075472,0.4388409027584286,0.006409097241571404,-0.056070000000000064,0.5547500000000001,0.6031746031746031,0.5611590972415714,-0.006409097241571349,-0.08028289473684203,positive vig-free edge with nonpositive EV
NO_BET,,PTS,full_game,17.5,True,32.89009094238281,33.04808669996268,17.752477645874023,0.07588933197150931,17.828366977845533,0.6420909777808131,78bf92243997831090f4e81bdc0a5d4d7ba172f90b72e1ee43b198174beb3eea,4000,42,Scottie Barnes,1630567,BetOnline.ag,2026-03-26,2026-03-25 13:19:22,2026-03-25,Regular Season,0.51075,0.5412844036697247,0.5082034454470877,0.0025465545529123057,-0.056411016949152515,0.48924999999999996,0.5238095238095238,0.49179655455291227,-0.0025465545529123057,-0.06597727272727277,positive vig-free edge with nonpositive EV
NO_BET,,PTS,full_game,19.5,True,32.52472686767578,32.68272262525565,19.384681701660156,0.08096657882010863,19.465648280480266,0.6420909777808131,78bf92243997831090f4e81bdc0a5d4d7ba172f90b72e1ee43b198174beb3eea,4000,42,Matas Buzelis,1641824,Bovada,2026-03-25,2026-03-25 13:19:22,2026-03-25,Regular Season,0.49425,0.5238095238095238,0.48987854251012153,0.004371457489878494,-0.05643181818181803,0.5057499999999999,0.5454545454545454,0.5101214574898786,-0.004371457489878661,-0.0727916666666667,positive vig-free edge with nonpositive EV
NO_BET,,PTS,full_game,21.5,True,36.66040802001953,37.165923554088366,25.600746154785156,0.17237981025168023,25.773125965036837,0.746175435493391,78bf92243997831090f4e81bdc0a5d4d7ba172f90b72e1ee43b198174beb3eea,4000,42,Kevin Durant,201142,Bovada,2026-03-26,2026-03-25 13:19:22,2026-03-25,Regular Season,0.7015,0.7435897435897436,0.6974398758727697,0.004060124127230336,-0.05660344827586203,0.2985,0.3225806451612903,0.30256012412723043,-0.004060124127230447,-0.07465,positive vig-free edge with nonpositive EV
NO_BET,,PTS,full_game,12.5,True,27.966472625732422,27.94572513160544,13.153449058532715,-0.09437765780543017,13.059071400727285,0.5327606694856868,78bf92243997831090f4e81bdc0a5d4d7ba172f90b72e1ee43b198174beb3eea,4000,42,Toumani Camara,1641739,BetRivers,2026-03-26,2026-03-25 13:19:22,2026-03-25,Regular Season,0.53675,0.5689655172413793,0.5274208712002507,0.009329128799749231,-0.05662121212121224,0.46325000000000005,0.5098039215686274,0.4725791287997492,-0.009329128799749176,-0.0913173076923075,positive vig-free edge with nonpositive EV
NO_BET,,PTS,full_game,9.5,True,30.06049156188965,30.218487319469517,11.211206436157227,0.09288390486884983,11.304090341026077,0.6420909777808131,78bf92243997831090f4e81bdc0a5d4d7ba172f90b72e1ee43b198174beb3eea,4000,42,Donte DiVincenzo,1628978,Bovada,2026-03-26,2026-03-25 13:19:22,2026-03-25,Regular Season,0.618,0.6551724137931034,0.6161482461945731,0.0018517538054269034,-0.05673684210526325,0.382,0.40816326530612246,0.3838517538054269,-0.0018517538054269034,-0.06409999999999993,positive vig-free edge with nonpositive EV
NO_BET,,PTS,full_game,14.5,True,31.859560012817383,32.01755577039725,15.124837875366211,0.06197670804329808,15.18681458340951,0.6420909777808131,78bf92243997831090f4e81bdc0a5d4d7ba172f90b72e1ee43b198174beb3eea,4000,42,P.J. Washington,1629023,Bovada,2026-03-26,2026-03-25 13:19:22,2026-03-25,Regular Season,0.524,0.5555555555555556,0.5203045685279188,0.0036954314720811787,-0.05679999999999996,0.476,0.5121951219512195,0.4796954314720812,-0.0036954314720812342,-0.07066666666666671,positive vig-free edge with nonpositive EV
NO_BET,,PTS,full_game,20.5,True,33.764774322509766,33.922770080089634,21.065927505493164,0.0547791689479315,21.120706674441095,0.6420909777808131,78bf92243997831090f4e81bdc0a5d4d7ba172f90b72e1ee43b198174beb3eea,4000,42,Brandon Ingram,1627742,FanDuel,2026-03-26,2026-03-25 13:19:22,2026-03-25,Regular Season,0.5105,0.5412844036697247,0.5060689431946916,0.004431056805308309,-0.056872881355932325,0.48950000000000005,0.5283018867924528,0.4939310568053083,-0.004431056805308253,-0.07344642857142852,positive vig-free edge with nonpositive EV
NO_BET,,PTS,full_game,20.5,True,32.52472686767578,32.68272262525565,19.384681701660156,0.08096657882010863,19.465648280480266,0.6420909777808131,78bf92243997831090f4e81bdc0a5d4d7ba172f90b72e1ee43b198174beb3eea,4000,42,Matas Buzelis,1641824,BetRivers,2026-03-25,2026-03-25 13:19:22,2026-03-25,Regular Season,0.4325,0.45871559633027525,0.42420361773651355,0.008296382263486446,-0.057150000000000145,0.5675,0.6226415094339622,0.5757963822634864,-0.00829638226348639,-0.08856060606060612,positive vig-free edge with nonpositive EV
NO_BET,,PTS,full_game,17.5,True,24.568023681640625,24.547276187513646,14.854936599731445,0.10032632076956734,14.955262920501013,0.5327606694856868,78bf92243997831090f4e81bdc0a5d4d7ba172f90b72e1ee43b198174beb3eea,4000,42,Collin Sexton,1629012,Bovada,2026-03-25,2026-03-25 13:19:22,2026-03-25,Regular Season,0.35575,0.37735849056603776,0.35437430786268,0.0013756921373200282,-0.057262499999999994,0.64425,0.6875,0.6456256921373201,-0.0013756921373201392,-0.06290909090909091,positive vig-free edge with nonpositive EV
NO_BET,,PTS,full_game,11.5,True,27.620878219604492,27.600130725477513,11.75461196899414,0.1035564751244054,11.858168444118546,0.5327606694856868,78bf92243997831090f4e81bdc0a5d4d7ba172f90b72e1ee43b198174beb3eea,4000,42,Deandre Ayton,1629028,BetMGM,2026-03-25,2026-03-25 13:19:22,2026-03-25,Regular Season,0.50425,0.5348837209302325,0.5,0.004249999999999976,-0.05727173913043487,0.49575,0.5348837209302325,0.5,-0.004249999999999976,-0.07316304347826091,positive vig-free edge with nonpositive EV
NO_BET,,PTS,full_game,6.5,True,21.962265014648438,22.165050860487675,7.550651550292969,0.1458887301801991,7.696540280473168,0.4915060991395564,78bf92243997831090f4e81bdc0a5d4d7ba172f90b72e1ee43b198174beb3eea,4000,42,Taurean Prince,1627752,Bovada,2026-03-26,2026-03-25 13:19:22,2026-03-25,Regular Season,0.5935,0.6296296296296297,0.5915279878971256,0.001972012102874454,-0.05738235294117633,0.4065,0.43478260869565216,0.40847201210287437,-0.0019720121028743987,-0.06505000000000016,positive vig-free edge with nonpositive EV
NO_BET,,PTS,full_game,5.5,True,24.419374465942383,24.398626971815403,8.339065551757812,0.10666579095547132,8.445731342713284,0.5327606694856868,78bf92243997831090f4e81bdc0a5d4d7ba172f90b72e1ee43b198174beb3eea,4000,42,Drake Powell,1642962,Bovada,2026-03-26,2026-03-25 13:19:22,2026-03-25,Regular Season,0.68025,0.7222222222222222,0.6768402154398564,0.003409784560143625,-0.058115384615384624,0.31975,0.3448275862068966,0.32315978456014366,-0.0034097845601436805,-0.07272500000000004,positive vig-free edge with nonpositive EV
NO_BET,,PTS,full_game,16.5,True,31.859560012817383,32.01755577039725,15.124837875366211,0.06197670804329808,15.18681458340951,0.6420909777808131,78bf92243997831090f4e81bdc0a5d4d7ba172f90b72e1ee43b198174beb3eea,4000,42,P.J. Washington,1629023,Bovada,2026-03-26,2026-03-25 13:19:22,2026-03-25,Regular Season,0.4095,0.43478260869565216,0.40847201210287437,0.001027987897125604,-0.058150000000000146,0.5905,0.6296296296296297,0.5915279878971256,-0.0010279878971255485,-0.06214705882352928,positive vig-free edge with nonpositive EV
NO_BET,,PTS,full_game,11.5,True,22.414613723754883,22.61739956959412,11.23256778717041,0.05412673820494705,11.286694525375356,0.4915060991395564,78bf92243997831090f4e81bdc0a5d4d7ba172f90b72e1ee43b198174beb3eea,4000,42,Gary Payton II,1627780,BetOnline.ag,2026-03-26,2026-03-25 13:19:22,2026-03-25,Regular Season,0.48225,0.5121951219512195,0.48149290561381863,0.0007570943861813784,-0.058464285714285635,0.5177499999999999,0.5515695067264574,0.5185070943861814,-0.0007570943861814339,-0.061315040650406605,positive vig-free edge with nonpositive EV
NO_BET,,PTS,full_game,22.5,True,36.66040802001953,37.165923554088366,25.600746154785156,0.17237981025168023,25.773125965036837,0.746175435493391,78bf92243997831090f4e81bdc0a5d4d7ba172f90b72e1ee43b198174beb3eea,4000,42,Kevin Durant,201142,Bovada,2026-03-26,2026-03-25 13:19:22,2026-03-25,Regular Season,0.65575,0.696969696969697,0.6529968454258674,0.0027531545741326102,-0.05914130434782605,0.34424999999999994,0.37037037037037035,0.34700315457413244,-0.002753154574132499,-0.07052500000000006,positive vig-free edge with nonpositive EV
NO_BET,,PTS,full_game,17.5,True,28.430749893188477,28.410002399061494,17.826675415039062,-0.10143604155900998,17.725239373480054,0.5327606694856868,78bf92243997831090f4e81bdc0a5d4d7ba172f90b72e1ee43b198174beb3eea,4000,42,Jerami Grant,203924,BetRivers,2026-03-26,2026-03-25 13:19:22,2026-03-25,Regular Season,0.50325,0.5348837209302325,0.49800439034124927,0.005245609658750705,-0.05914130434782622,0.49675,0.5391705069124424,0.5019956096587508,-0.005245609658750761,-0.07867735042735036,positive vig-free edge with nonpositive EV
NO_BET,,PTS,full_game,14.5,True,28.987327575683594,28.96658008155661,13.827828407287598,0.04202019893517117,13.869848606222769,0.5327606694856868,78bf92243997831090f4e81bdc0a5d4d7ba172f90b72e1ee43b198174beb3eea,4000,42,Sam Merrill,1630241,Bovada,2026-03-25,2026-03-25 13:19:22,2026-03-25,Regular Season,0.448,0.47619047619047616,0.4458598726114649,0.0021401273885350847,-0.059199999999999975,0.552,0.5918367346938775,0.554140127388535,-0.0021401273885349736,-0.06731034482758613,positive vig-free edge with nonpositive EV
NO_BET,,PTS,full_game,16.5,True,24.568023681640625,24.547276187513646,14.854936599731445,0.10032632076956734,14.955262920501013,0.5327606694856868,78bf92243997831090f4e81bdc0a5d4d7ba172f90b72e1ee43b198174beb3eea,4000,42,Collin Sexton,1629012,Bovada,2026-03-25,2026-03-25 13:19:22,2026-03-25,Regular Season,0.409,0.43478260869565216,0.40847201210287437,0.0005279878971256036,-0.05930000000000013,0.591,0.6296296296296297,0.5915279878971256,-0.0005279878971256036,-0.0613529411764705,positive vig-free edge with nonpositive EV
NO_BET,,PTS,full_game,16.5,True,28.430749893188477,28.410002399061494,17.826675415039062,-0.10143604155900998,17.725239373480054,0.5327606694856868,78bf92243997831090f4e81bdc0a5d4d7ba172f90b72e1ee43b198174beb3eea,4000,42,Jerami Grant,203924,Bovada,2026-03-26,2026-03-25 13:19:22,2026-03-25,Regular Season,0.56425,0.6,0.5633187772925764,0.000931222707423629,-0.05958333333333338,0.43574999999999997,0.46511627906976744,0.43668122270742354,-0.0009312227074235735,-0.06313750000000007,positive vig-free edge with nonpositive EV
NO_BET,,PTS,full_game,12.5,True,28.924306869506836,28.903559375379853,11.886113166809082,0.11185219717128075,11.997965363980363,0.5327606694856868,78bf92243997831090f4e81bdc0a5d4d7ba172f90b72e1ee43b198174beb3eea,4000,42,Max Christie,1631108,Bovada,2026-03-26,2026-03-25 13:19:22,2026-03-25,Regular Season,0.44775,0.47619047619047616,0.4458598726114649,0.0018901273885350567,-0.05972499999999997,0.55225,0.5918367346938775,0.554140127388535,-0.0018901273885350012,-0.0668879310344827,positive vig-free edge with nonpositive EV
NO_BET,,PTS,full_game,9.5,True,16.84052848815918,16.911398510742526,8.880940437316895,0.16411879711973862,9.045059234436634,0.44940254752247744,78bf92243997831090f4e81bdc0a5d4d7ba172f90b72e1ee43b198174beb3eea,4000,42,Obi Toppin,1630167,Bovada,2026-03-25,2026-03-25 13:19:22,2026-03-25,Regular Season,0.43725,0.46511627906976744,0.43668122270742354,0.0005687772925764834,-0.059912499999999924,0.56275,0.6,0.5633187772925764,-0.0005687772925764278,-0.06208333333333349,positive vig-free edge with nonpositive EV
NO_BET,,PTS,full_game,17.5,True,32.89009094238281,33.04808669996268,17.752477645874023,0.07588933197150931,17.828366977845533,0.6420909777808131,78bf92243997831090f4e81bdc0a5d4d7ba172f90b72e1ee43b198174beb3eea,4000,42,Scottie Barnes,1630567,DraftKings,2026-03-26,2026-03-25 13:19:22,2026-03-25,Regular Season,0.51075,0.54337899543379,0.512482836100362,-0.0017328361003620119,-0.06004831932773097,0.48924999999999996,0.5169082125603864,0.487517163899638,0.0017328361003619563,-0.05350700934579439,positive vig-free edge with nonpositive EV
NO_BET,,PTS,full_game,19.5,True,32.52472686767578,32.68272262525565,19.384681701660156,0.08096657882010863,19.465648280480266,0.6420909777808131,78bf92243997831090f4e81bdc0a5d4d7ba172f90b72e1ee43b198174beb3eea,4000,42,Matas Buzelis,1641824,BetOnline.ag,2026-03-25,2026-03-25 13:19:22,2026-03-25,Regular Season,0.49425,0.5260663507109005,0.4948402542722694,-0.000590254272269386,-0.06047972972972959,0.5057499999999999,0.5370370370370371,0.5051597457277305,0.0005902542722694415,-0.058258620689655316,positive vig-free edge with nonpositive EV
NO_BET,,PTS,full_game,15.5,True,32.89009094238281,33.04808669996268,17.752477645874023,0.07588933197150931,17.828366977845533,0.6420909777808131,78bf92243997831090f4e81bdc0a5d4d7ba172f90b72e1ee43b198174beb3eea,4000,42,Scottie Barnes,1630567,Bovada,2026-03-26,2026-03-25 13:19:22,2026-03-25,Regular Season,0.62625,0.6666666666666666,0.625,0.0012499999999999734,-0.06062500000000004,0.37375,0.4,0.375,-0.0012499999999999734,-0.06562499999999993,positive vig-free edge with nonpositive EV
NO_BET,,PTS,full_game,18.5,True,31.859560012817383,32.01755577039725,15.124837875366211,0.06197670804329808,15.18681458340951,0.6420909777808131,78bf92243997831090f4e81bdc0a5d4d7ba172f90b72e1ee43b198174beb3eea,4000,42,P.J. Washington,1629023,Bovada,2026-03-26,2026-03-25 13:19:22,2026-03-25,Regular Season,0.303,0.3225806451612903,0.30256012412723043,0.0004398758727695573,-0.06070000000000009,0.6970000000000001,0.7435897435897436,0.6974398758727697,-0.0004398758727696128,-0.06265517241379306,positive vig-free edge with nonpositive EV
NO_BET,,PTS,full_game,17.5,True,31.281320571899414,31.439316329479283,18.695396423339844,0.08389964265639008,18.779296065996235,0.6420909777808131,78bf92243997831090f4e81bdc0a5d4d7ba172f90b72e1ee43b198174beb3eea,4000,42,Nickeil Alexander-Walker,1629638,BetRivers,2026-03-25,2026-03-25 13:19:22,2026-03-25,Regular Season,0.5765,0.6138996138996139,0.5700816678839387,0.006418332116061354,-0.06092138364779881,0.4235,0.46296296296296297,0.4299183321160614,-0.006418332116061409,-0.08523999999999998,positive vig-free edge with nonpositive EV
NO_BET,,PTS,full_game,14.5,True,28.430749893188477,28.410002399061494,17.826675415039062,-0.10143604155900998,17.725239373480054,0.5327606694856868,78bf92243997831090f4e81bdc0a5d4d7ba172f90b72e1ee43b198174beb3eea,4000,42,Jerami Grant,203924,Bovada,2026-03-26,2026-03-25 13:19:22,2026-03-25,Regular Season,0.67775,0.7222222222222222,0.6768402154398564,0.0009097845601435672,-0.06157692307692314,0.32225000000000004,0.3448275862068966,0.32315978456014366,-0.0009097845601436227,-0.06547499999999995,positive vig-free edge with nonpositive EV
NO_BET,,PTS,full_game,10.5,True,23.789234161376953,23.99202000721619,10.024728775024414,0.043700665828887486,10.068429440853302,0.4915060991395564,78bf92243997831090f4e81bdc0a5d4d7ba172f90b72e1ee43b198174beb3eea,4000,42,Ben Saraf,1642879,Bovada,2026-03-26,2026-03-25 13:19:22,2026-03-25,Regular Season,0.4575,0.4878048780487805,0.4592085979482169,-0.0017085979482168723,-0.06212500000000004,0.5425,0.574468085106383,0.5407914020517831,0.0017085979482168723,-0.055648148148148224,positive vig-free edge with nonpositive EV
NO_BET,,PTS,full_game,13.5,True,24.568023681640625,24.547276187513646,14.854936599731445,0.10032632076956734,14.955262920501013,0.5327606694856868,78bf92243997831090f4e81bdc0a5d4d7ba172f90b72e1ee43b198174beb3eea,4000,42,Collin Sexton,1629012,BetRivers,2026-03-25,2026-03-25 13:19:22,2026-03-25,Regular Season,0.57275,0.6108949416342413,0.5665958379709265,0.006154162029073484,-0.0624410828025479,0.42725,0.4672897196261682,0.43340416202907345,-0.006154162029073429,-0.08568500000000012,positive vig-free edge with nonpositive EV
NO_BET,,PTS,full_game,6.5,True,24.37023162841797,24.34948413429099,9.662095069885254,0.023093270417233,9.685188340302487,0.5327606694856868,78bf92243997831090f4e81bdc0a5d4d7ba172f90b72e1ee43b198174beb3eea,4000,42,Nick Richards,1630208,Bovada,2026-03-25,2026-03-25 13:19:22,2026-03-25,Regular Season,0.6905,0.7368421052631579,0.6920583468395461,-0.001558346839546143,-0.06289285714285708,0.3095,0.32786885245901637,0.3079416531604538,0.0015583468395461986,-0.0560250000000001,positive vig-free edge with nonpositive EV
NO_BET,,PTS,full_game,22.5,True,34.2680778503418,34.426073607921666,23.74484634399414,0.11501737115835965,23.8598637151525,0.6420909777808131,78bf92243997831090f4e81bdc0a5d4d7ba172f90b72e1ee43b198174beb3eea,4000,42,Jamal Murray,1627750,BetRivers,2026-03-26,2026-03-25 13:19:22,2026-03-25,Regular Season,0.54825,0.5850622406639004,0.544113196125908,0.004136803874091988,-0.06292021276595733,0.45175,0.49019607843137253,0.45588680387409203,-0.004136803874092043,-0.07843,positive vig-free edge with nonpositive EV
NO_BET,,PTS,full_game,8.5,True,16.84052848815918,16.911398510742526,8.880940437316895,0.16411879711973862,9.045059234436634,0.44940254752247744,78bf92243997831090f4e81bdc0a5d4d7ba172f90b72e1ee43b198174beb3eea,4000,42,Obi Toppin,1630167,Bovada,2026-03-25,2026-03-25 13:19:22,2026-03-25,Regular Season,0.511,0.5454545454545454,0.5101214574898786,0.0008785425101214273,-0.0631666666666666,0.489,0.5238095238095238,0.48987854251012153,-0.0008785425101215383,-0.06645454545454543,positive vig-free edge with nonpositive EV
NO_BET,,PTS,full_game,23.5,True,36.66040802001953,37.165923554088366,25.600746154785156,0.17237981025168023,25.773125965036837,0.746175435493391,78bf92243997831090f4e81bdc0a5d4d7ba172f90b72e1ee43b198174beb3eea,4000,42,Kevin Durant,201142,Bovada,2026-03-26,2026-03-25 13:19:22,2026-03-25,Regular Season,0.60225,0.6428571428571429,0.6017069701280228,0.0005430298719771853,-0.0631666666666667,0.39775000000000005,0.425531914893617,0.3982930298719772,-0.0005430298719771298,-0.06528749999999983,positive vig-free edge with nonpositive EV
NO_BET,,PTS,full_game,17.5,True,31.859560012817383,32.01755577039725,15.124837875366211,0.06197670804329808,15.18681458340951,0.6420909777808131,78bf92243997831090f4e81bdc0a5d4d7ba172f90b72e1ee43b198174beb3eea,4000,42,P.J. Washington,1629023,Bovada,2026-03-26,2026-03-25 13:19:22,2026-03-25,Regular Season,0.3535,0.37735849056603776,0.35437430786268,-0.0008743078626800016,-0.06322500000000009,0.6465000000000001,0.6875,0.6456256921373201,0.0008743078626799461,-0.05963636363636354,positive vig-free edge with nonpositive EV
NO_BET,,PTS,full_game,17.5,True,32.89009094238281,33.04808669996268,17.752477645874023,0.07588933197150931,17.828366977845533,0.6420909777808131,78bf92243997831090f4e81bdc0a5d4d7ba172f90b72e1ee43b198174beb3eea,4000,42,Scottie Barnes,1630567,Bovada,2026-03-26,2026-03-25 13:19:22,2026-03-25,Regular Season,0.51075,0.5454545454545454,0.5101214574898786,0.0006285425101214548,-0.06362499999999988,0.48924999999999996,0.5238095238095238,0.48987854251012153,-0.0006285425101215658,-0.06597727272727277,positive vig-free edge with nonpositive EV
NO_BET,,PTS,full_game,15.5,True,28.430749893188477,28.410002399061494,17.826675415039062,-0.10143604155900998,17.725239373480054,0.5327606694856868,78bf92243997831090f4e81bdc0a5d4d7ba172f90b72e1ee43b198174beb3eea,4000,42,Jerami Grant,203924,Bovada,2026-03-26,2026-03-25 13:19:22,2026-03-25,Regular Season,0.62425,0.6666666666666666,0.625,-0.0007500000000000284,-0.06362500000000004,0.37575000000000003,0.4,0.375,0.0007500000000000284,-0.06062499999999993,positive vig-free edge with nonpositive EV
NO_BET,,PTS,full_game,9.5,True,28.924306869506836,28.903559375379853,11.886113166809082,0.11185219717128075,11.997965363980363,0.5327606694856868,78bf92243997831090f4e81bdc0a5d4d7ba172f90b72e1ee43b198174beb3eea,4000,42,Max Christie,1631108,Bovada,2026-03-26,2026-03-25 13:19:22,2026-03-25,Regular Season,0.64375,0.6875,0.6456256921373201,-0.001875692137320084,-0.06363636363636355,0.35624999999999996,0.37735849056603776,0.35437430786268,0.001875692137319973,-0.055937500000000195,positive vig-free edge with nonpositive EV
NO_BET,,PTS,full_game,19.5,True,31.281320571899414,31.439316329479283,18.695396423339844,0.08389964265639008,18.779296065996235,0.6420909777808131,78bf92243997831090f4e81bdc0a5d4d7ba172f90b72e1ee43b198174beb3eea,4000,42,Nickeil Alexander-Walker,1629638,Bovada,2026-03-25,2026-03-25 13:19:22,2026-03-25,Regular Season,0.45675,0.4878048780487805,0.4592085979482169,-0.0024585979482169007,-0.06366250000000012,0.54325,0.574468085106383,0.5407914020517831,0.0024585979482169007,-0.05434259259259261,positive vig-free edge with nonpositive EV
NO_BET,,PTS,full_game,13.5,True,27.966472625732422,27.94572513160544,13.153449058532715,-0.09437765780543017,13.059071400727285,0.5327606694856868,78bf92243997831090f4e81bdc0a5d4d7ba172f90b72e1ee43b198174beb3eea,4000,42,Toumani Camara,1641739,BetRivers,2026-03-26,2026-03-25 13:19:22,2026-03-25,Regular Season,0.4635,0.49504950495049505,0.45980991958136136,0.0036900804186386638,-0.06372999999999995,0.5365,0.5815899581589958,0.5401900804186387,-0.0036900804186387193,-0.07752877697841731,positive vig-free edge with nonpositive EV
NO_BET,,PTS,full_game,30.5,True,36.67681121826172,37.18232675233055,34.251033782958984,0.0951001249204827,34.34613390787947,0.746175435493391,78bf92243997831090f4e81bdc0a5d4d7ba172f90b72e1ee43b198174beb3eea,4000,42,Luka Doncic,1629029,Bovada,2026-03-25,2026-03-25 13:19:22,2026-03-25,Regular Season,0.6685,0.7142857142857143,0.6705882352941177,-0.002088235294117724,-0.0641000000000001,0.3315,0.3508771929824561,0.32941176470588235,0.0020882352941176685,-0.05522499999999997,positive vig-free edge with nonpositive EV
NO_BET,,PTS,full_game,8.5,True,30.06049156188965,30.218487319469517,11.211206436157227,0.09288390486884983,11.304090341026077,0.6420909777808131,78bf92243997831090f4e81bdc0a5d4d7ba172f90b72e1ee43b198174beb3eea,4000,42,Donte DiVincenzo,1628978,Bovada,2026-03-26,2026-03-25 13:19:22,2026-03-25,Regular Season,0.68625,0.7333333333333333,0.6875,-0.0012499999999999734,-0.06420454545454535,0.31375,0.3333333333333333,0.3125,0.0012499999999999734,-0.05875000000000008,positive vig-free edge with nonpositive EV
NO_BET,,PTS,full_game,16.5,True,28.430749893188477,28.410002399061494,17.826675415039062,-0.10143604155900998,17.725239373480054,0.5327606694856868,78bf92243997831090f4e81bdc0a5d4d7ba172f90b72e1ee43b198174beb3eea,4000,42,Jerami Grant,203924,BetRivers,2026-03-26,2026-03-25 13:19:22,2026-03-25,Regular Season,0.56425,0.6031746031746031,0.5611590972415714,0.003090902758428604,-0.06453289473684204,0.43574999999999997,0.4716981132075472,0.4388409027584286,-0.003090902758428604,-0.07621,positive vig-free edge with nonpositive EV
NO_BET,,PTS,full_game,16.5,True,27.90944480895996,27.888697314832978,13.97557258605957,0.009696416097275905,13.985269002156846,0.5327606694856868,78bf92243997831090f4e81bdc0a5d4d7ba172f90b72e1ee43b198174beb3eea,4000,42,Tre Jones,1630200,Bovada,2026-03-25,2026-03-25 13:19:22,2026-03-25,Regular Season,0.3225,0.3448275862068966,0.32315978456014366,-0.0006597845601436503,-0.06474999999999997,0.6775,0.7222222222222222,0.6768402154398564,0.0006597845601435948,-0.06192307692307697,positive vig-free edge with nonpositive EV
NO_BET,,PTS,full_game,11.5,True,27.620878219604492,27.600130725477513,11.75461196899414,0.1035564751244054,11.858168444118546,0.5327606694856868,78bf92243997831090f4e81bdc0a5d4d7ba172f90b72e1ee43b198174beb3eea,4000,42,Deandre Ayton,1629028,BetRivers,2026-03-25,2026-03-25 13:19:22,2026-03-25,Regular Season,0.50425,0.5391705069124424,0.5,0.004249999999999976,-0.06476709401709402,0.49575,0.5391705069124424,0.5,-0.004249999999999976,-0.08053205128205121,positive vig-free edge with nonpositive EV
NO_BET,,PTS,full_game,11.5,True,23.789234161376953,23.99202000721619,10.024728775024414,0.043700665828887486,10.068429440853302,0.4915060991395564,78bf92243997831090f4e81bdc0a5d4d7ba172f90b72e1ee43b198174beb3eea,4000,42,Ben Saraf,1642879,Bovada,2026-03-26,2026-03-25 13:19:22,2026-03-25,Regular Season,0.3895,0.4166666666666667,0.39094650205761317,-0.0014465020576131526,-0.06520000000000004,0.6105,0.6491228070175439,0.6090534979423868,0.0014465020576132082,-0.0595,positive vig-free edge with nonpositive EV
NO_BET,,PTS,full_game,11.5,True,28.116863250732422,28.09611575660544,11.333611488342285,0.26351378458343366,11.59712527292572,0.5327606694856868,78bf92243997831090f4e81bdc0a5d4d7ba172f90b72e1ee43b198174beb3eea,4000,42,Duncan Robinson,1629130,BetOnline.ag,2026-03-25,2026-03-25 13:19:22,2026-03-25,Regular Season,0.502,0.5370370370370371,0.5051597457277305,-0.0031597457277304786,-0.06524137931034485,0.498,0.5260663507109005,0.4948402542722694,0.0031597457277305896,-0.05335135135135127,positive vig-free edge with nonpositive EV
NO_BET,,PTS,full_game,7.5,True,21.962265014648438,22.165050860487675,7.550651550292969,0.1458887301801991,7.696540280473168,0.4915060991395564,78bf92243997831090f4e81bdc0a5d4d7ba172f90b72e1ee43b198174beb3eea,4000,42,Taurean Prince,1627752,Bovada,2026-03-26,2026-03-25 13:19:22,2026-03-25,Regular Season,0.50925,0.5454545454545454,0.5101214574898786,-0.000871457489878602,-0.06637499999999996,0.49075,0.5238095238095238,0.48987854251012153,0.000871457489878491,-0.06311363636363626,positive vig-free edge with nonpositive EV
NO_BET,,PTS,full_game,23.5,True,34.2680778503418,34.426073607921666,23.74484634399414,0.11501737115835965,23.8598637151525,0.6420909777808131,78bf92243997831090f4e81bdc0a5d4d7ba172f90b72e1ee43b198174beb3eea,4000,42,Jamal Murray,1627750,BetRivers,2026-03-26,2026-03-25 13:19:22,2026-03-25,Regular Season,0.49525,0.5305164319248826,0.49211760532849874,0.003132394671501282,-0.06647566371681413,0.50475,0.5475113122171946,0.5078823946715012,-0.003132394671501171,-0.07810123966942151,positive vig-free edge with nonpositive EV
NO_BET,,PTS,full_game,18.5,True,31.281320571899414,31.439316329479283,18.695396423339844,0.08389964265639008,18.779296065996235,0.6420909777808131,78bf92243997831090f4e81bdc0a5d4d7ba172f90b72e1ee43b198174beb3eea,4000,42,Nickeil Alexander-Walker,1629638,BetRivers,2026-03-25,2026-03-25 13:19:22,2026-03-25,Regular Season,0.51675,0.5535714285714286,0.5138121546961325,0.0029378453038675367,-0.06651612903225801,0.48324999999999996,0.5238095238095238,0.4861878453038673,-0.00293784530386737,-0.07743181818181821,positive vig-free edge with nonpositive EV
NO_BET,,PTS,full_game,7.5,True,23.54230308532715,23.745088931166386,7.398534774780273,-0.10823569018887544,7.290299084591398,0.4915060991395564,78bf92243997831090f4e81bdc0a5d4d7ba172f90b72e1ee43b198174beb3eea,4000,42,Keon Ellis,1631165,FanDuel,2026-03-25,2026-03-25 13:19:22,2026-03-25,Regular Season,0.462,0.49504950495049505,0.46209273182957394,-9.273182957392212e-05,-0.06675999999999999,0.538,0.576271186440678,0.5379072681704261,9.273182957392212e-05,-0.06641176470588234,positive vig-free edge with nonpositive EV
NO_BET,,PTS,full_game,9.5,True,23.789234161376953,23.99202000721619,10.024728775024414,0.043700665828887486,10.068429440853302,0.4915060991395564,78bf92243997831090f4e81bdc0a5d4d7ba172f90b72e1ee43b198174beb3eea,4000,42,Ben Saraf,1642879,Bovada,2026-03-26,2026-03-25 13:19:22,2026-03-25,Regular Season,0.52725,0.5652173913043478,0.5306122448979592,-0.003362244897959221,-0.06717307692307695,0.47275,0.5,0.4693877551020409,0.00336224489795911,-0.05449999999999999,positive vig-free edge with nonpositive EV
NO_BET,,PTS,full_game,10.5,True,27.620878219604492,27.600130725477513,11.75461196899414,0.1035564751244054,11.858168444118546,0.5327606694856868,78bf92243997831090f4e81bdc0a5d4d7ba172f90b72e1ee43b198174beb3eea,4000,42,Deandre Ayton,1629028,BetRivers,2026-03-25,2026-03-25 13:19:22,2026-03-25,Regular Season,0.57675,0.6183206106870229,0.5740945445087458,0.0026554554912542327,-0.06723148148148145,0.42325,0.45871559633027525,0.42590545549125436,-0.0026554554912543438,-0.07731500000000008,positive vig-free edge with nonpositive EV
NO_BET,,PTS,full_game,15.5,True,31.859560012817383,32.01755577039725,15.124837875366211,0.06197670804329808,15.18681458340951,0.6420909777808131,78bf92243997831090f4e81bdc0a5d4d7ba172f90b72e1ee43b198174beb3eea,4000,42,P.J. Washington,1629023,BetRivers,2026-03-26,2026-03-25 13:19:22,2026-03-25,Regular Season,0.46625,0.5,0.4645669291338583,0.0016830708661417226,-0.06749999999999995,0.53375,0.576271186440678,0.5354330708661418,-0.0016830708661418337,-0.07378676470588236,positive vig-free edge with nonpositive EV
NO_BET,,PTS,full_game,13.5,True,30.78316307067871,30.94115882825858,13.995372772216797,-0.010446228825563082,13.984926543391234,0.6420909777808131,78bf92243997831090f4e81bdc0a5d4d7ba172f90b72e1ee43b198174beb3eea,4000,42,Jarace Walker,1641716,BetMGM,2026-03-25,2026-03-25 13:19:22,2026-03-25,Regular Season,0.518,0.5555555555555556,0.5203045685279188,-0.0023045685279188266,-0.06759999999999994,0.482,0.5121951219512195,0.4796954314720812,0.002304568527918771,-0.058952380952381034,positive vig-free edge with nonpositive EV
NO_BET,,PTS,full_game,13.5,True,31.859560012817383,32.01755577039725,15.124837875366211,0.06197670804329808,15.18681458340951,0.6420909777808131,78bf92243997831090f4e81bdc0a5d4d7ba172f90b72e1ee43b198174beb3eea,4000,42,P.J. Washington,1629023,Bovada,2026-03-26,2026-03-25 13:19:22,2026-03-25,Regular Season,0.5805,0.6226415094339622,0.5834970530451867,-0.002997053045186715,-0.06768181818181823,0.4195,0.4444444444444444,0.4165029469548134,0.002997053045186604,-0.05612499999999998,positive vig-free edge with nonpositive EV
NO_BET,,PTS,full_game,14.5,True,24.568023681640625,24.547276187513646,14.854936599731445,0.10032632076956734,14.955262920501013,0.5327606694856868,78bf92243997831090f4e81bdc0a5d4d7ba172f90b72e1ee43b198174beb3eea,4000,42,Collin Sexton,1629012,DraftKings,2026-03-25,2026-03-25 13:19:22,2026-03-25,Regular Season,0.51575,0.5535714285714286,0.5217643644805572,-0.006014364480557144,-0.06832258064516122,0.48424999999999996,0.5073891625615764,0.47823563551944287,0.006014364480557088,-0.0456043689320389,positive vig-free edge with nonpositive EV
NO_BET,,PTS,full_game,10.5,True,28.924306869506836,28.903559375379853,11.886113166809082,0.11185219717128075,11.997965363980363,0.5327606694856868,78bf92243997831090f4e81bdc0a5d4d7ba172f90b72e1ee43b198174beb3eea,4000,42,Max Christie,1631108,Bovada,2026-03-26,2026-03-25 13:19:22,2026-03-25,Regular Season,0.58,0.6226415094339622,0.5834970530451867,-0.003497053045186771,-0.06848484848484859,0.42000000000000004,0.4444444444444444,0.4165029469548134,0.00349705304518666,-0.05499999999999994,positive vig-free edge with nonpositive EV
NO_BET,,PTS,full_game,6.5,True,22.030521392822266,22.233307238661503,8.128360748291016,0.03647207217169879,8.164832820462715,0.4915060991395564,78bf92243997831090f4e81bdc0a5d4d7ba172f90b72e1ee43b198174beb3eea,4000,42,Luke Kennard,1628379,Bovada,2026-03-25,2026-03-25 13:19:22,2026-03-25,Regular Season,0.59825,0.6428571428571429,0.6017069701280228,-0.0034569701280228182,-0.06938888888888894,0.40175000000000005,0.425531914893617,0.3982930298719772,0.0034569701280228737,-0.05588749999999987,positive vig-free edge with nonpositive EV
NO_BET,,PTS,full_game,7.5,True,16.84052848815918,16.911398510742526,8.880940437316895,0.16411879711973862,9.045059234436634,0.44940254752247744,78bf92243997831090f4e81bdc0a5d4d7ba172f90b72e1ee43b198174beb3eea,4000,42,Obi Toppin,1630167,Bovada,2026-03-25,2026-03-25 13:19:22,2026-03-25,Regular Season,0.58575,0.6296296296296297,0.5915279878971256,-0.0057779878971255805,-0.06969117647058815,0.41425,0.43478260869565216,0.40847201210287437,0.005777987897125636,-0.04722500000000007,positive vig-free edge with nonpositive EV
NO_BET,,PTS,full_game,20.5,True,32.52472686767578,32.68272262525565,19.384681701660156,0.08096657882010863,19.465648280480266,0.6420909777808131,78bf92243997831090f4e81bdc0a5d4d7ba172f90b72e1ee43b198174beb3eea,4000,42,Matas Buzelis,1641824,Bovada,2026-03-25,2026-03-25 13:19:22,2026-03-25,Regular Season,0.4325,0.46511627906976744,0.43668122270742354,-0.004181222707423549,-0.07012500000000005,0.5675,0.6,0.5633187772925764,0.004181222707423604,-0.05416666666666675,positive vig-free edge with nonpositive EV
NO_BET,,PTS,full_game,17.5,True,28.430749893188477,28.410002399061494,17.826675415039062,-0.10143604155900998,17.725239373480054,0.5327606694856868,78bf92243997831090f4e81bdc0a5d4d7ba172f90b72e1ee43b198174beb3eea,4000,42,Jerami Grant,203924,DraftKings,2026-03-26,2026-03-25 13:19:22,2026-03-25,Regular Season,0.50325,0.5412844036697247,0.510397604391948,-0.007147604391948059,-0.07026694915254245,0.49675,0.5192307692307693,0.4896023956080519,0.007147604391948115,-0.043296296296296166,positive vig-free edge with nonpositive EV
NO_BET,,PTS,full_game,23.5,True,34.2680778503418,34.426073607921666,23.74484634399414,0.11501737115835965,23.8598637151525,0.6420909777808131,78bf92243997831090f4e81bdc0a5d4d7ba172f90b72e1ee43b198174beb3eea,4000,42,Jamal Murray,1627750,FanDuel,2026-03-26,2026-03-25 13:19:22,2026-03-25,Regular Season,0.49525,0.5327102803738317,0.5,-0.0047499999999999765,-0.07032017543859648,0.50475,0.5327102803738317,0.5,0.004750000000000032,-0.05248684210526311,positive vig-free edge with nonpositive EV
NO_BET,,PTS,full_game,20.5,True,31.385635375976562,31.54363113355643,17.061952590942383,0.17023114052883484,17.232183731471217,0.6420909777808131,78bf92243997831090f4e81bdc0a5d4d7ba172f90b72e1ee43b198174beb3eea,4000,42,Naji Marshall,1630230,Bovada,2026-03-26,2026-03-25 13:19:22,2026-03-25,Regular Season,0.30975,0.3333333333333333,0.3125,-0.0027499999999999747,-0.07074999999999998,0.69025,0.7333333333333333,0.6875,0.00275000000000003,-0.05874999999999991,positive vig-free edge with nonpositive EV
NO_BET,,PTS,full_game,11.5,True,28.924306869506836,28.903559375379853,11.886113166809082,0.11185219717128075,11.997965363980363,0.5327606694856868,78bf92243997831090f4e81bdc0a5d4d7ba172f90b72e1ee43b198174beb3eea,4000,42,Max Christie,1631108,BetMGM,2026-03-26,2026-03-25 13:19:22,2026-03-25,Regular Season,0.51625,0.5555555555555556,0.5203045685279188,-0.004054568527918856,-0.07074999999999998,0.48375,0.5121951219512195,0.4796954314720812,0.0040545685279188,-0.0555357142857143,positive vig-free edge with nonpositive EV
NO_BET,,PTS,full_game,11.5,True,28.924306869506836,28.903559375379853,11.886113166809082,0.11185219717128075,11.997965363980363,0.5327606694856868,78bf92243997831090f4e81bdc0a5d4d7ba172f90b72e1ee43b198174beb3eea,4000,42,Max Christie,1631108,BetRivers,2026-03-26,2026-03-25 13:19:22,2026-03-25,Regular Season,0.51625,0.5555555555555556,0.5157946692991116,0.0004553307008884344,-0.07074999999999998,0.48375,0.5215311004784688,0.4842053307008884,-0.0004553307008883789,-0.07244266055045867,positive vig-free edge with nonpositive EV
NO_BET,,PTS,full_game,12.5,True,23.601816177368164,23.8046020232074,12.341578483581543,-0.03987603901480194,12.301702444566741,0.4915060991395564,78bf92243997831090f4e81bdc0a5d4d7ba172f90b72e1ee43b198174beb3eea,4000,42,Ajay Mitchell,1642349,BetMGM,2026-03-25,2026-03-25 13:19:22,2026-03-25,Regular Season,0.47575,0.5121951219512195,0.4796954314720812,-0.003945431472081207,-0.07115476190476194,0.52425,0.5555555555555556,0.5203045685279188,0.003945431472081151,-0.05635000000000001,positive vig-free edge with nonpositive EV
NO_BET,,PTS,full_game,11.5,True,22.414613723754883,22.61739956959412,11.23256778717041,0.05412673820494705,11.286694525375356,0.4915060991395564,78bf92243997831090f4e81bdc0a5d4d7ba172f90b72e1ee43b198174beb3eea,4000,42,Gary Payton II,1627780,BetRivers,2026-03-26,2026-03-25 13:19:22,2026-03-25,Regular Season,0.48225,0.5192307692307693,0.4813476792586193,0.0009023207413806911,-0.07122222222222208,0.5177499999999999,0.5594713656387665,0.5186523207413807,-0.0009023207413807466,-0.07457283464566938,positive vig-free edge with nonpositive EV
NO_BET,,PTS,full_game,12.5,True,31.859560012817383,32.01755577039725,15.124837875366211,0.06197670804329808,15.18681458340951,0.6420909777808131,78bf92243997831090f4e81bdc0a5d4d7ba172f90b72e1ee43b198174beb3eea,4000,42,P.J. Washington,1629023,Bovada,2026-03-26,2026-03-25 13:19:22,2026-03-25,Regular Season,0.6385,0.6875,0.6456256921373201,-0.007125692137320172,-0.07127272727272732,0.36150000000000004,0.37735849056603776,0.35437430786268,0.007125692137320061,-0.04202499999999987,positive vig-free edge with nonpositive EV
NO_BET,,PTS,full_game,18.5,True,24.568023681640625,24.547276187513646,14.854936599731445,0.10032632076956734,14.955262920501013,0.5327606694856868,78bf92243997831090f4e81bdc0a5d4d7ba172f90b72e1ee43b198174beb3eea,4000,42,Collin Sexton,1629012,Bovada,2026-03-25,2026-03-25 13:19:22,2026-03-25,Regular Season,0.2995,0.3225806451612903,0.30256012412723043,-0.003060124127230446,-0.07155,0.7005,0.7435897435897436,0.6974398758727697,0.0030601241272303348,-0.05794827586206894,positive vig-free edge with nonpositive EV
NO_BET,,PTS,full_game,14.5,True,24.568023681640625,24.547276187513646,14.854936599731445,0.10032632076956734,14.955262920501013,0.5327606694856868,78bf92243997831090f4e81bdc0a5d4d7ba172f90b72e1ee43b198174beb3eea,4000,42,Collin Sexton,1629012,Bovada,2026-03-25,2026-03-25 13:19:22,2026-03-25,Regular Season,0.51575,0.5555555555555556,0.5203045685279188,-0.004554568527918801,-0.07164999999999988,0.48424999999999996,0.5121951219512195,0.4796954314720812,0.004554568527918745,-0.05455952380952389,positive vig-free edge with nonpositive EV
NO_BET,,PTS,full_game,11.5,True,30.06049156188965,30.218487319469517,11.211206436157227,0.09288390486884983,11.304090341026077,0.6420909777808131,78bf92243997831090f4e81bdc0a5d4d7ba172f90b72e1ee43b198174beb3eea,4000,42,Donte DiVincenzo,1628978,DraftKings,2026-03-26,2026-03-25 13:19:22,2026-03-25,Regular Season,0.475,0.5121951219512195,0.48240894039735094,-0.0074089403973509604,-0.0726190476190477,0.525,0.5495495495495496,0.517591059602649,0.0074089403973510715,-0.04467213114754093,positive vig-free edge with nonpositive EV
NO_BET,,PTS,full_game,11.5,True,30.06049156188965,30.218487319469517,11.211206436157227,0.09288390486884983,11.304090341026077,0.6420909777808131,78bf92243997831090f4e81bdc0a5d4d7ba172f90b72e1ee43b198174beb3eea,4000,42,Donte DiVincenzo,1628978,Bovada,2026-03-26,2026-03-25 13:19:22,2026-03-25,Regular Season,0.475,0.5121951219512195,0.4796954314720812,-0.004695431472081235,-0.0726190476190477,0.525,0.5555555555555556,0.5203045685279188,0.00469543147208118,-0.05499999999999994,positive vig-free edge with nonpositive EV
NO_BET,,PTS,full_game,24.5,True,36.66040802001953,37.165923554088366,25.600746154785156,0.17237981025168023,25.773125965036837,0.746175435493391,78bf92243997831090f4e81bdc0a5d4d7ba172f90b72e1ee43b198174beb3eea,4000,42,Kevin Durant,201142,Bovada,2026-03-26,2026-03-25 13:19:22,2026-03-25,Regular Season,0.54875,0.5918367346938775,0.554140127388535,-0.00539012738853506,-0.07280172413793107,0.45125000000000004,0.47619047619047616,0.4458598726114649,0.005390127388535115,-0.052374999999999894,positive vig-free edge with nonpositive EV
NO_BET,,PTS,full_game,9.5,True,16.84052848815918,16.911398510742526,8.880940437316895,0.16411879711973862,9.045059234436634,0.44940254752247744,78bf92243997831090f4e81bdc0a5d4d7ba172f90b72e1ee43b198174beb3eea,4000,42,Obi Toppin,1630167,BetRivers,2026-03-25,2026-03-25 13:19:22,2026-03-25,Regular Season,0.43725,0.4716981132075472,0.4388409027584286,-0.0015909027584285473,-0.07302999999999987,0.56275,0.6031746031746031,0.5611590972415714,0.0015909027584285473,-0.06701973684210527,positive vig-free edge with nonpositive EV
NO_BET,,PTS,full_game,11.5,True,30.78316307067871,30.94115882825858,13.995372772216797,-0.010446228825563082,13.984926543391234,0.6420909777808131,78bf92243997831090f4e81bdc0a5d4d7ba172f90b72e1ee43b198174beb3eea,4000,42,Jarace Walker,1641716,Bovada,2026-03-25,2026-03-25 13:19:22,2026-03-25,Regular Season,0.65825,0.7101449275362319,0.6653734238603297,-0.007123423860329714,-0.0730765306122449,0.34175,0.35714285714285715,0.3346265761396702,0.007123423860329825,-0.04310000000000003,positive vig-free edge with nonpositive EV
NO_BET,,PTS,full_game,6.5,True,23.54230308532715,23.745088931166386,7.398534774780273,-0.10823569018887544,7.290299084591398,0.4915060991395564,78bf92243997831090f4e81bdc0a5d4d7ba172f90b72e1ee43b198174beb3eea,4000,42,Keon Ellis,1631165,Bovada,2026-03-25,2026-03-25 13:19:22,2026-03-25,Regular Season,0.556,0.6,0.5633187772925764,-0.007318777292576351,-0.0733333333333333,0.44399999999999995,0.46511627906976744,0.43668122270742354,0.007318777292576406,-0.04540000000000011,positive vig-free edge with nonpositive EV
NO_BET,,PTS,full_game,12.5,True,28.116863250732422,28.09611575660544,11.333611488342285,0.26351378458343366,11.59712527292572,0.5327606694856868,78bf92243997831090f4e81bdc0a5d4d7ba172f90b72e1ee43b198174beb3eea,4000,42,Duncan Robinson,1629130,BetRivers,2026-03-25,2026-03-25 13:19:22,2026-03-25,Regular Season,0.43675,0.4716981132075472,0.43694311172035644,-0.00019311172035640922,-0.07408999999999993,0.56325,0.6078431372549019,0.5630568882796436,0.00019311172035640922,-0.07336290322580652,positive vig-free edge with nonpositive EV
NO_BET,,PTS,full_game,10.5,True,22.414613723754883,22.61739956959412,11.23256778717041,0.05412673820494705,11.286694525375356,0.4915060991395564,78bf92243997831090f4e81bdc0a5d4d7ba172f90b72e1ee43b198174beb3eea,4000,42,Gary Payton II,1627780,BetRivers,2026-03-26,2026-03-25 13:19:22,2026-03-25,Regular Season,0.55225,0.5967741935483871,0.5538284398388026,-0.00157843983880257,-0.07460810810810808,0.44775,0.4807692307692308,0.44617156016119747,0.0015784398388025145,-0.06868000000000002,positive vig-free edge with nonpositive EV
NO_BET,,PTS,full_game,10.5,True,30.06049156188965,30.218487319469517,11.211206436157227,0.09288390486884983,11.304090341026077,0.6420909777808131,78bf92243997831090f4e81bdc0a5d4d7ba172f90b72e1ee43b198174beb3eea,4000,42,Donte DiVincenzo,1628978,Bovada,2026-03-26,2026-03-25 13:19:22,2026-03-25,Regular Season,0.5475,0.5918367346938775,0.554140127388535,-0.006640127388535033,-0.07491379310344826,0.4525,0.47619047619047616,0.4458598726114649,0.006640127388535089,-0.049749999999999905,positive vig-free edge with nonpositive EV
NO_BET,,PTS,full_game,13.5,True,27.620878219604492,27.600130725477513,11.75461196899414,0.1035564751244054,11.858168444118546,0.5327606694856868,78bf92243997831090f4e81bdc0a5d4d7ba172f90b72e1ee43b198174beb3eea,4000,42,Deandre Ayton,1629028,Bovada,2026-03-25,2026-03-25 13:19:22,2026-03-25,Regular Season,0.36275,0.39215686274509803,0.3666469544648137,-0.0038969544648136956,-0.07498749999999998,0.63725,0.6774193548387096,0.6333530455351862,0.003896954464813751,-0.05929761904761904,positive vig-free edge with nonpositive EV
NO_BET,,PTS,full_game,12.5,True,24.568023681640625,24.547276187513646,14.854936599731445,0.10032632076956734,14.955262920501013,0.5327606694856868,78bf92243997831090f4e81bdc0a5d4d7ba172f90b72e1ee43b198174beb3eea,4000,42,Collin Sexton,1629012,Bovada,2026-03-25,2026-03-25 13:19:22,2026-03-25,Regular Season,0.63575,0.6875,0.6456256921373201,-0.009875692137320091,-0.07527272727272721,0.36424999999999996,0.37735849056603776,0.35437430786268,0.00987569213731998,-0.03473750000000009,positive vig-free edge with nonpositive EV
NO_BET,,PTS,full_game,7.5,True,22.030521392822266,22.233307238661503,8.128360748291016,0.03647207217169879,8.164832820462715,0.4915060991395564,78bf92243997831090f4e81bdc0a5d4d7ba172f90b72e1ee43b198174beb3eea,4000,42,Luke Kennard,1628379,BetMGM,2026-03-25,2026-03-25 13:19:22,2026-03-25,Regular Season,0.531,0.574468085106383,0.5346534653465347,-0.0036534653465346567,-0.07566666666666666,0.469,0.5,0.4653465346534653,0.0036534653465346567,-0.062000000000000055,positive vig-free edge with nonpositive EV
NO_BET,,PTS,full_game,33.5,True,36.67681121826172,37.18232675233055,34.251033782958984,0.0951001249204827,34.34613390787947,0.746175435493391,78bf92243997831090f4e81bdc0a5d4d7ba172f90b72e1ee43b198174beb3eea,4000,42,Luka Doncic,1629029,BetRivers,2026-03-25,2026-03-25 13:19:22,2026-03-25,Regular Season,0.52575,0.5689655172413793,0.5274208712002507,-0.0016708712002506676,-0.07595454545454539,0.47424999999999995,0.5098039215686274,0.4725791287997492,0.0016708712002507231,-0.06974038461538468,positive vig-free edge with nonpositive EV
NO_BET,,PTS,full_game,34.5,True,36.67681121826172,37.18232675233055,34.251033782958984,0.0951001249204827,34.34613390787947,0.746175435493391,78bf92243997831090f4e81bdc0a5d4d7ba172f90b72e1ee43b198174beb3eea,4000,42,Luka Doncic,1629029,FanDuel,2026-03-25,2026-03-25 13:19:22,2026-03-25,Regular Season,0.47975,0.5192307692307693,0.4896023956080519,-0.0098523956080519,-0.07603703703703696,0.52025,0.5412844036697247,0.510397604391948,0.009852395608051956,-0.03886016949152549,positive vig-free edge with nonpositive EV
NO_BET,,PTS,full_game,14.5,True,25.26226234436035,25.241514850233372,12.96000862121582,0.0278778472041177,12.987886468419939,0.5327606694856868,78bf92243997831090f4e81bdc0a5d4d7ba172f90b72e1ee43b198174beb3eea,4000,42,Naz Reid,1629675,Bovada,2026-03-26,2026-03-25 13:19:22,2026-03-25,Regular Season,0.38475,0.4166666666666667,0.39094650205761317,-0.006196502057613185,-0.07660000000000011,0.6152500000000001,0.6491228070175439,0.6090534979423868,0.00619650205761324,-0.05218243243243237,positive vig-free edge with nonpositive EV
NO_BET,,PTS,full_game,32.5,True,36.67681121826172,37.18232675233055,34.251033782958984,0.0951001249204827,34.34613390787947,0.746175435493391,78bf92243997831090f4e81bdc0a5d4d7ba172f90b72e1ee43b198174beb3eea,4000,42,Luka Doncic,1629029,BetRivers,2026-03-25,2026-03-25 13:19:22,2026-03-25,Regular Season,0.5745,0.6226415094339622,0.5757963822634864,-0.0012963822634863842,-0.07731818181818184,0.4255,0.45871559633027525,0.42420361773651355,0.0012963822634864397,-0.0724100000000002,positive vig-free edge with nonpositive EV
NO_BET,,PTS,full_game,19.5,True,31.281320571899414,31.439316329479283,18.695396423339844,0.08389964265639008,18.779296065996235,0.6420909777808131,78bf92243997831090f4e81bdc0a5d4d7ba172f90b72e1ee43b198174beb3eea,4000,42,Nickeil Alexander-Walker,1629638,BetRivers,2026-03-25,2026-03-25 13:19:22,2026-03-25,Regular Season,0.45675,0.49504950495049505,0.45980991958136136,-0.00305991958136137,-0.07736500000000002,0.54325,0.5815899581589958,0.5401900804186387,0.0030599195813613145,-0.06592266187050361,positive vig-free edge with nonpositive EV
NO_BET,,PTS,full_game,17.5,True,28.430749893188477,28.410002399061494,17.826675415039062,-0.10143604155900998,17.725239373480054,0.5327606694856868,78bf92243997831090f4e81bdc0a5d4d7ba172f90b72e1ee43b198174beb3eea,4000,42,Jerami Grant,203924,Bovada,2026-03-26,2026-03-25 13:19:22,2026-03-25,Regular Season,0.50325,0.5454545454545454,0.5101214574898786,-0.006871457489878607,-0.07737499999999997,0.49675,0.5238095238095238,0.48987854251012153,0.006871457489878496,-0.05165909090909082,positive vig-free edge with nonpositive EV
NO_BET,,PTS,full_game,12.5,True,30.78316307067871,30.94115882825858,13.995372772216797,-0.010446228825563082,13.984926543391234,0.6420909777808131,78bf92243997831090f4e81bdc0a5d4d7ba172f90b72e1ee43b198174beb3eea,4000,42,Jarace Walker,1641716,Bovada,2026-03-25,2026-03-25 13:19:22,2026-03-25,Regular Season,0.593,0.6428571428571429,0.6017069701280228,-0.008706970128022795,-0.0775555555555556,0.40700000000000003,0.425531914893617,0.3982930298719772,0.00870697012802285,-0.04354999999999987,positive vig-free edge with nonpositive EV
NO_BET,,PTS,full_game,12.5,True,28.924306869506836,28.903559375379853,11.886113166809082,0.11185219717128075,11.997965363980363,0.5327606694856868,78bf92243997831090f4e81bdc0a5d4d7ba172f90b72e1ee43b198174beb3eea,4000,42,Max Christie,1631108,BetRivers,2026-03-26,2026-03-25 13:19:22,2026-03-25,Regular Season,0.44775,0.4854368932038835,0.4520257450053946,-0.004275745005394627,-0.07763500000000001,0.55225,0.588477366255144,0.5479742549946055,0.004275745005394516,-0.06156118881118888,positive vig-free edge with nonpositive EV
NO_BET,,PTS,full_game,19.5,True,32.89009094238281,33.04808669996268,17.752477645874023,0.07588933197150931,17.828366977845533,0.6420909777808131,78bf92243997831090f4e81bdc0a5d4d7ba172f90b72e1ee43b198174beb3eea,4000,42,Scottie Barnes,1630567,Bovada,2026-03-26,2026-03-25 13:19:22,2026-03-25,Regular Season,0.401,0.43478260869565216,0.40847201210287437,-0.007472012102874348,-0.07769999999999999,0.599,0.6296296296296297,0.5915279878971256,0.0074720121028744035,-0.04864705882352938,positive vig-free edge with nonpositive EV
NO_BET,,PTS,full_game,9.5,True,29.52571678161621,29.504969287489228,9.081414222717285,-0.03294953439683776,9.048464688320447,0.5327606694856868,78bf92243997831090f4e81bdc0a5d4d7ba172f90b72e1ee43b198174beb3eea,4000,42,Draymond Green,203110,BetRivers,2026-03-26,2026-03-25 13:19:22,2026-03-25,Regular Season,0.44975,0.4878048780487805,0.4532313718175883,-0.0034813718175883412,-0.0780125000000001,0.55025,0.588477366255144,0.5467686281824116,0.0034813718175884523,-0.06495979020979026,positive vig-free edge with nonpositive EV
NO_BET,,PTS,full_game,18.5,True,32.89009094238281,33.04808669996268,17.752477645874023,0.07588933197150931,17.828366977845533,0.6420909777808131,78bf92243997831090f4e81bdc0a5d4d7ba172f90b72e1ee43b198174beb3eea,4000,42,Scottie Barnes,1630567,Bovada,2026-03-26,2026-03-25 13:19:22,2026-03-25,Regular Season,0.44975,0.4878048780487805,0.4592085979482169,-0.009458597948216907,-0.0780125000000001,0.55025,0.574468085106383,0.5407914020517831,0.009458597948216907,-0.04215740740740742,positive vig-free edge with nonpositive EV
NO_BET,,PTS,full_game,14.5,True,31.859560012817383,32.01755577039725,15.124837875366211,0.06197670804329808,15.18681458340951,0.6420909777808131,78bf92243997831090f4e81bdc0a5d4d7ba172f90b72e1ee43b198174beb3eea,4000,42,P.J. Washington,1629023,BetRivers,2026-03-26,2026-03-25 13:19:22,2026-03-25,Regular Season,0.524,0.5689655172413793,0.5274208712002507,-0.003420871200250697,-0.079030303030303,0.476,0.5098039215686274,0.4725791287997492,0.0034208712002507524,-0.06630769230769229,positive vig-free edge with nonpositive EV
NO_BET,,PTS,full_game,7.5,True,23.789234161376953,23.99202000721619,10.024728775024414,0.043700665828887486,10.068429440853302,0.4915060991395564,78bf92243997831090f4e81bdc0a5d4d7ba172f90b72e1ee43b198174beb3eea,4000,42,Ben Saraf,1642879,Bovada,2026-03-26,2026-03-25 13:19:22,2026-03-25,Regular Season,0.66475,0.7222222222222222,0.6768402154398564,-0.012090215439856444,-0.07957692307692316,0.33525000000000005,0.3448275862068966,0.32315978456014366,0.012090215439856389,-0.027774999999999883,positive vig-free edge with nonpositive EV
NO_BET,,PTS,full_game,11.5,True,28.116863250732422,28.09611575660544,11.333611488342285,0.26351378458343366,11.59712527292572,0.5327606694856868,78bf92243997831090f4e81bdc0a5d4d7ba172f90b72e1ee43b198174beb3eea,4000,42,Duncan Robinson,1629130,BetRivers,2026-03-25,2026-03-25 13:19:22,2026-03-25,Regular Season,0.502,0.5454545454545454,0.5059101654846335,-0.003910165484633521,-0.07966666666666661,0.498,0.5327102803738317,0.4940898345153664,0.0039101654846335765,-0.06515789473684208,positive vig-free edge with nonpositive EV
NO_BET,,PTS,full_game,11.5,True,28.116863250732422,28.09611575660544,11.333611488342285,0.26351378458343366,11.59712527292572,0.5327606694856868,78bf92243997831090f4e81bdc0a5d4d7ba172f90b72e1ee43b198174beb3eea,4000,42,Duncan Robinson,1629130,FanDuel,2026-03-25,2026-03-25 13:19:22,2026-03-25,Regular Season,0.502,0.5454545454545454,0.5145711906744379,-0.012571190674437904,-0.07966666666666661,0.498,0.5145631067961165,0.48542880932556204,0.01257119067443796,-0.032188679245283014,positive vig-free edge with nonpositive EV
NO_BET,,PTS,full_game,13.5,True,24.568023681640625,24.547276187513646,14.854936599731445,0.10032632076956734,14.955262920501013,0.5327606694856868,78bf92243997831090f4e81bdc0a5d4d7ba172f90b72e1ee43b198174beb3eea,4000,42,Collin Sexton,1629012,Bovada,2026-03-25,2026-03-25 13:19:22,2026-03-25,Regular Season,0.57275,0.6226415094339622,0.5834970530451867,-0.01074705304518675,-0.08012878787878797,0.42725,0.4444444444444444,0.4165029469548134,0.010747053045186639,-0.038687499999999986,positive vig-free edge with nonpositive EV
NO_BET,,PTS,full_game,21.5,True,29.712934494018555,29.69218699989157,18.254894256591797,0.038316045804493604,18.29321030239629,0.5327606694856868,78bf92243997831090f4e81bdc0a5d4d7ba172f90b72e1ee43b198174beb3eea,4000,42,Bennedict Mathurin,1631097,Bovada,2026-03-26,2026-03-25 13:19:22,2026-03-25,Regular Season,0.3015,0.32786885245901637,0.3079416531604538,-0.0064416531604538085,-0.08042500000000008,0.6985,0.7368421052631579,0.6920583468395461,0.006441653160453864,-0.05203571428571424,positive vig-free edge with nonpositive EV
NO_BET,,PTS,full_game,8.5,True,23.789234161376953,23.99202000721619,10.024728775024414,0.043700665828887486,10.068429440853302,0.4915060991395564,78bf92243997831090f4e81bdc0a5d4d7ba172f90b72e1ee43b198174beb3eea,4000,42,Ben Saraf,1642879,Bovada,2026-03-26,2026-03-25 13:19:22,2026-03-25,Regular Season,0.59625,0.6491228070175439,0.6090534979423868,-0.012803497942386888,-0.08145270270270277,0.40375000000000005,0.4166666666666667,0.39094650205761317,0.012803497942386888,-0.030999999999999917,positive vig-free edge with nonpositive EV
NO_BET,,PTS,full_game,5.5,True,23.54230308532715,23.745088931166386,7.398534774780273,-0.10823569018887544,7.290299084591398,0.4915060991395564,78bf92243997831090f4e81bdc0a5d4d7ba172f90b72e1ee43b198174beb3eea,4000,42,Keon Ellis,1631165,Bovada,2026-03-25,2026-03-25 13:19:22,2026-03-25,Regular Season,0.64,0.696969696969697,0.6529968454258674,-0.012996845425867432,-0.08173913043478265,0.36,0.37037037037037035,0.34700315457413244,0.012996845425867543,-0.028000000000000025,positive vig-free edge with nonpositive EV
NO_BET,,PTS,full_game,6.5,True,16.84052848815918,16.911398510742526,8.880940437316895,0.16411879711973862,9.045059234436634,0.44940254752247744,78bf92243997831090f4e81bdc0a5d4d7ba172f90b72e1ee43b198174beb3eea,4000,42,Obi Toppin,1630167,Bovada,2026-03-25,2026-03-25 13:19:22,2026-03-25,Regular Season,0.6555,0.7142857142857143,0.6705882352941177,-0.015088235294117736,-0.0823000000000001,0.34450000000000003,0.3508771929824561,0.32941176470588235,0.01508823529411768,-0.01817499999999994,positive vig-free edge with nonpositive EV
NO_BET,,PTS,full_game,18.5,True,33.764774322509766,33.922770080089634,21.065927505493164,0.0547791689479315,21.120706674441095,0.6420909777808131,78bf92243997831090f4e81bdc0a5d4d7ba172f90b72e1ee43b198174beb3eea,4000,42,Brandon Ingram,1627742,Bovada,2026-03-26,2026-03-25 13:19:22,2026-03-25,Regular Season,0.6215,0.6774193548387096,0.6333530455351862,-0.01185304553518618,-0.08254761904761893,0.37849999999999995,0.39215686274509803,0.3666469544648137,0.011853045535186235,-0.03482500000000022,positive vig-free edge with nonpositive EV
NO_BET,,PTS,full_game,17.5,True,27.857677459716797,27.836929965589814,16.8177490234375,0.06569635212572378,16.883445375563223,0.5327606694856868,78bf92243997831090f4e81bdc0a5d4d7ba172f90b72e1ee43b198174beb3eea,4000,42,C.J. McCollum,203468,FanDuel,2026-03-25,2026-03-25 13:19:22,2026-03-25,Regular Season,0.46325,0.504950495049505,0.4718423169750604,-0.00859231697506041,-0.08258333333333334,0.5367500000000001,0.5652173913043478,0.5281576830249397,0.008592316975060355,-0.05036538461538459,positive vig-free edge with nonpositive EV
NO_BET,,PTS,full_game,11.5,True,31.708898544311523,31.866894301891392,11.904556274414062,0.06961333565917877,11.974169610073242,0.6420909777808131,78bf92243997831090f4e81bdc0a5d4d7ba172f90b72e1ee43b198174beb3eea,4000,42,Rudy Gobert,203497,BetOnline.ag,2026-03-26,2026-03-25 13:19:22,2026-03-25,Regular Season,0.51825,0.5652173913043478,0.5318542641970282,-0.013604264197028204,-0.08309615384615388,0.48175,0.4975124378109453,0.4681457358029717,0.013604264197028315,-0.03168250000000006,positive vig-free edge with nonpositive EV
NO_BET,,PTS,full_game,7.5,True,21.962265014648438,22.165050860487675,7.550651550292969,0.1458887301801991,7.696540280473168,0.4915060991395564,78bf92243997831090f4e81bdc0a5d4d7ba172f90b72e1ee43b198174beb3eea,4000,42,Taurean Prince,1627752,BetMGM,2026-03-26,2026-03-25 13:19:22,2026-03-25,Regular Season,0.50925,0.5555555555555556,0.5203045685279188,-0.011054568527918862,-0.08335000000000004,0.49075,0.5121951219512195,0.4796954314720812,0.011054568527918807,-0.041869047619047584,positive vig-free edge with nonpositive EV
NO_BET,,PTS,full_game,14.5,True,27.620878219604492,27.600130725477513,11.75461196899414,0.1035564751244054,11.858168444118546,0.5327606694856868,78bf92243997831090f4e81bdc0a5d4d7ba172f90b72e1ee43b198174beb3eea,4000,42,Deandre Ayton,1629028,Bovada,2026-03-25,2026-03-25 13:19:22,2026-03-25,Regular Season,0.3055,0.3333333333333333,0.3125,-0.007000000000000006,-0.08350000000000002,0.6945,0.7333333333333333,0.6875,0.007000000000000006,-0.052954545454545365,positive vig-free edge with nonpositive EV
NO_BET,,PTS,full_game,31.5,True,36.67681121826172,37.18232675233055,34.251033782958984,0.0951001249204827,34.34613390787947,0.746175435493391,78bf92243997831090f4e81bdc0a5d4d7ba172f90b72e1ee43b198174beb3eea,4000,42,Luka Doncic,1629029,Bovada,2026-03-25,2026-03-25 13:19:22,2026-03-25,Regular Season,0.62075,0.6774193548387096,0.6333530455351862,-0.012603045535186208,-0.08365476190476184,0.37925,0.39215686274509803,0.3666469544648137,0.012603045535186264,-0.03291250000000012,positive vig-free edge with nonpositive EV
NO_BET,,PTS,full_game,12.5,True,23.789234161376953,23.99202000721619,10.024728775024414,0.043700665828887486,10.068429440853302,0.4915060991395564,78bf92243997831090f4e81bdc0a5d4d7ba172f90b72e1ee43b198174beb3eea,4000,42,Ben Saraf,1642879,Bovada,2026-03-26,2026-03-25 13:19:22,2026-03-25,Regular Season,0.32725,0.35714285714285715,0.3346265761396702,-0.007376576139670188,-0.0837,0.67275,0.7101449275362319,0.6653734238603297,0.007376576139670243,-0.052658163265306146,positive vig-free edge with nonpositive EV
NO_BET,,PTS,full_game,20.5,True,34.2680778503418,34.426073607921666,23.74484634399414,0.11501737115835965,23.8598637151525,0.6420909777808131,78bf92243997831090f4e81bdc0a5d4d7ba172f90b72e1ee43b198174beb3eea,4000,42,Jamal Murray,1627750,Bovada,2026-03-26,2026-03-25 13:19:22,2026-03-25,Regular Season,0.6545,0.7142857142857143,0.6705882352941177,-0.016088235294117736,-0.08370000000000011,0.34550000000000003,0.3508771929824561,0.32941176470588235,0.01608823529411768,-0.015324999999999922,positive vig-free edge with nonpositive EV
NO_BET,,PTS,full_game,10.5,True,28.055803298950195,28.035055804823212,13.56492805480957,-0.05914933723407953,13.50577871757549,0.5327606694856868,78bf92243997831090f4e81bdc0a5d4d7ba172f90b72e1ee43b198174beb3eea,4000,42,Devin Vassell,1630170,Bovada,2026-03-26,2026-03-25 13:19:22,2026-03-25,Regular Season,0.687,0.75,0.7026022304832714,-0.015602230483271362,-0.08399999999999996,0.31299999999999994,0.31746031746031744,0.29739776951672864,0.015602230483271307,-0.014050000000000229,positive vig-free edge with nonpositive EV
NO_BET,,PTS,full_game,34.5,True,36.67681121826172,37.18232675233055,34.251033782958984,0.0951001249204827,34.34613390787947,0.746175435493391,78bf92243997831090f4e81bdc0a5d4d7ba172f90b72e1ee43b198174beb3eea,4000,42,Luka Doncic,1629029,BetRivers,2026-03-25,2026-03-25 13:19:22,2026-03-25,Regular Season,0.47975,0.5238095238095238,0.4861878453038673,-0.006437845303867318,-0.08411363636363628,0.52025,0.5535714285714286,0.5138121546961325,0.006437845303867484,-0.06019354838709684,positive vig-free edge with nonpositive EV
NO_BET,,PTS,full_game,18.5,True,28.430749893188477,28.410002399061494,17.826675415039062,-0.10143604155900998,17.725239373480054,0.5327606694856868,78bf92243997831090f4e81bdc0a5d4d7ba172f90b72e1ee43b198174beb3eea,4000,42,Jerami Grant,203924,Bovada,2026-03-26,2026-03-25 13:19:22,2026-03-25,Regular Season,0.44675,0.4878048780487805,0.4592085979482169,-0.01245859794821691,-0.08416250000000014,0.55325,0.574468085106383,0.5407914020517831,0.01245859794821691,-0.03693518518518518,positive vig-free edge with nonpositive EV
NO_BET,,PTS,full_game,13.5,True,28.055803298950195,28.035055804823212,13.56492805480957,-0.05914933723407953,13.50577871757549,0.5327606694856868,78bf92243997831090f4e81bdc0a5d4d7ba172f90b72e1ee43b198174beb3eea,4000,42,Devin Vassell,1630170,BetMGM,2026-03-26,2026-03-25 13:19:22,2026-03-25,Regular Season,0.4795,0.5238095238095238,0.48987854251012153,-0.010378542510121547,-0.08459090909090905,0.5205,0.5454545454545454,0.5101214574898786,0.01037854251012138,-0.04574999999999996,positive vig-free edge with nonpositive EV
NO_BET,,PTS,full_game,25.5,True,36.66040802001953,37.165923554088366,25.600746154785156,0.17237981025168023,25.773125965036837,0.746175435493391,78bf92243997831090f4e81bdc0a5d4d7ba172f90b72e1ee43b198174beb3eea,4000,42,Kevin Durant,201142,DraftKings,2026-03-26,2026-03-25 13:19:22,2026-03-25,Regular Season,0.49725,0.54337899543379,0.512482836100362,-0.015232836100362024,-0.0848928571428571,0.50275,0.5169082125603864,0.487517163899638,0.015232836100362024,-0.027390186915887793,positive vig-free edge with nonpositive EV
NO_BET,,PTS,full_game,7.5,True,23.54230308532715,23.745088931166386,7.398534774780273,-0.10823569018887544,7.290299084591398,0.4915060991395564,78bf92243997831090f4e81bdc0a5d4d7ba172f90b72e1ee43b198174beb3eea,4000,42,Keon Ellis,1631165,BetOnline.ag,2026-03-25,2026-03-25 13:19:22,2026-03-25,Regular Season,0.462,0.504950495049505,0.47438944435338465,-0.012389444353384627,-0.08505882352941174,0.538,0.5594713656387665,0.5256105556466153,0.012389444353384738,-0.03837795275590555,positive vig-free edge with nonpositive EV
NO_BET,,PTS,full_game,14.5,True,30.783536911010742,30.94153266859061,14.377217292785645,-0.03388055342467686,14.343336739360968,0.6420909777808131,78bf92243997831090f4e81bdc0a5d4d7ba172f90b72e1ee43b198174beb3eea,4000,42,Brandin Podziemski,1641764,BetMGM,2026-03-26,2026-03-25 13:19:22,2026-03-25,Regular Season,0.47925,0.5238095238095238,0.48987854251012153,-0.01062854251012152,-0.08506818181818182,0.52075,0.5454545454545454,0.5101214574898786,0.010628542510121464,-0.045291666666666563,positive vig-free edge with nonpositive EV
NO_BET,,PTS,full_game,14.5,True,24.152803421020508,24.13205592689353,14.182014465332031,0.04077257892005738,14.222787044252089,0.5327606694856868,78bf92243997831090f4e81bdc0a5d4d7ba172f90b72e1ee43b198174beb3eea,4000,42,De'Anthony Melton,1629001,BetMGM,2026-03-26,2026-03-25 13:19:22,2026-03-25,Regular Season,0.4685,0.5121951219512195,0.4796954314720812,-0.011195431472081185,-0.08530952380952378,0.5315,0.5555555555555556,0.5203045685279188,0.01119543147208113,-0.043300000000000005,positive vig-free edge with nonpositive EV
NO_BET,,PTS,full_game,8.5,True,29.52571678161621,29.504969287489228,9.081414222717285,-0.03294953439683776,9.048464688320447,0.5327606694856868,78bf92243997831090f4e81bdc0a5d4d7ba172f90b72e1ee43b198174beb3eea,4000,42,Draymond Green,203110,BetRivers,2026-03-26,2026-03-25 13:19:22,2026-03-25,Regular Season,0.5235,0.5726495726495726,0.5302120692343677,-0.006712069234367735,-0.08582835820895535,0.47650000000000003,0.5073891625615764,0.4697879307656324,0.006712069234367624,-0.06087864077669897,positive vig-free edge with nonpositive EV
NO_BET,,PTS,full_game,8.5,True,16.84052848815918,16.911398510742526,8.880940437316895,0.16411879711973862,9.045059234436634,0.44940254752247744,78bf92243997831090f4e81bdc0a5d4d7ba172f90b72e1ee43b198174beb3eea,4000,42,Obi Toppin,1630167,BetRivers,2026-03-25,2026-03-25 13:19:22,2026-03-25,Regular Season,0.511,0.5594713656387665,0.5186523207413807,-0.007652320741380669,-0.08663779527559057,0.489,0.5192307692307693,0.4813476792586193,0.007652320741380669,-0.058222222222222175,positive vig-free edge with nonpositive EV
NO_BET,,PTS,full_game,14.5,True,24.568023681640625,24.547276187513646,14.854936599731445,0.10032632076956734,14.955262920501013,0.5327606694856868,78bf92243997831090f4e81bdc0a5d4d7ba172f90b72e1ee43b198174beb3eea,4000,42,Collin Sexton,1629012,BetOnline.ag,2026-03-25,2026-03-25 13:19:22,2026-03-25,Regular Season,0.51575,0.5652173913043478,0.5306122448979592,-0.014862244897959176,-0.08751923076923074,0.48424999999999996,0.5,0.4693877551020409,0.014862244897959065,-0.031500000000000083,positive vig-free edge with nonpositive EV
NO_BET,,PTS,full_game,32.5,True,36.67681121826172,37.18232675233055,34.251033782958984,0.0951001249204827,34.34613390787947,0.746175435493391,78bf92243997831090f4e81bdc0a5d4d7ba172f90b72e1ee43b198174beb3eea,4000,42,Luka Doncic,1629029,Bovada,2026-03-25,2026-03-25 13:19:22,2026-03-25,Regular Season,0.5745,0.6296296296296297,0.5915279878971256,-0.017027987897125563,-0.08755882352941169,0.4255,0.43478260869565216,0.40847201210287437,0.017027987897125618,-0.02135000000000009,positive vig-free edge with nonpositive EV
NO_BET,,PTS,full_game,17.5,True,33.764774322509766,33.922770080089634,21.065927505493164,0.0547791689479315,21.120706674441095,0.6420909777808131,78bf92243997831090f4e81bdc0a5d4d7ba172f90b72e1ee43b198174beb3eea,4000,42,Brandon Ingram,1627742,Bovada,2026-03-26,2026-03-25 13:19:22,2026-03-25,Regular Season,0.66875,0.7333333333333333,0.6875,-0.018750000000000044,-0.0880681818181818,0.33125000000000004,0.3333333333333333,0.3125,0.018750000000000044,-0.006249999999999867,positive vig-free edge with nonpositive EV
NO_BET,,PTS,full_game,25.5,True,36.66040802001953,37.165923554088366,25.600746154785156,0.17237981025168023,25.773125965036837,0.746175435493391,78bf92243997831090f4e81bdc0a5d4d7ba172f90b72e1ee43b198174beb3eea,4000,42,Kevin Durant,201142,BetMGM,2026-03-26,2026-03-25 13:19:22,2026-03-25,Regular Season,0.49725,0.5454545454545454,0.5090470446320868,-0.011797044632086806,-0.08837499999999993,0.50275,0.5260663507109005,0.49095295536791317,0.011797044632086862,-0.044322072072072005,positive vig-free edge with nonpositive EV
NO_BET,,PTS,full_game,25.5,True,36.66040802001953,37.165923554088366,25.600746154785156,0.17237981025168023,25.773125965036837,0.746175435493391,78bf92243997831090f4e81bdc0a5d4d7ba172f90b72e1ee43b198174beb3eea,4000,42,Kevin Durant,201142,Bovada,2026-03-26,2026-03-25 13:19:22,2026-03-25,Regular Season,0.49725,0.5454545454545454,0.5101214574898786,-0.012871457489878557,-0.08837499999999993,0.50275,0.5238095238095238,0.48987854251012153,0.012871457489878502,-0.04020454545454544,positive vig-free edge with nonpositive EV
NO_BET,,PTS,full_game,12.5,True,30.06049156188965,30.218487319469517,11.211206436157227,0.09288390486884983,11.304090341026077,0.6420909777808131,78bf92243997831090f4e81bdc0a5d4d7ba172f90b72e1ee43b198174beb3eea,4000,42,Donte DiVincenzo,1628978,Bovada,2026-03-26,2026-03-25 13:19:22,2026-03-25,Regular Season,0.405,0.4444444444444444,0.4165029469548134,-0.011502946954813353,-0.08874999999999988,0.595,0.6226415094339622,0.5834970530451867,0.011502946954813242,-0.044393939393939486,positive vig-free edge with nonpositive EV
NO_BET,,PTS,full_game,11.5,True,30.06049156188965,30.218487319469517,11.211206436157227,0.09288390486884983,11.304090341026077,0.6420909777808131,78bf92243997831090f4e81bdc0a5d4d7ba172f90b72e1ee43b198174beb3eea,4000,42,Donte DiVincenzo,1628978,BetOnline.ag,2026-03-26,2026-03-25 13:19:22,2026-03-25,Regular Season,0.475,0.5215311004784688,0.48974190636412124,-0.01474190636412126,-0.08922018348623856,0.525,0.54337899543379,0.5102580936358787,0.014741906364121315,-0.033823529411764586,positive vig-free edge with nonpositive EV
NO_BET,,PTS,full_game,8.5,True,24.37023162841797,24.34948413429099,9.662095069885254,0.023093270417233,9.685188340302487,0.5327606694856868,78bf92243997831090f4e81bdc0a5d4d7ba172f90b72e1ee43b198174beb3eea,4000,42,Nick Richards,1630208,BetRivers,2026-03-25,2026-03-25 13:19:22,2026-03-25,Regular Season,0.563,0.6183206106870229,0.5729699775075789,-0.009969977507578998,-0.08946913580246918,0.43700000000000006,0.4608294930875576,0.427030022492421,0.009969977507579053,-0.05170999999999992,positive vig-free edge with nonpositive EV
NO_BET,,PTS,full_game,19.5,True,33.764774322509766,33.922770080089634,21.065927505493164,0.0547791689479315,21.120706674441095,0.6420909777808131,78bf92243997831090f4e81bdc0a5d4d7ba172f90b72e1ee43b198174beb3eea,4000,42,Brandon Ingram,1627742,Bovada,2026-03-26,2026-03-25 13:19:22,2026-03-25,Regular Season,0.56675,0.6226415094339622,0.5834970530451867,-0.016747053045186755,-0.08976515151515163,0.43325,0.4444444444444444,0.4165029469548134,0.016747053045186644,-0.02518749999999992,positive vig-free edge with nonpositive EV
NO_BET,,PTS,full_game,7.5,True,18.852142333984375,19.054928179823612,7.8576130867004395,-0.051712225539888634,7.805900861160551,0.4915060991395564,78bf92243997831090f4e81bdc0a5d4d7ba172f90b72e1ee43b198174beb3eea,4000,42,Caris LeVert,1627747,FanDuel,2026-03-25,2026-03-25 13:19:22,2026-03-25,Regular Season,0.5,0.5495495495495496,0.5141838223374939,-0.014183822337493934,-0.0901639344262295,0.5,0.5192307692307693,0.48581617766250607,0.014183822337493934,-0.03703703703703698,positive vig-free edge with nonpositive EV
NO_BET,,PTS,full_game,13.5,True,28.924306869506836,28.903559375379853,11.886113166809082,0.11185219717128075,11.997965363980363,0.5327606694856868,78bf92243997831090f4e81bdc0a5d4d7ba172f90b72e1ee43b198174beb3eea,4000,42,Max Christie,1631108,Bovada,2026-03-26,2026-03-25 13:19:22,2026-03-25,Regular Season,0.37125,0.40816326530612246,0.3838517538054269,-0.012601753805426885,-0.09043749999999984,0.6287499999999999,0.6551724137931034,0.6161482461945731,0.01260175380542683,-0.040328947368421186,positive vig-free edge with nonpositive EV
NO_BET,,PTS,full_game,11.5,True,29.17185401916504,29.151106525038056,13.212282180786133,-0.0828621571539925,13.12942002363214,0.5327606694856868,78bf92243997831090f4e81bdc0a5d4d7ba172f90b72e1ee43b198174beb3eea,4000,42,Gui Santos,1630611,Bovada,2026-03-26,2026-03-25 13:19:22,2026-03-25,Regular Season,0.59575,0.6551724137931034,0.6161482461945731,-0.02039824619457309,-0.0906973684210527,0.40425,0.40816326530612246,0.3838517538054269,0.02039824619457309,-0.009587499999999971,positive vig-free edge with nonpositive EV
NO_BET,,PTS,full_game,20.5,True,31.281320571899414,31.439316329479283,18.695396423339844,0.08389964265639008,18.779296065996235,0.6420909777808131,78bf92243997831090f4e81bdc0a5d4d7ba172f90b72e1ee43b198174beb3eea,4000,42,Nickeil Alexander-Walker,1629638,Bovada,2026-03-25,2026-03-25 13:19:22,2026-03-25,Regular Season,0.39525,0.43478260869565216,0.40847201210287437,-0.013222012102874381,-0.09092500000000014,0.60475,0.6296296296296297,0.5915279878971256,0.013222012102874436,-0.03951470588235284,positive vig-free edge with nonpositive EV
NO_BET,,PTS,full_game,13.5,True,30.06049156188965,30.218487319469517,11.211206436157227,0.09288390486884983,11.304090341026077,0.6420909777808131,78bf92243997831090f4e81bdc0a5d4d7ba172f90b72e1ee43b198174beb3eea,4000,42,Donte DiVincenzo,1628978,Bovada,2026-03-26,2026-03-25 13:19:22,2026-03-25,Regular Season,0.343,0.37735849056603776,0.35437430786268,-0.011374307862679955,-0.09104999999999996,0.657,0.6875,0.6456256921373201,0.0113743078626799,-0.04436363636363633,positive vig-free edge with nonpositive EV
NO_BET,,PTS,full_game,14.5,True,27.857677459716797,27.836929965589814,16.8177490234375,0.06569635212572378,16.883445375563223,0.5327606694856868,78bf92243997831090f4e81bdc0a5d4d7ba172f90b72e1ee43b198174beb3eea,4000,42,C.J. McCollum,203468,Bovada,2026-03-25,2026-03-25 13:19:22,2026-03-25,Regular Season,0.6415,0.7058823529411765,0.66,-0.018500000000000072,-0.09120833333333334,0.35850000000000004,0.36363636363636365,0.33999999999999997,0.018500000000000072,-0.014124999999999943,positive vig-free edge with nonpositive EV
NO_BET,,PTS,full_game,11.5,True,28.055803298950195,28.035055804823212,13.56492805480957,-0.05914933723407953,13.50577871757549,0.5327606694856868,78bf92243997831090f4e81bdc0a5d4d7ba172f90b72e1ee43b198174beb3eea,4000,42,Devin Vassell,1630170,Bovada,2026-03-26,2026-03-25 13:19:22,2026-03-25,Regular Season,0.62025,0.6825396825396826,0.6395881006864989,-0.019338100686498882,-0.09126162790697684,0.37975000000000003,0.38461538461538464,0.36041189931350115,0.019338100686498882,-0.012649999999999828,positive vig-free edge with nonpositive EV
PRICED,under,PTS,full_game,10.5,True,29.17185401916504,29.151106525038056,13.212282180786133,-0.0828621571539925,13.12942002363214,0.5327606694856868,78bf92243997831090f4e81bdc0a5d4d7ba172f90b72e1ee43b198174beb3eea,4000,42,Gui Santos,1630611,Bovada,2026-03-26,2026-03-25 13:19:22,2026-03-25,Regular Season,0.666,0.7333333333333333,0.6875,-0.021499999999999964,-0.09181818181818169,0.33399999999999996,0.3333333333333333,0.3125,0.021499999999999964,0.0019999999999998908,
NO_BET,,PTS,full_game,23.5,True,34.2680778503418,34.426073607921666,23.74484634399414,0.11501737115835965,23.8598637151525,0.6420909777808131,78bf92243997831090f4e81bdc0a5d4d7ba172f90b72e1ee43b198174beb3eea,4000,42,Jamal Murray,1627750,BetMGM,2026-03-26,2026-03-25 13:19:22,2026-03-25,Regular Season,0.49525,0.5454545454545454,0.5101214574898786,-0.014871457489878559,-0.09204166666666663,0.50475,0.5238095238095238,0.48987854251012153,0.014871457489878503,-0.036386363636363606,positive vig-free edge with nonpositive EV
NO_BET,,PTS,full_game,16.5,True,27.857677459716797,27.836929965589814,16.8177490234375,0.06569635212572378,16.883445375563223,0.5327606694856868,78bf92243997831090f4e81bdc0a5d4d7ba172f90b72e1ee43b198174beb3eea,4000,42,C.J. McCollum,203468,Bovada,2026-03-25,2026-03-25 13:19:22,2026-03-25,Regular Season,0.52125,0.574468085106383,0.5407914020517831,-0.01954140205178312,-0.09263888888888894,0.47875,0.4878048780487805,0.4592085979482169,0.01954140205178312,-0.018562500000000037,positive vig-free edge with nonpositive EV
NO_BET,,PTS,full_game,14.5,True,27.90944480895996,27.888697314832978,13.97557258605957,0.009696416097275905,13.985269002156846,0.5327606694856868,78bf92243997831090f4e81bdc0a5d4d7ba172f90b72e1ee43b198174beb3eea,4000,42,Tre Jones,1630200,BetMGM,2026-03-25,2026-03-25 13:19:22,2026-03-25,Regular Season,0.4535,0.5,0.4653465346534653,-0.011846534653465302,-0.09299999999999997,0.5465,0.574468085106383,0.5346534653465347,0.011846534653465302,-0.04868518518518522,positive vig-free edge with nonpositive EV
NO_BET,,PTS,full_game,20.5,True,32.89009094238281,33.04808669996268,17.752477645874023,0.07588933197150931,17.828366977845533,0.6420909777808131,78bf92243997831090f4e81bdc0a5d4d7ba172f90b72e1ee43b198174beb3eea,4000,42,Scottie Barnes,1630567,Bovada,2026-03-26,2026-03-25 13:19:22,2026-03-25,Regular Season,0.34225,0.37735849056603776,0.35437430786268,-0.012124307862679984,-0.0930375000000001,0.6577500000000001,0.6875,0.6456256921373201,0.012124307862679928,-0.04327272727272724,positive vig-free edge with nonpositive EV
PRICED,under,PTS,full_game,12.5,True,27.47185707092285,27.451109576795872,15.203346252441406,-0.06577896676833378,15.137567285673072,0.5327606694856868,78bf92243997831090f4e81bdc0a5d4d7ba172f90b72e1ee43b198174beb3eea,4000,42,Jrue Holiday,201950,Bovada,2026-03-26,2026-03-25 13:19:22,2026-03-25,Regular Season,0.64775,0.7142857142857143,0.6705882352941177,-0.02283823529411766,-0.09315000000000001,0.35224999999999995,0.3508771929824561,0.32941176470588235,0.022838235294117604,0.003912499999999874,
NO_BET,,PTS,full_game,7.5,True,23.54230308532715,23.745088931166386,7.398534774780273,-0.10823569018887544,7.290299084591398,0.4915060991395564,78bf92243997831090f4e81bdc0a5d4d7ba172f90b72e1ee43b198174beb3eea,4000,42,Keon Ellis,1631165,DraftKings,2026-03-25,2026-03-25 13:19:22,2026-03-25,Regular Season,0.462,0.5098039215686274,0.48124062031015497,-0.019240620310154943,-0.09376923076923072,0.538,0.5495495495495496,0.5187593796898449,0.019240620310155165,-0.02101639344262296,positive vig-free edge with nonpositive EV
NO_BET,,PTS,full_game,17.5,True,28.430749893188477,28.410002399061494,17.826675415039062,-0.10143604155900998,17.725239373480054,0.5327606694856868,78bf92243997831090f4e81bdc0a5d4d7ba172f90b72e1ee43b198174beb3eea,4000,42,Jerami Grant,203924,BetMGM,2026-03-26,2026-03-25 13:19:22,2026-03-25,Regular Season,0.50325,0.5555555555555556,0.5203045685279188,-0.017054568527918867,-0.09415000000000001,0.49675,0.5121951219512195,0.4796954314720812,0.017054568527918812,-0.030154761904761906,positive vig-free edge with nonpositive EV
NO_BET,,PTS,full_game,13.5,True,27.47185707092285,27.451109576795872,15.203346252441406,-0.06577896676833378,15.137567285673072,0.5327606694856868,78bf92243997831090f4e81bdc0a5d4d7ba172f90b72e1ee43b198174beb3eea,4000,42,Jrue Holiday,201950,Bovada,2026-03-26,2026-03-25 13:19:22,2026-03-25,Regular Season,0.588,0.6491228070175439,0.6090534979423868,-0.021053497942386867,-0.09416216216216222,0.41200000000000003,0.4166666666666667,0.39094650205761317,0.021053497942386867,-0.011199999999999988,positive vig-free edge with nonpositive EV
NO_BET,,PTS,full_game,11.5,True,31.708898544311523,31.866894301891392,11.904556274414062,0.06961333565917877,11.974169610073242,0.6420909777808131,78bf92243997831090f4e81bdc0a5d4d7ba172f90b72e1ee43b198174beb3eea,4000,42,Rudy Gobert,203497,BetRivers,2026-03-26,2026-03-25 13:19:22,2026-03-25,Regular Season,0.51825,0.5726495726495726,0.5302120692343677,-0.011962069234367712,-0.09499626865671645,0.48175,0.5073891625615764,0.4697879307656324,0.0119620692343676,-0.050531553398058204,positive vig-free edge with nonpositive EV
NO_BET,,PTS,full_game,16.5,True,26.260133743286133,26.239386249159153,16.08826446533203,0.09732316420294249,16.185587629534975,0.5327606694856868,78bf92243997831090f4e81bdc0a5d4d7ba172f90b72e1ee43b198174beb3eea,4000,42,Aaron Gordon,203932,BetRivers,2026-03-26,2026-03-25 13:19:22,2026-03-25,Regular Season,0.46325,0.5121951219512195,0.4753937007874017,-0.012143700787401679,-0.09555952380952387,0.5367500000000001,0.5652173913043478,0.5246062992125985,0.012143700787401568,-0.05036538461538459,positive vig-free edge with nonpositive EV
NO_BET,,PTS,full_game,9.5,True,24.37023162841797,24.34948413429099,9.662095069885254,0.023093270417233,9.685188340302487,0.5327606694856868,78bf92243997831090f4e81bdc0a5d4d7ba172f90b72e1ee43b198174beb3eea,4000,42,Nick Richards,1630208,BetRivers,2026-03-25,2026-03-25 13:19:22,2026-03-25,Regular Season,0.49475,0.5475113122171946,0.5078823946715012,-0.01313239467150118,-0.09636570247933884,0.50525,0.5305164319248826,0.49211760532849874,0.013132394671501235,-0.047626106194690265,positive vig-free edge with nonpositive EV
NO_BET,,PTS,full_game,35.5,True,36.67681121826172,37.18232675233055,34.251033782958984,0.0951001249204827,34.34613390787947,0.746175435493391,78bf92243997831090f4e81bdc0a5d4d7ba172f90b72e1ee43b198174beb3eea,4000,42,Luka Doncic,1629029,BetRivers,2026-03-25,2026-03-25 13:19:22,2026-03-25,Regular Season,0.43425,0.4807692307692308,0.44617156016119747,-0.011921560161197442,-0.0967599999999999,0.56575,0.5967741935483871,0.5538284398388026,0.011921560161197386,-0.051986486486486516,positive vig-free edge with nonpositive EV
NO_BET,,PTS,full_game,20.5,True,33.764774322509766,33.922770080089634,21.065927505493164,0.0547791689479315,21.120706674441095,0.6420909777808131,78bf92243997831090f4e81bdc0a5d4d7ba172f90b72e1ee43b198174beb3eea,4000,42,Brandon Ingram,1627742,BetRivers,2026-03-26,2026-03-25 13:19:22,2026-03-25,Regular Season,0.5105,0.5652173913043478,0.5246062992125985,-0.014106299212598539,-0.09680769230769243,0.48950000000000005,0.5121951219512195,0.4753937007874017,0.014106299212598372,-0.04430952380952374,positive vig-free edge with nonpositive EV
NO_BET,,PTS,full_game,20.5,True,33.764774322509766,33.922770080089634,21.065927505493164,0.0547791689479315,21.120706674441095,0.6420909777808131,78bf92243997831090f4e81bdc0a5d4d7ba172f90b72e1ee43b198174beb3eea,4000,42,Brandon Ingram,1627742,Bovada,2026-03-26,2026-03-25 13:19:22,2026-03-25,Regular Season,0.5105,0.5652173913043478,0.5306122448979592,-0.020112244897959264,-0.09680769230769243,0.48950000000000005,0.5,0.4693877551020409,0.020112244897959153,-0.020999999999999908,positive vig-free edge with nonpositive EV
NO_BET,,PTS,full_game,11.5,True,30.06049156188965,30.218487319469517,11.211206436157227,0.09288390486884983,11.304090341026077,0.6420909777808131,78bf92243997831090f4e81bdc0a5d4d7ba172f90b72e1ee43b198174beb3eea,4000,42,Donte DiVincenzo,1628978,BetMGM,2026-03-26,2026-03-25 13:19:22,2026-03-25,Regular Season,0.475,0.5260663507109005,0.49095295536791317,-0.01595295536791319,-0.09707207207207208,0.525,0.5454545454545454,0.5090470446320868,0.01595295536791319,-0.03749999999999987,positive vig-free edge with nonpositive EV
NO_BET,,PTS,full_game,21.5,True,34.2680778503418,34.426073607921666,23.74484634399414,0.11501737115835965,23.8598637151525,0.6420909777808131,78bf92243997831090f4e81bdc0a5d4d7ba172f90b72e1ee43b198174beb3eea,4000,42,Jamal Murray,1627750,Bovada,2026-03-26,2026-03-25 13:19:22,2026-03-25,Regular Season,0.60175,0.6666666666666666,0.625,-0.023249999999999993,-0.09737499999999999,0.39825,0.4,0.375,0.023249999999999993,-0.004375000000000018,positive vig-free edge with nonpositive EV
NO_BET,,PTS,full_game,11.5,True,31.708898544311523,31.866894301891392,11.904556274414062,0.06961333565917877,11.974169610073242,0.6420909777808131,78bf92243997831090f4e81bdc0a5d4d7ba172f90b72e1ee43b198174beb3eea,4000,42,Rudy Gobert,203497,Bovada,2026-03-26,2026-03-25 13:19:22,2026-03-25,Regular Season,0.51825,0.574468085106383,0.5407914020517831,-0.02254140205178312,-0.09786111111111118,0.48175,0.4878048780487805,0.4592085979482169,0.02254140205178312,-0.012412500000000048,positive vig-free edge with nonpositive EV
NO_BET,,PTS,full_game,11.5,True,31.708898544311523,31.866894301891392,11.904556274414062,0.06961333565917877,11.974169610073242,0.6420909777808131,78bf92243997831090f4e81bdc0a5d4d7ba172f90b72e1ee43b198174beb3eea,4000,42,Rudy Gobert,203497,BetMGM,2026-03-26,2026-03-25 13:19:22,2026-03-25,Regular Season,0.51825,0.574468085106383,0.5346534653465347,-0.016403465346534696,-0.09786111111111118,0.48175,0.5,0.4653465346534653,0.016403465346534696,-0.03649999999999998,positive vig-free edge with nonpositive EV
PRICED,under,PTS,full_game,9.5,True,31.708898544311523,31.866894301891392,11.904556274414062,0.06961333565917877,11.974169610073242,0.6420909777808131,78bf92243997831090f4e81bdc0a5d4d7ba172f90b72e1ee43b198174beb3eea,4000,42,Rudy Gobert,203497,Bovada,2026-03-26,2026-03-25 13:19:22,2026-03-25,Regular Season,0.6515,0.7222222222222222,0.6768402154398564,-0.02534021543985643,-0.097923076923077,0.34850000000000003,0.3448275862068966,0.32315978456014366,0.025340215439856373,0.010650000000000048,
NO_BET,,PTS,full_game,7.5,True,23.54230308532715,23.745088931166386,7.398534774780273,-0.10823569018887544,7.290299084591398,0.4915060991395564,78bf92243997831090f4e81bdc0a5d4d7ba172f90b72e1ee43b198174beb3eea,4000,42,Keon Ellis,1631165,Bovada,2026-03-25,2026-03-25 13:19:22,2026-03-25,Regular Season,0.462,0.5121951219512195,0.4796954314720812,-0.01769543147208119,-0.09800000000000003,0.538,0.5555555555555556,0.5203045685279188,0.01769543147208119,-0.03159999999999996,positive vig-free edge with nonpositive EV
NO_BET,,PTS,full_game,13.5,True,30.78316307067871,30.94115882825858,13.995372772216797,-0.010446228825563082,13.984926543391234,0.6420909777808131,78bf92243997831090f4e81bdc0a5d4d7ba172f90b72e1ee43b198174beb3eea,4000,42,Jarace Walker,1641716,Bovada,2026-03-25,2026-03-25 13:19:22,2026-03-25,Regular Season,0.518,0.574468085106383,0.5407914020517831,-0.022791402051783094,-0.09829629629629627,0.482,0.4878048780487805,0.4592085979482169,0.022791402051783094,-0.011900000000000133,positive vig-free edge with nonpositive EV
NO_BET,,PTS,full_game,28.5,True,34.02191162109375,34.17990737867362,28.12468910217285,0.08675802482555833,28.21144712699841,0.6420909777808131,78bf92243997831090f4e81bdc0a5d4d7ba172f90b72e1ee43b198174beb3eea,4000,42,Donovan Mitchell,1628378,BetOnline.ag,2026-03-25,2026-03-25 13:19:22,2026-03-25,Regular Season,0.4875,0.5412844036697247,0.5082034454470877,-0.020703445447087743,-0.09936440677966102,0.5125,0.5238095238095238,0.49179655455291227,0.020703445447087687,-0.021590909090909105,positive vig-free edge with nonpositive EV
NO_BET,,PTS,full_game,17.5,True,27.857677459716797,27.836929965589814,16.8177490234375,0.06569635212572378,16.883445375563223,0.5327606694856868,78bf92243997831090f4e81bdc0a5d4d7ba172f90b72e1ee43b198174beb3eea,4000,42,C.J. McCollum,203468,BetOnline.ag,2026-03-25,2026-03-25 13:19:22,2026-03-25,Regular Season,0.46325,0.5145631067961165,0.483560743054414,-0.020310743054413993,-0.09972169811320758,0.5367500000000001,0.5495495495495496,0.5164392569455861,0.020310743054413938,-0.02329098360655729,positive vig-free edge with nonpositive EV
NO_BET,,PTS,full_game,15.5,True,26.260133743286133,26.239386249159153,16.08826446533203,0.09732316420294249,16.185587629534975,0.5327606694856868,78bf92243997831090f4e81bdc0a5d4d7ba172f90b72e1ee43b198174beb3eea,4000,42,Aaron Gordon,203932,BetRivers,2026-03-26,2026-03-25 13:19:22,2026-03-25,Regular Season,0.52,0.5780590717299579,0.5362035225048923,-0.01620352250489232,-0.10043795620437951,0.48,0.5,0.4637964774951076,0.016203522504892376,-0.040000000000000036,positive vig-free edge with nonpositive EV
NO_BET,,PTS,full_game,11.5,True,31.708898544311523,31.866894301891392,11.904556274414062,0.06961333565917877,11.974169610073242,0.6420909777808131,78bf92243997831090f4e81bdc0a5d4d7ba172f90b72e1ee43b198174beb3eea,4000,42,Rudy Gobert,203497,FanDuel,2026-03-26,2026-03-25 13:19:22,2026-03-25,Regular Season,0.51825,0.576271186440678,0.5379072681704261,-0.019657268170426123,-0.10068382352941174,0.48175,0.49504950495049505,0.46209273182957394,0.019657268170426068,-0.026864999999999972,positive vig-free edge with nonpositive EV
NO_BET,,PTS,full_game,22.5,True,33.764774322509766,33.922770080089634,21.065927505493164,0.0547791689479315,21.120706674441095,0.6420909777808131,78bf92243997831090f4e81bdc0a5d4d7ba172f90b72e1ee43b198174beb3eea,4000,42,Brandon Ingram,1627742,Bovada,2026-03-26,2026-03-25 13:19:22,2026-03-25,Regular Season,0.40875,0.45454545454545453,0.4248366013071895,-0.016086601307189474,-0.10074999999999995,0.59125,0.6153846153846154,0.5751633986928104,0.01608660130718964,-0.03921874999999997,positive vig-free edge with nonpositive EV
NO_BET,,PTS,full_game,11.5,True,30.06049156188965,30.218487319469517,11.211206436157227,0.09288390486884983,11.304090341026077,0.6420909777808131,78bf92243997831090f4e81bdc0a5d4d7ba172f90b72e1ee43b198174beb3eea,4000,42,Donte DiVincenzo,1628978,BetRivers,2026-03-26,2026-03-25 13:19:22,2026-03-25,Regular Season,0.475,0.5283018867924528,0.4901435104873048,-0.015143510487304834,-0.10089285714285723,0.525,0.5495495495495496,0.5098564895126951,0.01514351048730489,-0.04467213114754093,positive vig-free edge with nonpositive EV
NO_BET,,PTS,full_game,15.5,True,27.857677459716797,27.836929965589814,16.8177490234375,0.06569635212572378,16.883445375563223,0.5327606694856868,78bf92243997831090f4e81bdc0a5d4d7ba172f90b72e1ee43b198174beb3eea,4000,42,C.J. McCollum,203468,Bovada,2026-03-25,2026-03-25 13:19:22,2026-03-25,Regular Season,0.57775,0.6428571428571429,0.6017069701280228,-0.02395697012802278,-0.1012777777777778,0.42225,0.425531914893617,0.3982930298719772,0.023956970128022836,-0.0077124999999999,positive vig-free edge with nonpositive EV
PRICED,under,PTS,full_game,5.5,True,22.030521392822266,22.233307238661503,8.128360748291016,0.03647207217169879,8.164832820462715,0.4915060991395564,78bf92243997831090f4e81bdc0a5d4d7ba172f90b72e1ee43b198174beb3eea,4000,42,Luke Kennard,1628379,Bovada,2026-03-25,2026-03-25 13:19:22,2026-03-25,Regular Season,0.662,0.7368421052631579,0.6920583468395461,-0.030058346839546113,-0.10157142857142848,0.33799999999999997,0.32786885245901637,0.3079416531604538,0.03005834683954617,0.030899999999999817,
PRICED,under,PTS,full_game,13.5,True,26.260133743286133,26.239386249159153,16.08826446533203,0.09732316420294249,16.185587629534975,0.5327606694856868,78bf92243997831090f4e81bdc0a5d4d7ba172f90b72e1ee43b198174beb3eea,4000,42,Aaron Gordon,203932,Bovada,2026-03-26,2026-03-25 13:19:22,2026-03-25,Regular Season,0.638,0.7101449275362319,0.6653734238603297,-0.027373423860329704,-0.10159183673469385,0.362,0.35714285714285715,0.3346265761396702,0.027373423860329815,0.013599999999999945,
NO_BET,,PTS,full_game,7.5,True,23.152565002441406,23.355350848280644,7.357011318206787,0.019642195383856222,7.376653513590643,0.4915060991395564,78bf92243997831090f4e81bdc0a5d4d7ba172f90b72e1ee43b198174beb3eea,4000,42,Anthony Gill,1630264,BetOnline.ag,2026-03-26,2026-03-25 13:19:22,2026-03-25,Regular Season,0.468,0.5215311004784688,0.48974190636412124,-0.02174190636412121,-0.10264220183486239,0.532,0.54337899543379,0.5102580936358787,0.02174190636412132,-0.020941176470588185,positive vig-free edge with nonpositive EV
NO_BET,,PTS,full_game,13.5,True,28.055803298950195,28.035055804823212,13.56492805480957,-0.05914933723407953,13.50577871757549,0.5327606694856868,78bf92243997831090f4e81bdc0a5d4d7ba172f90b72e1ee43b198174beb3eea,4000,42,Devin Vassell,1630170,BetOnline.ag,2026-03-26,2026-03-25 13:19:22,2026-03-25,Regular Season,0.4795,0.5348837209302325,0.5030953363598845,-0.023595336359884478,-0.10354347826086963,0.5205,0.5283018867924528,0.4969046636401156,0.023595336359884367,-0.014767857142857166,positive vig-free edge with nonpositive EV
NO_BET,,PTS,full_game,21.5,True,33.764774322509766,33.922770080089634,21.065927505493164,0.0547791689479315,21.120706674441095,0.6420909777808131,78bf92243997831090f4e81bdc0a5d4d7ba172f90b72e1ee43b198174beb3eea,4000,42,Brandon Ingram,1627742,BetRivers,2026-03-26,2026-03-25 13:19:22,2026-03-25,Regular Season,0.457,0.5098039215686274,0.47097073850441246,-0.013970738504412439,-0.1035769230769229,0.5429999999999999,0.5726495726495726,0.5290292614955876,0.013970738504412328,-0.051776119402985155,positive vig-free edge with nonpositive EV
NO_BET,,PTS,full_game,21.5,True,32.52472686767578,32.68272262525565,19.384681701660156,0.08096657882010863,19.465648280480266,0.6420909777808131,78bf92243997831090f4e81bdc0a5d4d7ba172f90b72e1ee43b198174beb3eea,4000,42,Matas Buzelis,1641824,Bovada,2026-03-25,2026-03-25 13:19:22,2026-03-25,Regular Season,0.3735,0.4166666666666667,0.39094650205761317,-0.017446502057613167,-0.10360000000000014,0.6265000000000001,0.6491228070175439,0.6090534979423868,0.017446502057613222,-0.03485135135135131,positive vig-free edge with nonpositive EV
NO_BET,,PTS,full_game,16.5,True,26.260133743286133,26.239386249159153,16.08826446533203,0.09732316420294249,16.185587629534975,0.5327606694856868,78bf92243997831090f4e81bdc0a5d4d7ba172f90b72e1ee43b198174beb3eea,4000,42,Aaron Gordon,203932,DraftKings,2026-03-26,2026-03-25 13:19:22,2026-03-25,Regular Season,0.46325,0.5169082125603864,0.48656469615543607,-0.023314696155436077,-0.10380607476635517,0.5367500000000001,0.5454545454545454,0.5134353038445638,0.023314696155436243,-0.015958333333333186,positive vig-free edge with nonpositive EV
NO_BET,,PTS,full_game,14.5,True,27.47185707092285,27.451109576795872,15.203346252441406,-0.06577896676833378,15.137567285673072,0.5327606694856868,78bf92243997831090f4e81bdc0a5d4d7ba172f90b72e1ee43b198174beb3eea,4000,42,Jrue Holiday,201950,Bovada,2026-03-26,2026-03-25 13:19:22,2026-03-25,Regular Season,0.52975,0.5918367346938775,0.554140127388535,-0.024390127388534966,-0.10490517241379299,0.47024999999999995,0.47619047619047616,0.4458598726114649,0.02439012738853502,-0.012475000000000125,positive vig-free edge with nonpositive EV
PRICED,under,PTS,full_game,24.5,True,34.02191162109375,34.17990737867362,28.12468910217285,0.08675802482555833,28.21144712699841,0.6420909777808131,78bf92243997831090f4e81bdc0a5d4d7ba172f90b72e1ee43b198174beb3eea,4000,42,Donovan Mitchell,1628378,Bovada,2026-03-25,2026-03-25 13:19:22,2026-03-25,Regular Season,0.65925,0.7368421052631579,0.6920583468395461,-0.03280834683954614,-0.10530357142857139,0.34075,0.32786885245901637,0.3079416531604538,0.0328083468395462,0.03928749999999992,
NO_BET,,PTS,full_game,11.5,True,27.14998435974121,27.12923686561423,12.504145622253418,-0.011558768386232123,12.492586853867186,0.5327606694856868,78bf92243997831090f4e81bdc0a5d4d7ba172f90b72e1ee43b198174beb3eea,4000,42,Onyeka Okongwu,1630168,Bovada,2026-03-25,2026-03-25 13:19:22,2026-03-25,Regular Season,0.55675,0.6226415094339622,0.5834970530451867,-0.026747053045186764,-0.10582575757575768,0.44325000000000003,0.4444444444444444,0.4165029469548134,0.026747053045186653,-0.002687499999999954,positive vig-free edge with nonpositive EV
NO_BET,,PTS,full_game,28.5,True,34.02191162109375,34.17990737867362,28.12468910217285,0.08675802482555833,28.21144712699841,0.6420909777808131,78bf92243997831090f4e81bdc0a5d4d7ba172f90b72e1ee43b198174beb3eea,4000,42,Donovan Mitchell,1628378,BetMGM,2026-03-25,2026-03-25 13:19:22,2026-03-25,Regular Season,0.4875,0.5454545454545454,0.5101214574898786,-0.022621457489878594,-0.1062499999999999,0.5125,0.5238095238095238,0.48987854251012153,0.022621457489878427,-0.021590909090909105,positive vig-free edge with nonpositive EV
NO_BET,,PTS,full_game,15.5,True,27.47185707092285,27.451109576795872,15.203346252441406,-0.06577896676833378,15.137567285673072,0.5327606694856868,78bf92243997831090f4e81bdc0a5d4d7ba172f90b72e1ee43b198174beb3eea,4000,42,Jrue Holiday,201950,BetOnline.ag,2026-03-26,2026-03-25 13:19:22,2026-03-25,Regular Season,0.466,0.5215311004784688,0.48974190636412124,-0.023741906364121212,-0.10647706422018349,0.534,0.54337899543379,0.5102580936358787,0.023741906364121323,-0.017260504201680626,positive vig-free edge with nonpositive EV
NO_BET,,PTS,full_game,7.5,True,23.152565002441406,23.355350848280644,7.357011318206787,0.019642195383856222,7.376653513590643,0.4915060991395564,78bf92243997831090f4e81bdc0a5d4d7ba172f90b72e1ee43b198174beb3eea,4000,42,Anthony Gill,1630264,FanDuel,2026-03-26,2026-03-25 13:19:22,2026-03-25,Regular Season,0.468,0.5238095238095238,0.48987854251012153,-0.0218785425101215,-0.1065454545454545,0.532,0.5454545454545454,0.5101214574898786,0.021878542510121446,-0.024666666666666615,positive vig-free edge with nonpositive EV
NO_BET,,PTS,full_game,7.5,True,23.152565002441406,23.355350848280644,7.357011318206787,0.019642195383856222,7.376653513590643,0.4915060991395564,78bf92243997831090f4e81bdc0a5d4d7ba172f90b72e1ee43b198174beb3eea,4000,42,Anthony Gill,1630264,DraftKings,2026-03-26,2026-03-25 13:19:22,2026-03-25,Regular Season,0.468,0.5238095238095238,0.4937655860349127,-0.02576558603491269,-0.1065454545454545,0.532,0.5370370370370371,0.5062344139650873,0.025765586034912746,-0.00937931034482764,positive vig-free edge with nonpositive EV
NO_BET,,PTS,full_game,34.5,True,36.67681121826172,37.18232675233055,34.251033782958984,0.0951001249204827,34.34613390787947,0.746175435493391,78bf92243997831090f4e81bdc0a5d4d7ba172f90b72e1ee43b198174beb3eea,4000,42,Luka Doncic,1629029,BetOnline.ag,2026-03-25,2026-03-25 13:19:22,2026-03-25,Regular Season,0.47975,0.5370370370370371,0.5051597457277305,-0.02540974572773047,-0.10667241379310344,0.52025,0.5260663507109005,0.4948402542722694,0.02540974572773058,-0.011056306306306274,positive vig-free edge with nonpositive EV
NO_BET,,PTS,full_game,12.5,True,28.055803298950195,28.035055804823212,13.56492805480957,-0.05914933723407953,13.50577871757549,0.5327606694856868,78bf92243997831090f4e81bdc0a5d4d7ba172f90b72e1ee43b198174beb3eea,4000,42,Devin Vassell,1630170,Bovada,2026-03-26,2026-03-25 13:19:22,2026-03-25,Regular Season,0.5495,0.6153846153846154,0.5751633986928104,-0.025663398692810424,-0.1070625,0.4505,0.45454545454545453,0.4248366013071895,0.025663398692810535,-0.008899999999999908,positive vig-free edge with nonpositive EV
NO_BET,,PTS,full_game,8.5,True,21.962265014648438,22.165050860487675,7.550651550292969,0.1458887301801991,7.696540280473168,0.4915060991395564,78bf92243997831090f4e81bdc0a5d4d7ba172f90b72e1ee43b198174beb3eea,4000,42,Taurean Prince,1627752,Bovada,2026-03-26,2026-03-25 13:19:22,2026-03-25,Regular Season,0.41525,0.46511627906976744,0.43668122270742354,-0.021431222707423536,-0.10721250000000004,0.58475,0.6,0.5633187772925764,0.02143122270742359,-0.025416666666666754,positive vig-free edge with nonpositive EV
NO_BET,,PTS,full_game,17.5,True,27.47185707092285,27.451109576795872,15.203346252441406,-0.06577896676833378,15.137567285673072,0.5327606694856868,78bf92243997831090f4e81bdc0a5d4d7ba172f90b72e1ee43b198174beb3eea,4000,42,Jrue Holiday,201950,Bovada,2026-03-26,2026-03-25 13:19:22,2026-03-25,Regular Season,0.357,0.4,0.375,-0.018000000000000016,-0.10750000000000004,0.643,0.6666666666666666,0.625,0.018000000000000016,-0.035499999999999976,positive vig-free edge with nonpositive EV
PRICED,under,PTS,full_game,14.5,True,26.260133743286133,26.239386249159153,16.08826446533203,0.09732316420294249,16.185587629534975,0.5327606694856868,78bf92243997831090f4e81bdc0a5d4d7ba172f90b72e1ee43b198174beb3eea,4000,42,Aaron Gordon,203932,Bovada,2026-03-26,2026-03-25 13:19:22,2026-03-25,Regular Season,0.57925,0.6491228070175439,0.6090534979423868,-0.029803497942386792,-0.10764189189189183,0.42074999999999996,0.4166666666666667,0.39094650205761317,0.029803497942386792,0.009799999999999809,
NO_BET,,PTS,full_game,21.5,True,33.764774322509766,33.922770080089634,21.065927505493164,0.0547791689479315,21.120706674441095,0.6420909777808131,78bf92243997831090f4e81bdc0a5d4d7ba172f90b72e1ee43b198174beb3eea,4000,42,Brandon Ingram,1627742,Bovada,2026-03-26,2026-03-25 13:19:22,2026-03-25,Regular Season,0.457,0.5121951219512195,0.4796954314720812,-0.022695431472081196,-0.10776190476190467,0.5429999999999999,0.5555555555555556,0.5203045685279188,0.022695431472081085,-0.022600000000000064,positive vig-free edge with nonpositive EV
PRICED,under,PTS,full_game,10.5,True,31.708898544311523,31.866894301891392,11.904556274414062,0.06961333565917877,11.974169610073242,0.6420909777808131,78bf92243997831090f4e81bdc0a5d4d7ba172f90b72e1ee43b198174beb3eea,4000,42,Rudy Gobert,203497,Bovada,2026-03-26,2026-03-25 13:19:22,2026-03-25,Regular Season,0.5845,0.6551724137931034,0.6161482461945731,-0.03164824619457307,-0.10786842105263161,0.4155,0.40816326530612246,0.3838517538054269,0.03164824619457307,0.017975000000000074,
NO_BET,,PTS,full_game,10.5,True,30.06049156188965,30.218487319469517,11.211206436157227,0.09288390486884983,11.304090341026077,0.6420909777808131,78bf92243997831090f4e81bdc0a5d4d7ba172f90b72e1ee43b198174beb3eea,4000,42,Donte DiVincenzo,1628978,BetRivers,2026-03-26,2026-03-25 13:19:22,2026-03-25,Regular Season,0.5475,0.6138996138996139,0.5700816678839387,-0.022581667883938672,-0.10816037735849066,0.4525,0.46296296296296297,0.4299183321160614,0.022581667883938616,-0.022599999999999953,positive vig-free edge with nonpositive EV
NO_BET,,PTS,full_game,19.5,True,31.281320571899414,31.439316329479283,18.695396423339844,0.08389964265639008,18.779296065996235,0.6420909777808131,78bf92243997831090f4e81bdc0a5d4d7ba172f90b72e1ee43b198174beb3eea,4000,42,Nickeil Alexander-Walker,1629638,BetMGM,2026-03-25,2026-03-25 13:19:22,2026-03-25,Regular Season,0.45675,0.5121951219512195,0.4796954314720812,-0.022945431472081224,-0.10825000000000007,0.54325,0.5555555555555556,0.5203045685279188,0.022945431472081168,-0.022149999999999948,positive vig-free edge with nonpositive EV
NO_BET,,PTS,full_game,11.5,True,30.06049156188965,30.218487319469517,11.211206436157227,0.09288390486884983,11.304090341026077,0.6420909777808131,78bf92243997831090f4e81bdc0a5d4d7ba172f90b72e1ee43b198174beb3eea,4000,42,Donte DiVincenzo,1628978,FanDuel,2026-03-26,2026-03-25 13:19:22,2026-03-25,Regular Season,0.475,0.5327102803738317,0.5,-0.025000000000000022,-0.10833333333333334,0.525,0.5327102803738317,0.5,0.025000000000000022,-0.01447368421052625,positive vig-free edge with nonpositive EV
NO_BET,,PTS,full_game,19.5,True,28.430749893188477,28.410002399061494,17.826675415039062,-0.10143604155900998,17.725239373480054,0.5327606694856868,78bf92243997831090f4e81bdc0a5d4d7ba172f90b72e1ee43b198174beb3eea,4000,42,Jerami Grant,203924,Bovada,2026-03-26,2026-03-25 13:19:22,2026-03-25,Regular Season,0.3875,0.43478260869565216,0.40847201210287437,-0.02097201210287436,-0.10875000000000012,0.6125,0.6296296296296297,0.5915279878971256,0.02097201210287447,-0.02720588235294108,positive vig-free edge with nonpositive EV
PRICED,under,PTS,full_game,17.5,True,34.58273696899414,34.74073272657401,19.87921714782715,0.19280737585771687,20.072024523684867,0.6420909777808131,78bf92243997831090f4e81bdc0a5d4d7ba172f90b72e1ee43b198174beb3eea,4000,42,Jalen Johnson,1630552,Bovada,2026-03-25,2026-03-25 13:19:22,2026-03-25,Regular Season,0.63275,0.7101449275362319,0.6653734238603297,-0.03262342386032968,-0.10898469387755094,0.36724999999999997,0.35714285714285715,0.3346265761396702,0.03262342386032979,0.02829999999999988,
NO_BET,,PTS,full_game,22.5,True,34.2680778503418,34.426073607921666,23.74484634399414,0.11501737115835965,23.8598637151525,0.6420909777808131,78bf92243997831090f4e81bdc0a5d4d7ba172f90b72e1ee43b198174beb3eea,4000,42,Jamal Murray,1627750,Bovada,2026-03-26,2026-03-25 13:19:22,2026-03-25,Regular Season,0.54825,0.6153846153846154,0.5751633986928104,-0.026913398692810397,-0.10909374999999999,0.45175,0.45454545454545453,0.4248366013071895,0.02691339869281051,-0.006149999999999989,positive vig-free edge with nonpositive EV
NO_BET,,PTS,full_game,28.5,True,34.02191162109375,34.17990737867362,28.12468910217285,0.08675802482555833,28.21144712699841,0.6420909777808131,78bf92243997831090f4e81bdc0a5d4d7ba172f90b72e1ee43b198174beb3eea,4000,42,Donovan Mitchell,1628378,DraftKings,2026-03-25,2026-03-25 13:19:22,2026-03-25,Regular Season,0.4875,0.5475113122171946,0.5155112508272668,-0.028011250827266798,-0.10960743801652895,0.5125,0.5145631067961165,0.48448874917273327,0.028011250827266687,-0.004009433962264164,positive vig-free edge with nonpositive EV
NO_BET,,PTS,full_game,15.5,True,28.987327575683594,28.96658008155661,13.827828407287598,0.04202019893517117,13.869848606222769,0.5327606694856868,78bf92243997831090f4e81bdc0a5d4d7ba172f90b72e1ee43b198174beb3eea,4000,42,Sam Merrill,1630241,Bovada,2026-03-25,2026-03-25 13:19:22,2026-03-25,Regular Season,0.37075,0.4166666666666667,0.39094650205761317,-0.02019650205761314,-0.11019999999999996,0.62925,0.6491228070175439,0.6090534979423868,0.02019650205761314,-0.030614864864864866,positive vig-free edge with nonpositive EV
NO_BET,,PTS,full_game,19.5,True,32.52472686767578,32.68272262525565,19.384681701660156,0.08096657882010863,19.465648280480266,0.6420909777808131,78bf92243997831090f4e81bdc0a5d4d7ba172f90b72e1ee43b198174beb3eea,4000,42,Matas Buzelis,1641824,BetMGM,2026-03-25,2026-03-25 13:19:22,2026-03-25,Regular Season,0.49425,0.5555555555555556,0.5203045685279188,-0.02605456852791882,-0.11034999999999989,0.5057499999999999,0.5121951219512195,0.4796954314720812,0.02605456852791871,-0.012583333333333446,positive vig-free edge with nonpositive EV
NO_BET,,PTS,full_game,15.5,True,27.47185707092285,27.451109576795872,15.203346252441406,-0.06577896676833378,15.137567285673072,0.5327606694856868,78bf92243997831090f4e81bdc0a5d4d7ba172f90b72e1ee43b198174beb3eea,4000,42,Jrue Holiday,201950,Bovada,2026-03-26,2026-03-25 13:19:22,2026-03-25,Regular Season,0.466,0.5238095238095238,0.48987854251012153,-0.023878542510121503,-0.11036363636363633,0.534,0.5454545454545454,0.5101214574898786,0.023878542510121448,-0.020999999999999908,positive vig-free edge with nonpositive EV
PRICED,under,PTS,full_game,10.5,True,27.14998435974121,27.12923686561423,12.504145622253418,-0.011558768386232123,12.492586853867186,0.5327606694856868,78bf92243997831090f4e81bdc0a5d4d7ba172f90b72e1ee43b198174beb3eea,4000,42,Onyeka Okongwu,1630168,Bovada,2026-03-25,2026-03-25 13:19:22,2026-03-25,Regular Season,0.62,0.696969696969697,0.6529968454258674,-0.03299684542586745,-0.11043478260869571,0.38,0.37037037037037035,0.34700315457413244,0.03299684542586756,0.026000000000000134,
NO_BET,,PTS,full_game,12.5,True,29.17185401916504,29.151106525038056,13.212282180786133,-0.0828621571539925,13.12942002363214,0.5327606694856868,78bf92243997831090f4e81bdc0a5d4d7ba172f90b72e1ee43b198174beb3eea,4000,42,Gui Santos,1630611,Bovada,2026-03-26,2026-03-25 13:19:22,2026-03-25,Regular Season,0.52625,0.5918367346938775,0.554140127388535,-0.027890127388535024,-0.11081896551724135,0.47375,0.47619047619047616,0.4458598726114649,0.02789012738853508,-0.005124999999999935,positive vig-free edge with nonpositive EV
NO_BET,,PTS,full_game,33.5,True,36.67681121826172,37.18232675233055,34.251033782958984,0.0951001249204827,34.34613390787947,0.746175435493391,78bf92243997831090f4e81bdc0a5d4d7ba172f90b72e1ee43b198174beb3eea,4000,42,Luka Doncic,1629029,Bovada,2026-03-25,2026-03-25 13:19:22,2026-03-25,Regular Season,0.52575,0.5918367346938775,0.554140127388535,-0.02839012738853497,-0.11166379310344815,0.47424999999999995,0.47619047619047616,0.4458598726114649,0.028390127388535025,-0.004075000000000051,positive vig-free edge with nonpositive EV
NO_BET,,PTS,full_game,15.5,True,25.26226234436035,25.241514850233372,12.96000862121582,0.0278778472041177,12.987886468419939,0.5327606694856868,78bf92243997831090f4e81bdc0a5d4d7ba172f90b72e1ee43b198174beb3eea,4000,42,Naz Reid,1629675,Bovada,2026-03-26,2026-03-25 13:19:22,2026-03-25,Regular Season,0.31725,0.35714285714285715,0.3346265761396702,-0.017376576139670197,-0.11170000000000002,0.68275,0.7101449275362319,0.6653734238603297,0.017376576139670252,-0.038576530612244864,positive vig-free edge with nonpositive EV
NO_BET,,PTS,full_game,17.5,True,27.857677459716797,27.836929965589814,16.8177490234375,0.06569635212572378,16.883445375563223,0.5327606694856868,78bf92243997831090f4e81bdc0a5d4d7ba172f90b72e1ee43b198174beb3eea,4000,42,C.J. McCollum,203468,DraftKings,2026-03-25,2026-03-25 13:19:22,2026-03-25,Regular Season,0.46325,0.5215311004784688,0.4916850288945246,-0.028435028894524594,-0.11175000000000002,0.5367500000000001,0.5391705069124424,0.5083149711054754,0.02843502889452465,-0.004489316239316143,positive vig-free edge with nonpositive EV
NO_BET,,PTS,full_game,11.5,True,28.116863250732422,28.09611575660544,11.333611488342285,0.26351378458343366,11.59712527292572,0.5327606694856868,78bf92243997831090f4e81bdc0a5d4d7ba172f90b72e1ee43b198174beb3eea,4000,42,Duncan Robinson,1629130,Bovada,2026-03-25,2026-03-25 13:19:22,2026-03-25,Regular Season,0.502,0.5652173913043478,0.5306122448979592,-0.028612244897959216,-0.11184615384615387,0.498,0.5,0.4693877551020409,0.028612244897959105,-0.0040000000000000036,positive vig-free edge with nonpositive EV
NO_BET,,PTS,full_game,21.5,True,33.764774322509766,33.922770080089634,21.065927505493164,0.0547791689479315,21.120706674441095,0.6420909777808131,78bf92243997831090f4e81bdc0a5d4d7ba172f90b72e1ee43b198174beb3eea,4000,42,Brandon Ingram,1627742,DraftKings,2026-03-26,2026-03-25 13:19:22,2026-03-25,Regular Season,0.457,0.5145631067961165,0.48448874917273327,-0.02748874917273325,-0.1118679245283018,0.5429999999999999,0.5475113122171946,0.5155112508272668,0.02748874917273314,-0.008239669421487739,positive vig-free edge with nonpositive EV
NO_BET,,PTS,full_game,15.5,True,31.083293914794922,31.24128967237479,15.129435539245605,0.015380391846781503,15.144815931092387,0.6420909777808131,78bf92243997831090f4e81bdc0a5d4d7ba172f90b72e1ee43b198174beb3eea,4000,42,Reed Sheppard,1642263,BetMGM,2026-03-26,2026-03-25 13:19:22,2026-03-25,Regular Season,0.45475,0.5121951219512195,0.4796954314720812,-0.024945431472081225,-0.11215476190476198,0.54525,0.5555555555555556,0.5203045685279188,0.02494543147208117,-0.018549999999999955,positive vig-free edge with nonpositive EV
NO_BET,,PTS,full_game,13.5,True,29.17185401916504,29.151106525038056,13.212282180786133,-0.0828621571539925,13.12942002363214,0.5327606694856868,78bf92243997831090f4e81bdc0a5d4d7ba172f90b72e1ee43b198174beb3eea,4000,42,Gui Santos,1630611,BetMGM,2026-03-26,2026-03-25 13:19:22,2026-03-25,Regular Season,0.4545,0.5121951219512195,0.4796954314720812,-0.025195431472081198,-0.11264285714285716,0.5455,0.5555555555555556,0.5203045685279188,0.025195431472081142,-0.018100000000000005,positive vig-free edge with nonpositive EV
NO_BET,,PTS,full_game,15.5,True,27.47185707092285,27.451109576795872,15.203346252441406,-0.06577896676833378,15.137567285673072,0.5327606694856868,78bf92243997831090f4e81bdc0a5d4d7ba172f90b72e1ee43b198174beb3eea,4000,42,Jrue Holiday,201950,DraftKings,2026-03-26,2026-03-25 13:19:22,2026-03-25,Regular Season,0.466,0.5260663507109005,0.4958445875753168,-0.029844587575316772,-0.11418018018018011,0.534,0.5348837209302325,0.5041554124246831,0.02984458757531694,-0.0016521739130435642,positive vig-free edge with nonpositive EV
NO_BET,,PTS,full_game,16.5,True,27.857677459716797,27.836929965589814,16.8177490234375,0.06569635212572378,16.883445375563223,0.5327606694856868,78bf92243997831090f4e81bdc0a5d4d7ba172f90b72e1ee43b198174beb3eea,4000,42,C.J. McCollum,203468,BetRivers,2026-03-25,2026-03-25 13:19:22,2026-03-25,Regular Season,0.52125,0.588477366255144,0.5467686281824116,-0.025518628182411573,-0.11423951048951059,0.47875,0.4878048780487805,0.4532313718175883,0.025518628182411685,-0.018562500000000037,positive vig-free edge with nonpositive EV
PRICED,under,PTS,full_game,18.5,True,34.58273696899414,34.74073272657401,19.87921714782715,0.19280737585771687,20.072024523684867,0.6420909777808131,78bf92243997831090f4e81bdc0a5d4d7ba172f90b72e1ee43b198174beb3eea,4000,42,Jalen Johnson,1630552,Bovada,2026-03-25,2026-03-25 13:19:22,2026-03-25,Regular Season,0.58025,0.6551724137931034,0.6161482461945731,-0.03589824619457305,-0.11435526315789474,0.41974999999999996,0.40816326530612246,0.3838517538054269,0.03589824619457305,0.02838750000000001,
PRICED,under,PTS,full_game,25.5,True,34.02191162109375,34.17990737867362,28.12468910217285,0.08675802482555833,28.21144712699841,0.6420909777808131,78bf92243997831090f4e81bdc0a5d4d7ba172f90b72e1ee43b198174beb3eea,4000,42,Donovan Mitchell,1628378,Bovada,2026-03-25,2026-03-25 13:19:22,2026-03-25,Regular Season,0.61675,0.696969696969697,0.6529968454258674,-0.036246845425867424,-0.11509782608695651,0.38325,0.37037037037037035,0.34700315457413244,0.036246845425867535,0.034775,
NO_BET,,PTS,full_game,16.5,True,26.260133743286133,26.239386249159153,16.08826446533203,0.09732316420294249,16.185587629534975,0.5327606694856868,78bf92243997831090f4e81bdc0a5d4d7ba172f90b72e1ee43b198174beb3eea,4000,42,Aaron Gordon,203932,FanDuel,2026-03-26,2026-03-25 13:19:22,2026-03-25,Regular Season,0.46325,0.5238095238095238,0.48987854251012153,-0.026628542510121533,-0.11561363636363642,0.5367500000000001,0.5454545454545454,0.5101214574898786,0.026628542510121478,-0.015958333333333186,positive vig-free edge with nonpositive EV
NO_BET,,PTS,full_game,16.5,True,26.260133743286133,26.239386249159153,16.08826446533203,0.09732316420294249,16.185587629534975,0.5327606694856868,78bf92243997831090f4e81bdc0a5d4d7ba172f90b72e1ee43b198174beb3eea,4000,42,Aaron Gordon,203932,Bovada,2026-03-26,2026-03-25 13:19:22,2026-03-25,Regular Season,0.46325,0.5238095238095238,0.48987854251012153,-0.026628542510121533,-0.11561363636363642,0.5367500000000001,0.5454545454545454,0.5101214574898786,0.026628542510121478,-0.015958333333333186,positive vig-free edge with nonpositive EV
NO_BET,,PTS,full_game,17.5,True,27.857677459716797,27.836929965589814,16.8177490234375,0.06569635212572378,16.883445375563223,0.5327606694856868,78bf92243997831090f4e81bdc0a5d4d7ba172f90b72e1ee43b198174beb3eea,4000,42,C.J. McCollum,203468,Bovada,2026-03-25,2026-03-25 13:19:22,2026-03-25,Regular Season,0.46325,0.5238095238095238,0.48987854251012153,-0.026628542510121533,-0.11561363636363642,0.5367500000000001,0.5454545454545454,0.5101214574898786,0.026628542510121478,-0.015958333333333186,positive vig-free edge with nonpositive EV
NO_BET,,PTS,full_game,21.5,True,31.281320571899414,31.439316329479283,18.695396423339844,0.08389964265639008,18.779296065996235,0.6420909777808131,78bf92243997831090f4e81bdc0a5d4d7ba172f90b72e1ee43b198174beb3eea,4000,42,Nickeil Alexander-Walker,1629638,Bovada,2026-03-25,2026-03-25 13:19:22,2026-03-25,Regular Season,0.34,0.38461538461538464,0.36041189931350115,-0.020411899313501125,-0.11599999999999988,0.6599999999999999,0.6825396825396826,0.6395881006864989,0.02041189931350107,-0.0330232558139536,positive vig-free edge with nonpositive EV
PRICED,under,PTS,full_game,9.5,True,28.116863250732422,28.09611575660544,11.333611488342285,0.26351378458343366,11.59712527292572,0.5327606694856868,78bf92243997831090f4e81bdc0a5d4d7ba172f90b72e1ee43b198174beb3eea,4000,42,Duncan Robinson,1629130,Bovada,2026-03-25,2026-03-25 13:19:22,2026-03-25,Regular Season,0.63125,0.7142857142857143,0.6705882352941177,-0.03933823529411773,-0.11625000000000008,0.36875,0.3508771929824561,0.32941176470588235,0.039338235294117674,0.05093750000000008,
PRICED,under,PTS,full_game,27.5,True,34.02191162109375,34.17990737867362,28.12468910217285,0.08675802482555833,28.21144712699841,0.6420909777808131,78bf92243997831090f4e81bdc0a5d4d7ba172f90b72e1ee43b198174beb3eea,4000,42,Donovan Mitchell,1628378,Bovada,2026-03-25,2026-03-25 13:19:22,2026-03-25,Regular Season,0.53,0.6,0.5633187772925764,-0.033318777292576374,-0.1166666666666667,0.47,0.46511627906976744,0.43668122270742354,0.03331877729257643,0.010499999999999954,
PRICED,under,PTS,full_game,34.5,True,36.67681121826172,37.18232675233055,34.251033782958984,0.0951001249204827,34.34613390787947,0.746175435493391,78bf92243997831090f4e81bdc0a5d4d7ba172f90b72e1ee43b198174beb3eea,4000,42,Luka Doncic,1629029,DraftKings,2026-03-25,2026-03-25 13:19:22,2026-03-25,Regular Season,0.47975,0.54337899543379,0.512482836100362,-0.03273283610036204,-0.11709873949579824,0.52025,0.5169082125603864,0.487517163899638,0.032732836100361984,0.006464953271028084,
NO_BET,,PTS,full_game,12.5,True,30.06049156188965,30.218487319469517,11.211206436157227,0.09288390486884983,11.304090341026077,0.6420909777808131,78bf92243997831090f4e81bdc0a5d4d7ba172f90b72e1ee43b198174beb3eea,4000,42,Donte DiVincenzo,1628978,BetRivers,2026-03-26,2026-03-25 13:19:22,2026-03-25,Regular Season,0.405,0.45871559633027525,0.42420361773651355,-0.019203617736513523,-0.11710000000000004,0.595,0.6226415094339622,0.5757963822634864,0.01920361773651358,-0.044393939393939486,positive vig-free edge with nonpositive EV
PRICED,under,PTS,full_game,13.5,True,28.055803298950195,28.035055804823212,13.56492805480957,-0.05914933723407953,13.50577871757549,0.5327606694856868,78bf92243997831090f4e81bdc0a5d4d7ba172f90b72e1ee43b198174beb3eea,4000,42,Devin Vassell,1630170,DraftKings,2026-03-26,2026-03-25 13:19:22,2026-03-25,Regular Season,0.4795,0.54337899543379,0.512482836100362,-0.03298283610036207,-0.11755882352941166,0.5205,0.5169082125603864,0.487517163899638,0.032982836100361956,0.006948598130841144,
PRICED,under,PTS,full_game,12.5,True,27.14998435974121,27.12923686561423,12.504145622253418,-0.011558768386232123,12.492586853867186,0.5327606694856868,78bf92243997831090f4e81bdc0a5d4d7ba172f90b72e1ee43b198174beb3eea,4000,42,Onyeka Okongwu,1630168,DraftKings,2026-03-25,2026-03-25 13:19:22,2026-03-25,Regular Season,0.48275,0.5475113122171946,0.5166631951676735,-0.03391319516767344,-0.11828305785123971,0.51725,0.5121951219512195,0.4833368048323266,0.03391319516767338,0.009869047619047555,
PRICED,under,PTS,full_game,24.5,True,34.690277099609375,34.848272857189244,26.89333724975586,0.05900574803470954,26.95234299779057,0.6420909777808131,78bf92243997831090f4e81bdc0a5d4d7ba172f90b72e1ee43b198174beb3eea,4000,42,Nikola Jokic,203999,Bovada,2026-03-26,2026-03-25 13:19:22,2026-03-25,Regular Season,0.626,0.7101449275362319,0.6653734238603297,-0.039373423860329715,-0.11848979591836734,0.374,0.35714285714285715,0.3346265761396702,0.039373423860329826,0.04719999999999991,
NO_BET,,PTS,full_game,14.5,True,28.924306869506836,28.903559375379853,11.886113166809082,0.11185219717128075,11.997965363980363,0.5327606694856868,78bf92243997831090f4e81bdc0a5d4d7ba172f90b72e1ee43b198174beb3eea,4000,42,Max Christie,1631108,Bovada,2026-03-26,2026-03-25 13:19:22,2026-03-25,Regular Season,0.30925,0.3508771929824561,0.32941176470588235,-0.020161764705882324,-0.11863749999999995,0.69075,0.7142857142857143,0.6705882352941177,0.020161764705882268,-0.03295000000000009,positive vig-free edge with nonpositive EV
NO_BET,,PTS,full_game,14.5,True,30.78316307067871,30.94115882825858,13.995372772216797,-0.010446228825563082,13.984926543391234,0.6420909777808131,78bf92243997831090f4e81bdc0a5d4d7ba172f90b72e1ee43b198174beb3eea,4000,42,Jarace Walker,1641716,BetOnline.ag,2026-03-25,2026-03-25 13:19:22,2026-03-25,Regular Season,0.447,0.5073891625615764,0.4773429454170958,-0.030342945417095812,-0.11901941747572808,0.5529999999999999,0.5555555555555556,0.5226570545829042,0.0303429454170957,-0.0046000000000000485,positive vig-free edge with nonpositive EV
PRICED,under,PTS,full_game,26.5,True,34.02191162109375,34.17990737867362,28.12468910217285,0.08675802482555833,28.21144712699841,0.6420909777808131,78bf92243997831090f4e81bdc0a5d4d7ba172f90b72e1ee43b198174beb3eea,4000,42,Donovan Mitchell,1628378,Bovada,2026-03-25,2026-03-25 13:19:22,2026-03-25,Regular Season,0.57175,0.6491228070175439,0.6090534979423868,-0.037303497942386854,-0.11919594594594596,0.42825,0.4166666666666667,0.39094650205761317,0.037303497942386854,0.027800000000000047,
NO_BET,,PTS,full_game,16.5,True,26.260133743286133,26.239386249159153,16.08826446533203,0.09732316420294249,16.185587629534975,0.5327606694856868,78bf92243997831090f4e81bdc0a5d4d7ba172f90b72e1ee43b198174beb3eea,4000,42,Aaron Gordon,203932,BetOnline.ag,2026-03-26,2026-03-25 13:19:22,2026-03-25,Regular Season,0.46325,0.5260663507109005,0.4948402542722694,-0.031590254272269414,-0.11940765765765765,0.5367500000000001,0.5370370370370371,0.5051597457277305,0.03159025427226958,-0.0005344827586206691,positive vig-free edge with nonpositive EV
NO_BET,,PTS,full_game,10.5,True,24.37023162841797,24.34948413429099,9.662095069885254,0.023093270417233,9.685188340302487,0.5327606694856868,78bf92243997831090f4e81bdc0a5d4d7ba172f90b72e1ee43b198174beb3eea,4000,42,Nick Richards,1630208,BetMGM,2026-03-25,2026-03-25 13:19:22,2026-03-25,Regular Season,0.4295,0.4878048780487805,0.4554079696394686,-0.02590796963946862,-0.1195250000000001,0.5705,0.5833333333333334,0.5445920303605313,0.02590796963946873,-0.02199999999999991,positive vig-free edge with nonpositive EV
NO_BET,,PTS,full_game,17.5,True,26.260133743286133,26.239386249159153,16.08826446533203,0.09732316420294249,16.185587629534975,0.5327606694856868,78bf92243997831090f4e81bdc0a5d4d7ba172f90b72e1ee43b198174beb3eea,4000,42,Aaron Gordon,203932,Bovada,2026-03-26,2026-03-25 13:19:22,2026-03-25,Regular Season,0.4095,0.46511627906976744,0.43668122270742354,-0.02718122270742357,-0.1195750000000001,0.5905,0.6,0.5633187772925764,0.027181222707423625,-0.015833333333333366,positive vig-free edge with nonpositive EV
NO_BET,,PTS,full_game,13.5,True,30.78316307067871,30.94115882825858,13.995372772216797,-0.010446228825563082,13.984926543391234,0.6420909777808131,78bf92243997831090f4e81bdc0a5d4d7ba172f90b72e1ee43b198174beb3eea,4000,42,Jarace Walker,1641716,BetRivers,2026-03-25,2026-03-25 13:19:22,2026-03-25,Regular Season,0.518,0.588477366255144,0.5479742549946055,-0.029974254994605487,-0.11976223776223782,0.482,0.4854368932038835,0.4520257450053946,0.029974254994605376,-0.007079999999999975,positive vig-free edge with nonpositive EV
NO_BET,,PTS,full_game,26.5,True,36.66040802001953,37.165923554088366,25.600746154785156,0.17237981025168023,25.773125965036837,0.746175435493391,78bf92243997831090f4e81bdc0a5d4d7ba172f90b72e1ee43b198174beb3eea,4000,42,Kevin Durant,201142,Bovada,2026-03-26,2026-03-25 13:19:22,2026-03-25,Regular Season,0.44,0.5,0.4693877551020409,-0.02938775510204089,-0.12000000000000005,0.56,0.5652173913043478,0.5306122448979592,0.029387755102040836,-0.009230769230769209,positive vig-free edge with nonpositive EV
NO_BET,,PTS,full_game,34.5,True,36.67681121826172,37.18232675233055,34.251033782958984,0.0951001249204827,34.34613390787947,0.746175435493391,78bf92243997831090f4e81bdc0a5d4d7ba172f90b72e1ee43b198174beb3eea,4000,42,Luka Doncic,1629029,Bovada,2026-03-25,2026-03-25 13:19:22,2026-03-25,Regular Season,0.47975,0.5454545454545454,0.5101214574898786,-0.030371457489878573,-0.12045833333333322,0.52025,0.5238095238095238,0.48987854251012153,0.03037145748987846,-0.006795454545454549,positive vig-free edge with nonpositive EV
NO_BET,,PTS,full_game,14.5,True,24.152803421020508,24.13205592689353,14.182014465332031,0.04077257892005738,14.222787044252089,0.5327606694856868,78bf92243997831090f4e81bdc0a5d4d7ba172f90b72e1ee43b198174beb3eea,4000,42,De'Anthony Melton,1629001,BetOnline.ag,2026-03-26,2026-03-25 13:19:22,2026-03-25,Regular Season,0.4685,0.5327102803738317,0.5,-0.03149999999999997,-0.12053508771929816,0.5315,0.5327102803738317,0.5,0.03149999999999997,-0.002271929824561425,positive vig-free edge with nonpositive EV
NO_BET,,PTS,full_game,20.5,True,28.430749893188477,28.410002399061494,17.826675415039062,-0.10143604155900998,17.725239373480054,0.5327606694856868,78bf92243997831090f4e81bdc0a5d4d7ba172f90b72e1ee43b198174beb3eea,4000,42,Jerami Grant,203924,Bovada,2026-03-26,2026-03-25 13:19:22,2026-03-25,Regular Season,0.33175,0.37735849056603776,0.35437430786268,-0.022624307862679993,-0.1208625000000001,0.66825,0.6875,0.6456256921373201,0.022624307862679882,-0.02799999999999997,positive vig-free edge with nonpositive EV
NO_BET,,PTS,full_game,13.5,True,28.055803298950195,28.035055804823212,13.56492805480957,-0.05914933723407953,13.50577871757549,0.5327606694856868,78bf92243997831090f4e81bdc0a5d4d7ba172f90b72e1ee43b198174beb3eea,4000,42,Devin Vassell,1630170,Bovada,2026-03-26,2026-03-25 13:19:22,2026-03-25,Regular Season,0.4795,0.5454545454545454,0.5101214574898786,-0.0306214574898786,-0.12091666666666656,0.5205,0.5238095238095238,0.48987854251012153,0.030621457489878434,-0.006318181818181778,positive vig-free edge with nonpositive EV
NO_BET,,PTS,full_game,12.5,True,31.708898544311523,31.866894301891392,11.904556274414062,0.06961333565917877,11.974169610073242,0.6420909777808131,78bf92243997831090f4e81bdc0a5d4d7ba172f90b72e1ee43b198174beb3eea,4000,42,Rudy Gobert,203497,Bovada,2026-03-26,2026-03-25 13:19:22,2026-03-25,Regular Season,0.45025,0.5121951219512195,0.4796954314720812,-0.02944543147208123,-0.12094047619047621,0.54975,0.5555555555555556,0.5203045685279188,0.02944543147208112,-0.010450000000000015,positive vig-free edge with nonpositive EV
PRICED,under,PTS,full_game,15.5,True,26.260133743286133,26.239386249159153,16.08826446533203,0.09732316420294249,16.185587629534975,0.5327606694856868,78bf92243997831090f4e81bdc0a5d4d7ba172f90b72e1ee43b198174beb3eea,4000,42,Aaron Gordon,203932,Bovada,2026-03-26,2026-03-25 13:19:22,2026-03-25,Regular Season,0.52,0.5918367346938775,0.554140127388535,-0.034140127388535,-0.12137931034482752,0.48,0.47619047619047616,0.4458598726114649,0.03414012738853506,0.008000000000000007,
PRICED,under,PTS,full_game,10.5,True,28.116863250732422,28.09611575660544,11.333611488342285,0.26351378458343366,11.59712527292572,0.5327606694856868,78bf92243997831090f4e81bdc0a5d4d7ba172f90b72e1ee43b198174beb3eea,4000,42,Duncan Robinson,1629130,Bovada,2026-03-25,2026-03-25 13:19:22,2026-03-25,Regular Season,0.5645,0.6428571428571429,0.6017069701280228,-0.037206970128022765,-0.12188888888888888,0.4355,0.425531914893617,0.3982930298719772,0.03720697012802282,0.02342500000000003,
PRICED,under,PTS,full_game,12.5,True,28.116863250732422,28.09611575660544,11.333611488342285,0.26351378458343366,11.59712527292572,0.5327606694856868,78bf92243997831090f4e81bdc0a5d4d7ba172f90b72e1ee43b198174beb3eea,4000,42,Duncan Robinson,1629130,DraftKings,2026-03-25,2026-03-25 13:19:22,2026-03-25,Regular Season,0.43675,0.4975124378109453,0.46983184965380814,-0.033081849653808115,-0.12213250000000009,0.56325,0.5614035087719298,0.5301681503461919,0.033081849653808115,0.003289062499999995,
NO_BET,,PTS,full_game,23.5,True,33.764774322509766,33.922770080089634,21.065927505493164,0.0547791689479315,21.120706674441095,0.6420909777808131,78bf92243997831090f4e81bdc0a5d4d7ba172f90b72e1ee43b198174beb3eea,4000,42,Brandon Ingram,1627742,Bovada,2026-03-26,2026-03-25 13:19:22,2026-03-25,Regular Season,0.35825,0.40816326530612246,0.3838517538054269,-0.025601753805426897,-0.1222875,0.64175,0.6551724137931034,0.6161482461945731,0.025601753805426952,-0.020486842105263248,positive vig-free edge with nonpositive EV
NO_BET,,PTS,full_game,24.5,True,34.2680778503418,34.426073607921666,23.74484634399414,0.11501737115835965,23.8598637151525,0.6420909777808131,78bf92243997831090f4e81bdc0a5d4d7ba172f90b72e1ee43b198174beb3eea,4000,42,Jamal Murray,1627750,BetOnline.ag,2026-03-26,2026-03-25 13:19:22,2026-03-25,Regular Season,0.44525,0.5073891625615764,0.4773429454170958,-0.03209294541709584,-0.12246844660194184,0.5547500000000001,0.5555555555555556,0.5226570545829042,0.03209294541709584,-0.0014499999999998958,positive vig-free edge with nonpositive EV
PRICED,under,PTS,full_game,28.5,True,34.02191162109375,34.17990737867362,28.12468910217285,0.08675802482555833,28.21144712699841,0.6420909777808131,78bf92243997831090f4e81bdc0a5d4d7ba172f90b72e1ee43b198174beb3eea,4000,42,Donovan Mitchell,1628378,Bovada,2026-03-25,2026-03-25 13:19:22,2026-03-25,Regular Season,0.4875,0.5555555555555556,0.5203045685279188,-0.032804568527918854,-0.12249999999999994,0.5125,0.5121951219512195,0.4796954314720812,0.03280456852791874,0.0005952380952380376,
PRICED,under,PTS,full_game,10.5,True,25.929195404052734,25.908447909925755,11.821773529052734,0.37405409171785436,12.195827620770588,0.5327606694856868,78bf92243997831090f4e81bdc0a5d4d7ba172f90b72e1ee43b198174beb3eea,4000,42,Josh Minott,1631169,Bovada,2026-03-26,2026-03-25 13:19:22,2026-03-25,Regular Season,0.6115,0.696969696969697,0.6529968454258674,-0.0414968454258674,-0.12263043478260865,0.38849999999999996,0.37037037037037035,0.34700315457413244,0.04149684542586751,0.04894999999999994,
NO_BET,,PTS,full_game,17.5,True,27.857677459716797,27.836929965589814,16.8177490234375,0.06569635212572378,16.883445375563223,0.5327606694856868,78bf92243997831090f4e81bdc0a5d4d7ba172f90b72e1ee43b198174beb3eea,4000,42,C.J. McCollum,203468,BetRivers,2026-03-25,2026-03-25 13:19:22,2026-03-25,Regular Season,0.46325,0.5283018867924528,0.4901435104873048,-0.026893510487304817,-0.12313392857142869,0.5367500000000001,0.5495495495495496,0.5098564895126951,0.026893510487304928,-0.02329098360655729,positive vig-free edge with nonpositive EV
PRICED,under,PTS,full_game,14.5,True,30.78316307067871,30.94115882825858,13.995372772216797,-0.010446228825563082,13.984926543391234,0.6420909777808131,78bf92243997831090f4e81bdc0a5d4d7ba172f90b72e1ee43b198174beb3eea,4000,42,Jarace Walker,1641716,FanDuel,2026-03-25,2026-03-25 13:19:22,2026-03-25,Regular Season,0.447,0.5098039215686274,0.48124062031015497,-0.03424062031015496,-0.12319230769230755,0.5529999999999999,0.5495495495495496,0.5187593796898449,0.03424062031015507,0.006278688524590126,
NO_BET,,PTS,full_game,11.5,True,24.02159309387207,24.00084559974509,11.318232536315918,0.03808573330910556,11.356318269625023,0.5327606694856868,78bf92243997831090f4e81bdc0a5d4d7ba172f90b72e1ee43b198174beb3eea,4000,42,Jalen Smith,1630188,BetMGM,2026-03-25,2026-03-25 13:19:22,2026-03-25,Regular Season,0.461,0.5260663507109005,0.4928711096627016,-0.03187110966270157,-0.12368468468468452,0.5389999999999999,0.5412844036697247,0.5071288903372982,0.03187110966270168,-0.004220338983050964,positive vig-free edge with nonpositive EV
NO_BET,,PTS,full_game,14.5,True,28.055803298950195,28.035055804823212,13.56492805480957,-0.05914933723407953,13.50577871757549,0.5327606694856868,78bf92243997831090f4e81bdc0a5d4d7ba172f90b72e1ee43b198174beb3eea,4000,42,Devin Vassell,1630170,Bovada,2026-03-26,2026-03-25 13:19:22,2026-03-25,Regular Season,0.41725,0.47619047619047616,0.4458598726114649,-0.028609872611464915,-0.12377499999999997,0.58275,0.5918367346938775,0.554140127388535,0.02860987261146497,-0.015353448275862047,positive vig-free edge with nonpositive EV
PRICED,under,PTS,full_game,23.5,True,34.2680778503418,34.426073607921666,23.74484634399414,0.11501737115835965,23.8598637151525,0.6420909777808131,78bf92243997831090f4e81bdc0a5d4d7ba172f90b72e1ee43b198174beb3eea,4000,42,Jamal Murray,1627750,Bovada,2026-03-26,2026-03-25 13:19:22,2026-03-25,Regular Season,0.49525,0.5652173913043478,0.5306122448979592,-0.035362244897959194,-0.12378846153846157,0.50475,0.5,0.4693877551020409,0.03536224489795914,0.009500000000000008,
PRICED,under,PTS,full_game,19.5,True,34.58273696899414,34.74073272657401,19.87921714782715,0.19280737585771687,20.072024523684867,0.6420909777808131,78bf92243997831090f4e81bdc0a5d4d7ba172f90b72e1ee43b198174beb3eea,4000,42,Jalen Johnson,1630552,Bovada,2026-03-25,2026-03-25 13:19:22,2026-03-25,Regular Season,0.5255,0.6,0.5633187772925764,-0.03781877729257643,-0.12416666666666681,0.47450000000000003,0.46511627906976744,0.43668122270742354,0.03781877729257649,0.020175000000000054,
NO_BET,,PTS,full_game,18.5,True,27.47185707092285,27.451109576795872,15.203346252441406,-0.06577896676833378,15.137567285673072,0.5327606694856868,78bf92243997831090f4e81bdc0a5d4d7ba172f90b72e1ee43b198174beb3eea,4000,42,Jrue Holiday,201950,Bovada,2026-03-26,2026-03-25 13:19:22,2026-03-25,Regular Season,0.30725,0.3508771929824561,0.32941176470588235,-0.022161764705882325,-0.12433749999999988,0.69275,0.7142857142857143,0.6705882352941177,0.02216176470588227,-0.03015000000000012,positive vig-free edge with nonpositive EV
NO_BET,,PTS,full_game,16.5,True,27.47185707092285,27.451109576795872,15.203346252441406,-0.06577896676833378,15.137567285673072,0.5327606694856868,78bf92243997831090f4e81bdc0a5d4d7ba172f90b72e1ee43b198174beb3eea,4000,42,Jrue Holiday,201950,Bovada,2026-03-26,2026-03-25 13:19:22,2026-03-25,Regular Season,0.40725,0.46511627906976744,0.43668122270742354,-0.029431222707423543,-0.12441250000000004,0.59275,0.6,0.5633187772925764,0.0294312227074236,-0.012083333333333446,positive vig-free edge with nonpositive EV
NO_BET,,PTS,full_game,18.5,True,27.857677459716797,27.836929965589814,16.8177490234375,0.06569635212572378,16.883445375563223,0.5327606694856868,78bf92243997831090f4e81bdc0a5d4d7ba172f90b72e1ee43b198174beb3eea,4000,42,C.J. McCollum,203468,Bovada,2026-03-25,2026-03-25 13:19:22,2026-03-25,Regular Season,0.407,0.46511627906976744,0.43668122270742354,-0.02968122270742357,-0.12495000000000006,0.593,0.6,0.5633187772925764,0.02968122270742357,-0.01166666666666677,positive vig-free edge with nonpositive EV
NO_BET,,PTS,full_game,18.5,True,27.857677459716797,27.836929965589814,16.8177490234375,0.06569635212572378,16.883445375563223,0.5327606694856868,78bf92243997831090f4e81bdc0a5d4d7ba172f90b72e1ee43b198174beb3eea,4000,42,C.J. McCollum,203468,BetRivers,2026-03-25,2026-03-25 13:19:22,2026-03-25,Regular Season,0.407,0.46511627906976744,0.43225969220418803,-0.025259692204188056,-0.12495000000000006,0.593,0.6108949416342413,0.567740307795812,0.025259692204188,-0.029292993630573305,positive vig-free edge with nonpositive EV
PRICED,under,PTS,full_game,12.5,True,31.708898544311523,31.866894301891392,11.904556274414062,0.06961333565917877,11.974169610073242,0.6420909777808131,78bf92243997831090f4e81bdc0a5d4d7ba172f90b72e1ee43b198174beb3eea,4000,42,Rudy Gobert,203497,DraftKings,2026-03-26,2026-03-25 13:19:22,2026-03-25,Regular Season,0.45025,0.5145631067961165,0.48448874917273327,-0.034238749172733285,-0.12498584905660376,0.54975,0.5475113122171946,0.5155112508272668,0.034238749172733174,0.004088842975206564,
NO_BET,,PTS,full_game,27.5,True,34.690277099609375,34.848272857189244,26.89333724975586,0.05900574803470954,26.95234299779057,0.6420909777808131,78bf92243997831090f4e81bdc0a5d4d7ba172f90b72e1ee43b198174beb3eea,4000,42,Nikola Jokic,203999,BetMGM,2026-03-26,2026-03-25 13:19:22,2026-03-25,Regular Season,0.468,0.5348837209302325,0.5,-0.03199999999999997,-0.12504347826086964,0.532,0.5348837209302325,0.5,0.03200000000000003,-0.005391304347826142,positive vig-free edge with nonpositive EV
NO_BET,,PTS,full_game,8.5,True,23.54230308532715,23.745088931166386,7.398534774780273,-0.10823569018887544,7.290299084591398,0.4915060991395564,78bf92243997831090f4e81bdc0a5d4d7ba172f90b72e1ee43b198174beb3eea,4000,42,Keon Ellis,1631165,Bovada,2026-03-25,2026-03-25 13:19:22,2026-03-25,Regular Season,0.372,0.425531914893617,0.3982930298719772,-0.02629302987197718,-0.12580000000000002,0.628,0.6428571428571429,0.6017069701280228,0.026293029871977236,-0.023111111111111082,positive vig-free edge with nonpositive EV
NO_BET,,PTS,full_game,11.5,True,28.116863250732422,28.09611575660544,11.333611488342285,0.26351378458343366,11.59712527292572,0.5327606694856868,78bf92243997831090f4e81bdc0a5d4d7ba172f90b72e1ee43b198174beb3eea,4000,42,Duncan Robinson,1629130,BetMGM,2026-03-25,2026-03-25 13:19:22,2026-03-25,Regular Season,0.502,0.574468085106383,0.5346534653465347,-0.03265346534653468,-0.12614814814814818,0.498,0.5,0.4653465346534653,0.03265346534653468,-0.0040000000000000036,positive vig-free edge with nonpositive EV
NO_BET,,PTS,full_game,12.5,True,28.116863250732422,28.09611575660544,11.333611488342285,0.26351378458343366,11.59712527292572,0.5327606694856868,78bf92243997831090f4e81bdc0a5d4d7ba172f90b72e1ee43b198174beb3eea,4000,42,Duncan Robinson,1629130,Bovada,2026-03-25,2026-03-25 13:19:22,2026-03-25,Regular Season,0.43675,0.5,0.4693877551020409,-0.032637755102040866,-0.1265,0.56325,0.5652173913043478,0.5306122448979592,0.03263775510204081,-0.0034807692307692872,positive vig-free edge with nonpositive EV
PRICED,under,PTS,full_game,24.5,True,34.2680778503418,34.426073607921666,23.74484634399414,0.11501737115835965,23.8598637151525,0.6420909777808131,78bf92243997831090f4e81bdc0a5d4d7ba172f90b72e1ee43b198174beb3eea,4000,42,Jamal Murray,1627750,DraftKings,2026-03-26,2026-03-25 13:19:22,2026-03-25,Regular Season,0.44525,0.5098039215686274,0.48124062031015497,-0.035990620310154986,-0.12662500000000004,0.5547500000000001,0.5495495495495496,0.5187593796898449,0.03599062031015521,0.009463114754098445,
PRICED,under,PTS,full_game,14.5,True,30.78316307067871,30.94115882825858,13.995372772216797,-0.010446228825563082,13.984926543391234,0.6420909777808131,78bf92243997831090f4e81bdc0a5d4d7ba172f90b72e1ee43b198174beb3eea,4000,42,Jarace Walker,1641716,DraftKings,2026-03-25,2026-03-25 13:19:22,2026-03-25,Regular Season,0.447,0.5121951219512195,0.4833368048323266,-0.0363368048323266,-0.12728571428571422,0.5529999999999999,0.5475113122171946,0.5166631951676735,0.036336804832326486,0.010024793388429654,
NO_BET,,PTS,full_game,14.5,True,30.78316307067871,30.94115882825858,13.995372772216797,-0.010446228825563082,13.984926543391234,0.6420909777808131,78bf92243997831090f4e81bdc0a5d4d7ba172f90b72e1ee43b198174beb3eea,4000,42,Jarace Walker,1641716,Bovada,2026-03-25,2026-03-25 13:19:22,2026-03-25,Regular Season,0.447,0.5121951219512195,0.4796954314720812,-0.032695431472081204,-0.12728571428571422,0.5529999999999999,0.5555555555555556,0.5203045685279188,0.03269543147208109,-0.0046000000000000485,positive vig-free edge with nonpositive EV
PRICED,under,PTS,full_game,21.5,True,33.764774322509766,33.922770080089634,21.065927505493164,0.0547791689479315,21.120706674441095,0.6420909777808131,78bf92243997831090f4e81bdc0a5d4d7ba172f90b72e1ee43b198174beb3eea,4000,42,Brandon Ingram,1627742,BetOnline.ag,2026-03-26,2026-03-25 13:19:22,2026-03-25,Regular Season,0.457,0.5238095238095238,0.49179655455291227,-0.03479655455291225,-0.1275454545454544,0.5429999999999999,0.5412844036697247,0.5082034454470877,0.034796554552912196,0.003169491525423618,
NO_BET,,PTS,full_game,15.5,True,31.859560012817383,32.01755577039725,15.124837875366211,0.06197670804329808,15.18681458340951,0.6420909777808131,78bf92243997831090f4e81bdc0a5d4d7ba172f90b72e1ee43b198174beb3eea,4000,42,P.J. Washington,1629023,BetMGM,2026-03-26,2026-03-25 13:19:22,2026-03-25,Regular Season,0.46625,0.5348837209302325,0.5,-0.03375,-0.12831521739130436,0.53375,0.5348837209302325,0.5,0.03374999999999995,-0.002119565217391428,positive vig-free edge with nonpositive EV
PRICED,under,PTS,full_game,20.5,True,34.58273696899414,34.74073272657401,19.87921714782715,0.19280737585771687,20.072024523684867,0.6420909777808131,78bf92243997831090f4e81bdc0a5d4d7ba172f90b72e1ee43b198174beb3eea,4000,42,Jalen Johnson,1630552,DraftKings,2026-03-25,2026-03-25 13:19:22,2026-03-25,Regular Season,0.4735,0.54337899543379,0.512482836100362,-0.03898283610036207,-0.1286008403361344,0.5265,0.5169082125603864,0.487517163899638,0.03898283610036196,0.01855607476635518,
PRICED,under,PTS,full_game,21.5,True,34.58273696899414,34.74073272657401,19.87921714782715,0.19280737585771687,20.072024523684867,0.6420909777808131,78bf92243997831090f4e81bdc0a5d4d7ba172f90b72e1ee43b198174beb3eea,4000,42,Jalen Johnson,1630552,Bovada,2026-03-25,2026-03-25 13:19:22,2026-03-25,Regular Season,0.425,0.4878048780487805,0.4592085979482169,-0.0342085979482169,-0.12875000000000003,0.575,0.574468085106383,0.5407914020517831,0.034208597948216846,0.0009259259259258856,
NO_BET,,PTS,full_game,16.5,True,31.083293914794922,31.24128967237479,15.129435539245605,0.015380391846781503,15.144815931092387,0.6420909777808131,78bf92243997831090f4e81bdc0a5d4d7ba172f90b72e1ee43b198174beb3eea,4000,42,Reed Sheppard,1642263,BetRivers,2026-03-26,2026-03-25 13:19:22,2026-03-25,Regular Season,0.407,0.4672897196261682,0.4346343957729675,-0.0276343957729675,-0.12902000000000013,0.593,0.6078431372549019,0.5653656042270325,0.027634395772967446,-0.024419354838709773,positive vig-free edge with nonpositive EV
PRICED,under,PTS,full_game,6.5,True,19.01741600036621,19.22020184620545,8.169254302978516,-0.24983301983511727,7.919421283143398,0.4915060991395564,78bf92243997831090f4e81bdc0a5d4d7ba172f90b72e1ee43b198174beb3eea,4000,42,Leonard Miller,1631159,Bovada,2026-03-25,2026-03-25 13:19:22,2026-03-25,Regular Season,0.61475,0.7058823529411765,0.66,-0.04525000000000001,-0.12910416666666658,0.38525,0.36363636363636365,0.33999999999999997,0.04525000000000001,0.05943749999999992,
NO_BET,,PTS,full_game,9.5,True,21.962265014648438,22.165050860487675,7.550651550292969,0.1458887301801991,7.696540280473168,0.4915060991395564,78bf92243997831090f4e81bdc0a5d4d7ba172f90b72e1ee43b198174beb3eea,4000,42,Taurean Prince,1627752,Bovada,2026-03-26,2026-03-25 13:19:22,2026-03-25,Regular Season,0.33475,0.38461538461538464,0.36041189931350115,-0.025661899313501157,-0.12965000000000004,0.66525,0.6825396825396826,0.6395881006864989,0.025661899313501157,-0.025331395348837216,positive vig-free edge with nonpositive EV
NO_BET,,PTS,full_game,14.5,True,30.06049156188965,30.218487319469517,11.211206436157227,0.09288390486884983,11.304090341026077,0.6420909777808131,78bf92243997831090f4e81bdc0a5d4d7ba172f90b72e1ee43b198174beb3eea,4000,42,Donte DiVincenzo,1628978,Bovada,2026-03-26,2026-03-25 13:19:22,2026-03-25,Regular Season,0.28075,0.3225806451612903,0.30256012412723043,-0.021810124127230435,-0.12967499999999987,0.71925,0.7435897435897436,0.6974398758727697,0.021810124127230268,-0.03273275862068967,positive vig-free edge with nonpositive EV
NO_BET,,PTS,full_game,22.5,True,34.58273696899414,34.74073272657401,19.87921714782715,0.19280737585771687,20.072024523684867,0.6420909777808131,78bf92243997831090f4e81bdc0a5d4d7ba172f90b72e1ee43b198174beb3eea,4000,42,Jalen Johnson,1630552,Bovada,2026-03-25,2026-03-25 13:19:22,2026-03-25,Regular Season,0.378,0.43478260869565216,0.40847201210287437,-0.03047201210287437,-0.13060000000000005,0.622,0.6296296296296297,0.5915279878971256,0.030472012102874424,-0.012117647058823455,positive vig-free edge with nonpositive EV
NO_BET,,PTS,full_game,24.5,True,34.2680778503418,34.426073607921666,23.74484634399414,0.11501737115835965,23.8598637151525,0.6420909777808131,78bf92243997831090f4e81bdc0a5d4d7ba172f90b72e1ee43b198174beb3eea,4000,42,Jamal Murray,1627750,Bovada,2026-03-26,2026-03-25 13:19:22,2026-03-25,Regular Season,0.44525,0.5121951219512195,0.4796954314720812,-0.034445431472081234,-0.13070238095238107,0.5547500000000001,0.5555555555555556,0.5203045685279188,0.034445431472081234,-0.0014499999999998958,positive vig-free edge with nonpositive EV
PRICED,under,PTS,full_game,12.5,True,27.14998435974121,27.12923686561423,12.504145622253418,-0.011558768386232123,12.492586853867186,0.5327606694856868,78bf92243997831090f4e81bdc0a5d4d7ba172f90b72e1ee43b198174beb3eea,4000,42,Onyeka Okongwu,1630168,Bovada,2026-03-25,2026-03-25 13:19:22,2026-03-25,Regular Season,0.48275,0.5555555555555556,0.5203045685279188,-0.03755456852791883,-0.13104999999999994,0.51725,0.5121951219512195,0.4796954314720812,0.037554568527918775,0.009869047619047555,
PRICED,under,PTS,full_game,12.5,True,27.14998435974121,27.12923686561423,12.504145622253418,-0.011558768386232123,12.492586853867186,0.5327606694856868,78bf92243997831090f4e81bdc0a5d4d7ba172f90b72e1ee43b198174beb3eea,4000,42,Onyeka Okongwu,1630168,BetMGM,2026-03-25,2026-03-25 13:19:22,2026-03-25,Regular Season,0.48275,0.5555555555555556,0.5203045685279188,-0.03755456852791883,-0.13104999999999994,0.51725,0.5121951219512195,0.4796954314720812,0.037554568527918775,0.009869047619047555,
PRICED,under,PTS,full_game,14.5,True,24.152803421020508,24.13205592689353,14.182014465332031,0.04077257892005738,14.222787044252089,0.5327606694856868,78bf92243997831090f4e81bdc0a5d4d7ba172f90b72e1ee43b198174beb3eea,4000,42,De'Anthony Melton,1629001,DraftKings,2026-03-26,2026-03-25 13:19:22,2026-03-25,Regular Season,0.4685,0.5391705069124424,0.5083149711054754,-0.03981497110547538,-0.13107264957264947,0.5315,0.5215311004784688,0.4916850288945246,0.03981497110547538,0.019114678899082527,
PRICED,under,PTS,full_game,35.5,True,36.67681121826172,37.18232675233055,34.251033782958984,0.0951001249204827,34.34613390787947,0.746175435493391,78bf92243997831090f4e81bdc0a5d4d7ba172f90b72e1ee43b198174beb3eea,4000,42,Luka Doncic,1629029,Bovada,2026-03-25,2026-03-25 13:19:22,2026-03-25,Regular Season,0.43425,0.5,0.4693877551020409,-0.03513775510204087,-0.13149999999999995,0.56575,0.5652173913043478,0.5306122448979592,0.03513775510204076,0.0009423076923076312,
NO_BET,,PTS,full_game,24.5,True,33.764774322509766,33.922770080089634,21.065927505493164,0.0547791689479315,21.120706674441095,0.6420909777808131,78bf92243997831090f4e81bdc0a5d4d7ba172f90b72e1ee43b198174beb3eea,4000,42,Brandon Ingram,1627742,Bovada,2026-03-26,2026-03-25 13:19:22,2026-03-25,Regular Season,0.31575,0.36363636363636365,0.33999999999999997,-0.024249999999999994,-0.13168750000000007,0.68425,0.7058823529411765,0.66,0.024249999999999994,-0.03064583333333326,positive vig-free edge with nonpositive EV
PRICED,under,PTS,full_game,20.5,True,34.58273696899414,34.74073272657401,19.87921714782715,0.19280737585771687,20.072024523684867,0.6420909777808131,78bf92243997831090f4e81bdc0a5d4d7ba172f90b72e1ee43b198174beb3eea,4000,42,Jalen Johnson,1630552,Bovada,2026-03-25,2026-03-25 13:19:22,2026-03-25,Regular Season,0.4735,0.5454545454545454,0.5101214574898786,-0.036621457489878606,-0.13191666666666657,0.5265,0.5238095238095238,0.48987854251012153,0.03662145748987844,0.005136363636363661,
PRICED,under,PTS,full_game,13.5,True,29.17185401916504,29.151106525038056,13.212282180786133,-0.0828621571539925,13.12942002363214,0.5327606694856868,78bf92243997831090f4e81bdc0a5d4d7ba172f90b72e1ee43b198174beb3eea,4000,42,Gui Santos,1630611,Bovada,2026-03-26,2026-03-25 13:19:22,2026-03-25,Regular Season,0.4545,0.5238095238095238,0.48987854251012153,-0.03537854251012151,-0.13231818181818178,0.5455,0.5454545454545454,0.5101214574898786,0.0353785425101214,8.333333333337967e-05,
NO_BET,,PTS,full_game,18.5,True,26.260133743286133,26.239386249159153,16.08826446533203,0.09732316420294249,16.185587629534975,0.5327606694856868,78bf92243997831090f4e81bdc0a5d4d7ba172f90b72e1ee43b198174beb3eea,4000,42,Aaron Gordon,203932,Bovada,2026-03-26,2026-03-25 13:19:22,2026-03-25,Regular Season,0.35375,0.40816326530612246,0.3838517538054269,-0.0301017538054269,-0.13331249999999994,0.64625,0.6551724137931034,0.6161482461945731,0.0301017538054269,-0.013618421052631668,positive vig-free edge with nonpositive EV
PRICED,under,PTS,full_game,12.5,True,32.497337341308594,32.65533309888846,14.567300796508789,0.22869670261903097,14.79599749912782,0.6420909777808131,78bf92243997831090f4e81bdc0a5d4d7ba172f90b72e1ee43b198174beb3eea,4000,42,Jaden McDaniels,1630183,Bovada,2026-03-26,2026-03-25 13:19:22,2026-03-25,Regular Season,0.6255,0.7222222222222222,0.6768402154398564,-0.05134021543985645,-0.13392307692307703,0.37450000000000006,0.3448275862068966,0.32315978456014366,0.051340215439856396,0.08605000000000018,
PRICED,under,PTS,full_game,17.5,True,27.857677459716797,27.836929965589814,16.8177490234375,0.06569635212572378,16.883445375563223,0.5327606694856868,78bf92243997831090f4e81bdc0a5d4d7ba172f90b72e1ee43b198174beb3eea,4000,42,C.J. McCollum,203468,BetMGM,2026-03-25,2026-03-25 13:19:22,2026-03-25,Regular Season,0.46325,0.5348837209302325,0.5,-0.036750000000000005,-0.1339239130434784,0.5367500000000001,0.5348837209302325,0.5,0.03675000000000006,0.0034891304347826058,
PRICED,under,PTS,full_game,14.5,True,24.152803421020508,24.13205592689353,14.182014465332031,0.04077257892005738,14.222787044252089,0.5327606694856868,78bf92243997831090f4e81bdc0a5d4d7ba172f90b72e1ee43b198174beb3eea,4000,42,De'Anthony Melton,1629001,FanDuel,2026-03-26,2026-03-25 13:19:22,2026-03-25,Regular Season,0.4685,0.5412844036697247,0.5060689431946916,-0.03756894319469162,-0.13446610169491524,0.5315,0.5283018867924528,0.4939310568053083,0.03756894319469167,0.006053571428571325,
NO_BET,,PTS,full_game,28.5,True,34.02191162109375,34.17990737867362,28.12468910217285,0.08675802482555833,28.21144712699841,0.6420909777808131,78bf92243997831090f4e81bdc0a5d4d7ba172f90b72e1ee43b198174beb3eea,4000,42,Donovan Mitchell,1628378,BetRivers,2026-03-25,2026-03-25 13:19:22,2026-03-25,Regular Season,0.4875,0.5633187772925764,0.5226164254247954,-0.03511642542479537,-0.1345930232558139,0.5125,0.5145631067961165,0.4773835745752045,0.03511642542479548,-0.004009433962264164,positive vig-free edge with nonpositive EV
PRICED,under,PTS,full_game,10.5,True,22.231834411621094,22.43462025746033,12.792119026184082,0.028415902335560975,12.820534928519644,0.4915060991395564,78bf92243997831090f4e81bdc0a5d4d7ba172f90b72e1ee43b198174beb3eea,4000,42,Keldon Johnson,1629640,Bovada,2026-03-26,2026-03-25 13:19:22,2026-03-25,Regular Season,0.64825,0.75,0.7026022304832714,-0.054352230483271424,-0.1356666666666667,0.35175,0.31746031746031744,0.29739776951672864,0.05435223048327137,0.10801249999999996,
PRICED,under,PTS,full_game,13.5,True,29.17185401916504,29.151106525038056,13.212282180786133,-0.0828621571539925,13.12942002363214,0.5327606694856868,78bf92243997831090f4e81bdc0a5d4d7ba172f90b72e1ee43b198174beb3eea,4000,42,Gui Santos,1630611,DraftKings,2026-03-26,2026-03-25 13:19:22,2026-03-25,Regular Season,0.4545,0.5260663507109005,0.4958445875753168,-0.04134458757531678,-0.13604054054054043,0.5455,0.5348837209302325,0.5041554124246831,0.04134458757531689,0.0198478260869564,
PRICED,under,PTS,full_game,12.5,True,31.083293914794922,31.24128967237479,15.129435539245605,0.015380391846781503,15.144815931092387,0.6420909777808131,78bf92243997831090f4e81bdc0a5d4d7ba172f90b72e1ee43b198174beb3eea,4000,42,Reed Sheppard,1642263,Bovada,2026-03-26,2026-03-25 13:19:22,2026-03-25,Regular Season,0.6335,0.7333333333333333,0.6875,-0.05400000000000005,-0.13613636363636364,0.36650000000000005,0.3333333333333333,0.3125,0.05400000000000005,0.09950000000000014,
PRICED,under,PTS,full_game,27.5,True,34.02191162109375,34.17990737867362,28.12468910217285,0.08675802482555833,28.21144712699841,0.6420909777808131,78bf92243997831090f4e81bdc0a5d4d7ba172f90b72e1ee43b198174beb3eea,4000,42,Donovan Mitchell,1628378,BetRivers,2026-03-25,2026-03-25 13:19:22,2026-03-25,Regular Season,0.53,0.6138996138996139,0.5700816678839387,-0.04008166788393863,-0.13666666666666671,0.47,0.46296296296296297,0.4299183321160614,0.040081667883938576,0.015199999999999991,
PRICED,under,PTS,full_game,13.5,True,28.055803298950195,28.035055804823212,13.56492805480957,-0.05914933723407953,13.50577871757549,0.5327606694856868,78bf92243997831090f4e81bdc0a5d4d7ba172f90b72e1ee43b198174beb3eea,4000,42,Devin Vassell,1630170,FanDuel,2026-03-26,2026-03-25 13:19:22,2026-03-25,Regular Season,0.4795,0.5555555555555556,0.5191532258064516,-0.03965322580645164,-0.13689999999999997,0.5205,0.5145631067961165,0.4808467741935484,0.039653225806451586,0.011537735849056596,
NO_BET,,PTS,full_game,13.5,True,28.055803298950195,28.035055804823212,13.56492805480957,-0.05914933723407953,13.50577871757549,0.5327606694856868,78bf92243997831090f4e81bdc0a5d4d7ba172f90b72e1ee43b198174beb3eea,4000,42,Devin Vassell,1630170,BetRivers,2026-03-26,2026-03-25 13:19:22,2026-03-25,Regular Season,0.4795,0.5555555555555556,0.5157946692991116,-0.03629466929911157,-0.13689999999999997,0.5205,0.5215311004784688,0.4842053307008884,0.03629466929911157,-0.0019770642201834554,positive vig-free edge with nonpositive EV
NO_BET,,PTS,full_game,19.5,True,27.857677459716797,27.836929965589814,16.8177490234375,0.06569635212572378,16.883445375563223,0.5327606694856868,78bf92243997831090f4e81bdc0a5d4d7ba172f90b72e1ee43b198174beb3eea,4000,42,C.J. McCollum,203468,Bovada,2026-03-25,2026-03-25 13:19:22,2026-03-25,Regular Season,0.35225,0.40816326530612246,0.3838517538054269,-0.0316017538054269,-0.13698749999999993,0.64775,0.6551724137931034,0.6161482461945731,0.03160175380542696,-0.011328947368421105,positive vig-free edge with nonpositive EV
NO_BET,,PTS,full_game,16.5,True,28.987327575683594,28.96658008155661,13.827828407287598,0.04202019893517117,13.869848606222769,0.5327606694856868,78bf92243997831090f4e81bdc0a5d4d7ba172f90b72e1ee43b198174beb3eea,4000,42,Sam Merrill,1630241,Bovada,2026-03-25,2026-03-25 13:19:22,2026-03-25,Regular Season,0.31375,0.36363636363636365,0.33999999999999997,-0.026249999999999996,-0.13718750000000002,0.68625,0.7058823529411765,0.66,0.026249999999999996,-0.027812499999999907,positive vig-free edge with nonpositive EV
NO_BET,,PTS,full_game,22.5,True,32.52472686767578,32.68272262525565,19.384681701660156,0.08096657882010863,19.465648280480266,0.6420909777808131,78bf92243997831090f4e81bdc0a5d4d7ba172f90b72e1ee43b198174beb3eea,4000,42,Matas Buzelis,1641824,Bovada,2026-03-25,2026-03-25 13:19:22,2026-03-25,Regular Season,0.319,0.37037037037037035,0.34700315457413244,-0.02800315457413244,-0.13869999999999993,0.681,0.696969696969697,0.6529968454258674,0.028003154574132605,-0.022913043478260897,positive vig-free edge with nonpositive EV
NO_BET,,PTS,full_game,27.5,True,36.66040802001953,37.165923554088366,25.600746154785156,0.17237981025168023,25.773125965036837,0.746175435493391,78bf92243997831090f4e81bdc0a5d4d7ba172f90b72e1ee43b198174beb3eea,4000,42,Kevin Durant,201142,Bovada,2026-03-26,2026-03-25 13:19:22,2026-03-25,Regular Season,0.3915,0.45454545454545453,0.4248366013071895,-0.03333660130718946,-0.13869999999999993,0.6085,0.6153846153846154,0.5751633986928104,0.03333660130718963,-0.011187499999999961,positive vig-free edge with nonpositive EV
NO_BET,,PTS,full_game,15.5,True,24.152803421020508,24.13205592689353,14.182014465332031,0.04077257892005738,14.222787044252089,0.5327606694856868,78bf92243997831090f4e81bdc0a5d4d7ba172f90b72e1ee43b198174beb3eea,4000,42,De'Anthony Melton,1629001,Bovada,2026-03-26,2026-03-25 13:19:22,2026-03-25,Regular Season,0.41,0.47619047619047616,0.4458598726114649,-0.03585987261146495,-0.13900000000000007,0.5900000000000001,0.5918367346938775,0.554140127388535,0.03585987261146506,-0.003103448275861953,positive vig-free edge with nonpositive EV
PRICED,under,PTS,full_game,15.5,True,27.47185707092285,27.451109576795872,15.203346252441406,-0.06577896676833378,15.137567285673072,0.5327606694856868,78bf92243997831090f4e81bdc0a5d4d7ba172f90b72e1ee43b198174beb3eea,4000,42,Jrue Holiday,201950,FanDuel,2026-03-26,2026-03-25 13:19:22,2026-03-25,Regular Season,0.466,0.5412844036697247,0.5060689431946916,-0.04006894319469162,-0.1390847457627119,0.534,0.5283018867924528,0.4939310568053083,0.04006894319469173,0.010785714285714232,
NO_BET,,PTS,full_game,14.5,True,30.78316307067871,30.94115882825858,13.995372772216797,-0.010446228825563082,13.984926543391234,0.6420909777808131,78bf92243997831090f4e81bdc0a5d4d7ba172f90b72e1ee43b198174beb3eea,4000,42,Jarace Walker,1641716,BetRivers,2026-03-25,2026-03-25 13:19:22,2026-03-25,Regular Season,0.447,0.5192307692307693,0.4813476792586193,-0.03434767925861931,-0.13911111111111096,0.5529999999999999,0.5594713656387665,0.5186523207413807,0.03434767925861926,-0.011566929133858372,positive vig-free edge with nonpositive EV
PRICED,under,PTS,full_game,25.5,True,36.66040802001953,37.165923554088366,25.600746154785156,0.17237981025168023,25.773125965036837,0.746175435493391,78bf92243997831090f4e81bdc0a5d4d7ba172f90b72e1ee43b198174beb3eea,4000,42,Kevin Durant,201142,BetRivers,2026-03-26,2026-03-25 13:19:22,2026-03-25,Regular Season,0.49725,0.5780590717299579,0.5386771518667031,-0.04142715186670304,-0.13979379562043798,0.50275,0.49504950495049505,0.461322848133297,0.04142715186670304,0.015555000000000041,
PRICED,under,PTS,full_game,11.5,True,25.929195404052734,25.908447909925755,11.821773529052734,0.37405409171785436,12.195827620770588,0.5327606694856868,78bf92243997831090f4e81bdc0a5d4d7ba172f90b72e1ee43b198174beb3eea,4000,42,Josh Minott,1631169,BetRivers,2026-03-26,2026-03-25 13:19:22,2026-03-25,Regular Season,0.53175,0.6183206106870229,0.5729699775075789,-0.041219977507579,-0.14000925925925933,0.46825000000000006,0.4608294930875576,0.427030022492421,0.04121997750757905,0.01610250000000013,
PRICED,under,PTS,full_game,8.5,True,19.01741600036621,19.22020184620545,8.169254302978516,-0.24983301983511727,7.919421283143398,0.4915060991395564,78bf92243997831090f4e81bdc0a5d4d7ba172f90b72e1ee43b198174beb3eea,4000,42,Leonard Miller,1631159,BetOnline.ag,2026-03-25,2026-03-25 13:19:22,2026-03-25,Regular Season,0.42975,0.5,0.4693877551020409,-0.03963775510204087,-0.1404999999999999,0.5702499999999999,0.5652173913043478,0.5306122448979592,0.039637755102040706,0.00890384615384604,
PRICED,under,PTS,full_game,25.5,True,34.2680778503418,34.426073607921666,23.74484634399414,0.11501737115835965,23.8598637151525,0.6420909777808131,78bf92243997831090f4e81bdc0a5d4d7ba172f90b72e1ee43b198174beb3eea,4000,42,Jamal Murray,1627750,Bovada,2026-03-26,2026-03-25 13:19:22,2026-03-25,Regular Season,0.39975,0.46511627906976744,0.43668122270742354,-0.03693122270742355,-0.14053749999999998,0.60025,0.6,0.5633187772925764,0.03693122270742355,0.00041666666666656527,
PRICED,under,PTS,full_game,14.5,True,24.152803421020508,24.13205592689353,14.182014465332031,0.04077257892005738,14.222787044252089,0.5327606694856868,78bf92243997831090f4e81bdc0a5d4d7ba172f90b72e1ee43b198174beb3eea,4000,42,De'Anthony Melton,1629001,Bovada,2026-03-26,2026-03-25 13:19:22,2026-03-25,Regular Season,0.4685,0.5454545454545454,0.5101214574898786,-0.041621457489878555,-0.14108333333333323,0.5315,0.5238095238095238,0.48987854251012153,0.041621457489878444,0.014681818181818185,
NO_BET,,PTS,full_game,22.5,True,31.281320571899414,31.439316329479283,18.695396423339844,0.08389964265639008,18.779296065996235,0.6420909777808131,78bf92243997831090f4e81bdc0a5d4d7ba172f90b72e1ee43b198174beb3eea,4000,42,Nickeil Alexander-Walker,1629638,Bovada,2026-03-25,2026-03-25 13:19:22,2026-03-25,Regular Season,0.28625,0.3333333333333333,0.3125,-0.026249999999999996,-0.14125,0.71375,0.7333333333333333,0.6875,0.026249999999999996,-0.02670454545454537,positive vig-free edge with nonpositive EV
PRICED,under,PTS,full_game,25.5,True,35.62293243408203,35.7809281916619,28.60781478881836,0.235486775928927,28.843301564747286,0.6420909777808131,78bf92243997831090f4e81bdc0a5d4d7ba172f90b72e1ee43b198174beb3eea,4000,42,Shai Gilgeous-Alexander,1628983,Bovada,2026-03-25,2026-03-25 13:19:22,2026-03-25,Regular Season,0.64375,0.75,0.7026022304832714,-0.05885223048327137,-0.14166666666666666,0.35624999999999996,0.31746031746031744,0.29739776951672864,0.05885223048327132,0.12218749999999978,
PRICED,under,PTS,full_game,13.5,True,30.783536911010742,30.94153266859061,14.377217292785645,-0.03388055342467686,14.343336739360968,0.6420909777808131,78bf92243997831090f4e81bdc0a5d4d7ba172f90b72e1ee43b198174beb3eea,4000,42,Brandin Podziemski,1641764,Bovada,2026-03-26,2026-03-25 13:19:22,2026-03-25,Regular Season,0.54025,0.6296296296296297,0.5915279878971256,-0.051277987897125565,-0.1419558823529411,0.45975,0.43478260869565216,0.40847201210287437,0.05127798789712562,0.05742499999999995,
NO_BET,,PTS,full_game,14.5,True,29.17185401916504,29.151106525038056,13.212282180786133,-0.0828621571539925,13.12942002363214,0.5327606694856868,78bf92243997831090f4e81bdc0a5d4d7ba172f90b72e1ee43b198174beb3eea,4000,42,Gui Santos,1630611,Bovada,2026-03-26,2026-03-25 13:19:22,2026-03-25,Regular Season,0.39,0.45454545454545453,0.4248366013071895,-0.03483660130718946,-0.1419999999999999,0.61,0.6153846153846154,0.5751633986928104,0.034836601307189574,-0.008750000000000036,positive vig-free edge with nonpositive EV
PRICED,under,PTS,full_game,25.5,True,34.690277099609375,34.848272857189244,26.89333724975586,0.05900574803470954,26.95234299779057,0.6420909777808131,78bf92243997831090f4e81bdc0a5d4d7ba172f90b72e1ee43b198174beb3eea,4000,42,Nikola Jokic,203999,Bovada,2026-03-26,2026-03-25 13:19:22,2026-03-25,Regular Season,0.57175,0.6666666666666666,0.625,-0.05325000000000002,-0.14237500000000003,0.42825,0.4,0.375,0.05325000000000002,0.07062500000000005,
NO_BET,,PTS,full_game,28.5,True,36.66040802001953,37.165923554088366,25.600746154785156,0.17237981025168023,25.773125965036837,0.746175435493391,78bf92243997831090f4e81bdc0a5d4d7ba172f90b72e1ee43b198174beb3eea,4000,42,Kevin Durant,201142,Bovada,2026-03-26,2026-03-25 13:19:22,2026-03-25,Regular Season,0.343,0.4,0.375,-0.03199999999999997,-0.14249999999999996,0.657,0.6666666666666666,0.625,0.03200000000000003,-0.014500000000000013,positive vig-free edge with nonpositive EV
NO_BET,,PTS,full_game,25.5,True,33.764774322509766,33.922770080089634,21.065927505493164,0.0547791689479315,21.120706674441095,0.6420909777808131,78bf92243997831090f4e81bdc0a5d4d7ba172f90b72e1ee43b198174beb3eea,4000,42,Brandon Ingram,1627742,Bovada,2026-03-26,2026-03-25 13:19:22,2026-03-25,Regular Season,0.272,0.31746031746031744,0.29739776951672864,-0.02539776951672862,-0.1432,0.728,0.75,0.7026022304832714,0.025397769516728563,-0.029333333333333406,positive vig-free edge with nonpositive EV
PRICED,under,PTS,full_game,14.5,True,30.783536911010742,30.94153266859061,14.377217292785645,-0.03388055342467686,14.343336739360968,0.6420909777808131,78bf92243997831090f4e81bdc0a5d4d7ba172f90b72e1ee43b198174beb3eea,4000,42,Brandin Podziemski,1641764,DraftKings,2026-03-26,2026-03-25 13:19:22,2026-03-25,Regular Season,0.47925,0.5594713656387665,0.528066528066528,-0.048816528066527975,-0.14338779527559065,0.52075,0.5,0.47193347193347185,0.0488165280665282,0.04150000000000004,
PRICED,under,PTS,full_game,19.5,True,29.183549880981445,29.162802386854462,19.322298049926758,0.16759071525889543,19.489888765185654,0.5327606694856868,78bf92243997831090f4e81bdc0a5d4d7ba172f90b72e1ee43b198174beb3eea,4000,42,Norman Powell,1626181,BetOnline.ag,2026-03-25,2026-03-25 13:19:22,2026-03-25,Regular Season,0.47575,0.5555555555555556,0.5226570545829042,-0.04690705458290423,-0.14364999999999994,0.52425,0.5073891625615764,0.4773429454170958,0.04690705458290417,0.0332305825242718,
PRICED,under,PTS,full_game,11.5,True,29.046215057373047,29.025467563246064,13.15984058380127,0.1655932345430423,13.325433818344312,0.5327606694856868,78bf92243997831090f4e81bdc0a5d4d7ba172f90b72e1ee43b198174beb3eea,4000,42,Tobias Harris,202699,Bovada,2026-03-25,2026-03-25 13:19:22,2026-03-25,Regular Season,0.60425,0.7058823529411765,0.66,-0.05575000000000008,-0.1439791666666667,0.39575000000000005,0.36363636363636365,0.33999999999999997,0.05575000000000008,0.08831250000000013,
NO_BET,,PTS,full_game,13.5,True,31.708898544311523,31.866894301891392,11.904556274414062,0.06961333565917877,11.974169610073242,0.6420909777808131,78bf92243997831090f4e81bdc0a5d4d7ba172f90b72e1ee43b198174beb3eea,4000,42,Rudy Gobert,203497,Bovada,2026-03-26,2026-03-25 13:19:22,2026-03-25,Regular Season,0.38025,0.4444444444444444,0.4165029469548134,-0.0362529469548134,-0.14443750000000005,0.61975,0.6226415094339622,0.5834970530451867,0.03625294695481329,-0.0046439393939394225,positive vig-free edge with nonpositive EV
PRICED,under,PTS,full_game,12.5,True,24.152803421020508,24.13205592689353,14.182014465332031,0.04077257892005738,14.222787044252089,0.5327606694856868,78bf92243997831090f4e81bdc0a5d4d7ba172f90b72e1ee43b198174beb3eea,4000,42,De'Anthony Melton,1629001,Bovada,2026-03-26,2026-03-25 13:19:22,2026-03-25,Regular Season,0.57875,0.6774193548387096,0.6333530455351862,-0.054603045535186245,-0.1456547619047619,0.42125,0.39215686274509803,0.3666469544648137,0.0546030455351863,0.07418749999999996,
PRICED,under,PTS,full_game,13.5,True,24.152803421020508,24.13205592689353,14.182014465332031,0.04077257892005738,14.222787044252089,0.5327606694856868,78bf92243997831090f4e81bdc0a5d4d7ba172f90b72e1ee43b198174beb3eea,4000,42,De'Anthony Melton,1629001,Bovada,2026-03-26,2026-03-25 13:19:22,2026-03-25,Regular Season,0.52575,0.6153846153846154,0.5751633986928104,-0.04941339869281036,-0.14565624999999993,0.47424999999999995,0.45454545454545453,0.4248366013071895,0.04941339869281047,0.04335,
PRICED,under,PTS,full_game,15.5,True,27.47185707092285,27.451109576795872,15.203346252441406,-0.06577896676833378,15.137567285673072,0.5327606694856868,78bf92243997831090f4e81bdc0a5d4d7ba172f90b72e1ee43b198174beb3eea,4000,42,Jrue Holiday,201950,BetMGM,2026-03-26,2026-03-25 13:19:22,2026-03-25,Regular Season,0.466,0.5454545454545454,0.5090470446320868,-0.043047044632086806,-0.1456666666666666,0.534,0.5260663507109005,0.49095295536791317,0.04304704463208686,0.015081081081081138,
PRICED,under,PTS,full_game,11.5,True,25.929195404052734,25.908447909925755,11.821773529052734,0.37405409171785436,12.195827620770588,0.5327606694856868,78bf92243997831090f4e81bdc0a5d4d7ba172f90b72e1ee43b198174beb3eea,4000,42,Josh Minott,1631169,Bovada,2026-03-26,2026-03-25 13:19:22,2026-03-25,Regular Season,0.53175,0.6226415094339622,0.5834970530451867,-0.051747053045186786,-0.14597727272727284,0.46825000000000006,0.4444444444444444,0.4165029469548134,0.051747053045186675,0.05356250000000018,
NO_BET,,PTS,full_game,21.5,True,28.430749893188477,28.410002399061494,17.826675415039062,-0.10143604155900998,17.725239373480054,0.5327606694856868,78bf92243997831090f4e81bdc0a5d4d7ba172f90b72e1ee43b198174beb3eea,4000,42,Jerami Grant,203924,Bovada,2026-03-26,2026-03-25 13:19:22,2026-03-25,Regular Season,0.28,0.32786885245901637,0.3079416531604538,-0.027941653160453772,-0.14600000000000002,0.72,0.7368421052631579,0.6920583468395461,0.027941653160453828,-0.022857142857142854,positive vig-free edge with nonpositive EV
PRICED,under,PTS,full_game,12.5,True,25.929195404052734,25.908447909925755,11.821773529052734,0.37405409171785436,12.195827620770588,0.5327606694856868,78bf92243997831090f4e81bdc0a5d4d7ba172f90b72e1ee43b198174beb3eea,4000,42,Josh Minott,1631169,BetRivers,2026-03-26,2026-03-25 13:19:22,2026-03-25,Regular Season,0.46225,0.5412844036697247,0.5029738302934179,-0.04072383029341792,-0.14601271186440673,0.53775,0.5348837209302325,0.4970261697065821,0.04072383029341786,0.005358695652173784,
PRICED,under,PTS,full_game,12.5,True,29.046215057373047,29.025467563246064,13.15984058380127,0.1655932345430423,13.325433818344312,0.5327606694856868,78bf92243997831090f4e81bdc0a5d4d7ba172f90b72e1ee43b198174beb3eea,4000,42,Tobias Harris,202699,Bovada,2026-03-25,2026-03-25 13:19:22,2026-03-25,Regular Season,0.5375,0.6296296296296297,0.5915279878971256,-0.054027987897125596,-0.14632352941176469,0.4625,0.43478260869565216,0.40847201210287437,0.05402798789712565,0.06374999999999997,
PRICED,under,PTS,full_game,29.5,True,34.02191162109375,34.17990737867362,28.12468910217285,0.08675802482555833,28.21144712699841,0.6420909777808131,78bf92243997831090f4e81bdc0a5d4d7ba172f90b72e1ee43b198174beb3eea,4000,42,Donovan Mitchell,1628378,FanDuel,2026-03-25,2026-03-25 13:19:22,2026-03-25,Regular Season,0.435,0.5098039215686274,0.47591522157996147,-0.04091522157996147,-0.1467307692307691,0.565,0.5614035087719298,0.5240847784200385,0.040915221579961414,0.006406249999999947,
PRICED,under,PTS,full_game,13.5,True,31.083293914794922,31.24128967237479,15.129435539245605,0.015380391846781503,15.144815931092387,0.6420909777808131,78bf92243997831090f4e81bdc0a5d4d7ba172f90b72e1ee43b198174beb3eea,4000,42,Reed Sheppard,1642263,Bovada,2026-03-26,2026-03-25 13:19:22,2026-03-25,Regular Season,0.578,0.6774193548387096,0.6333530455351862,-0.055353045535186274,-0.14676190476190476,0.42200000000000004,0.39215686274509803,0.3666469544648137,0.05535304553518633,0.07610000000000006,
PRICED,under,PTS,full_game,13.5,True,29.17185401916504,29.151106525038056,13.212282180786133,-0.0828621571539925,13.12942002363214,0.5327606694856868,78bf92243997831090f4e81bdc0a5d4d7ba172f90b72e1ee43b198174beb3eea,4000,42,Gui Santos,1630611,FanDuel,2026-03-26,2026-03-25 13:19:22,2026-03-25,Regular Season,0.4545,0.5327102803738317,0.5,-0.045499999999999985,-0.14681578947368418,0.5455,0.5327102803738317,0.5,0.045499999999999985,0.02400877192982459,
PRICED,under,PTS,full_game,8.5,True,25.1376953125,25.11694781837302,8.92950439453125,-0.3141254235455534,8.615378970985697,0.5327606694856868,78bf92243997831090f4e81bdc0a5d4d7ba172f90b72e1ee43b198174beb3eea,4000,42,Isaac Okoro,1630171,BetMGM,2026-03-25,2026-03-25 13:19:22,2026-03-25,Regular Season,0.49,0.574468085106383,0.5346534653465347,-0.04465346534653469,-0.14703703703703708,0.51,0.5,0.4653465346534653,0.04465346534653469,0.020000000000000018,
PRICED,under,PTS,full_game,13.5,True,32.497337341308594,32.65533309888846,14.567300796508789,0.22869670261903097,14.79599749912782,0.6420909777808131,78bf92243997831090f4e81bdc0a5d4d7ba172f90b72e1ee43b198174beb3eea,4000,42,Jaden McDaniels,1630183,Bovada,2026-03-26,2026-03-25 13:19:22,2026-03-25,Regular Season,0.5685,0.6666666666666666,0.625,-0.056499999999999995,-0.14725,0.4315,0.4,0.375,0.056499999999999995,0.07874999999999999,
PRICED,under,PTS,full_game,11.5,True,24.152803421020508,24.13205592689353,14.182014465332031,0.04077257892005738,14.222787044252089,0.5327606694856868,78bf92243997831090f4e81bdc0a5d4d7ba172f90b72e1ee43b198174beb3eea,4000,42,De'Anthony Melton,1629001,Bovada,2026-03-26,2026-03-25 13:19:22,2026-03-25,Regular Season,0.634,0.7435897435897436,0.6974398758727697,-0.06343987587276967,-0.14737931034482757,0.366,0.3225806451612903,0.30256012412723043,0.06343987587276956,0.13460000000000005,
PRICED,under,PTS,full_game,6.5,True,18.852142333984375,19.054928179823612,7.8576130867004395,-0.051712225539888634,7.805900861160551,0.4915060991395564,78bf92243997831090f4e81bdc0a5d4d7ba172f90b72e1ee43b198174beb3eea,4000,42,Caris LeVert,1627747,Bovada,2026-03-25,2026-03-25 13:19:22,2026-03-25,Regular Season,0.59425,0.696969696969697,0.6529968454258674,-0.0587468454258675,-0.14738043478260882,0.40575000000000006,0.37037037037037035,0.34700315457413244,0.05874684542586761,0.0955250000000002,
PRICED,under,PTS,full_game,17.5,True,32.7320442199707,32.89003997755057,19.951004028320312,0.20273725994243616,20.153741288262747,0.6420909777808131,78bf92243997831090f4e81bdc0a5d4d7ba172f90b72e1ee43b198174beb3eea,4000,42,Julius Randle,203944,Bovada,2026-03-26,2026-03-25 13:19:22,2026-03-25,Regular Season,0.628,0.7368421052631579,0.6920583468395461,-0.06405834683954614,-0.14771428571428566,0.372,0.32786885245901637,0.3079416531604538,0.0640583468395462,0.13459999999999994,
NO_BET,,PTS,full_game,14.5,True,28.055803298950195,28.035055804823212,13.56492805480957,-0.05914933723407953,13.50577871757549,0.5327606694856868,78bf92243997831090f4e81bdc0a5d4d7ba172f90b72e1ee43b198174beb3eea,4000,42,Devin Vassell,1630170,BetRivers,2026-03-26,2026-03-25 13:19:22,2026-03-25,Regular Season,0.41725,0.49019607843137253,0.45588680387409203,-0.03863680387409202,-0.14880999999999994,0.58275,0.5850622406639004,0.544113196125908,0.03863680387409196,-0.003952127659574423,positive vig-free edge with nonpositive EV
PRICED,under,PTS,full_game,8.5,True,19.01741600036621,19.22020184620545,8.169254302978516,-0.24983301983511727,7.919421283143398,0.4915060991395564,78bf92243997831090f4e81bdc0a5d4d7ba172f90b72e1ee43b198174beb3eea,4000,42,Leonard Miller,1631159,FanDuel,2026-03-25,2026-03-25 13:19:22,2026-03-25,Regular Season,0.42975,0.504950495049505,0.47614107883817425,-0.04639107883817423,-0.14892647058823516,0.5702499999999999,0.5555555555555556,0.5238589211618258,0.04639107883817417,0.026449999999999918,
PRICED,under,PTS,full_game,14.5,True,31.083293914794922,31.24128967237479,15.129435539245605,0.015380391846781503,15.144815931092387,0.6420909777808131,78bf92243997831090f4e81bdc0a5d4d7ba172f90b72e1ee43b198174beb3eea,4000,42,Reed Sheppard,1642263,BetRivers,2026-03-26,2026-03-25 13:19:22,2026-03-25,Regular Season,0.5105,0.6,0.5575221238938053,-0.047022123893805334,-0.14916666666666684,0.48950000000000005,0.47619047619047616,0.4424778761061947,0.047022123893805334,0.02795000000000014,
PRICED,under,PTS,full_game,15.5,True,31.083293914794922,31.24128967237479,15.129435539245605,0.015380391846781503,15.144815931092387,0.6420909777808131,78bf92243997831090f4e81bdc0a5d4d7ba172f90b72e1ee43b198174beb3eea,4000,42,Reed Sheppard,1642263,BetRivers,2026-03-26,2026-03-25 13:19:22,2026-03-25,Regular Season,0.45475,0.5348837209302325,0.4970261697065821,-0.0422761697065821,-0.14981521739130443,0.54525,0.5412844036697247,0.5029738302934179,0.0422761697065821,0.0073262711864406915,
PRICED,under,PTS,full_game,12.5,True,30.783536911010742,30.94153266859061,14.377217292785645,-0.03388055342467686,14.343336739360968,0.6420909777808131,78bf92243997831090f4e81bdc0a5d4d7ba172f90b72e1ee43b198174beb3eea,4000,42,Brandin Podziemski,1641764,Bovada,2026-03-26,2026-03-25 13:19:22,2026-03-25,Regular Season,0.5925,0.696969696969697,0.6529968454258674,-0.06049684542586742,-0.1498913043478261,0.4075,0.37037037037037035,0.34700315457413244,0.06049684542586753,0.10024999999999995,
PRICED,under,PTS,full_game,26.5,True,35.62293243408203,35.7809281916619,28.60781478881836,0.235486775928927,28.843301564747286,0.6420909777808131,78bf92243997831090f4e81bdc0a5d4d7ba172f90b72e1ee43b198174beb3eea,4000,42,Shai Gilgeous-Alexander,1628983,Bovada,2026-03-25,2026-03-25 13:19:22,2026-03-25,Regular Season,0.6,0.7058823529411765,0.66,-0.06000000000000005,-0.14999999999999997,0.4,0.36363636363636365,0.33999999999999997,0.06000000000000005,0.10000000000000009,
PRICED,under,PTS,full_game,14.5,True,32.497337341308594,32.65533309888846,14.567300796508789,0.22869670261903097,14.79599749912782,0.6420909777808131,78bf92243997831090f4e81bdc0a5d4d7ba172f90b72e1ee43b198174beb3eea,4000,42,Jaden McDaniels,1630183,Bovada,2026-03-26,2026-03-25 13:19:22,2026-03-25,Regular Season,0.51,0.6,0.5633187772925764,-0.05331877729257639,-0.15000000000000008,0.49,0.46511627906976744,0.43668122270742354,0.05331877729257645,0.05349999999999999,
PRICED,under,PTS,full_game,29.5,True,35.62293243408203,35.7809281916619,28.60781478881836,0.235486775928927,28.843301564747286,0.6420909777808131,78bf92243997831090f4e81bdc0a5d4d7ba172f90b72e1ee43b198174beb3eea,4000,42,Shai Gilgeous-Alexander,1628983,FanDuel,2026-03-25,2026-03-25 13:19:22,2026-03-25,Regular Season,0.45275,0.5327102803738317,0.5,-0.047250000000000014,-0.15010087719298243,0.54725,0.5327102803738317,0.5,0.047250000000000014,0.027293859649122842,
NO_BET,,PTS,full_game,19.5,True,26.260133743286133,26.239386249159153,16.08826446533203,0.09732316420294249,16.185587629534975,0.5327606694856868,78bf92243997831090f4e81bdc0a5d4d7ba172f90b72e1ee43b198174beb3eea,4000,42,Aaron Gordon,203932,Bovada,2026-03-26,2026-03-25 13:19:22,2026-03-25,Regular Season,0.3035,0.35714285714285715,0.3346265761396702,-0.03112657613967018,-0.1502000000000001,0.6965,0.7101449275362319,0.6653734238603297,0.031126576139670292,-0.019214285714285684,positive vig-free edge with nonpositive EV
PRICED,under,PTS,full_game,16.5,True,26.260133743286133,26.239386249159153,16.08826446533203,0.09732316420294249,16.185587629534975,0.5327606694856868,78bf92243997831090f4e81bdc0a5d4d7ba172f90b72e1ee43b198174beb3eea,4000,42,Aaron Gordon,203932,BetMGM,2026-03-26,2026-03-25 13:19:22,2026-03-25,Regular Season,0.46325,0.5454545454545454,0.5090470446320868,-0.045797044632086836,-0.15070833333333333,0.5367500000000001,0.5260663507109005,0.49095295536791317,0.04579704463208689,0.020308558558558676,
PRICED,under,PTS,full_game,29.5,True,34.02191162109375,34.17990737867362,28.12468910217285,0.08675802482555833,28.21144712699841,0.6420909777808131,78bf92243997831090f4e81bdc0a5d4d7ba172f90b72e1ee43b198174beb3eea,4000,42,Donovan Mitchell,1628378,Bovada,2026-03-25,2026-03-25 13:19:22,2026-03-25,Regular Season,0.435,0.5121951219512195,0.4796954314720812,-0.044695431472081215,-0.1507142857142857,0.565,0.5555555555555556,0.5203045685279188,0.044695431472081104,0.01699999999999996,
PRICED,under,PTS,full_game,8.5,True,20.131776809692383,20.33456265553162,8.144559860229492,-0.032555280664098615,8.112004579565394,0.4915060991395564,78bf92243997831090f4e81bdc0a5d4d7ba172f90b72e1ee43b198174beb3eea,4000,42,Kevin Huerter,1628989,FanDuel,2026-03-25,2026-03-25 13:19:22,2026-03-25,Regular Season,0.45425,0.5348837209302325,0.5074246924056003,-0.0531746924056003,-0.15075000000000005,0.54575,0.5192307692307693,0.4925753075943997,0.05317469240560024,0.051074074074074105,
PRICED,under,PTS,full_game,15.5,True,32.497337341308594,32.65533309888846,14.567300796508789,0.22869670261903097,14.79599749912782,0.6420909777808131,78bf92243997831090f4e81bdc0a5d4d7ba172f90b72e1ee43b198174beb3eea,4000,42,Jaden McDaniels,1630183,DraftKings,2026-03-26,2026-03-25 13:19:22,2026-03-25,Regular Season,0.44675,0.5260663507109005,0.4968624497991968,-0.05011244979919682,-0.1507725225225225,0.55325,0.5327102803738317,0.5031375502008032,0.05011244979919682,0.038557017543859706,
PRICED,under,PTS,full_game,18.5,True,32.7320442199707,32.89003997755057,19.951004028320312,0.20273725994243616,20.153741288262747,0.6420909777808131,78bf92243997831090f4e81bdc0a5d4d7ba172f90b72e1ee43b198174beb3eea,4000,42,Julius Randle,203944,Bovada,2026-03-26,2026-03-25 13:19:22,2026-03-25,Regular Season,0.5795,0.6825396825396826,0.6395881006864989,-0.060088100686498835,-0.15096511627906978,0.4205,0.38461538461538464,0.36041189931350115,0.060088100686498835,0.09330000000000005,
PRICED,under,PTS,full_game,17.5,True,30.93474578857422,31.092741546154087,19.52208137512207,0.1254928028682659,19.647574177990336,0.6420909777808131,78bf92243997831090f4e81bdc0a5d4d7ba172f90b72e1ee43b198174beb3eea,4000,42,R.J. Barrett,1629628,Bovada,2026-03-26,2026-03-25 13:19:22,2026-03-25,Regular Season,0.6255,0.7368421052631579,0.6920583468395461,-0.0665583468395462,-0.15110714285714288,0.37450000000000006,0.32786885245901637,0.3079416531604538,0.06655834683954626,0.14222500000000016,
PRICED,under,PTS,full_game,10.5,True,25.34461784362793,25.32387034950095,10.142556190490723,-0.027272447309288902,10.115283743181434,0.5327606694856868,78bf92243997831090f4e81bdc0a5d4d7ba172f90b72e1ee43b198174beb3eea,4000,42,Jakob Poeltl,1627751,FanDuel,2026-03-26,2026-03-25 13:19:22,2026-03-25,Regular Season,0.459,0.5412844036697247,0.5060689431946916,-0.047068943194691626,-0.15201694915254232,0.5409999999999999,0.5283018867924528,0.4939310568053083,0.047068943194691626,0.02403571428571416,
PRICED,under,PTS,full_game,14.5,True,30.783536911010742,30.94153266859061,14.377217292785645,-0.03388055342467686,14.343336739360968,0.6420909777808131,78bf92243997831090f4e81bdc0a5d4d7ba172f90b72e1ee43b198174beb3eea,4000,42,Brandin Podziemski,1641764,Bovada,2026-03-26,2026-03-25 13:19:22,2026-03-25,Regular Season,0.47925,0.5652173913043478,0.5306122448979592,-0.05136224489795921,-0.15209615384615394,0.52075,0.5,0.4693877551020409,0.05136224489795915,0.04150000000000004,
NO_BET,,PTS,full_game,23.5,True,34.58273696899414,34.74073272657401,19.87921714782715,0.19280737585771687,20.072024523684867,0.6420909777808131,78bf92243997831090f4e81bdc0a5d4d7ba172f90b72e1ee43b198174beb3eea,4000,42,Jalen Johnson,1630552,Bovada,2026-03-25,2026-03-25 13:19:22,2026-03-25,Regular Season,0.3325,0.39215686274509803,0.3666469544648137,-0.034146954464813695,-0.15212500000000007,0.6675,0.6774193548387096,0.6333530455351862,0.03414695446481375,-0.014642857142857124,positive vig-free edge with nonpositive EV
PRICED,under,PTS,full_game,27.5,True,35.62293243408203,35.7809281916619,28.60781478881836,0.235486775928927,28.843301564747286,0.6420909777808131,78bf92243997831090f4e81bdc0a5d4d7ba172f90b72e1ee43b198174beb3eea,4000,42,Shai Gilgeous-Alexander,1628983,Bovada,2026-03-25,2026-03-25 13:19:22,2026-03-25,Regular Season,0.5555,0.6551724137931034,0.6161482461945731,-0.0606482461945731,-0.1521315789473685,0.4445,0.40816326530612246,0.3838517538054269,0.0606482461945731,0.08902500000000013,
PRICED,under,PTS,full_game,35.5,True,36.67681121826172,37.18232675233055,34.251033782958984,0.0951001249204827,34.34613390787947,0.746175435493391,78bf92243997831090f4e81bdc0a5d4d7ba172f90b72e1ee43b198174beb3eea,4000,42,Luka Doncic,1629029,BetMGM,2026-03-25,2026-03-25 13:19:22,2026-03-25,Regular Season,0.43425,0.5121951219512195,0.4796954314720812,-0.04544543147208119,-0.15217857142857139,0.56575,0.5555555555555556,0.5203045685279188,0.04544543147208113,0.018349999999999977,
PRICED,under,PTS,full_game,13.5,True,27.14998435974121,27.12923686561423,12.504145622253418,-0.011558768386232123,12.492586853867186,0.5327606694856868,78bf92243997831090f4e81bdc0a5d4d7ba172f90b72e1ee43b198174beb3eea,4000,42,Onyeka Okongwu,1630168,Bovada,2026-03-25,2026-03-25 13:19:22,2026-03-25,Regular Season,0.4135,0.4878048780487805,0.4592085979482169,-0.04570859794821691,-0.1523250000000001,0.5865,0.574468085106383,0.5407914020517831,0.04570859794821691,0.020944444444444432,
PRICED,under,PTS,full_game,10.5,True,25.79913902282715,25.77839152870017,10.317644119262695,-0.03677787306457675,10.28086624619812,0.5327606694856868,78bf92243997831090f4e81bdc0a5d4d7ba172f90b72e1ee43b198174beb3eea,4000,42,Julian Champagnie,1630577,BetMGM,2026-03-26,2026-03-25 13:19:22,2026-03-25,Regular Season,0.46225,0.5454545454545454,0.5101214574898786,-0.04787145748987859,-0.15254166666666658,0.53775,0.5238095238095238,0.48987854251012153,0.04787145748987842,0.026613636363636395,
PRICED,under,PTS,full_game,12.5,True,25.929195404052734,25.908447909925755,11.821773529052734,0.37405409171785436,12.195827620770588,0.5327606694856868,78bf92243997831090f4e81bdc0a5d4d7ba172f90b72e1ee43b198174beb3eea,4000,42,Josh Minott,1631169,FanDuel,2026-03-26,2026-03-25 13:19:22,2026-03-25,Regular Season,0.46225,0.5454545454545454,0.5101214574898786,-0.04787145748987859,-0.15254166666666658,0.53775,0.5238095238095238,0.48987854251012153,0.04787145748987842,0.026613636363636395,
PRICED,under,PTS,full_game,14.5,True,27.47185707092285,27.451109576795872,15.203346252441406,-0.06577896676833378,15.137567285673072,0.5327606694856868,78bf92243997831090f4e81bdc0a5d4d7ba172f90b72e1ee43b198174beb3eea,4000,42,Jrue Holiday,201950,BetRivers,2026-03-26,2026-03-25 13:19:22,2026-03-25,Regular Season,0.52975,0.6254681647940075,0.5791298865069356,-0.04937988650693559,-0.15303443113772452,0.47024999999999995,0.45454545454545453,0.4208701134930643,0.049379886506935644,0.03454999999999997,
PRICED,under,PTS,full_game,29.5,True,34.02191162109375,34.17990737867362,28.12468910217285,0.08675802482555833,28.21144712699841,0.6420909777808131,78bf92243997831090f4e81bdc0a5d4d7ba172f90b72e1ee43b198174beb3eea,4000,42,Donovan Mitchell,1628378,BetRivers,2026-03-25,2026-03-25 13:19:22,2026-03-25,Regular Season,0.435,0.5145631067961165,0.4790936604014018,-0.04409366040140178,-0.1546226415094339,0.565,0.5594713656387665,0.5209063395985983,0.04409366040140161,0.009881889763779461,
NO_BET,,PTS,full_game,13.5,True,25.929195404052734,25.908447909925755,11.821773529052734,0.37405409171785436,12.195827620770588,0.5327606694856868,78bf92243997831090f4e81bdc0a5d4d7ba172f90b72e1ee43b198174beb3eea,4000,42,Josh Minott,1631169,BetRivers,2026-03-26,2026-03-25 13:19:22,2026-03-25,Regular Season,0.395,0.4672897196261682,0.43340416202907345,-0.03840416202907343,-0.15470000000000012,0.605,0.6108949416342413,0.5665958379709265,0.038404162029073485,-0.009649681528662524,positive vig-free edge with nonpositive EV
PRICED,under,PTS,full_game,12.5,True,29.17185401916504,29.151106525038056,13.212282180786133,-0.0828621571539925,13.12942002363214,0.5327606694856868,78bf92243997831090f4e81bdc0a5d4d7ba172f90b72e1ee43b198174beb3eea,4000,42,Gui Santos,1630611,BetRivers,2026-03-26,2026-03-25 13:19:22,2026-03-25,Regular Season,0.52625,0.6226415094339622,0.5780254777070064,-0.05177547770700641,-0.1548106060606061,0.47375,0.45454545454545453,0.42197452229299365,0.05177547770700636,0.04225000000000012,
PRICED,under,PTS,full_game,12.5,True,25.929195404052734,25.908447909925755,11.821773529052734,0.37405409171785436,12.195827620770588,0.5327606694856868,78bf92243997831090f4e81bdc0a5d4d7ba172f90b72e1ee43b198174beb3eea,4000,42,Josh Minott,1631169,DraftKings,2026-03-26,2026-03-25 13:19:22,2026-03-25,Regular Season,0.46225,0.5475113122171946,0.5166631951676735,-0.054413195167673456,-0.15572520661157024,0.53775,0.5121951219512195,0.4833368048323266,0.054413195167673345,0.04989285714285713,
PRICED,under,PTS,full_game,15.5,True,30.78316307067871,30.94115882825858,13.995372772216797,-0.010446228825563082,13.984926543391234,0.6420909777808131,78bf92243997831090f4e81bdc0a5d4d7ba172f90b72e1ee43b198174beb3eea,4000,42,Jarace Walker,1641716,Bovada,2026-03-25,2026-03-25 13:19:22,2026-03-25,Regular Season,0.383,0.45454545454545453,0.4248366013071895,-0.04183660130718947,-0.15739999999999993,0.617,0.6153846153846154,0.5751633986928104,0.04183660130718958,0.0026249999999999885,
PRICED,under,PTS,full_game,19.5,True,32.7320442199707,32.89003997755057,19.951004028320312,0.20273725994243616,20.153741288262747,0.6420909777808131,78bf92243997831090f4e81bdc0a5d4d7ba172f90b72e1ee43b198174beb3eea,4000,42,Julius Randle,203944,BetRivers,2026-03-26,2026-03-25 13:19:22,2026-03-25,Regular Season,0.52675,0.6254681647940075,0.5824275503980232,-0.055677550398023135,-0.15783083832335332,0.47324999999999995,0.4484304932735426,0.41757244960197687,0.05567755039802308,0.05534749999999988,
PRICED,under,PTS,full_game,13.5,True,29.046215057373047,29.025467563246064,13.15984058380127,0.1655932345430423,13.325433818344312,0.5327606694856868,78bf92243997831090f4e81bdc0a5d4d7ba172f90b72e1ee43b198174beb3eea,4000,42,Tobias Harris,202699,FanDuel,2026-03-25,2026-03-25 13:19:22,2026-03-25,Regular Season,0.46775,0.5555555555555556,0.5191532258064516,-0.051403225806451625,-0.15804999999999997,0.53225,0.5145631067961165,0.4808467741935484,0.051403225806451625,0.03437264150943398,
NO_BET,,PTS,full_game,17.5,True,31.083293914794922,31.24128967237479,15.129435539245605,0.015380391846781503,15.144815931092387,0.6420909777808131,78bf92243997831090f4e81bdc0a5d4d7ba172f90b72e1ee43b198174beb3eea,4000,42,Reed Sheppard,1642263,Bovada,2026-03-26,2026-03-25 13:19:22,2026-03-25,Regular Season,0.35825,0.425531914893617,0.3982930298719772,-0.040043029871977165,-0.1581125,0.64175,0.6428571428571429,0.6017069701280228,0.040043029871977276,-0.0017222222222221806,positive vig-free edge with nonpositive EV
PRICED,under,PTS,full_game,15.5,True,27.47185707092285,27.451109576795872,15.203346252441406,-0.06577896676833378,15.137567285673072,0.5327606694856868,78bf92243997831090f4e81bdc0a5d4d7ba172f90b72e1ee43b198174beb3eea,4000,42,Jrue Holiday,201950,BetRivers,2026-03-26,2026-03-25 13:19:22,2026-03-25,Regular Season,0.466,0.5535714285714286,0.5138121546961325,-0.04781215469613248,-0.15819354838709682,0.534,0.5238095238095238,0.4861878453038673,0.0478121546961327,0.019454545454545502,
PRICED,under,PTS,full_game,11.5,True,22.231834411621094,22.43462025746033,12.792119026184082,0.028415902335560975,12.820534928519644,0.4915060991395564,78bf92243997831090f4e81bdc0a5d4d7ba172f90b72e1ee43b198174beb3eea,4000,42,Keldon Johnson,1629640,Bovada,2026-03-26,2026-03-25 13:19:22,2026-03-25,Regular Season,0.5745,0.6825396825396826,0.6395881006864989,-0.06508810068649884,-0.1582906976744186,0.4255,0.38461538461538464,0.36041189931350115,0.06508810068649884,0.10630000000000006,
PRICED,under,PTS,full_game,12.5,True,25.929195404052734,25.908447909925755,11.821773529052734,0.37405409171785436,12.195827620770588,0.5327606694856868,78bf92243997831090f4e81bdc0a5d4d7ba172f90b72e1ee43b198174beb3eea,4000,42,Josh Minott,1631169,BetOnline.ag,2026-03-26,2026-03-25 13:19:22,2026-03-25,Regular Season,0.46225,0.5495495495495496,0.5164392569455861,-0.05418925694558613,-0.15885655737704912,0.53775,0.5145631067961165,0.483560743054414,0.05418925694558596,0.04506132075471697,
PRICED,under,PTS,full_game,17.5,True,29.183549880981445,29.162802386854462,19.322298049926758,0.16759071525889543,19.489888765185654,0.5327606694856868,78bf92243997831090f4e81bdc0a5d4d7ba172f90b72e1ee43b198174beb3eea,4000,42,Norman Powell,1626181,Bovada,2026-03-25,2026-03-25 13:19:22,2026-03-25,Regular Season,0.58625,0.696969696969697,0.6529968454258674,-0.0667468454258674,-0.15885869565217386,0.41374999999999995,0.37037037037037035,0.34700315457413244,0.06674684542586751,0.11712499999999992,
PRICED,under,PTS,full_game,15.5,True,30.783536911010742,30.94153266859061,14.377217292785645,-0.03388055342467686,14.343336739360968,0.6420909777808131,78bf92243997831090f4e81bdc0a5d4d7ba172f90b72e1ee43b198174beb3eea,4000,42,Brandin Podziemski,1641764,Bovada,2026-03-26,2026-03-25 13:19:22,2026-03-25,Regular Season,0.4205,0.5,0.4693877551020409,-0.04888775510204091,-0.15900000000000003,0.5795,0.5652173913043478,0.5306122448979592,0.0488877551020408,0.025269230769230766,
PRICED,under,PTS,full_game,8.5,True,25.79913902282715,25.77839152870017,10.317644119262695,-0.03677787306457675,10.28086624619812,0.5327606694856868,78bf92243997831090f4e81bdc0a5d4d7ba172f90b72e1ee43b198174beb3eea,4000,42,Julian Champagnie,1630577,Bovada,2026-03-26,2026-03-25 13:19:22,2026-03-25,Regular Season,0.6005,0.7142857142857143,0.6705882352941177,-0.07008823529411767,-0.1593,0.39949999999999997,0.3508771929824561,0.32941176470588235,0.07008823529411762,0.1385749999999999,
PRICED,under,PTS,full_game,13.5,True,28.116863250732422,28.09611575660544,11.333611488342285,0.26351378458343366,11.59712527292572,0.5327606694856868,78bf92243997831090f4e81bdc0a5d4d7ba172f90b72e1ee43b198174beb3eea,4000,42,Duncan Robinson,1629130,Bovada,2026-03-25,2026-03-25 13:19:22,2026-03-25,Regular Season,0.3655,0.43478260869565216,0.40847201210287437,-0.04297201210287438,-0.15935000000000016,0.6345000000000001,0.6296296296296297,0.5915279878971256,0.04297201210287449,0.0077352941176471735,
PRICED,under,PTS,full_game,26.5,True,34.690277099609375,34.848272857189244,26.89333724975586,0.05900574803470954,26.95234299779057,0.6420909777808131,78bf92243997831090f4e81bdc0a5d4d7ba172f90b72e1ee43b198174beb3eea,4000,42,Nikola Jokic,203999,Bovada,2026-03-26,2026-03-25 13:19:22,2026-03-25,Regular Season,0.51725,0.6153846153846154,0.5751633986928104,-0.057913398692810425,-0.15946875000000005,0.48275,0.45454545454545453,0.4248366013071895,0.057913398692810536,0.06205000000000016,
PRICED,under,PTS,full_game,15.5,True,24.152803421020508,24.13205592689353,14.182014465332031,0.04077257892005738,14.222787044252089,0.5327606694856868,78bf92243997831090f4e81bdc0a5d4d7ba172f90b72e1ee43b198174beb3eea,4000,42,De'Anthony Melton,1629001,BetRivers,2026-03-26,2026-03-25 13:19:22,2026-03-25,Regular Season,0.41,0.4878048780487805,0.4546740873502499,-0.044674087350249914,-0.1595000000000002,0.5900000000000001,0.5850622406639004,0.5453259126497499,0.044674087350250136,0.008439716312056922,
PRICED,under,PTS,full_game,26.5,True,36.66040802001953,37.165923554088366,25.600746154785156,0.17237981025168023,25.773125965036837,0.746175435493391,78bf92243997831090f4e81bdc0a5d4d7ba172f90b72e1ee43b198174beb3eea,4000,42,Kevin Durant,201142,BetOnline.ag,2026-03-26,2026-03-25 13:19:22,2026-03-25,Regular Season,0.44,0.5238095238095238,0.49179655455291227,-0.051796554552912266,-0.16000000000000003,0.56,0.5412844036697247,0.5082034454470877,0.05179655455291232,0.03457627118644069,
PRICED,under,PTS,full_game,15.5,True,28.055803298950195,28.035055804823212,13.56492805480957,-0.05914933723407953,13.50577871757549,0.5327606694856868,78bf92243997831090f4e81bdc0a5d4d7ba172f90b72e1ee43b198174beb3eea,4000,42,Devin Vassell,1630170,Bovada,2026-03-26,2026-03-25 13:19:22,2026-03-25,Regular Season,0.35,0.4166666666666667,0.39094650205761317,-0.04094650205761319,-0.1600000000000001,0.65,0.6491228070175439,0.6090534979423868,0.04094650205761319,0.001351351351351393,
NO_BET,,PTS,full_game,16.5,True,30.78316307067871,30.94115882825858,13.995372772216797,-0.010446228825563082,13.984926543391234,0.6420909777808131,78bf92243997831090f4e81bdc0a5d4d7ba172f90b72e1ee43b198174beb3eea,4000,42,Jarace Walker,1641716,Bovada,2026-03-25,2026-03-25 13:19:22,2026-03-25,Regular Season,0.32875,0.39215686274509803,0.3666469544648137,-0.037896954464813726,-0.1616875000000001,0.67125,0.6774193548387096,0.6333530455351862,0.03789695446481378,-0.009107142857142758,positive vig-free edge with nonpositive EV
PRICED,under,PTS,full_game,10.5,True,25.79913902282715,25.77839152870017,10.317644119262695,-0.03677787306457675,10.28086624619812,0.5327606694856868,78bf92243997831090f4e81bdc0a5d4d7ba172f90b72e1ee43b198174beb3eea,4000,42,Julian Champagnie,1630577,BetOnline.ag,2026-03-26,2026-03-25 13:19:22,2026-03-25,Regular Season,0.46225,0.5515695067264574,0.519675254742772,-0.05742525474277199,-0.16193699186991867,0.53775,0.5098039215686274,0.480324745257228,0.057425254742771936,0.05481730769230769,
PRICED,under,PTS,full_game,14.5,True,24.152803421020508,24.13205592689353,14.182014465332031,0.04077257892005738,14.222787044252089,0.5327606694856868,78bf92243997831090f4e81bdc0a5d4d7ba172f90b72e1ee43b198174beb3eea,4000,42,De'Anthony Melton,1629001,BetRivers,2026-03-26,2026-03-25 13:19:22,2026-03-25,Regular Season,0.4685,0.5594713656387665,0.5209063395985983,-0.052406339598598306,-0.1626023622047244,0.5315,0.5145631067961165,0.4790936604014018,0.052406339598598195,0.032915094339622586,
PRICED,under,PTS,full_game,9.5,True,25.04226303100586,25.02151553687888,9.190759658813477,0.14380092609098305,9.334560584904459,0.5327606694856868,78bf92243997831090f4e81bdc0a5d4d7ba172f90b72e1ee43b198174beb3eea,4000,42,Jamir Watkins,1642364,FanDuel,2026-03-26,2026-03-25 13:19:22,2026-03-25,Regular Season,0.46,0.5495495495495496,0.5141838223374939,-0.054183822337493914,-0.16295081967213115,0.54,0.5192307692307693,0.48581617766250607,0.05418382233749397,0.04000000000000009,
PRICED,under,PTS,full_game,19.5,True,32.7320442199707,32.89003997755057,19.951004028320312,0.20273725994243616,20.153741288262747,0.6420909777808131,78bf92243997831090f4e81bdc0a5d4d7ba172f90b72e1ee43b198174beb3eea,4000,42,Julius Randle,203944,Bovada,2026-03-26,2026-03-25 13:19:22,2026-03-25,Regular Season,0.52675,0.6296296296296297,0.5915279878971256,-0.06477798789712552,-0.16339705882352928,0.47324999999999995,0.43478260869565216,0.40847201210287437,0.06477798789712558,0.08847499999999975,
PRICED,under,PTS,full_game,13.5,True,29.046215057373047,29.025467563246064,13.15984058380127,0.1655932345430423,13.325433818344312,0.5327606694856868,78bf92243997831090f4e81bdc0a5d4d7ba172f90b72e1ee43b198174beb3eea,4000,42,Tobias Harris,202699,DraftKings,2026-03-25,2026-03-25 13:19:22,2026-03-25,Regular Season,0.46775,0.5594713656387665,0.528066528066528,-0.060316528066527986,-0.16394291338582678,0.53225,0.5,0.47193347193347185,0.06031652806652815,0.0645,
NO_BET,,PTS,full_game,23.5,True,32.52472686767578,32.68272262525565,19.384681701660156,0.08096657882010863,19.465648280480266,0.6420909777808131,78bf92243997831090f4e81bdc0a5d4d7ba172f90b72e1ee43b198174beb3eea,4000,42,Matas Buzelis,1641824,Bovada,2026-03-25,2026-03-25 13:19:22,2026-03-25,Regular Season,0.2695,0.3225806451612903,0.30256012412723043,-0.03306012412723042,-0.16454999999999986,0.7304999999999999,0.7435897435897436,0.6974398758727697,0.03306012412723025,-0.017603448275862077,positive vig-free edge with nonpositive EV
PRICED,under,PTS,full_game,15.5,True,32.497337341308594,32.65533309888846,14.567300796508789,0.22869670261903097,14.79599749912782,0.6420909777808131,78bf92243997831090f4e81bdc0a5d4d7ba172f90b72e1ee43b198174beb3eea,4000,42,Jaden McDaniels,1630183,BetMGM,2026-03-26,2026-03-25 13:19:22,2026-03-25,Regular Season,0.44675,0.5348837209302325,0.5,-0.05325000000000002,-0.16477173913043486,0.55325,0.5348837209302325,0.5,0.05325000000000002,0.03433695652173907,
PRICED,under,PTS,full_game,15.5,True,32.497337341308594,32.65533309888846,14.567300796508789,0.22869670261903097,14.79599749912782,0.6420909777808131,78bf92243997831090f4e81bdc0a5d4d7ba172f90b72e1ee43b198174beb3eea,4000,42,Jaden McDaniels,1630183,Bovada,2026-03-26,2026-03-25 13:19:22,2026-03-25,Regular Season,0.44675,0.5348837209302325,0.5,-0.05325000000000002,-0.16477173913043486,0.55325,0.5348837209302325,0.5,0.05325000000000002,0.03433695652173907,
PRICED,under,PTS,full_game,7.5,True,19.01741600036621,19.22020184620545,8.169254302978516,-0.24983301983511727,7.919421283143398,0.4915060991395564,78bf92243997831090f4e81bdc0a5d4d7ba172f90b72e1ee43b198174beb3eea,4000,42,Leonard Miller,1631159,Bovada,2026-03-25,2026-03-25 13:19:22,2026-03-25,Regular Season,0.52,0.6226415094339622,0.5834970530451867,-0.06349705304518671,-0.16484848484848486,0.48,0.4444444444444444,0.4165029469548134,0.0634970530451866,0.07999999999999996,
PRICED,under,PTS,full_game,12.5,True,27.14998435974121,27.12923686561423,12.504145622253418,-0.011558768386232123,12.492586853867186,0.5327606694856868,78bf92243997831090f4e81bdc0a5d4d7ba172f90b72e1ee43b198174beb3eea,4000,42,Onyeka Okongwu,1630168,BetRivers,2026-03-25,2026-03-25 13:19:22,2026-03-25,Regular Season,0.48275,0.5780590717299579,0.5362035225048923,-0.053453522504892326,-0.16487773722627735,0.51725,0.5,0.4637964774951076,0.05345352250489238,0.034499999999999975,
PRICED,under,PTS,full_game,16.5,True,27.47185707092285,27.451109576795872,15.203346252441406,-0.06577896676833378,15.137567285673072,0.5327606694856868,78bf92243997831090f4e81bdc0a5d4d7ba172f90b72e1ee43b198174beb3eea,4000,42,Jrue Holiday,201950,BetRivers,2026-03-26,2026-03-25 13:19:22,2026-03-25,Regular Season,0.40725,0.4878048780487805,0.4532313718175883,-0.045981371817588323,-0.16513750000000005,0.59275,0.588477366255144,0.5467686281824116,0.045981371817588435,0.00726048951048941,
PRICED,under,PTS,full_game,36.5,True,36.67681121826172,37.18232675233055,34.251033782958984,0.0951001249204827,34.34613390787947,0.746175435493391,78bf92243997831090f4e81bdc0a5d4d7ba172f90b72e1ee43b198174beb3eea,4000,42,Luka Doncic,1629029,Bovada,2026-03-25,2026-03-25 13:19:22,2026-03-25,Regular Season,0.38825,0.46511627906976744,0.43668122270742354,-0.04843122270742356,-0.1652625000000001,0.61175,0.6,0.5633187772925764,0.048431222707423616,0.019583333333333286,
PRICED,under,PTS,full_game,16.5,True,31.083293914794922,31.24128967237479,15.129435539245605,0.015380391846781503,15.144815931092387,0.6420909777808131,78bf92243997831090f4e81bdc0a5d4d7ba172f90b72e1ee43b198174beb3eea,4000,42,Reed Sheppard,1642263,Bovada,2026-03-26,2026-03-25 13:19:22,2026-03-25,Regular Season,0.407,0.4878048780487805,0.4592085979482169,-0.05220859794821692,-0.16565000000000007,0.593,0.574468085106383,0.5407914020517831,0.05220859794821686,0.032259259259259265,
PRICED,under,PTS,full_game,14.5,True,27.14998435974121,27.12923686561423,12.504145622253418,-0.011558768386232123,12.492586853867186,0.5327606694856868,78bf92243997831090f4e81bdc0a5d4d7ba172f90b72e1ee43b198174beb3eea,4000,42,Onyeka Okongwu,1630168,Bovada,2026-03-25,2026-03-25 13:19:22,2026-03-25,Regular Season,0.355,0.425531914893617,0.3982930298719772,-0.043293029871977196,-0.16575,0.645,0.6428571428571429,0.6017069701280228,0.04329302987197725,0.003333333333333355,
PRICED,under,PTS,full_game,15.5,True,31.083293914794922,31.24128967237479,15.129435539245605,0.015380391846781503,15.144815931092387,0.6420909777808131,78bf92243997831090f4e81bdc0a5d4d7ba172f90b72e1ee43b198174beb3eea,4000,42,Reed Sheppard,1642263,DraftKings,2026-03-26,2026-03-25 13:19:22,2026-03-25,Regular Season,0.45475,0.5454545454545454,0.5145711906744379,-0.05982119067443792,-0.16629166666666662,0.54525,0.5145631067961165,0.48542880932556204,0.059821190674437974,0.05963679245283027,
PRICED,under,PTS,full_game,15.5,True,31.083293914794922,31.24128967237479,15.129435539245605,0.015380391846781503,15.144815931092387,0.6420909777808131,78bf92243997831090f4e81bdc0a5d4d7ba172f90b72e1ee43b198174beb3eea,4000,42,Reed Sheppard,1642263,Bovada,2026-03-26,2026-03-25 13:19:22,2026-03-25,Regular Season,0.45475,0.5454545454545454,0.5101214574898786,-0.055371457489878595,-0.16629166666666662,0.54525,0.5238095238095238,0.48987854251012153,0.055371457489878484,0.040931818181818236,
NO_BET,,PTS,full_game,18.5,True,31.083293914794922,31.24128967237479,15.129435539245605,0.015380391846781503,15.144815931092387,0.6420909777808131,78bf92243997831090f4e81bdc0a5d4d7ba172f90b72e1ee43b198174beb3eea,4000,42,Reed Sheppard,1642263,Bovada,2026-03-26,2026-03-25 13:19:22,2026-03-25,Regular Season,0.30875,0.37037037037037035,0.34700315457413244,-0.03825315457413242,-0.16637499999999983,0.6912499999999999,0.696969696969697,0.6529968454258674,0.038253154574132475,-0.008206521739130557,positive vig-free edge with nonpositive EV
PRICED,under,PTS,full_game,7.5,True,18.852142333984375,19.054928179823612,7.8576130867004395,-0.051712225539888634,7.805900861160551,0.4915060991395564,78bf92243997831090f4e81bdc0a5d4d7ba172f90b72e1ee43b198174beb3eea,4000,42,Caris LeVert,1627747,Bovada,2026-03-25,2026-03-25 13:19:22,2026-03-25,Regular Season,0.5,0.6,0.5633187772925764,-0.0633187772925764,-0.16666666666666674,0.5,0.46511627906976744,0.43668122270742354,0.06331877729257646,0.07499999999999996,
PRICED,under,PTS,full_game,13.5,True,29.17185401916504,29.151106525038056,13.212282180786133,-0.0828621571539925,13.12942002363214,0.5327606694856868,78bf92243997831090f4e81bdc0a5d4d7ba172f90b72e1ee43b198174beb3eea,4000,42,Gui Santos,1630611,BetOnline.ag,2026-03-26,2026-03-25 13:19:22,2026-03-25,Regular Season,0.4545,0.5454545454545454,0.5123152709359606,-0.057815270935960617,-0.1667499999999999,0.5455,0.5192307692307693,0.4876847290640395,0.057815270935960505,0.05059259259259263,
PRICED,under,PTS,full_game,13.5,True,29.17185401916504,29.151106525038056,13.212282180786133,-0.0828621571539925,13.12942002363214,0.5327606694856868,78bf92243997831090f4e81bdc0a5d4d7ba172f90b72e1ee43b198174beb3eea,4000,42,Gui Santos,1630611,BetRivers,2026-03-26,2026-03-25 13:19:22,2026-03-25,Regular Season,0.4545,0.5454545454545454,0.5059101654846335,-0.05141016548463351,-0.1667499999999999,0.5455,0.5327102803738317,0.4940898345153664,0.05141016548463356,0.02400877192982459,
PRICED,under,PTS,full_game,26.5,True,36.66040802001953,37.165923554088366,25.600746154785156,0.17237981025168023,25.773125965036837,0.746175435493391,78bf92243997831090f4e81bdc0a5d4d7ba172f90b72e1ee43b198174beb3eea,4000,42,Kevin Durant,201142,BetRivers,2026-03-26,2026-03-25 13:19:22,2026-03-25,Regular Season,0.44,0.5283018867924528,0.4901435104873048,-0.05014351048730481,-0.1671428571428572,0.56,0.5495495495495496,0.5098564895126951,0.05014351048730492,0.019016393442623014,
PRICED,under,PTS,full_game,15.5,True,30.783536911010742,30.94153266859061,14.377217292785645,-0.03388055342467686,14.343336739360968,0.6420909777808131,78bf92243997831090f4e81bdc0a5d4d7ba172f90b72e1ee43b198174beb3eea,4000,42,Brandin Podziemski,1641764,BetOnline.ag,2026-03-26,2026-03-25 13:19:22,2026-03-25,Regular Season,0.4205,0.504950495049505,0.47438944435338465,-0.05388944435338466,-0.16724509803921567,0.5795,0.5594713656387665,0.5256105556466153,0.05388944435338472,0.03579921259842517,
PRICED,under,PTS,full_game,26.5,True,34.2680778503418,34.426073607921666,23.74484634399414,0.11501737115835965,23.8598637151525,0.6420909777808131,78bf92243997831090f4e81bdc0a5d4d7ba172f90b72e1ee43b198174beb3eea,4000,42,Jamal Murray,1627750,Bovada,2026-03-26,2026-03-25 13:19:22,2026-03-25,Regular Season,0.34675,0.4166666666666667,0.39094650205761317,-0.04419650205761316,-0.1678,0.65325,0.6491228070175439,0.6090534979423868,0.04419650205761316,0.006358108108108107,
PRICED,under,PTS,full_game,12.5,True,25.929195404052734,25.908447909925755,11.821773529052734,0.37405409171785436,12.195827620770588,0.5327606694856868,78bf92243997831090f4e81bdc0a5d4d7ba172f90b72e1ee43b198174beb3eea,4000,42,Josh Minott,1631169,Bovada,2026-03-26,2026-03-25 13:19:22,2026-03-25,Regular Season,0.46225,0.5555555555555556,0.5203045685279188,-0.05805456852791885,-0.16794999999999993,0.53775,0.5121951219512195,0.4796954314720812,0.05805456852791874,0.04989285714285713,
PRICED,under,PTS,full_game,16.5,True,24.152803421020508,24.13205592689353,14.182014465332031,0.04077257892005738,14.222787044252089,0.5327606694856868,78bf92243997831090f4e81bdc0a5d4d7ba172f90b72e1ee43b198174beb3eea,4000,42,De'Anthony Melton,1629001,Bovada,2026-03-26,2026-03-25 13:19:22,2026-03-25,Regular Season,0.354,0.425531914893617,0.3982930298719772,-0.044293029871977196,-0.16810000000000003,0.646,0.6428571428571429,0.6017069701280228,0.04429302987197725,0.004888888888888943,
PRICED,under,PTS,full_game,15.5,True,32.497337341308594,32.65533309888846,14.567300796508789,0.22869670261903097,14.79599749912782,0.6420909777808131,78bf92243997831090f4e81bdc0a5d4d7ba172f90b72e1ee43b198174beb3eea,4000,42,Jaden McDaniels,1630183,BetOnline.ag,2026-03-26,2026-03-25 13:19:22,2026-03-25,Regular Season,0.44675,0.5370370370370371,0.5051597457277305,-0.0584097457277305,-0.16812068965517246,0.55325,0.5260663507109005,0.4948402542722694,0.05840974572773061,0.051673423423423515,
NO_BET,,PTS,full_game,14.5,True,31.708898544311523,31.866894301891392,11.904556274414062,0.06961333565917877,11.974169610073242,0.6420909777808131,78bf92243997831090f4e81bdc0a5d4d7ba172f90b72e1ee43b198174beb3eea,4000,42,Rudy Gobert,203497,Bovada,2026-03-26,2026-03-25 13:19:22,2026-03-25,Regular Season,0.31975,0.38461538461538464,0.36041189931350115,-0.04066189931350117,-0.16865000000000008,0.68025,0.6825396825396826,0.6395881006864989,0.04066189931350117,-0.0033546511627907116,positive vig-free edge with nonpositive EV
PRICED,under,PTS,full_game,13.5,True,29.046215057373047,29.025467563246064,13.15984058380127,0.1655932345430423,13.325433818344312,0.5327606694856868,78bf92243997831090f4e81bdc0a5d4d7ba172f90b72e1ee43b198174beb3eea,4000,42,Tobias Harris,202699,BetRivers,2026-03-25,2026-03-25 13:19:22,2026-03-25,Regular Season,0.46775,0.5633187772925764,0.5226164254247954,-0.05486642542479536,-0.1696531007751938,0.53225,0.5145631067961165,0.4773835745752045,0.05486642542479553,0.03437264150943398,
PRICED,under,PTS,full_game,29.5,True,35.62293243408203,35.7809281916619,28.60781478881836,0.235486775928927,28.843301564747286,0.6420909777808131,78bf92243997831090f4e81bdc0a5d4d7ba172f90b72e1ee43b198174beb3eea,4000,42,Shai Gilgeous-Alexander,1628983,BetMGM,2026-03-25,2026-03-25 13:19:22,2026-03-25,Regular Season,0.45275,0.5454545454545454,0.5090470446320868,-0.056297044632086846,-0.16995833333333327,0.54725,0.5260663507109005,0.49095295536791317,0.056297044632086846,0.040268018018018104,
PRICED,under,PTS,full_game,27.5,True,36.66040802001953,37.165923554088366,25.600746154785156,0.17237981025168023,25.773125965036837,0.746175435493391,78bf92243997831090f4e81bdc0a5d4d7ba172f90b72e1ee43b198174beb3eea,4000,42,Kevin Durant,201142,BetRivers,2026-03-26,2026-03-25 13:19:22,2026-03-25,Regular Season,0.3915,0.4716981132075472,0.4388409027584286,-0.04734090275842856,-0.17002,0.6085,0.6031746031746031,0.5611590972415714,0.047340902758428616,0.008828947368421103,
PRICED,under,PTS,full_game,14.5,True,31.083293914794922,31.24128967237479,15.129435539245605,0.015380391846781503,15.144815931092387,0.6420909777808131,78bf92243997831090f4e81bdc0a5d4d7ba172f90b72e1ee43b198174beb3eea,4000,42,Reed Sheppard,1642263,Bovada,2026-03-26,2026-03-25 13:19:22,2026-03-25,Regular Season,0.5105,0.6153846153846154,0.5751633986928104,-0.06466339869281046,-0.17043750000000008,0.48950000000000005,0.45454545454545453,0.4248366013071895,0.06466339869281057,0.07690000000000019,
PRICED,under,PTS,full_game,20.5,True,32.7320442199707,32.89003997755057,19.951004028320312,0.20273725994243616,20.153741288262747,0.6420909777808131,78bf92243997831090f4e81bdc0a5d4d7ba172f90b72e1ee43b198174beb3eea,4000,42,Julius Randle,203944,BetRivers,2026-03-26,2026-03-25 13:19:22,2026-03-25,Regular Season,0.4685,0.5652173913043478,0.5246062992125985,-0.056106299212598465,-0.1711153846153846,0.5315,0.5121951219512195,0.4753937007874017,0.0561062992125983,0.03769047619047616,
PRICED,under,PTS,full_game,20.5,True,32.7320442199707,32.89003997755057,19.951004028320312,0.20273725994243616,20.153741288262747,0.6420909777808131,78bf92243997831090f4e81bdc0a5d4d7ba172f90b72e1ee43b198174beb3eea,4000,42,Julius Randle,203944,FanDuel,2026-03-26,2026-03-25 13:19:22,2026-03-25,Regular Season,0.4685,0.5652173913043478,0.5281576830249397,-0.05965768302493968,-0.1711153846153846,0.5315,0.504950495049505,0.4718423169750604,0.05965768302493957,0.05257843137254903,
PRICED,under,PTS,full_game,18.5,True,30.93474578857422,31.092741546154087,19.52208137512207,0.1254928028682659,19.647574177990336,0.6420909777808131,78bf92243997831090f4e81bdc0a5d4d7ba172f90b72e1ee43b198174beb3eea,4000,42,R.J. Barrett,1629628,Bovada,2026-03-26,2026-03-25 13:19:22,2026-03-25,Regular Season,0.56525,0.6825396825396826,0.6395881006864989,-0.07433810068649882,-0.17184302325581396,0.43474999999999997,0.38461538461538464,0.36041189931350115,0.07433810068649882,0.13034999999999997,
PRICED,under,PTS,full_game,27.5,True,34.690277099609375,34.848272857189244,26.89333724975586,0.05900574803470954,26.95234299779057,0.6420909777808131,78bf92243997831090f4e81bdc0a5d4d7ba172f90b72e1ee43b198174beb3eea,4000,42,Nikola Jokic,203999,Bovada,2026-03-26,2026-03-25 13:19:22,2026-03-25,Regular Season,0.468,0.5652173913043478,0.5306122448979592,-0.06261224489795919,-0.17200000000000004,0.532,0.5,0.4693877551020409,0.06261224489795914,0.064,
PRICED,under,PTS,full_game,13.5,True,29.046215057373047,29.025467563246064,13.15984058380127,0.1655932345430423,13.325433818344312,0.5327606694856868,78bf92243997831090f4e81bdc0a5d4d7ba172f90b72e1ee43b198174beb3eea,4000,42,Tobias Harris,202699,Bovada,2026-03-25,2026-03-25 13:19:22,2026-03-25,Regular Season,0.46775,0.5652173913043478,0.5306122448979592,-0.06286224489795922,-0.17244230769230773,0.53225,0.5,0.4693877551020409,0.06286224489795911,0.0645,
PRICED,under,PTS,full_game,14.5,True,27.581321716308594,27.560574222181614,16.26681900024414,-0.023529805502859494,16.24328919474128,0.5327606694856868,78bf92243997831090f4e81bdc0a5d4d7ba172f90b72e1ee43b198174beb3eea,4000,42,Stephon Castle,1642264,Bovada,2026-03-26,2026-03-25 13:19:22,2026-03-25,Regular Season,0.5975,0.7222222222222222,0.6768402154398564,-0.07934021543985637,-0.17269230769230767,0.40249999999999997,0.3448275862068966,0.32315978456014366,0.07934021543985631,0.1672499999999999,
NO_BET,,PTS,full_game,27.5,True,34.2680778503418,34.426073607921666,23.74484634399414,0.11501737115835965,23.8598637151525,0.6420909777808131,78bf92243997831090f4e81bdc0a5d4d7ba172f90b72e1ee43b198174beb3eea,4000,42,Jamal Murray,1627750,Bovada,2026-03-26,2026-03-25 13:19:22,2026-03-25,Regular Season,0.30625,0.37037037037037035,0.34700315457413244,-0.04075315457413242,-0.17312499999999986,0.69375,0.696969696969697,0.6529968454258674,0.04075315457413253,-0.004619565217391375,positive vig-free edge with nonpositive EV
PRICED,under,PTS,full_game,10.5,True,20.131776809692383,20.33456265553162,8.144559860229492,-0.032555280664098615,8.112004579565394,0.4915060991395564,78bf92243997831090f4e81bdc0a5d4d7ba172f90b72e1ee43b198174beb3eea,4000,42,Kevin Huerter,1628989,Bovada,2026-03-25,2026-03-25 13:19:22,2026-03-25,Regular Season,0.33075,0.4,0.375,-0.04425000000000001,-0.17312500000000003,0.66925,0.6666666666666666,0.625,0.04425000000000001,0.0038750000000000173,
PRICED,under,PTS,full_game,14.5,True,29.17185401916504,29.151106525038056,13.212282180786133,-0.0828621571539925,13.12942002363214,0.5327606694856868,78bf92243997831090f4e81bdc0a5d4d7ba172f90b72e1ee43b198174beb3eea,4000,42,Gui Santos,1630611,BetRivers,2026-03-26,2026-03-25 13:19:22,2026-03-25,Regular Season,0.39,0.4716981132075472,0.43694311172035644,-0.04694311172035642,-0.1731999999999999,0.61,0.6078431372549019,0.5630568882796436,0.04694311172035637,0.003548387096774075,
PRICED,under,PTS,full_game,18.5,True,29.183549880981445,29.162802386854462,19.322298049926758,0.16759071525889543,19.489888765185654,0.5327606694856868,78bf92243997831090f4e81bdc0a5d4d7ba172f90b72e1ee43b198174beb3eea,4000,42,Norman Powell,1626181,Bovada,2026-03-25,2026-03-25 13:19:22,2026-03-25,Regular Season,0.5315,0.6428571428571429,0.6017069701280228,-0.0702069701280228,-0.17322222222222228,0.4685,0.425531914893617,0.3982930298719772,0.07020697012802285,0.10097500000000015,
PRICED,under,PTS,full_game,8.5,True,20.131776809692383,20.33456265553162,8.144559860229492,-0.032555280664098615,8.112004579565394,0.4915060991395564,78bf92243997831090f4e81bdc0a5d4d7ba172f90b72e1ee43b198174beb3eea,4000,42,Kevin Huerter,1628989,BetOnline.ag,2026-03-25,2026-03-25 13:19:22,2026-03-25,Regular Season,0.45425,0.5495495495495496,0.5164392569455861,-0.062189256945586135,-0.1734139344262295,0.54575,0.5145631067961165,0.483560743054414,0.06218925694558597,0.06060849056603773,
PRICED,under,PTS,full_game,10.5,True,25.34461784362793,25.32387034950095,10.142556190490723,-0.027272447309288902,10.115283743181434,0.5327606694856868,78bf92243997831090f4e81bdc0a5d4d7ba172f90b72e1ee43b198174beb3eea,4000,42,Jakob Poeltl,1627751,BetRivers,2026-03-26,2026-03-25 13:19:22,2026-03-25,Regular Season,0.459,0.5555555555555556,0.5157946692991116,-0.05679466929911153,-0.1737999999999999,0.5409999999999999,0.5215311004784688,0.4842053307008884,0.05679466929911153,0.03733027522935772,
NO_BET,,PTS,full_game,14.5,True,28.116863250732422,28.09611575660544,11.333611488342285,0.26351378458343366,11.59712527292572,0.5327606694856868,78bf92243997831090f4e81bdc0a5d4d7ba172f90b72e1ee43b198174beb3eea,4000,42,Duncan Robinson,1629130,Bovada,2026-03-25,2026-03-25 13:19:22,2026-03-25,Regular Season,0.306,0.37037037037037035,0.34700315457413244,-0.04100315457413245,-0.17379999999999995,0.694,0.696969696969697,0.6529968454258674,0.041003154574132505,-0.004260869565217429,positive vig-free edge with nonpositive EV
PRICED,under,PTS,full_game,26.5,True,36.66040802001953,37.165923554088366,25.600746154785156,0.17237981025168023,25.773125965036837,0.746175435493391,78bf92243997831090f4e81bdc0a5d4d7ba172f90b72e1ee43b198174beb3eea,4000,42,Kevin Durant,201142,FanDuel,2026-03-26,2026-03-25 13:19:22,2026-03-25,Regular Season,0.44,0.5327102803738317,0.5,-0.06,-0.17403508771929826,0.56,0.5327102803738317,0.5,0.06000000000000005,0.05122807017543868,
PRICED,under,PTS,full_game,10.5,True,25.04226303100586,25.02151553687888,9.190759658813477,0.14380092609098305,9.334560584904459,0.5327606694856868,78bf92243997831090f4e81bdc0a5d4d7ba172f90b72e1ee43b198174beb3eea,4000,42,Jamir Watkins,1642364,BetRivers,2026-03-26,2026-03-25 13:19:22,2026-03-25,Regular Season,0.39325,0.47619047619047616,0.4424778761061947,-0.04922787610619472,-0.17417499999999997,0.60675,0.6,0.5575221238938053,0.04922787610619472,0.011249999999999927,
PRICED,under,PTS,full_game,30.5,True,34.02191162109375,34.17990737867362,28.12468910217285,0.08675802482555833,28.21144712699841,0.6420909777808131,78bf92243997831090f4e81bdc0a5d4d7ba172f90b72e1ee43b198174beb3eea,4000,42,Donovan Mitchell,1628378,BetRivers,2026-03-25,2026-03-25 13:19:22,2026-03-25,Regular Season,0.384,0.46511627906976744,0.43105600399434135,-0.047056003994341344,-0.1744,0.616,0.6138996138996139,0.5689439960056586,0.0470560039943414,0.003421383647798648,
PRICED,under,PTS,full_game,30.5,True,34.02191162109375,34.17990737867362,28.12468910217285,0.08675802482555833,28.21144712699841,0.6420909777808131,78bf92243997831090f4e81bdc0a5d4d7ba172f90b72e1ee43b198174beb3eea,4000,42,Donovan Mitchell,1628378,Bovada,2026-03-25,2026-03-25 13:19:22,2026-03-25,Regular Season,0.384,0.46511627906976744,0.43668122270742354,-0.052681222707423536,-0.1744,0.616,0.6,0.5633187772925764,0.05268122270742359,0.02666666666666656,
NO_BET,,PTS,full_game,30.5,True,36.66040802001953,37.165923554088366,25.600746154785156,0.17237981025168023,25.773125965036837,0.746175435493391,78bf92243997831090f4e81bdc0a5d4d7ba172f90b72e1ee43b198174beb3eea,4000,42,Kevin Durant,201142,Bovada,2026-03-26,2026-03-25 13:19:22,2026-03-25,Regular Season,0.262,0.31746031746031744,0.29739776951672864,-0.03539776951672863,-0.17469999999999997,0.738,0.75,0.7026022304832714,0.03539776951672857,-0.01600000000000007,positive vig-free edge with nonpositive EV
PRICED,under,PTS,full_game,6.5,True,20.131776809692383,20.33456265553162,8.144559860229492,-0.032555280664098615,8.112004579565394,0.4915060991395564,78bf92243997831090f4e81bdc0a5d4d7ba172f90b72e1ee43b198174beb3eea,4000,42,Kevin Huerter,1628989,Bovada,2026-03-25,2026-03-25 13:19:22,2026-03-25,Regular Season,0.596,0.7222222222222222,0.6768402154398564,-0.08084021543985642,-0.17476923076923082,0.404,0.3448275862068966,0.32315978456014366,0.08084021543985637,0.17160000000000009,
PRICED,under,PTS,full_game,14.5,True,29.046215057373047,29.025467563246064,13.15984058380127,0.1655932345430423,13.325433818344312,0.5327606694856868,78bf92243997831090f4e81bdc0a5d4d7ba172f90b72e1ee43b198174beb3eea,4000,42,Tobias Harris,202699,BetRivers,2026-03-25,2026-03-25 13:19:22,2026-03-25,Regular Season,0.4025,0.4878048780487805,0.4546740873502499,-0.052174087350249865,-0.17487499999999995,0.5974999999999999,0.5850622406639004,0.5453259126497499,0.052174087350249976,0.021258865248226955,
PRICED,under,PTS,full_game,12.5,True,22.231834411621094,22.43462025746033,12.792119026184082,0.028415902335560975,12.820534928519644,0.4915060991395564,78bf92243997831090f4e81bdc0a5d4d7ba172f90b72e1ee43b198174beb3eea,4000,42,Keldon Johnson,1629640,Bovada,2026-03-26,2026-03-25 13:19:22,2026-03-25,Regular Season,0.50775,0.6153846153846154,0.5751633986928104,-0.06741339869281038,-0.17490624999999993,0.49224999999999997,0.45454545454545453,0.4248366013071895,0.06741339869281049,0.08294999999999997,
PRICED,under,PTS,full_game,18.5,True,32.89009094238281,33.04808669996268,17.752477645874023,0.07588933197150931,17.828366977845533,0.6420909777808131,78bf92243997831090f4e81bdc0a5d4d7ba172f90b72e1ee43b198174beb3eea,4000,42,Scottie Barnes,1630567,BetMGM,2026-03-26,2026-03-25 13:19:22,2026-03-25,Regular Season,0.44975,0.5454545454545454,0.5101214574898786,-0.0603714574898786,-0.17545833333333327,0.55025,0.5238095238095238,0.48987854251012153,0.06037145748987849,0.05047727272727276,
PRICED,under,PTS,full_game,21.5,True,32.7320442199707,32.89003997755057,19.951004028320312,0.20273725994243616,20.153741288262747,0.6420909777808131,78bf92243997831090f4e81bdc0a5d4d7ba172f90b72e1ee43b198174beb3eea,4000,42,Julius Randle,203944,BetRivers,2026-03-26,2026-03-25 13:19:22,2026-03-25,Regular Season,0.42025,0.5098039215686274,0.4725791287997492,-0.052329128799749214,-0.17566346153846146,0.57975,0.5689655172413793,0.5274208712002507,0.05232912879974927,0.018954545454545446,
NO_BET,,PTS,full_game,24.5,True,34.58273696899414,34.74073272657401,19.87921714782715,0.19280737585771687,20.072024523684867,0.6420909777808131,78bf92243997831090f4e81bdc0a5d4d7ba172f90b72e1ee43b198174beb3eea,4000,42,Jalen Johnson,1630552,Bovada,2026-03-25,2026-03-25 13:19:22,2026-03-25,Regular Season,0.28425,0.3448275862068966,0.32315978456014366,-0.038909784560143656,-0.17567500000000003,0.71575,0.7222222222222222,0.6768402154398564,0.0389097845601436,-0.008961538461538465,positive vig-free edge with nonpositive EV
PRICED,under,PTS,full_game,17.5,True,27.581321716308594,27.560574222181614,16.26681900024414,-0.023529805502859494,16.24328919474128,0.5327606694856868,78bf92243997831090f4e81bdc0a5d4d7ba172f90b72e1ee43b198174beb3eea,4000,42,Stephon Castle,1642264,FanDuel,2026-03-26,2026-03-25 13:19:22,2026-03-25,Regular Season,0.4195,0.5098039215686274,0.48124062031015497,-0.06174062031015498,-0.17713461538461533,0.5805,0.5495495495495496,0.5187593796898449,0.06174062031015515,0.05631967213114758,
PRICED,under,PTS,full_game,21.5,True,33.764774322509766,33.922770080089634,21.065927505493164,0.0547791689479315,21.120706674441095,0.6420909777808131,78bf92243997831090f4e81bdc0a5d4d7ba172f90b72e1ee43b198174beb3eea,4000,42,Brandon Ingram,1627742,BetMGM,2026-03-26,2026-03-25 13:19:22,2026-03-25,Regular Season,0.457,0.5555555555555556,0.5203045685279188,-0.06330456852791883,-0.1773999999999999,0.5429999999999999,0.5121951219512195,0.4796954314720812,0.06330456852791871,0.060142857142857,
PRICED,under,PTS,full_game,28.5,True,35.62293243408203,35.7809281916619,28.60781478881836,0.235486775928927,28.843301564747286,0.6420909777808131,78bf92243997831090f4e81bdc0a5d4d7ba172f90b72e1ee43b198174beb3eea,4000,42,Shai Gilgeous-Alexander,1628983,Bovada,2026-03-25,2026-03-25 13:19:22,2026-03-25,Regular Season,0.506,0.6153846153846154,0.5751633986928104,-0.06916339869281041,-0.17774999999999996,0.494,0.45454545454545453,0.4248366013071895,0.06916339869281052,0.0868000000000001,
PRICED,under,PTS,full_game,9.5,True,25.04226303100586,25.02151553687888,9.190759658813477,0.14380092609098305,9.334560584904459,0.5327606694856868,78bf92243997831090f4e81bdc0a5d4d7ba172f90b72e1ee43b198174beb3eea,4000,42,Jamir Watkins,1642364,BetRivers,2026-03-26,2026-03-25 13:19:22,2026-03-25,Regular Season,0.46,0.5594713656387665,0.519771442128989,-0.05977144212898894,-0.17779527559055125,0.54,0.5169082125603864,0.4802285578710111,0.05977144212898894,0.04467289719626172,
PRICED,under,PTS,full_game,10.5,True,24.60011100769043,24.57936351356345,11.90056324005127,0.043358085225788115,11.943921325277058,0.5327606694856868,78bf92243997831090f4e81bdc0a5d4d7ba172f90b72e1ee43b198174beb3eea,4000,42,Kyle Kuzma,1628398,Bovada,2026-03-26,2026-03-25 13:19:22,2026-03-25,Regular Season,0.60525,0.7368421052631579,0.6920583468395461,-0.08680834683954619,-0.17858928571428573,0.39475000000000005,0.32786885245901637,0.3079416531604538,0.08680834683954625,0.2039875000000001,
PRICED,under,PTS,full_game,12.5,True,29.482128143310547,29.461380649183564,13.934953689575195,0.04529438981621654,13.980248079391412,0.5327606694856868,78bf92243997831090f4e81bdc0a5d4d7ba172f90b72e1ee43b198174beb3eea,4000,42,Bilal Coulibaly,1641731,Bovada,2026-03-26,2026-03-25 13:19:22,2026-03-25,Regular Season,0.58625,0.7142857142857143,0.6705882352941177,-0.08433823529411766,-0.17925,0.41374999999999995,0.3508771929824561,0.32941176470588235,0.0843382352941176,0.17918749999999994,
NO_BET,,PTS,full_game,17.5,True,30.78316307067871,30.94115882825858,13.995372772216797,-0.010446228825563082,13.984926543391234,0.6420909777808131,78bf92243997831090f4e81bdc0a5d4d7ba172f90b72e1ee43b198174beb3eea,4000,42,Jarace Walker,1641716,Bovada,2026-03-25,2026-03-25 13:19:22,2026-03-25,Regular Season,0.2735,0.3333333333333333,0.3125,-0.03899999999999998,-0.17949999999999988,0.7264999999999999,0.7333333333333333,0.6875,0.038999999999999924,-0.009318181818181781,positive vig-free edge with nonpositive EV
PRICED,under,PTS,full_game,9.5,True,25.79913902282715,25.77839152870017,10.317644119262695,-0.03677787306457675,10.28086624619812,0.5327606694856868,78bf92243997831090f4e81bdc0a5d4d7ba172f90b72e1ee43b198174beb3eea,4000,42,Julian Champagnie,1630577,Bovada,2026-03-26,2026-03-25 13:19:22,2026-03-25,Regular Season,0.52725,0.6428571428571429,0.6017069701280228,-0.07445697012802277,-0.17983333333333335,0.47275,0.425531914893617,0.3982930298719772,0.07445697012802283,0.11096250000000007,
PRICED,under,PTS,full_game,15.5,True,32.497337341308594,32.65533309888846,14.567300796508789,0.22869670261903097,14.79599749912782,0.6420909777808131,78bf92243997831090f4e81bdc0a5d4d7ba172f90b72e1ee43b198174beb3eea,4000,42,Jaden McDaniels,1630183,FanDuel,2026-03-26,2026-03-25 13:19:22,2026-03-25,Regular Season,0.44675,0.5454545454545454,0.5101214574898786,-0.0633714574898786,-0.18095833333333328,0.55325,0.5238095238095238,0.48987854251012153,0.06337145748987849,0.05620454545454556,
NO_BET,,PTS,full_game,11.5,True,20.131776809692383,20.33456265553162,8.144559860229492,-0.032555280664098615,8.112004579565394,0.4915060991395564,78bf92243997831090f4e81bdc0a5d4d7ba172f90b72e1ee43b198174beb3eea,4000,42,Kevin Huerter,1628989,Bovada,2026-03-25,2026-03-25 13:19:22,2026-03-25,Regular Season,0.273,0.3333333333333333,0.3125,-0.03949999999999998,-0.18099999999999994,0.727,0.7333333333333333,0.6875,0.03949999999999998,-0.008636363636363553,positive vig-free edge with nonpositive EV
PRICED,under,PTS,full_game,15.5,True,33.881710052490234,34.0397058100701,16.94695472717285,-0.038915135812051055,16.9080395913608,0.6420909777808131,78bf92243997831090f4e81bdc0a5d4d7ba172f90b72e1ee43b198174beb3eea,4000,42,Josh Giddey,1630581,Bovada,2026-03-25,2026-03-25 13:19:22,2026-03-25,Regular Season,0.5815,0.7101449275362319,0.6653734238603297,-0.0838734238603297,-0.18115306122448976,0.4185,0.35714285714285715,0.3346265761396702,0.08387342386032981,0.17179999999999984,
PRICED,under,PTS,full_game,11.5,True,25.79913902282715,25.77839152870017,10.317644119262695,-0.03677787306457675,10.28086624619812,0.5327606694856868,78bf92243997831090f4e81bdc0a5d4d7ba172f90b72e1ee43b198174beb3eea,4000,42,Julian Champagnie,1630577,BetRivers,2026-03-26,2026-03-25 13:19:22,2026-03-25,Regular Season,0.39725,0.4854368932038835,0.4520257450053946,-0.054775745005394616,-0.18166500000000002,0.60275,0.588477366255144,0.5479742549946055,0.054775745005394505,0.024253496503496452,
PRICED,under,PTS,full_game,19.5,True,29.183549880981445,29.162802386854462,19.322298049926758,0.16759071525889543,19.489888765185654,0.5327606694856868,78bf92243997831090f4e81bdc0a5d4d7ba172f90b72e1ee43b198174beb3eea,4000,42,Norman Powell,1626181,BetRivers,2026-03-25,2026-03-25 13:19:22,2026-03-25,Regular Season,0.47575,0.5815899581589958,0.542636252296387,-0.066886252296387,-0.18198381294964028,0.52425,0.49019607843137253,0.45736374770361293,0.06688625229638706,0.06947000000000003,
PRICED,under,PTS,full_game,9.5,True,20.131776809692383,20.33456265553162,8.144559860229492,-0.032555280664098615,8.112004579565394,0.4915060991395564,78bf92243997831090f4e81bdc0a5d4d7ba172f90b72e1ee43b198174beb3eea,4000,42,Kevin Huerter,1628989,Bovada,2026-03-25,2026-03-25 13:19:22,2026-03-25,Regular Season,0.3895,0.47619047619047616,0.4458598726114649,-0.05635987261146491,-0.18205,0.6105,0.5918367346938775,0.554140127388535,0.05635987261146502,0.03153448275862075,
PRICED,under,PTS,full_game,10.5,True,25.79913902282715,25.77839152870017,10.317644119262695,-0.03677787306457675,10.28086624619812,0.5327606694856868,78bf92243997831090f4e81bdc0a5d4d7ba172f90b72e1ee43b198174beb3eea,4000,42,Julian Champagnie,1630577,Bovada,2026-03-26,2026-03-25 13:19:22,2026-03-25,Regular Season,0.46225,0.5652173913043478,0.5306122448979592,-0.06836224489795922,-0.18217307692307688,0.53775,0.5,0.4693877551020409,0.06836224489795906,0.07549999999999996,
PRICED,under,PTS,full_game,8.5,True,20.131776809692383,20.33456265553162,8.144559860229492,-0.032555280664098615,8.112004579565394,0.4915060991395564,78bf92243997831090f4e81bdc0a5d4d7ba172f90b72e1ee43b198174beb3eea,4000,42,Kevin Huerter,1628989,DraftKings,2026-03-25,2026-03-25 13:19:22,2026-03-25,Regular Season,0.45425,0.5555555555555556,0.5238589211618258,-0.06960892116182577,-0.18234999999999996,0.54575,0.504950495049505,0.47614107883817425,0.06960892116182571,0.08079901960784314,
PRICED,under,PTS,full_game,8.5,True,20.131776809692383,20.33456265553162,8.144559860229492,-0.032555280664098615,8.112004579565394,0.4915060991395564,78bf92243997831090f4e81bdc0a5d4d7ba172f90b72e1ee43b198174beb3eea,4000,42,Kevin Huerter,1628989,Bovada,2026-03-25,2026-03-25 13:19:22,2026-03-25,Regular Season,0.45425,0.5555555555555556,0.5203045685279188,-0.06605456852791886,-0.18234999999999996,0.54575,0.5121951219512195,0.4796954314720812,0.06605456852791874,0.06551190476190466,
NO_BET,,PTS,full_game,9.5,True,23.54230308532715,23.745088931166386,7.398534774780273,-0.10823569018887544,7.290299084591398,0.4915060991395564,78bf92243997831090f4e81bdc0a5d4d7ba172f90b72e1ee43b198174beb3eea,4000,42,Keon Ellis,1631165,Bovada,2026-03-25,2026-03-25 13:19:22,2026-03-25,Regular Season,0.292,0.35714285714285715,0.3346265761396702,-0.04262657613967019,-0.1824,0.708,0.7101449275362319,0.6653734238603297,0.04262657613967025,-0.00302040816326532,positive vig-free edge with nonpositive EV
PRICED,under,PTS,full_game,5.5,True,22.261375427246094,22.46416127308533,6.678829193115234,-0.09571791808630775,6.5831112750289265,0.4915060991395564,78bf92243997831090f4e81bdc0a5d4d7ba172f90b72e1ee43b198174beb3eea,4000,42,John Konchar,1629723,Bovada,2026-03-26,2026-03-25 13:19:22,2026-03-25,Regular Season,0.584,0.7142857142857143,0.6705882352941177,-0.08658823529411774,-0.1824000000000001,0.41600000000000004,0.3508771929824561,0.32941176470588235,0.08658823529411769,0.1856000000000001,
PRICED,under,PTS,full_game,18.5,True,27.408226013183594,27.387478519056614,18.107128143310547,0.08992749369746968,18.197055637008017,0.5327606694856868,78bf92243997831090f4e81bdc0a5d4d7ba172f90b72e1ee43b198174beb3eea,4000,42,Darius Garland,1629636,BetRivers,2026-03-26,2026-03-25 13:19:22,2026-03-25,Regular Season,0.465,0.5689655172413793,0.5274208712002507,-0.062420871200250694,-0.18272727272727263,0.5349999999999999,0.5098039215686274,0.4725791287997492,0.062420871200250694,0.04942307692307685,
PRICED,under,PTS,full_game,27.5,True,34.690277099609375,34.848272857189244,26.89333724975586,0.05900574803470954,26.95234299779057,0.6420909777808131,78bf92243997831090f4e81bdc0a5d4d7ba172f90b72e1ee43b198174beb3eea,4000,42,Nikola Jokic,203999,BetRivers,2026-03-26,2026-03-25 13:19:22,2026-03-25,Regular Season,0.468,0.5726495726495726,0.5302120692343677,-0.06221206923436767,-0.18274626865671645,0.532,0.5073891625615764,0.4697879307656324,0.06221206923436762,0.04850485436893209,
PRICED,under,PTS,full_game,15.5,True,30.783536911010742,30.94153266859061,14.377217292785645,-0.03388055342467686,14.343336739360968,0.6420909777808131,78bf92243997831090f4e81bdc0a5d4d7ba172f90b72e1ee43b198174beb3eea,4000,42,Brandin Podziemski,1641764,FanDuel,2026-03-26,2026-03-25 13:19:22,2026-03-25,Regular Season,0.4205,0.5145631067961165,0.4808467741935484,-0.06034677419354839,-0.18280188679245285,0.5795,0.5555555555555556,0.5191532258064516,0.06034677419354839,0.04310000000000003,
PRICED,under,PTS,full_game,8.5,True,19.01741600036621,19.22020184620545,8.169254302978516,-0.24983301983511727,7.919421283143398,0.4915060991395564,78bf92243997831090f4e81bdc0a5d4d7ba172f90b72e1ee43b198174beb3eea,4000,42,Leonard Miller,1631159,DraftKings,2026-03-25,2026-03-25 13:19:22,2026-03-25,Regular Season,0.42975,0.5260663507109005,0.4968624497991968,-0.06711244979919678,-0.18308783783783766,0.5702499999999999,0.5327102803738317,0.5031375502008032,0.06711244979919673,0.07046929824561393,
PRICED,under,PTS,full_game,21.5,True,32.7320442199707,32.89003997755057,19.951004028320312,0.20273725994243616,20.153741288262747,0.6420909777808131,78bf92243997831090f4e81bdc0a5d4d7ba172f90b72e1ee43b198174beb3eea,4000,42,Julius Randle,203944,DraftKings,2026-03-26,2026-03-25 13:19:22,2026-03-25,Regular Season,0.42025,0.5145631067961165,0.48542880932556204,-0.06517880932556203,-0.18328773584905655,0.57975,0.5454545454545454,0.5145711906744379,0.06517880932556208,0.06287500000000007,
NO_BET,,PTS,full_game,20.5,True,27.857677459716797,27.836929965589814,16.8177490234375,0.06569635212572378,16.883445375563223,0.5327606694856868,78bf92243997831090f4e81bdc0a5d4d7ba172f90b72e1ee43b198174beb3eea,4000,42,C.J. McCollum,203468,Bovada,2026-03-25,2026-03-25 13:19:22,2026-03-25,Regular Season,0.29675,0.36363636363636365,0.33999999999999997,-0.043249999999999955,-0.18393749999999986,0.7032499999999999,0.7058823529411765,0.66,0.0432499999999999,-0.0037291666666666723,positive vig-free edge with nonpositive EV
PRICED,under,PTS,full_game,20.5,True,32.7320442199707,32.89003997755057,19.951004028320312,0.20273725994243616,20.153741288262747,0.6420909777808131,78bf92243997831090f4e81bdc0a5d4d7ba172f90b72e1ee43b198174beb3eea,4000,42,Julius Randle,203944,Bovada,2026-03-26,2026-03-25 13:19:22,2026-03-25,Regular Season,0.4685,0.574468085106383,0.5407914020517831,-0.07229140205178308,-0.18446296296296294,0.5315,0.4878048780487805,0.4592085979482169,0.07229140205178308,0.08957499999999985,
PRICED,under,PTS,full_game,13.5,True,22.231834411621094,22.43462025746033,12.792119026184082,0.028415902335560975,12.820534928519644,0.4915060991395564,78bf92243997831090f4e81bdc0a5d4d7ba172f90b72e1ee43b198174beb3eea,4000,42,Keldon Johnson,1629640,FanDuel,2026-03-26,2026-03-25 13:19:22,2026-03-25,Regular Season,0.436,0.5348837209302325,0.5041554124246831,-0.06815541242468309,-0.1848695652173914,0.5640000000000001,0.5260663507109005,0.4958445875753168,0.06815541242468326,0.07210810810810825,
PRICED,under,PTS,full_game,13.5,True,27.14998435974121,27.12923686561423,12.504145622253418,-0.011558768386232123,12.492586853867186,0.5327606694856868,78bf92243997831090f4e81bdc0a5d4d7ba172f90b72e1ee43b198174beb3eea,4000,42,Onyeka Okongwu,1630168,BetRivers,2026-03-25,2026-03-25 13:19:22,2026-03-25,Regular Season,0.4135,0.5073891625615764,0.471395881006865,-0.057895881006865046,-0.1850436893203884,0.5865,0.5689655172413793,0.528604118993135,0.057895881006865046,0.030818181818181856,
PRICED,under,PTS,full_game,13.5,True,27.14998435974121,27.12923686561423,12.504145622253418,-0.011558768386232123,12.492586853867186,0.5327606694856868,78bf92243997831090f4e81bdc0a5d4d7ba172f90b72e1ee43b198174beb3eea,4000,42,Onyeka Okongwu,1630168,BetOnline.ag,2026-03-25,2026-03-25 13:19:22,2026-03-25,Regular Season,0.4135,0.5073891625615764,0.4773429454170958,-0.06384294541709584,-0.1850436893203884,0.5865,0.5555555555555556,0.5226570545829042,0.06384294541709579,0.05570000000000008,
PRICED,under,PTS,full_game,11.5,True,23.28070640563965,23.483492251478886,12.777591705322266,-0.015661943860373926,12.761929761461891,0.4915060991395564,78bf92243997831090f4e81bdc0a5d4d7ba172f90b72e1ee43b198174beb3eea,4000,42,Scoot Henderson,1630703,Bovada,2026-03-26,2026-03-25 13:19:22,2026-03-25,Regular Season,0.57525,0.7058823529411765,0.66,-0.08474999999999999,-0.1850624999999999,0.42474999999999996,0.36363636363636365,0.33999999999999997,0.08474999999999999,0.1680624999999999,
PRICED,under,PTS,full_game,7.5,True,20.131776809692383,20.33456265553162,8.144559860229492,-0.032555280664098615,8.112004579565394,0.4915060991395564,78bf92243997831090f4e81bdc0a5d4d7ba172f90b72e1ee43b198174beb3eea,4000,42,Kevin Huerter,1628989,Bovada,2026-03-25,2026-03-25 13:19:22,2026-03-25,Regular Season,0.52375,0.6428571428571429,0.6017069701280228,-0.07795697012802272,-0.1852777777777777,0.47624999999999995,0.425531914893617,0.3982930298719772,0.07795697012802277,0.11918749999999989,
PRICED,under,PTS,full_game,12.5,True,23.28070640563965,23.483492251478886,12.777591705322266,-0.015661943860373926,12.761929761461891,0.4915060991395564,78bf92243997831090f4e81bdc0a5d4d7ba172f90b72e1ee43b198174beb3eea,4000,42,Scoot Henderson,1630703,BetRivers,2026-03-26,2026-03-25 13:19:22,2026-03-25,Regular Season,0.50375,0.6183206106870229,0.5729699775075789,-0.06921997750757891,-0.18529320987654313,0.49624999999999997,0.4608294930875576,0.427030022492421,0.06921997750757897,0.07686249999999994,
PRICED,under,PTS,full_game,14.5,True,30.783536911010742,30.94153266859061,14.377217292785645,-0.03388055342467686,14.343336739360968,0.6420909777808131,78bf92243997831090f4e81bdc0a5d4d7ba172f90b72e1ee43b198174beb3eea,4000,42,Brandin Podziemski,1641764,BetRivers,2026-03-26,2026-03-25 13:19:22,2026-03-25,Regular Season,0.47925,0.588477366255144,0.5467686281824116,-0.06751862818241156,-0.18561013986013997,0.52075,0.4878048780487805,0.4532313718175883,0.06751862818241172,0.06753749999999997,
PRICED,under,PTS,full_game,11.5,True,25.79913902282715,25.77839152870017,10.317644119262695,-0.03677787306457675,10.28086624619812,0.5327606694856868,78bf92243997831090f4e81bdc0a5d4d7ba172f90b72e1ee43b198174beb3eea,4000,42,Julian Champagnie,1630577,Bovada,2026-03-26,2026-03-25 13:19:22,2026-03-25,Regular Season,0.39725,0.4878048780487805,0.4592085979482169,-0.0619585979482169,-0.18563750000000007,0.60275,0.574468085106383,0.5407914020517831,0.0619585979482169,0.04923148148148149,
PRICED,under,PTS,full_game,8.5,True,25.34461784362793,25.32387034950095,10.142556190490723,-0.027272447309288902,10.115283743181434,0.5327606694856868,78bf92243997831090f4e81bdc0a5d4d7ba172f90b72e1ee43b198174beb3eea,4000,42,Jakob Poeltl,1627751,Bovada,2026-03-26,2026-03-25 13:19:22,2026-03-25,Regular Season,0.6055,0.7435897435897436,0.6974398758727697,-0.09193987587276964,-0.18570689655172407,0.39449999999999996,0.3225806451612903,0.30256012412723043,0.09193987587276953,0.22294999999999987,
PRICED,under,PTS,full_game,9.5,True,25.04226303100586,25.02151553687888,9.190759658813477,0.14380092609098305,9.334560584904459,0.5327606694856868,78bf92243997831090f4e81bdc0a5d4d7ba172f90b72e1ee43b198174beb3eea,4000,42,Jamir Watkins,1642364,BetOnline.ag,2026-03-26,2026-03-25 13:19:22,2026-03-25,Regular Season,0.46,0.5652173913043478,0.5306122448979592,-0.0706122448979592,-0.18615384615384623,0.54,0.5,0.4693877551020409,0.07061224489795914,0.08000000000000002,
PRICED,under,PTS,full_game,12.5,True,25.647825241088867,25.627077746961888,13.818275451660156,0.06651737654675206,13.884792828206908,0.5327606694856868,78bf92243997831090f4e81bdc0a5d4d7ba172f90b72e1ee43b198174beb3eea,4000,42,Bobby Portis,1626171,Bovada,2026-03-26,2026-03-25 13:19:22,2026-03-25,Regular Season,0.58125,0.7142857142857143,0.6705882352941177,-0.08933823529411766,-0.18625,0.41874999999999996,0.3508771929824561,0.32941176470588235,0.08933823529411761,0.19343749999999993,
PRICED,under,PTS,full_game,20.5,True,29.183549880981445,29.162802386854462,19.322298049926758,0.16759071525889543,19.489888765185654,0.5327606694856868,78bf92243997831090f4e81bdc0a5d4d7ba172f90b72e1ee43b198174beb3eea,4000,42,Norman Powell,1626181,BetMGM,2026-03-25,2026-03-25 13:19:22,2026-03-25,Regular Season,0.41675,0.5121951219512195,0.4796954314720812,-0.0629454314720812,-0.18634523809523817,0.58325,0.5555555555555556,0.5203045685279188,0.0629454314720812,0.04985000000000006,
PRICED,under,PTS,full_game,16.5,True,30.783536911010742,30.94153266859061,14.377217292785645,-0.03388055342467686,14.343336739360968,0.6420909777808131,78bf92243997831090f4e81bdc0a5d4d7ba172f90b72e1ee43b198174beb3eea,4000,42,Brandin Podziemski,1641764,Bovada,2026-03-26,2026-03-25 13:19:22,2026-03-25,Regular Season,0.36125,0.4444444444444444,0.4165029469548134,-0.055252946954813364,-0.1871874999999999,0.6387499999999999,0.6226415094339622,0.5834970530451867,0.0552529469548132,0.025871212121212017,
PRICED,under,PTS,full_game,16.5,True,32.497337341308594,32.65533309888846,14.567300796508789,0.22869670261903097,14.79599749912782,0.6420909777808131,78bf92243997831090f4e81bdc0a5d4d7ba172f90b72e1ee43b198174beb3eea,4000,42,Jaden McDaniels,1630183,Bovada,2026-03-26,2026-03-25 13:19:22,2026-03-25,Regular Season,0.387,0.47619047619047616,0.4458598726114649,-0.058859872611464914,-0.18729999999999997,0.613,0.5918367346938775,0.554140127388535,0.05885987261146497,0.035758620689655185,
PRICED,under,PTS,full_game,17.5,True,24.152803421020508,24.13205592689353,14.182014465332031,0.04077257892005738,14.222787044252089,0.5327606694856868,78bf92243997831090f4e81bdc0a5d4d7ba172f90b72e1ee43b198174beb3eea,4000,42,De'Anthony Melton,1629001,Bovada,2026-03-26,2026-03-25 13:19:22,2026-03-25,Regular Season,0.301,0.37037037037037035,0.34700315457413244,-0.046003154574132454,-0.18730000000000002,0.6990000000000001,0.696969696969697,0.6529968454258674,0.04600315457413262,0.0029130434782608794,
PRICED,under,PTS,full_game,28.5,True,35.62293243408203,35.7809281916619,28.60781478881836,0.235486775928927,28.843301564747286,0.6420909777808131,78bf92243997831090f4e81bdc0a5d4d7ba172f90b72e1ee43b198174beb3eea,4000,42,Shai Gilgeous-Alexander,1628983,BetRivers,2026-03-25,2026-03-25 13:19:22,2026-03-25,Regular Season,0.506,0.6226415094339622,0.5780254777070064,-0.0720254777070064,-0.18733333333333335,0.494,0.45454545454545453,0.42197452229299365,0.07202547770700635,0.0868000000000001,
PRICED,under,PTS,full_game,10.5,True,25.79913902282715,25.77839152870017,10.317644119262695,-0.03677787306457675,10.28086624619812,0.5327606694856868,78bf92243997831090f4e81bdc0a5d4d7ba172f90b72e1ee43b198174beb3eea,4000,42,Julian Champagnie,1630577,BetRivers,2026-03-26,2026-03-25 13:19:22,2026-03-25,Regular Season,0.46225,0.5689655172413793,0.5274208712002507,-0.06517087120025072,-0.18756060606060604,0.53775,0.5098039215686274,0.4725791287997492,0.06517087120025072,0.05481730769230769,
NO_BET,,PTS,full_game,29.5,True,36.66040802001953,37.165923554088366,25.600746154785156,0.17237981025168023,25.773125965036837,0.746175435493391,78bf92243997831090f4e81bdc0a5d4d7ba172f90b72e1ee43b198174beb3eea,4000,42,Kevin Durant,201142,Bovada,2026-03-26,2026-03-25 13:19:22,2026-03-25,Regular Season,0.29525,0.36363636363636365,0.33999999999999997,-0.044749999999999956,-0.18806250000000002,0.70475,0.7058823529411765,0.66,0.044749999999999956,-0.0016041666666666288,positive vig-free edge with nonpositive EV
PRICED,under,PTS,full_game,15.5,True,29.17185401916504,29.151106525038056,13.212282180786133,-0.0828621571539925,13.12942002363214,0.5327606694856868,78bf92243997831090f4e81bdc0a5d4d7ba172f90b72e1ee43b198174beb3eea,4000,42,Gui Santos,1630611,Bovada,2026-03-26,2026-03-25 13:19:22,2026-03-25,Regular Season,0.32475,0.4,0.375,-0.05025000000000002,-0.18812500000000004,0.67525,0.6666666666666666,0.625,0.05025000000000002,0.012875000000000025,
PRICED,under,PTS,full_game,13.5,True,27.14998435974121,27.12923686561423,12.504145622253418,-0.011558768386232123,12.492586853867186,0.5327606694856868,78bf92243997831090f4e81bdc0a5d4d7ba172f90b72e1ee43b198174beb3eea,4000,42,Onyeka Okongwu,1630168,FanDuel,2026-03-25,2026-03-25 13:19:22,2026-03-25,Regular Season,0.4135,0.5098039215686274,0.48124062031015497,-0.06774062031015499,-0.18890384615384614,0.5865,0.5495495495495496,0.5187593796898449,0.06774062031015515,0.06723770491803283,
PRICED,under,PTS,full_game,13.5,True,25.929195404052734,25.908447909925755,11.821773529052734,0.37405409171785436,12.195827620770588,0.5327606694856868,78bf92243997831090f4e81bdc0a5d4d7ba172f90b72e1ee43b198174beb3eea,4000,42,Josh Minott,1631169,Bovada,2026-03-26,2026-03-25 13:19:22,2026-03-25,Regular Season,0.395,0.4878048780487805,0.4592085979482169,-0.06420859794821687,-0.19025000000000003,0.605,0.574468085106383,0.5407914020517831,0.06420859794821687,0.05314814814814811,
PRICED,under,PTS,full_game,8.5,True,25.04226303100586,25.02151553687888,9.190759658813477,0.14380092609098305,9.334560584904459,0.5327606694856868,78bf92243997831090f4e81bdc0a5d4d7ba172f90b72e1ee43b198174beb3eea,4000,42,Jamir Watkins,1642364,Bovada,2026-03-26,2026-03-25 13:19:22,2026-03-25,Regular Season,0.539,0.6666666666666666,0.625,-0.08599999999999997,-0.19149999999999995,0.46099999999999997,0.4,0.375,0.08599999999999997,0.15249999999999997,
PRICED,under,PTS,full_game,10.5,True,24.499000549316406,24.478253055189427,10.339312553405762,0.12849635930047856,10.467808912706241,0.5327606694856868,78bf92243997831090f4e81bdc0a5d4d7ba172f90b72e1ee43b198174beb3eea,4000,42,Myles Turner,1626167,BetRivers,2026-03-26,2026-03-25 13:19:22,2026-03-25,Regular Season,0.48475,0.6,0.5575221238938053,-0.07277212389380527,-0.19208333333333338,0.51525,0.47619047619047616,0.4424778761061947,0.07277212389380527,0.08202500000000001,
PRICED,under,PTS,full_game,37.5,True,36.67681121826172,37.18232675233055,34.251033782958984,0.0951001249204827,34.34613390787947,0.746175435493391,78bf92243997831090f4e81bdc0a5d4d7ba172f90b72e1ee43b198174beb3eea,4000,42,Luka Doncic,1629029,Bovada,2026-03-25,2026-03-25 13:19:22,2026-03-25,Regular Season,0.34375,0.425531914893617,0.3982930298719772,-0.05454302987197718,-0.19218749999999996,0.65625,0.6428571428571429,0.6017069701280228,0.05454302987197723,0.02083333333333337,
PRICED,under,PTS,full_game,7.5,True,25.04226303100586,25.02151553687888,9.190759658813477,0.14380092609098305,9.334560584904459,0.5327606694856868,78bf92243997831090f4e81bdc0a5d4d7ba172f90b72e1ee43b198174beb3eea,4000,42,Jamir Watkins,1642364,Bovada,2026-03-26,2026-03-25 13:19:22,2026-03-25,Regular Season,0.60575,0.75,0.7026022304832714,-0.0968522304832714,-0.19233333333333336,0.39425,0.31746031746031744,0.29739776951672864,0.09685223048327135,0.24188749999999992,
PRICED,under,PTS,full_game,19.5,True,27.408226013183594,27.387478519056614,18.107128143310547,0.08992749369746968,18.197055637008017,0.5327606694856868,78bf92243997831090f4e81bdc0a5d4d7ba172f90b72e1ee43b198174beb3eea,4000,42,Darius Garland,1629636,BetRivers,2026-03-26,2026-03-25 13:19:22,2026-03-25,Regular Season,0.41175,0.5098039215686274,0.4725791287997492,-0.06082912879974922,-0.19233653846153836,0.5882499999999999,0.5689655172413793,0.5274208712002507,0.06082912879974922,0.033893939393939365,
NO_BET,,PTS,full_game,19.5,True,31.083293914794922,31.24128967237479,15.129435539245605,0.015380391846781503,15.144815931092387,0.6420909777808131,78bf92243997831090f4e81bdc0a5d4d7ba172f90b72e1ee43b198174beb3eea,4000,42,Reed Sheppard,1642263,Bovada,2026-03-26,2026-03-25 13:19:22,2026-03-25,Regular Season,0.2605,0.3225806451612903,0.30256012412723043,-0.042060124127230425,-0.19245,0.7395,0.7435897435897436,0.6974398758727697,0.04206012412723037,-0.005499999999999949,positive vig-free edge with nonpositive EV
PRICED,under,PTS,full_game,12.5,True,24.60011100769043,24.57936351356345,11.90056324005127,0.043358085225788115,11.943921325277058,0.5327606694856868,78bf92243997831090f4e81bdc0a5d4d7ba172f90b72e1ee43b198174beb3eea,4000,42,Kyle Kuzma,1628398,BetRivers,2026-03-26,2026-03-25 13:19:22,2026-03-25,Regular Season,0.46675,0.5780590717299579,0.5362035225048923,-0.06945352250489234,-0.1925565693430657,0.53325,0.5,0.4637964774951076,0.0694535225048924,0.0665,
PRICED,under,PTS,full_game,11.5,True,25.79913902282715,25.77839152870017,10.317644119262695,-0.03677787306457675,10.28086624619812,0.5327606694856868,78bf92243997831090f4e81bdc0a5d4d7ba172f90b72e1ee43b198174beb3eea,4000,42,Julian Champagnie,1630577,DraftKings,2026-03-26,2026-03-25 13:19:22,2026-03-25,Regular Season,0.39725,0.49261083743842365,0.46485420481757994,-0.06760420481757995,-0.19358249999999994,0.60275,0.5670995670995671,0.53514579518242,0.06760420481758,0.06286450381679387,
PRICED,under,PTS,full_game,15.5,True,30.783536911010742,30.94153266859061,14.377217292785645,-0.03388055342467686,14.343336739360968,0.6420909777808131,78bf92243997831090f4e81bdc0a5d4d7ba172f90b72e1ee43b198174beb3eea,4000,42,Brandin Podziemski,1641764,BetRivers,2026-03-26,2026-03-25 13:19:22,2026-03-25,Regular Season,0.4205,0.5215311004784688,0.4842053307008884,-0.06370533070088841,-0.19372018348623854,0.5795,0.5555555555555556,0.5157946692991116,0.06370533070088846,0.04310000000000003,
PRICED,under,PTS,full_game,14.5,True,25.647825241088867,25.627077746961888,13.818275451660156,0.06651737654675206,13.884792828206908,0.5327606694856868,78bf92243997831090f4e81bdc0a5d4d7ba172f90b72e1ee43b198174beb3eea,4000,42,Bobby Portis,1626171,BetMGM,2026-03-26,2026-03-25 13:19:22,2026-03-25,Regular Season,0.4475,0.5555555555555556,0.5203045685279188,-0.07280456852791883,-0.19449999999999995,0.5525,0.5121951219512195,0.4796954314720812,0.07280456852791878,0.07869047619047609,
PRICED,under,PTS,full_game,11.5,True,24.499000549316406,24.478253055189427,10.339312553405762,0.12849635930047856,10.467808912706241,0.5327606694856868,78bf92243997831090f4e81bdc0a5d4d7ba172f90b72e1ee43b198174beb3eea,4000,42,Myles Turner,1626167,FanDuel,2026-03-26,2026-03-25 13:19:22,2026-03-25,Regular Season,0.42175,0.5238095238095238,0.48987854251012153,-0.06812854251012151,-0.19484090909090895,0.5782499999999999,0.5454545454545454,0.5101214574898786,0.06812854251012135,0.06012500000000004,
PRICED,under,PTS,full_game,11.5,True,24.499000549316406,24.478253055189427,10.339312553405762,0.12849635930047856,10.467808912706241,0.5327606694856868,78bf92243997831090f4e81bdc0a5d4d7ba172f90b72e1ee43b198174beb3eea,4000,42,Myles Turner,1626167,BetRivers,2026-03-26,2026-03-25 13:19:22,2026-03-25,Regular Season,0.42175,0.5238095238095238,0.4861878453038673,-0.06443784530386731,-0.19484090909090895,0.5782499999999999,0.5535714285714286,0.5138121546961325,0.06443784530386742,0.04458064516129023,
PRICED,under,PTS,full_game,15.5,True,27.581321716308594,27.560574222181614,16.26681900024414,-0.023529805502859494,16.24328919474128,0.5327606694856868,78bf92243997831090f4e81bdc0a5d4d7ba172f90b72e1ee43b198174beb3eea,4000,42,Stephon Castle,1642264,Bovada,2026-03-26,2026-03-25 13:19:22,2026-03-25,Regular Season,0.53675,0.6666666666666666,0.625,-0.08825000000000005,-0.19487500000000008,0.46325000000000005,0.4,0.375,0.08825000000000005,0.15812500000000018,
PRICED,under,PTS,full_game,14.5,True,29.046215057373047,29.025467563246064,13.15984058380127,0.1655932345430423,13.325433818344312,0.5327606694856868,78bf92243997831090f4e81bdc0a5d4d7ba172f90b72e1ee43b198174beb3eea,4000,42,Tobias Harris,202699,Bovada,2026-03-25,2026-03-25 13:19:22,2026-03-25,Regular Season,0.4025,0.5,0.4693877551020409,-0.06688775510204087,-0.1949999999999999,0.5974999999999999,0.5652173913043478,0.5306122448979592,0.0668877551020407,0.05711538461538451,
PRICED,under,PTS,full_game,17.5,True,30.783536911010742,30.94153266859061,14.377217292785645,-0.03388055342467686,14.343336739360968,0.6420909777808131,78bf92243997831090f4e81bdc0a5d4d7ba172f90b72e1ee43b198174beb3eea,4000,42,Brandin Podziemski,1641764,Bovada,2026-03-26,2026-03-25 13:19:22,2026-03-25,Regular Season,0.3095,0.38461538461538464,0.36041189931350115,-0.05091189931350115,-0.19529999999999997,0.6905,0.6825396825396826,0.6395881006864989,0.05091189931350115,0.011662790697674397,
PRICED,under,PTS,full_game,12.5,True,25.929195404052734,25.908447909925755,11.821773529052734,0.37405409171785436,12.195827620770588,0.5327606694856868,78bf92243997831090f4e81bdc0a5d4d7ba172f90b72e1ee43b198174beb3eea,4000,42,Josh Minott,1631169,BetMGM,2026-03-26,2026-03-25 13:19:22,2026-03-25,Regular Season,0.46225,0.574468085106383,0.5346534653465347,-0.07240346534653469,-0.19534259259259257,0.53775,0.5,0.4653465346534653,0.07240346534653463,0.07549999999999996,
PRICED,under,PTS,full_game,20.5,True,34.58273696899414,34.74073272657401,19.87921714782715,0.19280737585771687,20.072024523684867,0.6420909777808131,78bf92243997831090f4e81bdc0a5d4d7ba172f90b72e1ee43b198174beb3eea,4000,42,Jalen Johnson,1630552,BetRivers,2026-03-25,2026-03-25 13:19:22,2026-03-25,Regular Season,0.4735,0.588477366255144,0.5479742549946055,-0.07447425499460553,-0.19538111888111892,0.5265,0.4854368932038835,0.4520257450053946,0.07447425499460536,0.08459,
PRICED,under,PTS,full_game,15.5,True,31.083293914794922,31.24128967237479,15.129435539245605,0.015380391846781503,15.144815931092387,0.6420909777808131,78bf92243997831090f4e81bdc0a5d4d7ba172f90b72e1ee43b198174beb3eea,4000,42,Reed Sheppard,1642263,FanDuel,2026-03-26,2026-03-25 13:19:22,2026-03-25,Regular Season,0.45475,0.5652173913043478,0.5281576830249397,-0.07340768302493972,-0.19544230769230775,0.54525,0.504950495049505,0.4718423169750604,0.07340768302493961,0.07980882352941188,
PRICED,under,PTS,full_game,17.5,True,32.497337341308594,32.65533309888846,14.567300796508789,0.22869670261903097,14.79599749912782,0.6420909777808131,78bf92243997831090f4e81bdc0a5d4d7ba172f90b72e1ee43b198174beb3eea,4000,42,Jaden McDaniels,1630183,Bovada,2026-03-26,2026-03-25 13:19:22,2026-03-25,Regular Season,0.335,0.4166666666666667,0.39094650205761317,-0.055946502057613146,-0.19600000000000006,0.665,0.6491228070175439,0.6090534979423868,0.0559465020576132,0.024459459459459487,
PRICED,under,PTS,full_game,19.5,True,29.183549880981445,29.162802386854462,19.322298049926758,0.16759071525889543,19.489888765185654,0.5327606694856868,78bf92243997831090f4e81bdc0a5d4d7ba172f90b72e1ee43b198174beb3eea,4000,42,Norman Powell,1626181,Bovada,2026-03-25,2026-03-25 13:19:22,2026-03-25,Regular Season,0.47575,0.5918367346938775,0.554140127388535,-0.07839012738853501,-0.19614655172413792,0.52425,0.47619047619047616,0.4458598726114649,0.07839012738853507,0.10092500000000004,
PRICED,under,PTS,full_game,8.5,True,20.131776809692383,20.33456265553162,8.144559860229492,-0.032555280664098615,8.112004579565394,0.4915060991395564,78bf92243997831090f4e81bdc0a5d4d7ba172f90b72e1ee43b198174beb3eea,4000,42,Kevin Huerter,1628989,BetMGM,2026-03-25,2026-03-25 13:19:22,2026-03-25,Regular Season,0.45425,0.5652173913043478,0.5246062992125985,-0.0703562992125985,-0.19632692307692307,0.54575,0.5121951219512195,0.4753937007874017,0.07035629921259828,0.06551190476190466,
PRICED,under,PTS,full_game,9.5,True,24.499000549316406,24.478253055189427,10.339312553405762,0.12849635930047856,10.467808912706241,0.5327606694856868,78bf92243997831090f4e81bdc0a5d4d7ba172f90b72e1ee43b198174beb3eea,4000,42,Myles Turner,1626167,Bovada,2026-03-26,2026-03-25 13:19:22,2026-03-25,Regular Season,0.5525,0.6875,0.6456256921373201,-0.09312569213732014,-0.19636363636363635,0.4475,0.37735849056603776,0.35437430786268,0.09312569213732003,0.185875,
PRICED,under,PTS,full_game,8.5,True,19.01741600036621,19.22020184620545,8.169254302978516,-0.24983301983511727,7.919421283143398,0.4915060991395564,78bf92243997831090f4e81bdc0a5d4d7ba172f90b72e1ee43b198174beb3eea,4000,42,Leonard Miller,1631159,Bovada,2026-03-25,2026-03-25 13:19:22,2026-03-25,Regular Season,0.42975,0.5348837209302325,0.5,-0.07024999999999998,-0.19655434782608694,0.5702499999999999,0.5348837209302325,0.5,0.07024999999999992,0.06611956521739115,
PRICED,under,PTS,full_game,19.5,True,30.93474578857422,31.092741546154087,19.52208137512207,0.1254928028682659,19.647574177990336,0.6420909777808131,78bf92243997831090f4e81bdc0a5d4d7ba172f90b72e1ee43b198174beb3eea,4000,42,R.J. Barrett,1629628,BetRivers,2026-03-26,2026-03-25 13:19:22,2026-03-25,Regular Season,0.5025,0.6254681647940075,0.5791298865069356,-0.0766298865069357,-0.19660179640718578,0.49750000000000005,0.45454545454545453,0.4208701134930643,0.07662988650693575,0.09450000000000025,
PRICED,under,PTS,full_game,11.5,True,25.34461784362793,25.32387034950095,10.142556190490723,-0.027272447309288902,10.115283743181434,0.5327606694856868,78bf92243997831090f4e81bdc0a5d4d7ba172f90b72e1ee43b198174beb3eea,4000,42,Jakob Poeltl,1627751,BetRivers,2026-03-26,2026-03-25 13:19:22,2026-03-25,Regular Season,0.39175,0.4878048780487805,0.4532313718175883,-0.06148137181758834,-0.19691250000000005,0.60825,0.588477366255144,0.5467686281824116,0.06148137181758839,0.033599650349650234,
PRICED,under,PTS,full_game,16.5,True,27.581321716308594,27.560574222181614,16.26681900024414,-0.023529805502859494,16.24328919474128,0.5327606694856868,78bf92243997831090f4e81bdc0a5d4d7ba172f90b72e1ee43b198174beb3eea,4000,42,Stephon Castle,1642264,Bovada,2026-03-26,2026-03-25 13:19:22,2026-03-25,Regular Season,0.48175,0.6,0.5633187772925764,-0.08156877729257639,-0.1970833333333334,0.51825,0.46511627906976744,0.43668122270742354,0.08156877729257644,0.11423749999999988,
NO_BET,,PTS,full_game,28.5,True,34.2680778503418,34.426073607921666,23.74484634399414,0.11501737115835965,23.8598637151525,0.6420909777808131,78bf92243997831090f4e81bdc0a5d4d7ba172f90b72e1ee43b198174beb3eea,4000,42,Jamal Murray,1627750,Bovada,2026-03-26,2026-03-25 13:19:22,2026-03-25,Regular Season,0.26325,0.32786885245901637,0.3079416531604538,-0.044691653160453815,-0.19708750000000008,0.73675,0.7368421052631579,0.6920583468395461,0.04469165316045387,-0.00012499999999993072,positive vig-free edge with nonpositive EV
PRICED,under,PTS,full_game,20.5,True,29.183549880981445,29.162802386854462,19.322298049926758,0.16759071525889543,19.489888765185654,0.5327606694856868,78bf92243997831090f4e81bdc0a5d4d7ba172f90b72e1ee43b198174beb3eea,4000,42,Norman Powell,1626181,FanDuel,2026-03-25,2026-03-25 13:19:22,2026-03-25,Regular Season,0.41675,0.5192307692307693,0.48581617766250607,-0.06906617766250606,-0.19737037037037036,0.58325,0.5495495495495496,0.5141838223374939,0.06906617766250611,0.06132377049180332,
PRICED,under,PTS,full_game,15.5,True,27.14998435974121,27.12923686561423,12.504145622253418,-0.011558768386232123,12.492586853867186,0.5327606694856868,78bf92243997831090f4e81bdc0a5d4d7ba172f90b72e1ee43b198174beb3eea,4000,42,Onyeka Okongwu,1630168,Bovada,2026-03-25,2026-03-25 13:19:22,2026-03-25,Regular Season,0.29725,0.37037037037037035,0.34700315457413244,-0.04975315457413243,-0.19742499999999996,0.70275,0.696969696969697,0.6529968454258674,0.04975315457413254,0.008293478260869513,
PRICED,under,PTS,full_game,11.5,True,25.79913902282715,25.77839152870017,10.317644119262695,-0.03677787306457675,10.28086624619812,0.5327606694856868,78bf92243997831090f4e81bdc0a5d4d7ba172f90b72e1ee43b198174beb3eea,4000,42,Julian Champagnie,1630577,FanDuel,2026-03-26,2026-03-25 13:19:22,2026-03-25,Regular Season,0.39725,0.49504950495049505,0.4669102720259846,-0.06966027202598463,-0.19755500000000004,0.60275,0.5652173913043478,0.5330897279740154,0.06966027202598457,0.06640384615384615,
PRICED,under,PTS,full_game,13.5,True,22.231834411621094,22.43462025746033,12.792119026184082,0.028415902335560975,12.820534928519644,0.4915060991395564,78bf92243997831090f4e81bdc0a5d4d7ba172f90b72e1ee43b198174beb3eea,4000,42,Keldon Johnson,1629640,DraftKings,2026-03-26,2026-03-25 13:19:22,2026-03-25,Regular Season,0.436,0.54337899543379,0.512482836100362,-0.07648283610036205,-0.1976134453781513,0.5640000000000001,0.5169082125603864,0.487517163899638,0.07648283610036205,0.09110280373831786,
PRICED,under,PTS,full_game,13.5,True,22.231834411621094,22.43462025746033,12.792119026184082,0.028415902335560975,12.820534928519644,0.4915060991395564,78bf92243997831090f4e81bdc0a5d4d7ba172f90b72e1ee43b198174beb3eea,4000,42,Keldon Johnson,1629640,BetOnline.ag,2026-03-26,2026-03-25 13:19:22,2026-03-25,Regular Season,0.436,0.54337899543379,0.5102580936358787,-0.07425809363587871,-0.1976134453781513,0.5640000000000001,0.5215311004784688,0.48974190636412124,0.07425809363587882,0.08143119266055049,
PRICED,under,PTS,full_game,21.5,True,32.7320442199707,32.89003997755057,19.951004028320312,0.20273725994243616,20.153741288262747,0.6420909777808131,78bf92243997831090f4e81bdc0a5d4d7ba172f90b72e1ee43b198174beb3eea,4000,42,Julius Randle,203944,Bovada,2026-03-26,2026-03-25 13:19:22,2026-03-25,Regular Season,0.42025,0.5238095238095238,0.48987854251012153,-0.06962854251012152,-0.1977045454545454,0.57975,0.5454545454545454,0.5101214574898786,0.0696285425101214,0.06287500000000007,
PRICED,under,PTS,full_game,22.5,True,34.58273696899414,34.74073272657401,19.87921714782715,0.19280737585771687,20.072024523684867,0.6420909777808131,78bf92243997831090f4e81bdc0a5d4d7ba172f90b72e1ee43b198174beb3eea,4000,42,Jalen Johnson,1630552,BetRivers,2026-03-25,2026-03-25 13:19:22,2026-03-25,Regular Season,0.378,0.4716981132075472,0.4388409027584286,-0.06084090275842857,-0.19863999999999993,0.622,0.6031746031746031,0.5611590972415714,0.06084090275842857,0.031210526315789522,
PRICED,under,PTS,full_game,29.5,True,35.62293243408203,35.7809281916619,28.60781478881836,0.235486775928927,28.843301564747286,0.6420909777808131,78bf92243997831090f4e81bdc0a5d4d7ba172f90b72e1ee43b198174beb3eea,4000,42,Shai Gilgeous-Alexander,1628983,Bovada,2026-03-25,2026-03-25 13:19:22,2026-03-25,Regular Season,0.45275,0.5652173913043478,0.5306122448979592,-0.07786224489795923,-0.1989807692307693,0.54725,0.5,0.4693877551020409,0.07786224489795912,0.09450000000000003,
PRICED,under,PTS,full_game,6.5,True,22.952682495117188,23.155468340956425,7.147181510925293,-0.10919584308675542,7.037985667838537,0.4915060991395564,78bf92243997831090f4e81bdc0a5d4d7ba172f90b72e1ee43b198174beb3eea,4000,42,Will Richard,1642954,Bovada,2026-03-26,2026-03-25 13:19:22,2026-03-25,Regular Season,0.534,0.6666666666666666,0.625,-0.09099999999999997,-0.19899999999999995,0.46599999999999997,0.4,0.375,0.09099999999999997,0.16499999999999992,
PRICED,under,PTS,full_game,11.5,True,24.60011100769043,24.57936351356345,11.90056324005127,0.043358085225788115,11.943921325277058,0.5327606694856868,78bf92243997831090f4e81bdc0a5d4d7ba172f90b72e1ee43b198174beb3eea,4000,42,Kyle Kuzma,1628398,Bovada,2026-03-26,2026-03-25 13:19:22,2026-03-25,Regular Season,0.53375,0.6666666666666666,0.625,-0.09125000000000005,-0.19937500000000008,0.46625000000000005,0.4,0.375,0.09125000000000005,0.16562500000000013,
PRICED,under,PTS,full_game,12.5,True,23.28070640563965,23.483492251478886,12.777591705322266,-0.015661943860373926,12.761929761461891,0.4915060991395564,78bf92243997831090f4e81bdc0a5d4d7ba172f90b72e1ee43b198174beb3eea,4000,42,Scoot Henderson,1630703,Bovada,2026-03-26,2026-03-25 13:19:22,2026-03-25,Regular Season,0.50375,0.6296296296296297,0.5915279878971256,-0.08777798789712554,-0.1999264705882352,0.49624999999999997,0.43478260869565216,0.40847201210287437,0.0877779878971256,0.1413749999999998,
PRICED,under,PTS,full_game,28.5,True,34.690277099609375,34.848272857189244,26.89333724975586,0.05900574803470954,26.95234299779057,0.6420909777808131,78bf92243997831090f4e81bdc0a5d4d7ba172f90b72e1ee43b198174beb3eea,4000,42,Nikola Jokic,203999,FanDuel,2026-03-26,2026-03-25 13:19:22,2026-03-25,Regular Season,0.41525,0.5192307692307693,0.48581617766250607,-0.07056617766250606,-0.2002592592592592,0.58475,0.5495495495495496,0.5141838223374939,0.07056617766250606,0.06405327868852456,
PRICED,under,PTS,full_game,28.5,True,34.690277099609375,34.848272857189244,26.89333724975586,0.05900574803470954,26.95234299779057,0.6420909777808131,78bf92243997831090f4e81bdc0a5d4d7ba172f90b72e1ee43b198174beb3eea,4000,42,Nikola Jokic,203999,BetOnline.ag,2026-03-26,2026-03-25 13:19:22,2026-03-25,Regular Season,0.41525,0.5192307692307693,0.4876847290640395,-0.07243472906403947,-0.2002592592592592,0.58475,0.5454545454545454,0.5123152709359606,0.07243472906403936,0.07204166666666673,
PRICED,under,PTS,full_game,13.5,True,22.231834411621094,22.43462025746033,12.792119026184082,0.028415902335560975,12.820534928519644,0.4915060991395564,78bf92243997831090f4e81bdc0a5d4d7ba172f90b72e1ee43b198174beb3eea,4000,42,Keldon Johnson,1629640,Bovada,2026-03-26,2026-03-25 13:19:22,2026-03-25,Regular Season,0.436,0.5454545454545454,0.5101214574898786,-0.07412145748987858,-0.20066666666666666,0.5640000000000001,0.5238095238095238,0.48987854251012153,0.07412145748987853,0.07672727272727281,
PRICED,under,PTS,full_game,20.5,True,30.93474578857422,31.092741546154087,19.52208137512207,0.1254928028682659,19.647574177990336,0.6420909777808131,78bf92243997831090f4e81bdc0a5d4d7ba172f90b72e1ee43b198174beb3eea,4000,42,R.J. Barrett,1629628,FanDuel,2026-03-26,2026-03-25 13:19:22,2026-03-25,Regular Season,0.43925,0.5495495495495496,0.5141838223374939,-0.07493382233749396,-0.20070901639344274,0.5607500000000001,0.5192307692307693,0.48581617766250607,0.07493382233749402,0.07996296296296318,
PRICED,under,PTS,full_game,8.5,True,18.852142333984375,19.054928179823612,7.8576130867004395,-0.051712225539888634,7.805900861160551,0.4915060991395564,78bf92243997831090f4e81bdc0a5d4d7ba172f90b72e1ee43b198174beb3eea,4000,42,Caris LeVert,1627747,BetOnline.ag,2026-03-25,2026-03-25 13:19:22,2026-03-25,Regular Season,0.40925,0.5121951219512195,0.48149290561381863,-0.07224290561381863,-0.20098809523809524,0.59075,0.5515695067264574,0.5185070943861814,0.07224290561381863,0.07103455284552845,
PRICED,under,PTS,full_game,7.5,True,22.952682495117188,23.155468340956425,7.147181510925293,-0.10919584308675542,7.037985667838537,0.4915060991395564,78bf92243997831090f4e81bdc0a5d4d7ba172f90b72e1ee43b198174beb3eea,4000,42,Will Richard,1642954,FanDuel,2026-03-26,2026-03-25 13:19:22,2026-03-25,Regular Season,0.4485,0.5614035087719298,0.5240847784200385,-0.07558477842003852,-0.20110937499999998,0.5515,0.5098039215686274,0.47591522157996147,0.07558477842003852,0.08178846153846164,
PRICED,under,PTS,full_game,11.5,True,23.777048110961914,23.97983395680115,12.744973182678223,0.2523716151643092,12.997344797842532,0.4915060991395564,78bf92243997831090f4e81bdc0a5d4d7ba172f90b72e1ee43b198174beb3eea,4000,42,Bones Hyland,1630538,Bovada,2026-03-26,2026-03-25 13:19:22,2026-03-25,Regular Season,0.58575,0.7333333333333333,0.6875,-0.10175000000000001,-0.20124999999999993,0.41425,0.3333333333333333,0.3125,0.10175000000000001,0.24275000000000002,
PRICED,under,PTS,full_game,13.5,True,23.777048110961914,23.97983395680115,12.744973182678223,0.2523716151643092,12.997344797842532,0.4915060991395564,78bf92243997831090f4e81bdc0a5d4d7ba172f90b72e1ee43b198174beb3eea,4000,42,Bones Hyland,1630538,BetMGM,2026-03-26,2026-03-25 13:19:22,2026-03-25,Regular Season,0.44375,0.5555555555555556,0.5203045685279188,-0.07655456852791886,-0.20125000000000004,0.55625,0.5121951219512195,0.4796954314720812,0.07655456852791881,0.08601190476190479,
PRICED,under,PTS,full_game,19.5,True,30.93474578857422,31.092741546154087,19.52208137512207,0.1254928028682659,19.647574177990336,0.6420909777808131,78bf92243997831090f4e81bdc0a5d4d7ba172f90b72e1ee43b198174beb3eea,4000,42,R.J. Barrett,1629628,Bovada,2026-03-26,2026-03-25 13:19:22,2026-03-25,Regular Season,0.5025,0.6296296296296297,0.5915279878971256,-0.08902798789712563,-0.20191176470588235,0.49750000000000005,0.43478260869565216,0.40847201210287437,0.08902798789712568,0.14425,
PRICED,under,PTS,full_game,21.5,True,34.58273696899414,34.74073272657401,19.87921714782715,0.19280737585771687,20.072024523684867,0.6420909777808131,78bf92243997831090f4e81bdc0a5d4d7ba172f90b72e1ee43b198174beb3eea,4000,42,Jalen Johnson,1630552,FanDuel,2026-03-25,2026-03-25 13:19:22,2026-03-25,Regular Season,0.425,0.5327102803738317,0.5,-0.07500000000000001,-0.2021929824561403,0.575,0.5327102803738317,0.5,0.07499999999999996,0.07938596491228073,
PRICED,under,PTS,full_game,21.5,True,34.58273696899414,34.74073272657401,19.87921714782715,0.19280737585771687,20.072024523684867,0.6420909777808131,78bf92243997831090f4e81bdc0a5d4d7ba172f90b72e1ee43b198174beb3eea,4000,42,Jalen Johnson,1630552,BetRivers,2026-03-25,2026-03-25 13:19:22,2026-03-25,Regular Season,0.425,0.5327102803738317,0.4940898345153664,-0.06908983451536643,-0.2021929824561403,0.575,0.5454545454545454,0.5059101654846335,0.06908983451536643,0.05416666666666675,
PRICED,under,PTS,full_game,22.5,True,32.7320442199707,32.89003997755057,19.951004028320312,0.20273725994243616,20.153741288262747,0.6420909777808131,78bf92243997831090f4e81bdc0a5d4d7ba172f90b72e1ee43b198174beb3eea,4000,42,Julius Randle,203944,Bovada,2026-03-26,2026-03-25 13:19:22,2026-03-25,Regular Season,0.37075,0.46511627906976744,0.43668122270742354,-0.06593122270742352,-0.2028875,0.62925,0.6,0.5633187772925764,0.06593122270742358,0.04874999999999985,
PRICED,under,PTS,full_game,14.5,True,29.046215057373047,29.025467563246064,13.15984058380127,0.1655932345430423,13.325433818344312,0.5327606694856868,78bf92243997831090f4e81bdc0a5d4d7ba172f90b72e1ee43b198174beb3eea,4000,42,Tobias Harris,202699,BetOnline.ag,2026-03-25,2026-03-25 13:19:22,2026-03-25,Regular Season,0.4025,0.504950495049505,0.47438944435338465,-0.07188944435338462,-0.20289215686274498,0.5974999999999999,0.5594713656387665,0.5256105556466153,0.07188944435338462,0.06797244094488175,
PRICED,under,PTS,full_game,9.5,True,25.34461784362793,25.32387034950095,10.142556190490723,-0.027272447309288902,10.115283743181434,0.5327606694856868,78bf92243997831090f4e81bdc0a5d4d7ba172f90b72e1ee43b198174beb3eea,4000,42,Jakob Poeltl,1627751,Bovada,2026-03-26,2026-03-25 13:19:22,2026-03-25,Regular Season,0.53125,0.6666666666666666,0.625,-0.09375,-0.203125,0.46875,0.4,0.375,0.09375,0.171875,
PRICED,under,PTS,full_game,15.5,True,31.708898544311523,31.866894301891392,11.904556274414062,0.06961333565917877,11.974169610073242,0.6420909777808131,78bf92243997831090f4e81bdc0a5d4d7ba172f90b72e1ee43b198174beb3eea,4000,42,Rudy Gobert,203497,Bovada,2026-03-26,2026-03-25 13:19:22,2026-03-25,Regular Season,0.26125,0.32786885245901637,0.3079416531604538,-0.046691653160453817,-0.20318750000000008,0.73875,0.7368421052631579,0.6920583468395461,0.04669165316045387,0.002589285714285794,
PRICED,under,PTS,full_game,28.5,True,34.690277099609375,34.848272857189244,26.89333724975586,0.05900574803470954,26.95234299779057,0.6420909777808131,78bf92243997831090f4e81bdc0a5d4d7ba172f90b72e1ee43b198174beb3eea,4000,42,Nikola Jokic,203999,BetRivers,2026-03-26,2026-03-25 13:19:22,2026-03-25,Regular Season,0.41525,0.5215311004784688,0.48509894301835804,-0.06984894301835803,-0.20378669724770637,0.58475,0.5535714285714286,0.5149010569816419,0.06984894301835809,0.05632258064516127,
PRICED,under,PTS,full_game,28.5,True,34.690277099609375,34.848272857189244,26.89333724975586,0.05900574803470954,26.95234299779057,0.6420909777808131,78bf92243997831090f4e81bdc0a5d4d7ba172f90b72e1ee43b198174beb3eea,4000,42,Nikola Jokic,203999,DraftKings,2026-03-26,2026-03-25 13:19:22,2026-03-25,Regular Season,0.41525,0.5215311004784688,0.4916850288945246,-0.07643502889452458,-0.20378669724770637,0.58475,0.5391705069124424,0.5083149711054754,0.07643502889452458,0.08453632478632483,
PRICED,under,PTS,full_game,18.5,True,33.881710052490234,34.0397058100701,16.94695472717285,-0.038915135812051055,16.9080395913608,0.6420909777808131,78bf92243997831090f4e81bdc0a5d4d7ba172f90b72e1ee43b198174beb3eea,4000,42,Josh Giddey,1630581,FanDuel,2026-03-25,2026-03-25 13:19:22,2026-03-25,Regular Season,0.398,0.5,0.4710743801652893,-0.07307438016528928,-0.20399999999999996,0.602,0.5614035087719298,0.5289256198347108,0.07307438016528922,0.07231249999999995,
PRICED,under,PTS,full_game,16.5,True,30.783536911010742,30.94153266859061,14.377217292785645,-0.03388055342467686,14.343336739360968,0.6420909777808131,78bf92243997831090f4e81bdc0a5d4d7ba172f90b72e1ee43b198174beb3eea,4000,42,Brandin Podziemski,1641764,BetRivers,2026-03-26,2026-03-25 13:19:22,2026-03-25,Regular Season,0.36125,0.45454545454545453,0.4208701134930643,-0.059620113493064286,-0.20524999999999982,0.6387499999999999,0.6254681647940075,0.5791298865069356,0.059620113493064286,0.02123502994011961,
PRICED,under,PTS,full_game,23.5,True,28.287996292114258,28.267248797987275,24.843673706054688,0.04659172273223555,24.890265428786922,0.5327606694856868,78bf92243997831090f4e81bdc0a5d4d7ba172f90b72e1ee43b198174beb3eea,4000,42,Victor Wembanyama,1641705,Bovada,2026-03-26,2026-03-25 13:19:22,2026-03-25,Regular Season,0.561,0.7058823529411765,0.66,-0.09899999999999998,-0.20524999999999988,0.43899999999999995,0.36363636363636365,0.33999999999999997,0.09899999999999998,0.20724999999999982,
PRICED,under,PTS,full_game,13.5,True,23.28070640563965,23.483492251478886,12.777591705322266,-0.015661943860373926,12.761929761461891,0.4915060991395564,78bf92243997831090f4e81bdc0a5d4d7ba172f90b72e1ee43b198174beb3eea,4000,42,Scoot Henderson,1630703,BetRivers,2026-03-26,2026-03-25 13:19:22,2026-03-25,Regular Season,0.43325,0.5454545454545454,0.5059101654846335,-0.0726601654846335,-0.20570833333333322,0.56675,0.5327102803738317,0.4940898345153664,0.07266016548463355,0.06389912280701754,
PRICED,under,PTS,full_game,13.5,True,23.28070640563965,23.483492251478886,12.777591705322266,-0.015661943860373926,12.761929761461891,0.4915060991395564,78bf92243997831090f4e81bdc0a5d4d7ba172f90b72e1ee43b198174beb3eea,4000,42,Scoot Henderson,1630703,BetMGM,2026-03-26,2026-03-25 13:19:22,2026-03-25,Regular Season,0.43325,0.5454545454545454,0.5101214574898786,-0.07687145748987856,-0.20570833333333322,0.56675,0.5238095238095238,0.48987854251012153,0.07687145748987845,0.08197727272727273,
PRICED,under,PTS,full_game,8.5,True,19.01741600036621,19.22020184620545,8.169254302978516,-0.24983301983511727,7.919421283143398,0.4915060991395564,78bf92243997831090f4e81bdc0a5d4d7ba172f90b72e1ee43b198174beb3eea,4000,42,Leonard Miller,1631159,BetRivers,2026-03-25,2026-03-25 13:19:22,2026-03-25,Regular Season,0.42975,0.5412844036697247,0.5029738302934179,-0.07322383029341789,-0.20605508474576262,0.5702499999999999,0.5348837209302325,0.4970261697065821,0.07322383029341784,0.06611956521739115,
PRICED,under,PTS,full_game,7.5,True,22.952682495117188,23.155468340956425,7.147181510925293,-0.10919584308675542,7.037985667838537,0.4915060991395564,78bf92243997831090f4e81bdc0a5d4d7ba172f90b72e1ee43b198174beb3eea,4000,42,Will Richard,1642954,BetOnline.ag,2026-03-26,2026-03-25 13:19:22,2026-03-25,Regular Season,0.4485,0.5652173913043478,0.5306122448979592,-0.08211224489795921,-0.20650000000000002,0.5515,0.5,0.4693877551020409,0.0821122448979591,0.10299999999999998,
PRICED,under,PTS,full_game,28.5,True,34.690277099609375,34.848272857189244,26.89333724975586,0.05900574803470954,26.95234299779057,0.6420909777808131,78bf92243997831090f4e81bdc0a5d4d7ba172f90b72e1ee43b198174beb3eea,4000,42,Nikola Jokic,203999,Bovada,2026-03-26,2026-03-25 13:19:22,2026-03-25,Regular Season,0.41525,0.5238095238095238,0.48987854251012153,-0.07462854251012152,-0.20724999999999993,0.58475,0.5454545454545454,0.5101214574898786,0.07462854251012141,0.07204166666666673,
PRICED,under,PTS,full_game,11.5,True,24.499000549316406,24.478253055189427,10.339312553405762,0.12849635930047856,10.467808912706241,0.5327606694856868,78bf92243997831090f4e81bdc0a5d4d7ba172f90b72e1ee43b198174beb3eea,4000,42,Myles Turner,1626167,BetOnline.ag,2026-03-26,2026-03-25 13:19:22,2026-03-25,Regular Season,0.42175,0.5327102803738317,0.5,-0.07824999999999999,-0.20829385964912273,0.5782499999999999,0.5327102803738317,0.5,0.07824999999999993,0.08548684210526308,
PRICED,under,PTS,full_game,13.5,True,29.482128143310547,29.461380649183564,13.934953689575195,0.04529438981621654,13.980248079391412,0.5327606694856868,78bf92243997831090f4e81bdc0a5d4d7ba172f90b72e1ee43b198174beb3eea,4000,42,Bilal Coulibaly,1641731,Bovada,2026-03-26,2026-03-25 13:19:22,2026-03-25,Regular Season,0.51375,0.6491228070175439,0.6090534979423868,-0.0953034979423868,-0.2085472972972972,0.48624999999999996,0.4166666666666667,0.39094650205761317,0.0953034979423868,0.16699999999999982,
PRICED,under,PTS,full_game,29.5,True,35.62293243408203,35.7809281916619,28.60781478881836,0.235486775928927,28.843301564747286,0.6420909777808131,78bf92243997831090f4e81bdc0a5d4d7ba172f90b72e1ee43b198174beb3eea,4000,42,Shai Gilgeous-Alexander,1628983,BetRivers,2026-03-25,2026-03-25 13:19:22,2026-03-25,Regular Season,0.45275,0.5726495726495726,0.5290292614955876,-0.07627926149558761,-0.20937686567164182,0.54725,0.5098039215686274,0.47097073850441246,0.07627926149558756,0.07345192307692316,
PRICED,under,PTS,full_game,16.5,True,33.881710052490234,34.0397058100701,16.94695472717285,-0.038915135812051055,16.9080395913608,0.6420909777808131,78bf92243997831090f4e81bdc0a5d4d7ba172f90b72e1ee43b198174beb3eea,4000,42,Josh Giddey,1630581,Bovada,2026-03-25,2026-03-25 13:19:22,2026-03-25,Regular Season,0.513,0.6491228070175439,0.6090534979423868,-0.09605349794238682,-0.2097027027027027,0.487,0.4166666666666667,0.39094650205761317,0.09605349794238682,0.16879999999999995,
PRICED,under,PTS,full_game,30.5,True,35.62293243408203,35.7809281916619,28.60781478881836,0.235486775928927,28.843301564747286,0.6420909777808131,78bf92243997831090f4e81bdc0a5d4d7ba172f90b72e1ee43b198174beb3eea,4000,42,Shai Gilgeous-Alexander,1628983,BetOnline.ag,2026-03-25,2026-03-25 13:19:22,2026-03-25,Regular Season,0.40475,0.5121951219512195,0.48149290561381863,-0.07674290561381863,-0.20977380952380958,0.5952500000000001,0.5515695067264574,0.5185070943861814,0.07674290561381869,0.07919308943089437,
PRICED,under,PTS,full_game,6.5,True,22.261375427246094,22.46416127308533,6.678829193115234,-0.09571791808630775,6.5831112750289265,0.4915060991395564,78bf92243997831090f4e81bdc0a5d4d7ba172f90b72e1ee43b198174beb3eea,4000,42,John Konchar,1629723,Bovada,2026-03-26,2026-03-25 13:19:22,2026-03-25,Regular Season,0.492,0.6226415094339622,0.5834970530451867,-0.09149705304518674,-0.2098181818181819,0.508,0.4444444444444444,0.4165029469548134,0.09149705304518663,0.14300000000000002,
PRICED,under,PTS,full_game,12.5,True,24.02159309387207,24.00084559974509,11.318232536315918,0.03808573330910556,11.356318269625023,0.5327606694856868,78bf92243997831090f4e81bdc0a5d4d7ba172f90b72e1ee43b198174beb3eea,4000,42,Jalen Smith,1630188,FanDuel,2026-03-25,2026-03-25 13:19:22,2026-03-25,Regular Season,0.39475,0.5,0.4710743801652893,-0.07632438016528931,-0.21050000000000008,0.6052500000000001,0.5614035087719298,0.5289256198347108,0.07632438016528931,0.07810156250000005,
PRICED,under,PTS,full_game,20.5,True,29.183549880981445,29.162802386854462,19.322298049926758,0.16759071525889543,19.489888765185654,0.5327606694856868,78bf92243997831090f4e81bdc0a5d4d7ba172f90b72e1ee43b198174beb3eea,4000,42,Norman Powell,1626181,BetRivers,2026-03-25,2026-03-25 13:19:22,2026-03-25,Regular Season,0.41675,0.5283018867924528,0.4901435104873048,-0.0733935104873048,-0.21115178571428578,0.58325,0.5495495495495496,0.5098564895126951,0.07339351048730491,0.06132377049180332,
PRICED,under,PTS,full_game,11.5,True,24.499000549316406,24.478253055189427,10.339312553405762,0.12849635930047856,10.467808912706241,0.5327606694856868,78bf92243997831090f4e81bdc0a5d4d7ba172f90b72e1ee43b198174beb3eea,4000,42,Myles Turner,1626167,BetMGM,2026-03-26,2026-03-25 13:19:22,2026-03-25,Regular Season,0.42175,0.5348837209302325,0.5,-0.07824999999999999,-0.21151086956521736,0.5782499999999999,0.5348837209302325,0.5,0.07824999999999993,0.08107608695652163,
PRICED,under,PTS,full_game,11.5,True,24.499000549316406,24.478253055189427,10.339312553405762,0.12849635930047856,10.467808912706241,0.5327606694856868,78bf92243997831090f4e81bdc0a5d4d7ba172f90b72e1ee43b198174beb3eea,4000,42,Myles Turner,1626167,DraftKings,2026-03-26,2026-03-25 13:19:22,2026-03-25,Regular Season,0.42175,0.5348837209302325,0.5041554124246831,-0.08240541242468308,-0.21151086956521736,0.5782499999999999,0.5260663507109005,0.4958445875753168,0.08240541242468313,0.099195945945946,
PRICED,under,PTS,full_game,8.5,True,20.131776809692383,20.33456265553162,8.144559860229492,-0.032555280664098615,8.112004579565394,0.4915060991395564,78bf92243997831090f4e81bdc0a5d4d7ba172f90b72e1ee43b198174beb3eea,4000,42,Kevin Huerter,1628989,BetRivers,2026-03-25,2026-03-25 13:19:22,2026-03-25,Regular Season,0.45425,0.576271186440678,0.5354330708661418,-0.0811830708661418,-0.21174264705882345,0.54575,0.5,0.4645669291338583,0.08118307086614168,0.09149999999999997,
PRICED,under,PTS,full_game,13.5,True,25.647825241088867,25.627077746961888,13.818275451660156,0.06651737654675206,13.884792828206908,0.5327606694856868,78bf92243997831090f4e81bdc0a5d4d7ba172f90b72e1ee43b198174beb3eea,4000,42,Bobby Portis,1626171,Bovada,2026-03-26,2026-03-25 13:19:22,2026-03-25,Regular Season,0.5115,0.6491228070175439,0.6090534979423868,-0.09755349794238688,-0.21201351351351355,0.48850000000000005,0.4166666666666667,0.39094650205761317,0.09755349794238688,0.1724000000000001,
PRICED,under,PTS,full_game,9.5,True,20.131776809692383,20.33456265553162,8.144559860229492,-0.032555280664098615,8.112004579565394,0.4915060991395564,78bf92243997831090f4e81bdc0a5d4d7ba172f90b72e1ee43b198174beb3eea,4000,42,Kevin Huerter,1628989,BetRivers,2026-03-25,2026-03-25 13:19:22,2026-03-25,Regular Season,0.3895,0.49504950495049505,0.45980991958136136,-0.07030991958136135,-0.21321,0.6105,0.5815899581589958,0.5401900804186387,0.07030991958136135,0.04970863309352519,
PRICED,under,PTS,full_game,11.5,True,25.063209533691406,25.042462039564427,12.93858528137207,0.004366624335638735,12.942951905707709,0.5327606694856868,78bf92243997831090f4e81bdc0a5d4d7ba172f90b72e1ee43b198174beb3eea,4000,42,Donovan Clingan,1642270,Bovada,2026-03-26,2026-03-25 13:19:22,2026-03-25,Regular Season,0.585,0.7435897435897436,0.6974398758727697,-0.11243987587276971,-0.21327586206896554,0.41500000000000004,0.3225806451612903,0.30256012412723043,0.1124398758727696,0.2865000000000002,
PRICED,under,PTS,full_game,6.5,True,14.25339412689209,14.330542283518497,7.485832214355469,0.15319466217514188,7.639026876530611,0.44940254752247744,78bf92243997831090f4e81bdc0a5d4d7ba172f90b72e1ee43b198174beb3eea,4000,42,Paul Reed Jr,1630194,Bovada,2026-03-25,2026-03-25 13:19:22,2026-03-25,Regular Season,0.5795,0.7368421052631579,0.6920583468395461,-0.11255834683954613,-0.21353571428571422,0.4205,0.32786885245901637,0.3079416531604538,0.11255834683954619,0.2825249999999999,
PRICED,under,PTS,full_game,14.5,True,29.046215057373047,29.025467563246064,13.15984058380127,0.1655932345430423,13.325433818344312,0.5327606694856868,78bf92243997831090f4e81bdc0a5d4d7ba172f90b72e1ee43b198174beb3eea,4000,42,Tobias Harris,202699,BetMGM,2026-03-25,2026-03-25 13:19:22,2026-03-25,Regular Season,0.4025,0.5121951219512195,0.4796954314720812,-0.07719543147208119,-0.21416666666666656,0.5974999999999999,0.5555555555555556,0.5203045685279188,0.07719543147208108,0.07549999999999996,
PRICED,under,PTS,full_game,7.5,True,22.952682495117188,23.155468340956425,7.147181510925293,-0.10919584308675542,7.037985667838537,0.4915060991395564,78bf92243997831090f4e81bdc0a5d4d7ba172f90b72e1ee43b198174beb3eea,4000,42,Will Richard,1642954,DraftKings,2026-03-26,2026-03-25 13:19:22,2026-03-25,Regular Season,0.4485,0.5708154506437768,0.5379917512690355,-0.08949175126903552,-0.21428195488721807,0.5515,0.49019607843137253,0.4620082487309644,0.08949175126903558,0.12505999999999995,
PRICED,under,PTS,full_game,20.5,True,29.183549880981445,29.162802386854462,19.322298049926758,0.16759071525889543,19.489888765185654,0.5327606694856868,78bf92243997831090f4e81bdc0a5d4d7ba172f90b72e1ee43b198174beb3eea,4000,42,Norman Powell,1626181,DraftKings,2026-03-25,2026-03-25 13:19:22,2026-03-25,Regular Season,0.41675,0.5305164319248826,0.5010457625700661,-0.08429576257006605,-0.21444469026548674,0.58325,0.5283018867924528,0.4989542374299339,0.08429576257006616,0.10400892857142857,
PRICED,under,PTS,full_game,21.5,True,34.58273696899414,34.74073272657401,19.87921714782715,0.19280737585771687,20.072024523684867,0.6420909777808131,78bf92243997831090f4e81bdc0a5d4d7ba172f90b72e1ee43b198174beb3eea,4000,42,Jalen Johnson,1630552,BetOnline.ag,2026-03-25,2026-03-25 13:19:22,2026-03-25,Regular Season,0.425,0.5412844036697247,0.5082034454470877,-0.08320344544708774,-0.21483050847457624,0.575,0.5238095238095238,0.49179655455291227,0.08320344544708769,0.09772727272727272,
PRICED,under,PTS,full_game,8.5,True,18.852142333984375,19.054928179823612,7.8576130867004395,-0.051712225539888634,7.805900861160551,0.4915060991395564,78bf92243997831090f4e81bdc0a5d4d7ba172f90b72e1ee43b198174beb3eea,4000,42,Caris LeVert,1627747,DraftKings,2026-03-25,2026-03-25 13:19:22,2026-03-25,Regular Season,0.40925,0.5215311004784688,0.4916850288945246,-0.08243502889452459,-0.21529128440366968,0.59075,0.5391705069124424,0.5083149711054754,0.08243502889452459,0.09566452991453,
PRICED,under,PTS,full_game,17.5,True,27.581321716308594,27.560574222181614,16.26681900024414,-0.023529805502859494,16.24328919474128,0.5327606694856868,78bf92243997831090f4e81bdc0a5d4d7ba172f90b72e1ee43b198174beb3eea,4000,42,Stephon Castle,1642264,BetOnline.ag,2026-03-26,2026-03-25 13:19:22,2026-03-25,Regular Season,0.4195,0.5348837209302325,0.5030953363598845,-0.08359533635988448,-0.21571739130434792,0.5805,0.5283018867924528,0.4969046636401156,0.08359533635988442,0.09880357142857144,
PRICED,under,PTS,full_game,16.5,True,31.083293914794922,31.24128967237479,15.129435539245605,0.015380391846781503,15.144815931092387,0.6420909777808131,78bf92243997831090f4e81bdc0a5d4d7ba172f90b72e1ee43b198174beb3eea,4000,42,Reed Sheppard,1642263,BetOnline.ag,2026-03-26,2026-03-25 13:19:22,2026-03-25,Regular Season,0.407,0.5192307692307693,0.4876847290640395,-0.0806847290640395,-0.2161481481481481,0.593,0.5454545454545454,0.5123152709359606,0.08068472906403934,0.08716666666666678,
PRICED,under,PTS,full_game,15.5,True,29.046215057373047,29.025467563246064,13.15984058380127,0.1655932345430423,13.325433818344312,0.5327606694856868,78bf92243997831090f4e81bdc0a5d4d7ba172f90b72e1ee43b198174beb3eea,4000,42,Tobias Harris,202699,Bovada,2026-03-25,2026-03-25 13:19:22,2026-03-25,Regular Season,0.34075,0.43478260869565216,0.40847201210287437,-0.06772201210287437,-0.21627500000000005,0.65925,0.6296296296296297,0.5915279878971256,0.06772201210287443,0.0470441176470589,
PRICED,under,PTS,full_game,13.5,True,24.60011100769043,24.57936351356345,11.90056324005127,0.043358085225788115,11.943921325277058,0.5327606694856868,78bf92243997831090f4e81bdc0a5d4d7ba172f90b72e1ee43b198174beb3eea,4000,42,Kyle Kuzma,1628398,FanDuel,2026-03-26,2026-03-25 13:19:22,2026-03-25,Regular Season,0.38775,0.49504950495049505,0.46209273182957394,-0.07434273182957396,-0.21674499999999997,0.61225,0.576271186440678,0.5379072681704261,0.07434273182957385,0.06243382352941179,
PRICED,under,PTS,full_game,29.5,True,34.690277099609375,34.848272857189244,26.89333724975586,0.05900574803470954,26.95234299779057,0.6420909777808131,78bf92243997831090f4e81bdc0a5d4d7ba172f90b72e1ee43b198174beb3eea,4000,42,Nikola Jokic,203999,BetRivers,2026-03-26,2026-03-25 13:19:22,2026-03-25,Regular Season,0.366,0.4672897196261682,0.43340416202907345,-0.06740416202907346,-0.21676000000000012,0.634,0.6108949416342413,0.5665958379709265,0.06740416202907351,0.03782165605095533,
PRICED,under,PTS,full_game,16.5,True,27.408226013183594,27.387478519056614,18.107128143310547,0.08992749369746968,18.197055637008017,0.5327606694856868,78bf92243997831090f4e81bdc0a5d4d7ba172f90b72e1ee43b198174beb3eea,4000,42,Darius Garland,1629636,Bovada,2026-03-26,2026-03-25 13:19:22,2026-03-25,Regular Season,0.58225,0.7435897435897436,0.6974398758727697,-0.11518987587276963,-0.2169741379310344,0.41774999999999995,0.3225806451612903,0.30256012412723043,0.11518987587276952,0.29502499999999987,
PRICED,under,PTS,full_game,12.5,True,24.499000549316406,24.478253055189427,10.339312553405762,0.12849635930047856,10.467808912706241,0.5327606694856868,78bf92243997831090f4e81bdc0a5d4d7ba172f90b72e1ee43b198174beb3eea,4000,42,Myles Turner,1626167,BetRivers,2026-03-26,2026-03-25 13:19:22,2026-03-25,Regular Season,0.35575,0.45454545454545453,0.4208701134930643,-0.06512011349306429,-0.21734999999999993,0.64425,0.6254681647940075,0.5791298865069356,0.06512011349306435,0.03002844311377234,
PRICED,under,PTS,full_game,18.5,True,30.783536911010742,30.94153266859061,14.377217292785645,-0.03388055342467686,14.343336739360968,0.6420909777808131,78bf92243997831090f4e81bdc0a5d4d7ba172f90b72e1ee43b198174beb3eea,4000,42,Brandin Podziemski,1641764,Bovada,2026-03-26,2026-03-25 13:19:22,2026-03-25,Regular Season,0.2605,0.3333333333333333,0.3125,-0.05199999999999999,-0.21850000000000003,0.7395,0.7333333333333333,0.6875,0.052000000000000046,0.008409090909091033,
PRICED,under,PTS,full_game,8.5,True,18.852142333984375,19.054928179823612,7.8576130867004395,-0.051712225539888634,7.805900861160551,0.4915060991395564,78bf92243997831090f4e81bdc0a5d4d7ba172f90b72e1ee43b198174beb3eea,4000,42,Caris LeVert,1627747,Bovada,2026-03-25,2026-03-25 13:19:22,2026-03-25,Regular Season,0.40925,0.5238095238095238,0.48987854251012153,-0.08062854251012153,-0.21870454545454543,0.59075,0.5454545454545454,0.5101214574898786,0.08062854251012141,0.08304166666666674,
PRICED,under,PTS,full_game,18.5,True,32.497337341308594,32.65533309888846,14.567300796508789,0.22869670261903097,14.79599749912782,0.6420909777808131,78bf92243997831090f4e81bdc0a5d4d7ba172f90b72e1ee43b198174beb3eea,4000,42,Jaden McDaniels,1630183,Bovada,2026-03-26,2026-03-25 13:19:22,2026-03-25,Regular Season,0.284,0.36363636363636365,0.33999999999999997,-0.055999999999999994,-0.21900000000000003,0.716,0.7058823529411765,0.66,0.05599999999999994,0.01433333333333342,
PRICED,under,PTS,full_game,14.5,True,25.929195404052734,25.908447909925755,11.821773529052734,0.37405409171785436,12.195827620770588,0.5327606694856868,78bf92243997831090f4e81bdc0a5d4d7ba172f90b72e1ee43b198174beb3eea,4000,42,Josh Minott,1631169,Bovada,2026-03-26,2026-03-25 13:19:22,2026-03-25,Regular Season,0.33225,0.425531914893617,0.3982930298719772,-0.06604302987197719,-0.21921250000000003,0.6677500000000001,0.6428571428571429,0.6017069701280228,0.0660430298719773,0.03872222222222227,
PRICED,under,PTS,full_game,31.5,True,34.02191162109375,34.17990737867362,28.12468910217285,0.08675802482555833,28.21144712699841,0.6420909777808131,78bf92243997831090f4e81bdc0a5d4d7ba172f90b72e1ee43b198174beb3eea,4000,42,Donovan Mitchell,1628378,Bovada,2026-03-25,2026-03-25 13:19:22,2026-03-25,Regular Season,0.33225,0.425531914893617,0.3982930298719772,-0.06604302987197719,-0.21921250000000003,0.6677500000000001,0.6428571428571429,0.6017069701280228,0.0660430298719773,0.03872222222222227,
PRICED,under,PTS,full_game,7.5,True,22.952682495117188,23.155468340956425,7.147181510925293,-0.10919584308675542,7.037985667838537,0.4915060991395564,78bf92243997831090f4e81bdc0a5d4d7ba172f90b72e1ee43b198174beb3eea,4000,42,Will Richard,1642954,Bovada,2026-03-26,2026-03-25 13:19:22,2026-03-25,Regular Season,0.4485,0.574468085106383,0.5407914020517831,-0.0922914020517831,-0.2192777777777778,0.5515,0.4878048780487805,0.4592085979482169,0.0922914020517831,0.13057499999999989,
PRICED,under,PTS,full_game,24.5,True,28.287996292114258,28.267248797987275,24.843673706054688,0.04659172273223555,24.890265428786922,0.5327606694856868,78bf92243997831090f4e81bdc0a5d4d7ba172f90b72e1ee43b198174beb3eea,4000,42,Victor Wembanyama,1641705,Bovada,2026-03-26,2026-03-25 13:19:22,2026-03-25,Regular Season,0.5115,0.6551724137931034,0.6161482461945731,-0.10464824619457314,-0.21928947368421065,0.48850000000000005,0.40816326530612246,0.3838517538054269,0.10464824619457314,0.19682500000000025,
PRICED,under,PTS,full_game,38.5,True,36.67681121826172,37.18232675233055,34.251033782958984,0.0951001249204827,34.34613390787947,0.746175435493391,78bf92243997831090f4e81bdc0a5d4d7ba172f90b72e1ee43b198174beb3eea,4000,42,Luka Doncic,1629029,Bovada,2026-03-25,2026-03-25 13:19:22,2026-03-25,Regular Season,0.30025,0.38461538461538464,0.36041189931350115,-0.06016189931350113,-0.21934999999999993,0.69975,0.6825396825396826,0.6395881006864989,0.06016189931350113,0.025215116279069694,
PRICED,under,PTS,full_game,12.5,True,25.79913902282715,25.77839152870017,10.317644119262695,-0.03677787306457675,10.28086624619812,0.5327606694856868,78bf92243997831090f4e81bdc0a5d4d7ba172f90b72e1ee43b198174beb3eea,4000,42,Julian Champagnie,1630577,Bovada,2026-03-26,2026-03-25 13:19:22,2026-03-25,Regular Season,0.332,0.425531914893617,0.3982930298719772,-0.06629302987197716,-0.21979999999999988,0.6679999999999999,0.6428571428571429,0.6017069701280228,0.06629302987197716,0.039111111111111097,
PRICED,under,PTS,full_game,13.5,True,23.28070640563965,23.483492251478886,12.777591705322266,-0.015661943860373926,12.761929761461891,0.4915060991395564,78bf92243997831090f4e81bdc0a5d4d7ba172f90b72e1ee43b198174beb3eea,4000,42,Scoot Henderson,1630703,BetOnline.ag,2026-03-26,2026-03-25 13:19:22,2026-03-25,Regular Season,0.43325,0.5555555555555556,0.5226570545829042,-0.08940705458290421,-0.22014999999999996,0.56675,0.5073891625615764,0.4773429454170958,0.08940705458290416,0.11699271844660186,
PRICED,under,PTS,full_game,16.5,True,28.055803298950195,28.035055804823212,13.56492805480957,-0.05914933723407953,13.50577871757549,0.5327606694856868,78bf92243997831090f4e81bdc0a5d4d7ba172f90b72e1ee43b198174beb3eea,4000,42,Devin Vassell,1630170,Bovada,2026-03-26,2026-03-25 13:19:22,2026-03-25,Regular Season,0.2835,0.36363636363636365,0.33999999999999997,-0.056499999999999995,-0.2203750000000001,0.7165,0.7058823529411765,0.66,0.056499999999999995,0.015041666666666731,
PRICED,under,PTS,full_game,23.5,True,32.7320442199707,32.89003997755057,19.951004028320312,0.20273725994243616,20.153741288262747,0.6420909777808131,78bf92243997831090f4e81bdc0a5d4d7ba172f90b72e1ee43b198174beb3eea,4000,42,Julius Randle,203944,Bovada,2026-03-26,2026-03-25 13:19:22,2026-03-25,Regular Season,0.32475,0.4166666666666667,0.39094650205761317,-0.06619650205761318,-0.22060000000000007,0.67525,0.6491228070175439,0.6090534979423868,0.06619650205761318,0.040250000000000064,
PRICED,under,PTS,full_game,19.5,True,27.408226013183594,27.387478519056614,18.107128143310547,0.08992749369746968,18.197055637008017,0.5327606694856868,78bf92243997831090f4e81bdc0a5d4d7ba172f90b72e1ee43b198174beb3eea,4000,42,Darius Garland,1629636,FanDuel,2026-03-26,2026-03-25 13:19:22,2026-03-25,Regular Season,0.41175,0.5283018867924528,0.4939310568053083,-0.0821810568053083,-0.22061607142857137,0.5882499999999999,0.5412844036697247,0.5060689431946916,0.0821810568053083,0.0867669491525423,
PRICED,under,PTS,full_game,21.5,True,34.58273696899414,34.74073272657401,19.87921714782715,0.19280737585771687,20.072024523684867,0.6420909777808131,78bf92243997831090f4e81bdc0a5d4d7ba172f90b72e1ee43b198174beb3eea,4000,42,Jalen Johnson,1630552,BetMGM,2026-03-25,2026-03-25 13:19:22,2026-03-25,Regular Season,0.425,0.5454545454545454,0.5101214574898786,-0.0851214574898786,-0.22083333333333321,0.575,0.5238095238095238,0.48987854251012153,0.08512145748987843,0.09772727272727272,
PRICED,under,PTS,full_game,20.5,True,29.183549880981445,29.162802386854462,19.322298049926758,0.16759071525889543,19.489888765185654,0.5327606694856868,78bf92243997831090f4e81bdc0a5d4d7ba172f90b72e1ee43b198174beb3eea,4000,42,Norman Powell,1626181,Bovada,2026-03-25,2026-03-25 13:19:22,2026-03-25,Regular Season,0.41675,0.5348837209302325,0.5,-0.08324999999999999,-0.22085869565217403,0.58325,0.5348837209302325,0.5,0.08325000000000005,0.09042391304347824,
PRICED,under,PTS,full_game,21.5,True,29.183549880981445,29.162802386854462,19.322298049926758,0.16759071525889543,19.489888765185654,0.5327606694856868,78bf92243997831090f4e81bdc0a5d4d7ba172f90b72e1ee43b198174beb3eea,4000,42,Norman Powell,1626181,BetRivers,2026-03-25,2026-03-25 13:19:22,2026-03-25,Regular Season,0.364,0.4672897196261682,0.43340416202907345,-0.06940416202907346,-0.22104000000000013,0.636,0.6108949416342413,0.5665958379709265,0.06940416202907351,0.041095541401273805,
PRICED,under,PTS,full_game,10.5,True,24.499000549316406,24.478253055189427,10.339312553405762,0.12849635930047856,10.467808912706241,0.5327606694856868,78bf92243997831090f4e81bdc0a5d4d7ba172f90b72e1ee43b198174beb3eea,4000,42,Myles Turner,1626167,Bovada,2026-03-26,2026-03-25 13:19:22,2026-03-25,Regular Season,0.48475,0.6226415094339622,0.5834970530451867,-0.09874705304518672,-0.22146212121212122,0.51525,0.4444444444444444,0.4165029469548134,0.0987470530451866,0.15931249999999997,
PRICED,under,PTS,full_game,17.5,True,27.581321716308594,27.560574222181614,16.26681900024414,-0.023529805502859494,16.24328919474128,0.5327606694856868,78bf92243997831090f4e81bdc0a5d4d7ba172f90b72e1ee43b198174beb3eea,4000,42,Stephon Castle,1642264,DraftKings,2026-03-26,2026-03-25 13:19:22,2026-03-25,Regular Season,0.4195,0.5391705069124424,0.5083149711054754,-0.08881497110547543,-0.22195299145299147,0.5805,0.5215311004784688,0.4916850288945246,0.08881497110547543,0.11306880733944957,
PRICED,under,PTS,full_game,12.5,True,24.60011100769043,24.57936351356345,11.90056324005127,0.043358085225788115,11.943921325277058,0.5327606694856868,78bf92243997831090f4e81bdc0a5d4d7ba172f90b72e1ee43b198174beb3eea,4000,42,Kyle Kuzma,1628398,Bovada,2026-03-26,2026-03-25 13:19:22,2026-03-25,Regular Season,0.46675,0.6,0.5633187772925764,-0.0965687772925764,-0.2220833333333334,0.53325,0.46511627906976744,0.43668122270742354,0.09656877729257646,0.1464875,
PRICED,under,PTS,full_game,12.5,True,23.777048110961914,23.97983395680115,12.744973182678223,0.2523716151643092,12.997344797842532,0.4915060991395564,78bf92243997831090f4e81bdc0a5d4d7ba172f90b72e1ee43b198174beb3eea,4000,42,Bones Hyland,1630538,Bovada,2026-03-26,2026-03-25 13:19:22,2026-03-25,Regular Season,0.5185,0.6666666666666666,0.625,-0.10650000000000004,-0.22225000000000006,0.48150000000000004,0.4,0.375,0.10650000000000004,0.2037500000000001,
PRICED,under,PTS,full_game,9.5,True,25.04226303100586,25.02151553687888,9.190759658813477,0.14380092609098305,9.334560584904459,0.5327606694856868,78bf92243997831090f4e81bdc0a5d4d7ba172f90b72e1ee43b198174beb3eea,4000,42,Jamir Watkins,1642364,Bovada,2026-03-26,2026-03-25 13:19:22,2026-03-25,Regular Season,0.46,0.5918367346938775,0.554140127388535,-0.094140127388535,-0.22275862068965518,0.54,0.47619047619047616,0.4458598726114649,0.09414012738853511,0.13400000000000006,
PRICED,under,PTS,full_game,18.5,True,33.881710052490234,34.0397058100701,16.94695472717285,-0.038915135812051055,16.9080395913608,0.6420909777808131,78bf92243997831090f4e81bdc0a5d4d7ba172f90b72e1ee43b198174beb3eea,4000,42,Josh Giddey,1630581,BetMGM,2026-03-25,2026-03-25 13:19:22,2026-03-25,Regular Season,0.398,0.5121951219512195,0.4796954314720812,-0.08169543147208119,-0.22295238095238096,0.602,0.5555555555555556,0.5203045685279188,0.08169543147208114,0.08360000000000001,
PRICED,under,PTS,full_game,18.5,True,33.881710052490234,34.0397058100701,16.94695472717285,-0.038915135812051055,16.9080395913608,0.6420909777808131,78bf92243997831090f4e81bdc0a5d4d7ba172f90b72e1ee43b198174beb3eea,4000,42,Josh Giddey,1630581,BetOnline.ag,2026-03-25,2026-03-25 13:19:22,2026-03-25,Regular Season,0.398,0.5121951219512195,0.48149290561381863,-0.08349290561381861,-0.22295238095238096,0.602,0.5515695067264574,0.5185070943861814,0.08349290561381861,0.09143089430894302,
PRICED,under,PTS,full_game,17.5,True,33.881710052490234,34.0397058100701,16.94695472717285,-0.038915135812051055,16.9080395913608,0.6420909777808131,78bf92243997831090f4e81bdc0a5d4d7ba172f90b72e1ee43b198174beb3eea,4000,42,Josh Giddey,1630581,BetRivers,2026-03-25,2026-03-25 13:19:22,2026-03-25,Regular Season,0.4515,0.5815899581589958,0.5401900804186387,-0.08869008041863868,-0.22367985611510793,0.5485,0.49504950495049505,0.45980991958136136,0.08869008041863863,0.10797000000000001,
PRICED,under,PTS,full_game,30.5,True,35.62293243408203,35.7809281916619,28.60781478881836,0.235486775928927,28.843301564747286,0.6420909777808131,78bf92243997831090f4e81bdc0a5d4d7ba172f90b72e1ee43b198174beb3eea,4000,42,Shai Gilgeous-Alexander,1628983,BetRivers,2026-03-25,2026-03-25 13:19:22,2026-03-25,Regular Season,0.40475,0.5215311004784688,0.4842053307008884,-0.0794553307008884,-0.22391972477064226,0.5952500000000001,0.5555555555555556,0.5157946692991116,0.0794553307008885,0.07145000000000007,
PRICED,under,PTS,full_game,15.5,True,32.497337341308594,32.65533309888846,14.567300796508789,0.22869670261903097,14.79599749912782,0.6420909777808131,78bf92243997831090f4e81bdc0a5d4d7ba172f90b72e1ee43b198174beb3eea,4000,42,Jaden McDaniels,1630183,BetRivers,2026-03-26,2026-03-25 13:19:22,2026-03-25,Regular Season,0.44675,0.576271186440678,0.5354330708661418,-0.0886830708661418,-0.2247573529411765,0.55325,0.5,0.4645669291338583,0.08868307086614174,0.10650000000000004,
PRICED,under,PTS,full_game,31.5,True,35.62293243408203,35.7809281916619,28.60781478881836,0.235486775928927,28.843301564747286,0.6420909777808131,78bf92243997831090f4e81bdc0a5d4d7ba172f90b72e1ee43b198174beb3eea,4000,42,Shai Gilgeous-Alexander,1628983,BetRivers,2026-03-25,2026-03-25 13:19:22,2026-03-25,Regular Season,0.36175,0.4672897196261682,0.4346343957729675,-0.07288439577296746,-0.22585500000000008,0.63825,0.6078431372549019,0.5653656042270325,0.07288439577296746,0.050024193548387,
PRICED,under,PTS,full_game,11.5,True,24.499000549316406,24.478253055189427,10.339312553405762,0.12849635930047856,10.467808912706241,0.5327606694856868,78bf92243997831090f4e81bdc0a5d4d7ba172f90b72e1ee43b198174beb3eea,4000,42,Myles Turner,1626167,Bovada,2026-03-26,2026-03-25 13:19:22,2026-03-25,Regular Season,0.42175,0.5454545454545454,0.5101214574898786,-0.08837145748987857,-0.2267916666666665,0.5782499999999999,0.5238095238095238,0.48987854251012153,0.0883714574898784,0.10393181818181813,
PRICED,under,PTS,full_game,14.5,True,22.231834411621094,22.43462025746033,12.792119026184082,0.028415902335560975,12.820534928519644,0.4915060991395564,78bf92243997831090f4e81bdc0a5d4d7ba172f90b72e1ee43b198174beb3eea,4000,42,Keldon Johnson,1629640,Bovada,2026-03-26,2026-03-25 13:19:22,2026-03-25,Regular Season,0.368,0.47619047619047616,0.4458598726114649,-0.07785987261146493,-0.22719999999999996,0.632,0.5918367346938775,0.554140127388535,0.07785987261146499,0.06786206896551727,
PRICED,under,PTS,full_game,14.5,True,23.28070640563965,23.483492251478886,12.777591705322266,-0.015661943860373926,12.761929761461891,0.4915060991395564,78bf92243997831090f4e81bdc0a5d4d7ba172f90b72e1ee43b198174beb3eea,4000,42,Scoot Henderson,1630703,BetRivers,2026-03-26,2026-03-25 13:19:22,2026-03-25,Regular Season,0.368,0.47619047619047616,0.4424778761061947,-0.07447787610619472,-0.22719999999999996,0.632,0.6,0.5575221238938053,0.07447787610619472,0.05333333333333323,
PRICED,under,PTS,full_game,20.5,True,30.93474578857422,31.092741546154087,19.52208137512207,0.1254928028682659,19.647574177990336,0.6420909777808131,78bf92243997831090f4e81bdc0a5d4d7ba172f90b72e1ee43b198174beb3eea,4000,42,R.J. Barrett,1629628,BetRivers,2026-03-26,2026-03-25 13:19:22,2026-03-25,Regular Season,0.43925,0.5689655172413793,0.5274208712002507,-0.08817087120025074,-0.22798484848484857,0.5607500000000001,0.5098039215686274,0.4725791287997492,0.08817087120025086,0.09993269230769247,
PRICED,under,PTS,full_game,13.5,True,23.28070640563965,23.483492251478886,12.777591705322266,-0.015661943860373926,12.761929761461891,0.4915060991395564,78bf92243997831090f4e81bdc0a5d4d7ba172f90b72e1ee43b198174beb3eea,4000,42,Scoot Henderson,1630703,DraftKings,2026-03-26,2026-03-25 13:19:22,2026-03-25,Regular Season,0.43325,0.5614035087719298,0.5289256198347108,-0.09567561983471073,-0.22827343749999995,0.56675,0.5,0.4710743801652893,0.09567561983471068,0.13349999999999995,
PRICED,under,PTS,full_game,7.5,True,22.952682495117188,23.155468340956425,7.147181510925293,-0.10919584308675542,7.037985667838537,0.4915060991395564,78bf92243997831090f4e81bdc0a5d4d7ba172f90b72e1ee43b198174beb3eea,4000,42,Will Richard,1642954,BetRivers,2026-03-26,2026-03-25 13:19:22,2026-03-25,Regular Season,0.4485,0.5815899581589958,0.5401900804186387,-0.09169008041863869,-0.22883812949640286,0.5515,0.49504950495049505,0.45980991958136136,0.09169008041863863,0.11402999999999996,
PRICED,under,PTS,full_game,16.5,True,29.17185401916504,29.151106525038056,13.212282180786133,-0.0828621571539925,13.12942002363214,0.5327606694856868,78bf92243997831090f4e81bdc0a5d4d7ba172f90b72e1ee43b198174beb3eea,4000,42,Gui Santos,1630611,Bovada,2026-03-26,2026-03-25 13:19:22,2026-03-25,Regular Season,0.26575,0.3448275862068966,0.32315978456014366,-0.05740978456014367,-0.2293250000000001,0.7342500000000001,0.7222222222222222,0.6768402154398564,0.05740978456014367,0.016653846153846186,
PRICED,under,PTS,full_game,21.5,True,32.7320442199707,32.89003997755057,19.951004028320312,0.20273725994243616,20.153741288262747,0.6420909777808131,78bf92243997831090f4e81bdc0a5d4d7ba172f90b72e1ee43b198174beb3eea,4000,42,Julius Randle,203944,BetOnline.ag,2026-03-26,2026-03-25 13:19:22,2026-03-25,Regular Season,0.42025,0.5454545454545454,0.5123152709359606,-0.09206527093596062,-0.2295416666666666,0.57975,0.5192307692307693,0.4876847290640395,0.09206527093596051,0.11655555555555563,
PRICED,under,PTS,full_game,21.5,True,32.7320442199707,32.89003997755057,19.951004028320312,0.20273725994243616,20.153741288262747,0.6420909777808131,78bf92243997831090f4e81bdc0a5d4d7ba172f90b72e1ee43b198174beb3eea,4000,42,Julius Randle,203944,BetMGM,2026-03-26,2026-03-25 13:19:22,2026-03-25,Regular Season,0.42025,0.5454545454545454,0.5090470446320868,-0.08879704463208682,-0.2295416666666666,0.57975,0.5260663507109005,0.49095295536791317,0.08879704463208682,0.10204729729729733,
PRICED,under,PTS,full_game,24.5,True,32.7320442199707,32.89003997755057,19.951004028320312,0.20273725994243616,20.153741288262747,0.6420909777808131,78bf92243997831090f4e81bdc0a5d4d7ba172f90b72e1ee43b198174beb3eea,4000,42,Julius Randle,203944,Bovada,2026-03-26,2026-03-25 13:19:22,2026-03-25,Regular Season,0.285,0.37037037037037035,0.34700315457413244,-0.06200315457413247,-0.2305000000000001,0.7150000000000001,0.696969696969697,0.6529968454258674,0.062003154574132635,0.02586956521739131,
PRICED,under,PTS,full_game,17.5,True,27.581321716308594,27.560574222181614,16.26681900024414,-0.023529805502859494,16.24328919474128,0.5327606694856868,78bf92243997831090f4e81bdc0a5d4d7ba172f90b72e1ee43b198174beb3eea,4000,42,Stephon Castle,1642264,Bovada,2026-03-26,2026-03-25 13:19:22,2026-03-25,Regular Season,0.4195,0.5454545454545454,0.5101214574898786,-0.0906214574898786,-0.23091666666666666,0.5805,0.5238095238095238,0.48987854251012153,0.09062145748987849,0.10822727272727284,
PRICED,under,PTS,full_game,29.5,True,34.690277099609375,34.848272857189244,26.89333724975586,0.05900574803470954,26.95234299779057,0.6420909777808131,78bf92243997831090f4e81bdc0a5d4d7ba172f90b72e1ee43b198174beb3eea,4000,42,Nikola Jokic,203999,Bovada,2026-03-26,2026-03-25 13:19:22,2026-03-25,Regular Season,0.366,0.47619047619047616,0.4458598726114649,-0.07985987261146493,-0.2314,0.634,0.5918367346938775,0.554140127388535,0.07985987261146499,0.07124137931034485,
PRICED,under,PTS,full_game,10.5,True,25.04226303100586,25.02151553687888,9.190759658813477,0.14380092609098305,9.334560584904459,0.5327606694856868,78bf92243997831090f4e81bdc0a5d4d7ba172f90b72e1ee43b198174beb3eea,4000,42,Jamir Watkins,1642364,Bovada,2026-03-26,2026-03-25 13:19:22,2026-03-25,Regular Season,0.39325,0.5121951219512195,0.4796954314720812,-0.08644543147208122,-0.23222619047619053,0.60675,0.5555555555555556,0.5203045685279188,0.08644543147208117,0.09215000000000007,
PRICED,under,PTS,full_game,10.5,True,25.04226303100586,25.02151553687888,9.190759658813477,0.14380092609098305,9.334560584904459,0.5327606694856868,78bf92243997831090f4e81bdc0a5d4d7ba172f90b72e1ee43b198174beb3eea,4000,42,Jamir Watkins,1642364,BetMGM,2026-03-26,2026-03-25 13:19:22,2026-03-25,Regular Season,0.39325,0.5121951219512195,0.4796954314720812,-0.08644543147208122,-0.23222619047619053,0.60675,0.5555555555555556,0.5203045685279188,0.08644543147208117,0.09215000000000007,
PRICED,under,PTS,full_game,10.5,True,25.04226303100586,25.02151553687888,9.190759658813477,0.14380092609098305,9.334560584904459,0.5327606694856868,78bf92243997831090f4e81bdc0a5d4d7ba172f90b72e1ee43b198174beb3eea,4000,42,Jamir Watkins,1642364,DraftKings,2026-03-26,2026-03-25 13:19:22,2026-03-25,Regular Season,0.39325,0.5121951219512195,0.4833368048323266,-0.09008680483232662,-0.23222619047619053,0.60675,0.5475113122171946,0.5166631951676735,0.09008680483232656,0.1081962809917355,
PRICED,under,PTS,full_game,25.5,True,32.7320442199707,32.89003997755057,19.951004028320312,0.20273725994243616,20.153741288262747,0.6420909777808131,78bf92243997831090f4e81bdc0a5d4d7ba172f90b72e1ee43b198174beb3eea,4000,42,Julius Randle,203944,Bovada,2026-03-26,2026-03-25 13:19:22,2026-03-25,Regular Season,0.2515,0.32786885245901637,0.3079416531604538,-0.0564416531604538,-0.23292499999999994,0.7484999999999999,0.7368421052631579,0.6920583468395461,0.0564416531604538,0.015821428571428597,
PRICED,under,PTS,full_game,13.5,True,23.28070640563965,23.483492251478886,12.777591705322266,-0.015661943860373926,12.761929761461891,0.4915060991395564,78bf92243997831090f4e81bdc0a5d4d7ba172f90b72e1ee43b198174beb3eea,4000,42,Scoot Henderson,1630703,Bovada,2026-03-26,2026-03-25 13:19:22,2026-03-25,Regular Season,0.43325,0.5652173913043478,0.5306122448979592,-0.0973622448979592,-0.23348076923076921,0.56675,0.5,0.4693877551020409,0.09736224489795908,0.13349999999999995,
PRICED,under,PTS,full_game,13.5,True,23.28070640563965,23.483492251478886,12.777591705322266,-0.015661943860373926,12.761929761461891,0.4915060991395564,78bf92243997831090f4e81bdc0a5d4d7ba172f90b72e1ee43b198174beb3eea,4000,42,Scoot Henderson,1630703,FanDuel,2026-03-26,2026-03-25 13:19:22,2026-03-25,Regular Season,0.43325,0.5652173913043478,0.5281576830249397,-0.09490768302493968,-0.23348076923076921,0.56675,0.504950495049505,0.4718423169750604,0.09490768302493957,0.12238725490196078,
PRICED,under,PTS,full_game,14.5,True,29.482128143310547,29.461380649183564,13.934953689575195,0.04529438981621654,13.980248079391412,0.5327606694856868,78bf92243997831090f4e81bdc0a5d4d7ba172f90b72e1ee43b198174beb3eea,4000,42,Bilal Coulibaly,1641731,BetRivers,2026-03-26,2026-03-25 13:19:22,2026-03-25,Regular Season,0.443,0.5780590717299579,0.5386771518667031,-0.09567715186670306,-0.2336423357664233,0.5569999999999999,0.49504950495049505,0.461322848133297,0.09567715186670295,0.12513999999999997,
PRICED,under,PTS,full_game,13.5,True,22.231834411621094,22.43462025746033,12.792119026184082,0.028415902335560975,12.820534928519644,0.4915060991395564,78bf92243997831090f4e81bdc0a5d4d7ba172f90b72e1ee43b198174beb3eea,4000,42,Keldon Johnson,1629640,BetRivers,2026-03-26,2026-03-25 13:19:22,2026-03-25,Regular Season,0.436,0.5689655172413793,0.5274208712002507,-0.09142087120025072,-0.23369696969696974,0.5640000000000001,0.5098039215686274,0.4725791287997492,0.09142087120025083,0.10630769230769249,
PRICED,under,PTS,full_game,8.5,True,18.852142333984375,19.054928179823612,7.8576130867004395,-0.051712225539888634,7.805900861160551,0.4915060991395564,78bf92243997831090f4e81bdc0a5d4d7ba172f90b72e1ee43b198174beb3eea,4000,42,Caris LeVert,1627747,BetMGM,2026-03-25,2026-03-25 13:19:22,2026-03-25,Regular Season,0.40925,0.5348837209302325,0.5,-0.09075,-0.23488043478260873,0.59075,0.5348837209302325,0.5,0.09075,0.104445652173913,
PRICED,under,PTS,full_game,10.5,True,25.34461784362793,25.32387034950095,10.142556190490723,-0.027272447309288902,10.115283743181434,0.5327606694856868,78bf92243997831090f4e81bdc0a5d4d7ba172f90b72e1ee43b198174beb3eea,4000,42,Jakob Poeltl,1627751,Bovada,2026-03-26,2026-03-25 13:19:22,2026-03-25,Regular Season,0.459,0.6,0.5633187772925764,-0.10431877729257638,-0.235,0.5409999999999999,0.46511627906976744,0.43668122270742354,0.10431877729257638,0.16314999999999985,
PRICED,under,PTS,full_game,7.5,True,22.261375427246094,22.46416127308533,6.678829193115234,-0.09571791808630775,6.5831112750289265,0.4915060991395564,78bf92243997831090f4e81bdc0a5d4d7ba172f90b72e1ee43b198174beb3eea,4000,42,John Konchar,1629723,FanDuel,2026-03-26,2026-03-25 13:19:22,2026-03-25,Regular Season,0.404,0.5283018867924528,0.4939310568053083,-0.08993105680530827,-0.23528571428571426,0.596,0.5412844036697247,0.5060689431946916,0.08993105680530833,0.10108474576271176,
PRICED,under,PTS,full_game,20.5,True,30.93474578857422,31.092741546154087,19.52208137512207,0.1254928028682659,19.647574177990336,0.6420909777808131,78bf92243997831090f4e81bdc0a5d4d7ba172f90b72e1ee43b198174beb3eea,4000,42,R.J. Barrett,1629628,Bovada,2026-03-26,2026-03-25 13:19:22,2026-03-25,Regular Season,0.43925,0.574468085106383,0.5407914020517831,-0.10154140205178314,-0.23537962962962977,0.5607500000000001,0.4878048780487805,0.4592085979482169,0.10154140205178319,0.14953750000000005,
PRICED,under,PTS,full_game,21.5,True,29.183549880981445,29.162802386854462,19.322298049926758,0.16759071525889543,19.489888765185654,0.5327606694856868,78bf92243997831090f4e81bdc0a5d4d7ba172f90b72e1ee43b198174beb3eea,4000,42,Norman Powell,1626181,Bovada,2026-03-25,2026-03-25 13:19:22,2026-03-25,Regular Season,0.364,0.47619047619047616,0.4458598726114649,-0.08185987261146493,-0.23559999999999998,0.636,0.5918367346938775,0.554140127388535,0.08185987261146499,0.07462068965517243,
PRICED,under,PTS,full_game,11.5,True,24.02159309387207,24.00084559974509,11.318232536315918,0.03808573330910556,11.356318269625023,0.5327606694856868,78bf92243997831090f4e81bdc0a5d4d7ba172f90b72e1ee43b198174beb3eea,4000,42,Jalen Smith,1630188,BetRivers,2026-03-25,2026-03-25 13:19:22,2026-03-25,Regular Season,0.461,0.6031746031746031,0.5611590972415714,-0.1001590972415714,-0.23571052631578937,0.5389999999999999,0.4716981132075472,0.4388409027584286,0.10015909724157135,0.14267999999999997,
PRICED,under,PTS,full_game,17.5,True,27.408226013183594,27.387478519056614,18.107128143310547,0.08992749369746968,18.197055637008017,0.5327606694856868,78bf92243997831090f4e81bdc0a5d4d7ba172f90b72e1ee43b198174beb3eea,4000,42,Darius Garland,1629636,Bovada,2026-03-26,2026-03-25 13:19:22,2026-03-25,Regular Season,0.52525,0.6875,0.6456256921373201,-0.12037569213732013,-0.236,0.47475,0.37735849056603776,0.35437430786268,0.12037569213732002,0.2580875,
PRICED,under,PTS,full_game,18.5,True,33.881710052490234,34.0397058100701,16.94695472717285,-0.038915135812051055,16.9080395913608,0.6420909777808131,78bf92243997831090f4e81bdc0a5d4d7ba172f90b72e1ee43b198174beb3eea,4000,42,Josh Giddey,1630581,BetRivers,2026-03-25,2026-03-25 13:19:22,2026-03-25,Regular Season,0.398,0.5215311004784688,0.4842053307008884,-0.08620533070088837,-0.23686238532110088,0.602,0.5555555555555556,0.5157946692991116,0.08620533070088843,0.08360000000000001,
PRICED,under,PTS,full_game,30.5,True,35.62293243408203,35.7809281916619,28.60781478881836,0.235486775928927,28.843301564747286,0.6420909777808131,78bf92243997831090f4e81bdc0a5d4d7ba172f90b72e1ee43b198174beb3eea,4000,42,Shai Gilgeous-Alexander,1628983,DraftKings,2026-03-25,2026-03-25 13:19:22,2026-03-25,Regular Season,0.40475,0.5305164319248826,0.5010457625700661,-0.09629576257006606,-0.23706415929203545,0.5952500000000001,0.5283018867924528,0.4989542374299339,0.09629576257006617,0.12672321428571426,
PRICED,under,PTS,full_game,17.5,True,33.881710052490234,34.0397058100701,16.94695472717285,-0.038915135812051055,16.9080395913608,0.6420909777808131,78bf92243997831090f4e81bdc0a5d4d7ba172f90b72e1ee43b198174beb3eea,4000,42,Josh Giddey,1630581,Bovada,2026-03-25,2026-03-25 13:19:22,2026-03-25,Regular Season,0.4515,0.5918367346938775,0.554140127388535,-0.10264012738853501,-0.23712068965517236,0.5485,0.47619047619047616,0.4458598726114649,0.10264012738853506,0.15185000000000004,
PRICED,under,PTS,full_game,12.5,True,25.063209533691406,25.042462039564427,12.93858528137207,0.004366624335638735,12.942951905707709,0.5327606694856868,78bf92243997831090f4e81bdc0a5d4d7ba172f90b72e1ee43b198174beb3eea,4000,42,Donovan Clingan,1642270,Bovada,2026-03-26,2026-03-25 13:19:22,2026-03-25,Regular Season,0.516,0.6774193548387096,0.6333530455351862,-0.11735304553518622,-0.2382857142857142,0.484,0.39215686274509803,0.3666469544648137,0.11735304553518627,0.23419999999999985,
PRICED,under,PTS,full_game,9.5,True,19.01741600036621,19.22020184620545,8.169254302978516,-0.24983301983511727,7.919421283143398,0.4915060991395564,78bf92243997831090f4e81bdc0a5d4d7ba172f90b72e1ee43b198174beb3eea,4000,42,Leonard Miller,1631159,Bovada,2026-03-25,2026-03-25 13:19:22,2026-03-25,Regular Season,0.346,0.45454545454545453,0.4248366013071895,-0.0788366013071895,-0.2388,0.654,0.6153846153846154,0.5751633986928104,0.07883660130718961,0.06275000000000003,
PRICED,under,PTS,full_game,13.5,True,24.60011100769043,24.57936351356345,11.90056324005127,0.043358085225788115,11.943921325277058,0.5327606694856868,78bf92243997831090f4e81bdc0a5d4d7ba172f90b72e1ee43b198174beb3eea,4000,42,Kyle Kuzma,1628398,BetRivers,2026-03-26,2026-03-25 13:19:22,2026-03-25,Regular Season,0.38775,0.5098039215686274,0.47097073850441246,-0.08322073850441247,-0.23941346153846144,0.61225,0.5726495726495726,0.5290292614955876,0.08322073850441236,0.0691529850746268,
PRICED,under,PTS,full_game,14.5,True,25.647825241088867,25.627077746961888,13.818275451660156,0.06651737654675206,13.884792828206908,0.5327606694856868,78bf92243997831090f4e81bdc0a5d4d7ba172f90b72e1ee43b198174beb3eea,4000,42,Bobby Portis,1626171,BetRivers,2026-03-26,2026-03-25 13:19:22,2026-03-25,Regular Season,0.4475,0.588477366255144,0.5467686281824116,-0.09926862818241156,-0.23956293706293713,0.5525,0.4878048780487805,0.4532313718175883,0.09926862818241167,0.13262499999999988,
PRICED,under,PTS,full_game,10.5,True,24.02159309387207,24.00084559974509,11.318232536315918,0.03808573330910556,11.356318269625023,0.5327606694856868,78bf92243997831090f4e81bdc0a5d4d7ba172f90b72e1ee43b198174beb3eea,4000,42,Jalen Smith,1630188,Bovada,2026-03-25,2026-03-25 13:19:22,2026-03-25,Regular Season,0.53625,0.7058823529411765,0.66,-0.12375000000000003,-0.24031249999999996,0.46375,0.36363636363636365,0.33999999999999997,0.12375000000000003,0.27531249999999996,
PRICED,under,PTS,full_game,31.5,True,35.62293243408203,35.7809281916619,28.60781478881836,0.235486775928927,28.843301564747286,0.6420909777808131,78bf92243997831090f4e81bdc0a5d4d7ba172f90b72e1ee43b198174beb3eea,4000,42,Shai Gilgeous-Alexander,1628983,Bovada,2026-03-25,2026-03-25 13:19:22,2026-03-25,Regular Season,0.36175,0.47619047619047616,0.4458598726114649,-0.08410987261146491,-0.24032499999999996,0.63825,0.5918367346938775,0.554140127388535,0.08410987261146496,0.07842241379310344,
PRICED,under,PTS,full_game,7.5,True,22.261375427246094,22.46416127308533,6.678829193115234,-0.09571791808630775,6.5831112750289265,0.4915060991395564,78bf92243997831090f4e81bdc0a5d4d7ba172f90b72e1ee43b198174beb3eea,4000,42,John Konchar,1629723,DraftKings,2026-03-26,2026-03-25 13:19:22,2026-03-25,Regular Season,0.404,0.5327102803738317,0.5020774472328402,-0.09807744723284018,-0.24161403508771923,0.596,0.5283018867924528,0.4979225527671597,0.09807744723284029,0.128142857142857,
PRICED,under,PTS,full_game,32.5,True,34.02191162109375,34.17990737867362,28.12468910217285,0.08675802482555833,28.21144712699841,0.6420909777808131,78bf92243997831090f4e81bdc0a5d4d7ba172f90b72e1ee43b198174beb3eea,4000,42,Donovan Mitchell,1628378,Bovada,2026-03-25,2026-03-25 13:19:22,2026-03-25,Regular Season,0.28575,0.37735849056603776,0.35437430786268,-0.06862430786267998,-0.24276250000000005,0.71425,0.6875,0.6456256921373201,0.06862430786267992,0.03890909090909095,
PRICED,under,PTS,full_game,10.5,True,20.091732025146484,20.29451787098572,10.08995532989502,0.016158399814777697,10.106113729709797,0.4915060991395564,78bf92243997831090f4e81bdc0a5d4d7ba172f90b72e1ee43b198174beb3eea,4000,42,Jonathan Kuminga,1630228,BetRivers,2026-03-25,2026-03-25 13:19:22,2026-03-25,Regular Season,0.4455,0.588477366255144,0.5479742549946055,-0.1024742549946055,-0.2429615384615385,0.5545,0.4854368932038835,0.4520257450053946,0.10247425499460538,0.14227,
PRICED,under,PTS,full_game,30.5,True,35.62293243408203,35.7809281916619,28.60781478881836,0.235486775928927,28.843301564747286,0.6420909777808131,78bf92243997831090f4e81bdc0a5d4d7ba172f90b72e1ee43b198174beb3eea,4000,42,Shai Gilgeous-Alexander,1628983,Bovada,2026-03-25,2026-03-25 13:19:22,2026-03-25,Regular Season,0.40475,0.5348837209302325,0.5,-0.09525,-0.24329347826086967,0.5952500000000001,0.5348837209302325,0.5,0.09525000000000006,0.11285869565217393,
PRICED,under,PTS,full_game,18.5,True,33.881710052490234,34.0397058100701,16.94695472717285,-0.038915135812051055,16.9080395913608,0.6420909777808131,78bf92243997831090f4e81bdc0a5d4d7ba172f90b72e1ee43b198174beb3eea,4000,42,Josh Giddey,1630581,DraftKings,2026-03-25,2026-03-25 13:19:22,2026-03-25,Regular Season,0.398,0.5260663507109005,0.4968624497991968,-0.09886244979919678,-0.24344144144144136,0.602,0.5327102803738317,0.5031375502008032,0.09886244979919678,0.13007017543859645,
PRICED,under,PTS,full_game,14.5,True,25.647825241088867,25.627077746961888,13.818275451660156,0.06651737654675206,13.884792828206908,0.5327606694856868,78bf92243997831090f4e81bdc0a5d4d7ba172f90b72e1ee43b198174beb3eea,4000,42,Bobby Portis,1626171,Bovada,2026-03-26,2026-03-25 13:19:22,2026-03-25,Regular Season,0.4475,0.5918367346938775,0.554140127388535,-0.10664012738853501,-0.24387931034482757,0.5525,0.47619047619047616,0.4458598726114649,0.10664012738853507,0.16025,
PRICED,under,PTS,full_game,16.5,True,32.497337341308594,32.65533309888846,14.567300796508789,0.22869670261903097,14.79599749912782,0.6420909777808131,78bf92243997831090f4e81bdc0a5d4d7ba172f90b72e1ee43b198174beb3eea,4000,42,Jaden McDaniels,1630183,BetRivers,2026-03-26,2026-03-25 13:19:22,2026-03-25,Regular Season,0.387,0.5121951219512195,0.4753937007874017,-0.08839370078740166,-0.24442857142857144,0.613,0.5652173913043478,0.5246062992125985,0.0883937007874015,0.08453846153846145,
PRICED,under,PTS,full_game,7.5,True,22.261375427246094,22.46416127308533,6.678829193115234,-0.09571791808630775,6.5831112750289265,0.4915060991395564,78bf92243997831090f4e81bdc0a5d4d7ba172f90b72e1ee43b198174beb3eea,4000,42,John Konchar,1629723,Bovada,2026-03-26,2026-03-25 13:19:22,2026-03-25,Regular Season,0.404,0.5348837209302325,0.5,-0.09599999999999997,-0.24469565217391304,0.596,0.5348837209302325,0.5,0.09599999999999997,0.1142608695652173,
PRICED,under,PTS,full_game,7.5,True,22.261375427246094,22.46416127308533,6.678829193115234,-0.09571791808630775,6.5831112750289265,0.4915060991395564,78bf92243997831090f4e81bdc0a5d4d7ba172f90b72e1ee43b198174beb3eea,4000,42,John Konchar,1629723,BetRivers,2026-03-26,2026-03-25 13:19:22,2026-03-25,Regular Season,0.404,0.5348837209302325,0.4970261697065821,-0.09302616970658206,-0.24469565217391304,0.596,0.5412844036697247,0.5029738302934179,0.09302616970658206,0.10108474576271176,
PRICED,under,PTS,full_game,17.5,True,27.581321716308594,27.560574222181614,16.26681900024414,-0.023529805502859494,16.24328919474128,0.5327606694856868,78bf92243997831090f4e81bdc0a5d4d7ba172f90b72e1ee43b198174beb3eea,4000,42,Stephon Castle,1642264,BetMGM,2026-03-26,2026-03-25 13:19:22,2026-03-25,Regular Season,0.4195,0.5555555555555556,0.5203045685279188,-0.10080456852791886,-0.2449,0.5805,0.5121951219512195,0.4796954314720812,0.1008045685279188,0.13335714285714284,
PRICED,under,PTS,full_game,39.5,True,36.67681121826172,37.18232675233055,34.251033782958984,0.0951001249204827,34.34613390787947,0.746175435493391,78bf92243997831090f4e81bdc0a5d4d7ba172f90b72e1ee43b198174beb3eea,4000,42,Luka Doncic,1629029,Bovada,2026-03-25,2026-03-25 13:19:22,2026-03-25,Regular Season,0.26025,0.3448275862068966,0.32315978456014366,-0.06290978456014368,-0.24527500000000008,0.73975,0.7222222222222222,0.6768402154398564,0.06290978456014362,0.024269230769230765,
PRICED,under,PTS,full_game,9.5,True,20.091732025146484,20.29451787098572,10.08995532989502,0.016158399814777697,10.106113729709797,0.4915060991395564,78bf92243997831090f4e81bdc0a5d4d7ba172f90b72e1ee43b198174beb3eea,4000,42,Jonathan Kuminga,1630228,Bovada,2026-03-25,2026-03-25 13:19:22,2026-03-25,Regular Season,0.51425,0.6825396825396826,0.6395881006864989,-0.12533810068649887,-0.24656395348837215,0.48575,0.38461538461538464,0.36041189931350115,0.12533810068649887,0.26295000000000013,
PRICED,under,PTS,full_game,13.5,True,25.79913902282715,25.77839152870017,10.317644119262695,-0.03677787306457675,10.28086624619812,0.5327606694856868,78bf92243997831090f4e81bdc0a5d4d7ba172f90b72e1ee43b198174beb3eea,4000,42,Julian Champagnie,1630577,Bovada,2026-03-26,2026-03-25 13:19:22,2026-03-25,Regular Season,0.269,0.35714285714285715,0.3346265761396702,-0.06562657613967016,-0.24680000000000002,0.731,0.7101449275362319,0.6653734238603297,0.06562657613967027,0.029367346938775518,
PRICED,under,PTS,full_game,7.5,True,22.261375427246094,22.46416127308533,6.678829193115234,-0.09571791808630775,6.5831112750289265,0.4915060991395564,78bf92243997831090f4e81bdc0a5d4d7ba172f90b72e1ee43b198174beb3eea,4000,42,John Konchar,1629723,BetOnline.ag,2026-03-26,2026-03-25 13:19:22,2026-03-25,Regular Season,0.404,0.5370370370370371,0.5051597457277305,-0.10115974572773045,-0.24772413793103448,0.596,0.5260663507109005,0.4948402542722694,0.10115974572773057,0.13293693693693698,
PRICED,under,PTS,full_game,7.5,True,14.25339412689209,14.330542283518497,7.485832214355469,0.15319466217514188,7.639026876530611,0.44940254752247744,78bf92243997831090f4e81bdc0a5d4d7ba172f90b72e1ee43b198174beb3eea,4000,42,Paul Reed Jr,1630194,Bovada,2026-03-25,2026-03-25 13:19:22,2026-03-25,Regular Season,0.4875,0.6491228070175439,0.6090534979423868,-0.12155349794238685,-0.2489864864864864,0.5125,0.4166666666666667,0.39094650205761317,0.12155349794238679,0.22999999999999993,
PRICED,under,PTS,full_game,12.5,True,24.02159309387207,24.00084559974509,11.318232536315918,0.03808573330910556,11.356318269625023,0.5327606694856868,78bf92243997831090f4e81bdc0a5d4d7ba172f90b72e1ee43b198174beb3eea,4000,42,Jalen Smith,1630188,BetOnline.ag,2026-03-25,2026-03-25 13:19:22,2026-03-25,Regular Season,0.39475,0.5260663507109005,0.4948402542722694,-0.10009025427226942,-0.2496193693693694,0.6052500000000001,0.5370370370370371,0.5051597457277305,0.10009025427226959,0.12701724137931042,
PRICED,under,PTS,full_game,15.5,True,29.482128143310547,29.461380649183564,13.934953689575195,0.04529438981621654,13.980248079391412,0.5327606694856868,78bf92243997831090f4e81bdc0a5d4d7ba172f90b72e1ee43b198174beb3eea,4000,42,Bilal Coulibaly,1641731,FanDuel,2026-03-26,2026-03-25 13:19:22,2026-03-25,Regular Season,0.37875,0.504950495049505,0.4718423169750604,-0.09309231697506043,-0.24992647058823536,0.6212500000000001,0.5652173913043478,0.5281576830249397,0.09309231697506037,0.09913461538461543,
PRICED,under,PTS,full_game,11.5,True,20.091732025146484,20.29451787098572,10.08995532989502,0.016158399814777697,10.106113729709797,0.4915060991395564,78bf92243997831090f4e81bdc0a5d4d7ba172f90b72e1ee43b198174beb3eea,4000,42,Jonathan Kuminga,1630228,BetRivers,2026-03-25,2026-03-25 13:19:22,2026-03-25,Regular Season,0.38575,0.5145631067961165,0.4773835745752045,-0.09163357457520449,-0.25033490566037736,0.61425,0.5633187772925764,0.5226164254247954,0.0916335745752046,0.09041279069767444,
PRICED,under,PTS,full_game,14.5,True,29.482128143310547,29.461380649183564,13.934953689575195,0.04529438981621654,13.980248079391412,0.5327606694856868,78bf92243997831090f4e81bdc0a5d4d7ba172f90b72e1ee43b198174beb3eea,4000,42,Bilal Coulibaly,1641731,Bovada,2026-03-26,2026-03-25 13:19:22,2026-03-25,Regular Season,0.443,0.5918367346938775,0.554140127388535,-0.11114012738853501,-0.2514827586206896,0.5569999999999999,0.47619047619047616,0.4458598726114649,0.11114012738853501,0.16970000000000002,
PRICED,under,PTS,full_game,8.5,True,14.25339412689209,14.330542283518497,7.485832214355469,0.15319466217514188,7.639026876530611,0.44940254752247744,78bf92243997831090f4e81bdc0a5d4d7ba172f90b72e1ee43b198174beb3eea,4000,42,Paul Reed Jr,1630194,BetOnline.ag,2026-03-25,2026-03-25 13:19:22,2026-03-25,Regular Season,0.3985,0.5327102803738317,0.5,-0.10149999999999998,-0.25193859649122796,0.6014999999999999,0.5327102803738317,0.5,0.10149999999999992,0.12913157894736832,
PRICED,under,PTS,full_game,11.5,True,25.34461784362793,25.32387034950095,10.142556190490723,-0.027272447309288902,10.115283743181434,0.5327606694856868,78bf92243997831090f4e81bdc0a5d4d7ba172f90b72e1ee43b198174beb3eea,4000,42,Jakob Poeltl,1627751,Bovada,2026-03-26,2026-03-25 13:19:22,2026-03-25,Regular Season,0.39175,0.5238095238095238,0.48987854251012153,-0.09812854251012154,-0.2521136363636363,0.60825,0.5454545454545454,0.5101214574898786,0.09812854251012137,0.11512500000000009,
PRICED,under,PTS,full_game,12.5,True,24.499000549316406,24.478253055189427,10.339312553405762,0.12849635930047856,10.467808912706241,0.5327606694856868,78bf92243997831090f4e81bdc0a5d4d7ba172f90b72e1ee43b198174beb3eea,4000,42,Myles Turner,1626167,Bovada,2026-03-26,2026-03-25 13:19:22,2026-03-25,Regular Season,0.35575,0.47619047619047616,0.4458598726114649,-0.09010987261146491,-0.25292499999999996,0.64425,0.5918367346938775,0.554140127388535,0.09010987261146497,0.08856034482758623,
PRICED,under,PTS,full_game,19.5,True,27.408226013183594,27.387478519056614,18.107128143310547,0.08992749369746968,18.197055637008017,0.5327606694856868,78bf92243997831090f4e81bdc0a5d4d7ba172f90b72e1ee43b198174beb3eea,4000,42,Darius Garland,1629636,BetOnline.ag,2026-03-26,2026-03-25 13:19:22,2026-03-25,Regular Season,0.41175,0.5515695067264574,0.5185070943861814,-0.10675709438618136,-0.2534939024390243,0.5882499999999999,0.5121951219512195,0.48149290561381863,0.1067570943861813,0.1484880952380952,
PRICED,under,PTS,full_game,15.5,True,29.482128143310547,29.461380649183564,13.934953689575195,0.04529438981621654,13.980248079391412,0.5327606694856868,78bf92243997831090f4e81bdc0a5d4d7ba172f90b72e1ee43b198174beb3eea,4000,42,Bilal Coulibaly,1641731,BetOnline.ag,2026-03-26,2026-03-25 13:19:22,2026-03-25,Regular Season,0.37875,0.5073891625615764,0.4773429454170958,-0.09859294541709585,-0.25353155339805833,0.6212500000000001,0.5555555555555556,0.5226570545829042,0.09859294541709585,0.11825000000000013,
PRICED,under,PTS,full_game,17.5,True,27.581321716308594,27.560574222181614,16.26681900024414,-0.023529805502859494,16.24328919474128,0.5327606694856868,78bf92243997831090f4e81bdc0a5d4d7ba172f90b72e1ee43b198174beb3eea,4000,42,Stephon Castle,1642264,BetRivers,2026-03-26,2026-03-25 13:19:22,2026-03-25,Regular Season,0.4195,0.5633187772925764,0.5226164254247954,-0.10311642542479538,-0.2553062015503876,0.5805,0.5145631067961165,0.4773835745752045,0.10311642542479554,0.1281415094339623,
PRICED,under,PTS,full_game,11.5,True,25.34461784362793,25.32387034950095,10.142556190490723,-0.027272447309288902,10.115283743181434,0.5327606694856868,78bf92243997831090f4e81bdc0a5d4d7ba172f90b72e1ee43b198174beb3eea,4000,42,Jakob Poeltl,1627751,DraftKings,2026-03-26,2026-03-25 13:19:22,2026-03-25,Regular Season,0.39175,0.5260663507109005,0.4958445875753168,-0.10409458757531681,-0.25532207207207197,0.60825,0.5348837209302325,0.5041554124246831,0.10409458757531687,0.13716304347826075,
PRICED,under,PTS,full_game,25.5,True,28.287996292114258,28.267248797987275,24.843673706054688,0.04659172273223555,24.890265428786922,0.5327606694856868,78bf92243997831090f4e81bdc0a5d4d7ba172f90b72e1ee43b198174beb3eea,4000,42,Victor Wembanyama,1641705,Bovada,2026-03-26,2026-03-25 13:19:22,2026-03-25,Regular Season,0.45825,0.6153846153846154,0.5751633986928104,-0.11691339869281042,-0.25534375,0.54175,0.45454545454545453,0.4248366013071895,0.11691339869281048,0.19185000000000002,
PRICED,under,PTS,full_game,18.5,True,33.881710052490234,34.0397058100701,16.94695472717285,-0.038915135812051055,16.9080395913608,0.6420909777808131,78bf92243997831090f4e81bdc0a5d4d7ba172f90b72e1ee43b198174beb3eea,4000,42,Josh Giddey,1630581,Bovada,2026-03-25,2026-03-25 13:19:22,2026-03-25,Regular Season,0.398,0.5348837209302325,0.5,-0.10199999999999998,-0.2559130434782609,0.602,0.5348837209302325,0.5,0.10199999999999998,0.12547826086956515,
PRICED,under,PTS,full_game,12.5,True,24.02159309387207,24.00084559974509,11.318232536315918,0.03808573330910556,11.356318269625023,0.5327606694856868,78bf92243997831090f4e81bdc0a5d4d7ba172f90b72e1ee43b198174beb3eea,4000,42,Jalen Smith,1630188,BetRivers,2026-03-25,2026-03-25 13:19:22,2026-03-25,Regular Season,0.39475,0.5305164319248826,0.49211760532849874,-0.09736760532849875,-0.25591371681415936,0.6052500000000001,0.5475113122171946,0.5078823946715012,0.09736760532849886,0.10545661157024794,
PRICED,under,PTS,full_game,18.5,True,27.581321716308594,27.560574222181614,16.26681900024414,-0.023529805502859494,16.24328919474128,0.5327606694856868,78bf92243997831090f4e81bdc0a5d4d7ba172f90b72e1ee43b198174beb3eea,4000,42,Stephon Castle,1642264,Bovada,2026-03-26,2026-03-25 13:19:22,2026-03-25,Regular Season,0.36275,0.4878048780487805,0.4592085979482169,-0.09645859794821687,-0.25636250000000005,0.63725,0.574468085106383,0.5407914020517831,0.09645859794821687,0.10928703703703696,
PRICED,under,PTS,full_game,11.5,True,25.04226303100586,25.02151553687888,9.190759658813477,0.14380092609098305,9.334560584904459,0.5327606694856868,78bf92243997831090f4e81bdc0a5d4d7ba172f90b72e1ee43b198174beb3eea,4000,42,Jamir Watkins,1642364,Bovada,2026-03-26,2026-03-25 13:19:22,2026-03-25,Regular Season,0.3305,0.4444444444444444,0.4165029469548134,-0.08600294695481336,-0.25637499999999996,0.6695,0.6226415094339622,0.5834970530451867,0.08600294695481325,0.07525757575757569,
PRICED,under,PTS,full_game,13.5,True,24.60011100769043,24.57936351356345,11.90056324005127,0.043358085225788115,11.943921325277058,0.5327606694856868,78bf92243997831090f4e81bdc0a5d4d7ba172f90b72e1ee43b198174beb3eea,4000,42,Kyle Kuzma,1628398,BetOnline.ag,2026-03-26,2026-03-25 13:19:22,2026-03-25,Regular Season,0.38775,0.5215311004784688,0.48974190636412124,-0.10199190636412125,-0.2565160550458715,0.61225,0.54337899543379,0.5102580936358787,0.10199190636412125,0.1267457983193278,
PRICED,under,PTS,full_game,10.5,True,20.091732025146484,20.29451787098572,10.08995532989502,0.016158399814777697,10.106113729709797,0.4915060991395564,78bf92243997831090f4e81bdc0a5d4d7ba172f90b72e1ee43b198174beb3eea,4000,42,Jonathan Kuminga,1630228,Bovada,2026-03-25,2026-03-25 13:19:22,2026-03-25,Regular Season,0.4455,0.6,0.5633187772925764,-0.1178187772925764,-0.25750000000000006,0.5545,0.46511627906976744,0.43668122270742354,0.11781877729257645,0.19217499999999998,
PRICED,under,PTS,full_game,11.5,True,25.34461784362793,25.32387034950095,10.142556190490723,-0.027272447309288902,10.115283743181434,0.5327606694856868,78bf92243997831090f4e81bdc0a5d4d7ba172f90b72e1ee43b198174beb3eea,4000,42,Jakob Poeltl,1627751,BetOnline.ag,2026-03-26,2026-03-25 13:19:22,2026-03-25,Regular Season,0.39175,0.5283018867924528,0.4969046636401156,-0.10515466364011561,-0.2584732142857143,0.60825,0.5348837209302325,0.5030953363598845,0.1051546636401155,0.13716304347826075,
PRICED,under,PTS,full_game,19.5,True,33.881710052490234,34.0397058100701,16.94695472717285,-0.038915135812051055,16.9080395913608,0.6420909777808131,78bf92243997831090f4e81bdc0a5d4d7ba172f90b72e1ee43b198174beb3eea,4000,42,Josh Giddey,1630581,BetRivers,2026-03-25,2026-03-25 13:19:22,2026-03-25,Regular Season,0.3415,0.4608294930875576,0.427030022492421,-0.08553002249242098,-0.258945,0.6585,0.6183206106870229,0.5729699775075789,0.08553002249242103,0.06498148148148147,
PRICED,under,PTS,full_game,30.5,True,34.690277099609375,34.848272857189244,26.89333724975586,0.05900574803470954,26.95234299779057,0.6420909777808131,78bf92243997831090f4e81bdc0a5d4d7ba172f90b72e1ee43b198174beb3eea,4000,42,Nikola Jokic,203999,Bovada,2026-03-26,2026-03-25 13:19:22,2026-03-25,Regular Season,0.322,0.43478260869565216,0.40847201210287437,-0.08647201210287436,-0.25939999999999996,0.6779999999999999,0.6296296296296297,0.5915279878971256,0.08647201210287436,0.07682352941176473,
PRICED,under,PTS,full_game,15.5,True,22.231834411621094,22.43462025746033,12.792119026184082,0.028415902335560975,12.820534928519644,0.4915060991395564,78bf92243997831090f4e81bdc0a5d4d7ba172f90b72e1ee43b198174beb3eea,4000,42,Keldon Johnson,1629640,Bovada,2026-03-26,2026-03-25 13:19:22,2026-03-25,Regular Season,0.3085,0.4166666666666667,0.39094650205761317,-0.08244650205761317,-0.25960000000000005,0.6915,0.6491228070175439,0.6090534979423868,0.08244650205761317,0.0652837837837838,
PRICED,under,PTS,full_game,13.5,True,23.777048110961914,23.97983395680115,12.744973182678223,0.2523716151643092,12.997344797842532,0.4915060991395564,78bf92243997831090f4e81bdc0a5d4d7ba172f90b72e1ee43b198174beb3eea,4000,42,Bones Hyland,1630538,Bovada,2026-03-26,2026-03-25 13:19:22,2026-03-25,Regular Season,0.44375,0.6,0.5633187772925764,-0.11956877729257642,-0.2604166666666668,0.55625,0.46511627906976744,0.43668122270742354,0.11956877729257648,0.1959375,
PRICED,under,PTS,full_game,15.5,True,29.482128143310547,29.461380649183564,13.934953689575195,0.04529438981621654,13.980248079391412,0.5327606694856868,78bf92243997831090f4e81bdc0a5d4d7ba172f90b72e1ee43b198174beb3eea,4000,42,Bilal Coulibaly,1641731,BetRivers,2026-03-26,2026-03-25 13:19:22,2026-03-25,Regular Season,0.37875,0.5121951219512195,0.4753937007874017,-0.0966437007874017,-0.2605357142857144,0.6212500000000001,0.5652173913043478,0.5246062992125985,0.09664370078740159,0.09913461538461543,
PRICED,under,PTS,full_game,18.5,True,27.408226013183594,27.387478519056614,18.107128143310547,0.08992749369746968,18.197055637008017,0.5327606694856868,78bf92243997831090f4e81bdc0a5d4d7ba172f90b72e1ee43b198174beb3eea,4000,42,Darius Garland,1629636,Bovada,2026-03-26,2026-03-25 13:19:22,2026-03-25,Regular Season,0.465,0.6296296296296297,0.5915279878971256,-0.12652798789712555,-0.26147058823529395,0.5349999999999999,0.43478260869565216,0.40847201210287437,0.12652798789712555,0.23049999999999976,
PRICED,under,PTS,full_game,13.5,True,30.48603057861328,30.64402633619315,14.576653480529785,0.11788426500593899,14.694537745535724,0.6420909777808131,78bf92243997831090f4e81bdc0a5d4d7ba172f90b72e1ee43b198174beb3eea,4000,42,Ayo Dosunmu,1630245,Bovada,2026-03-26,2026-03-25 13:19:22,2026-03-25,Regular Season,0.54775,0.7435897435897436,0.6974398758727697,-0.14968987587276972,-0.26337068965517246,0.45225000000000004,0.3225806451612903,0.30256012412723043,0.1496898758727696,0.4019750000000002,
PRICED,under,PTS,full_game,8.5,True,14.25339412689209,14.330542283518497,7.485832214355469,0.15319466217514188,7.639026876530611,0.44940254752247744,78bf92243997831090f4e81bdc0a5d4d7ba172f90b72e1ee43b198174beb3eea,4000,42,Paul Reed Jr,1630194,FanDuel,2026-03-25,2026-03-25 13:19:22,2026-03-25,Regular Season,0.3985,0.5412844036697247,0.510397604391948,-0.11189760439194801,-0.2637881355932203,0.6014999999999999,0.5192307692307693,0.4896023956080519,0.11189760439194801,0.15844444444444444,
PRICED,under,PTS,full_game,14.5,True,22.231834411621094,22.43462025746033,12.792119026184082,0.028415902335560975,12.820534928519644,0.4915060991395564,78bf92243997831090f4e81bdc0a5d4d7ba172f90b72e1ee43b198174beb3eea,4000,42,Keldon Johnson,1629640,BetRivers,2026-03-26,2026-03-25 13:19:22,2026-03-25,Regular Season,0.368,0.5,0.4645669291338583,-0.09656692913385828,-0.264,0.632,0.576271186440678,0.5354330708661418,0.09656692913385823,0.0967058823529412,
PRICED,under,PTS,full_game,14.5,True,23.28070640563965,23.483492251478886,12.777591705322266,-0.015661943860373926,12.761929761461891,0.4915060991395564,78bf92243997831090f4e81bdc0a5d4d7ba172f90b72e1ee43b198174beb3eea,4000,42,Scoot Henderson,1630703,Bovada,2026-03-26,2026-03-25 13:19:22,2026-03-25,Regular Season,0.368,0.5,0.4693877551020409,-0.1013877551020409,-0.264,0.632,0.5652173913043478,0.5306122448979592,0.10138775510204079,0.11815384615384611,
PRICED,under,PTS,full_game,6.5,True,19.069419860839844,19.27220570667908,7.077221870422363,-0.021383070022954895,7.055838800399409,0.4915060991395564,78bf92243997831090f4e81bdc0a5d4d7ba172f90b72e1ee43b198174beb3eea,4000,42,Jaxson Hayes,1629637,Bovada,2026-03-25,2026-03-25 13:19:22,2026-03-25,Regular Season,0.5315,0.7222222222222222,0.6768402154398564,-0.14534021543985642,-0.2640769230769231,0.4685,0.3448275862068966,0.32315978456014366,0.14534021543985637,0.35865,
PRICED,under,PTS,full_game,21.5,True,30.93474578857422,31.092741546154087,19.52208137512207,0.1254928028682659,19.647574177990336,0.6420909777808131,78bf92243997831090f4e81bdc0a5d4d7ba172f90b72e1ee43b198174beb3eea,4000,42,R.J. Barrett,1629628,BetRivers,2026-03-26,2026-03-25 13:19:22,2026-03-25,Regular Season,0.376,0.5121951219512195,0.4753937007874017,-0.09939370078740167,-0.2659047619047619,0.624,0.5652173913043478,0.5246062992125985,0.0993937007874015,0.10399999999999998,
PRICED,under,PTS,full_game,13.5,True,24.60011100769043,24.57936351356345,11.90056324005127,0.043358085225788115,11.943921325277058,0.5327606694856868,78bf92243997831090f4e81bdc0a5d4d7ba172f90b72e1ee43b198174beb3eea,4000,42,Kyle Kuzma,1628398,DraftKings,2026-03-26,2026-03-25 13:19:22,2026-03-25,Regular Season,0.38775,0.5283018867924528,0.4979225527671597,-0.1101725527671597,-0.26604464285714285,0.61225,0.5327102803738317,0.5020774472328402,0.11017255276715976,0.14931140350877198,
PRICED,under,PTS,full_game,9.5,True,18.852142333984375,19.054928179823612,7.8576130867004395,-0.051712225539888634,7.805900861160551,0.4915060991395564,78bf92243997831090f4e81bdc0a5d4d7ba172f90b72e1ee43b198174beb3eea,4000,42,Caris LeVert,1627747,Bovada,2026-03-25,2026-03-25 13:19:22,2026-03-25,Regular Season,0.326,0.4444444444444444,0.4165029469548134,-0.09050294695481337,-0.2664999999999999,0.6739999999999999,0.6226415094339622,0.5834970530451867,0.0905029469548132,0.08248484848484838,
PRICED,under,PTS,full_game,16.5,True,29.046215057373047,29.025467563246064,13.15984058380127,0.1655932345430423,13.325433818344312,0.5327606694856868,78bf92243997831090f4e81bdc0a5d4d7ba172f90b72e1ee43b198174beb3eea,4000,42,Tobias Harris,202699,Bovada,2026-03-25,2026-03-25 13:19:22,2026-03-25,Regular Season,0.2765,0.37735849056603776,0.35437430786268,-0.07787430786267996,-0.26727500000000004,0.7235,0.6875,0.6456256921373201,0.0778743078626799,0.05236363636363639,
PRICED,under,PTS,full_game,25.5,True,28.287996292114258,28.267248797987275,24.843673706054688,0.04659172273223555,24.890265428786922,0.5327606694856868,78bf92243997831090f4e81bdc0a5d4d7ba172f90b72e1ee43b198174beb3eea,4000,42,Victor Wembanyama,1641705,BetRivers,2026-03-26,2026-03-25 13:19:22,2026-03-25,Regular Season,0.45825,0.6254681647940075,0.5824275503980232,-0.1241775503980232,-0.26734880239520964,0.54175,0.4484304932735426,0.41757244960197687,0.12417755039802308,0.2081024999999999,
PRICED,under,PTS,full_game,11.5,True,25.34461784362793,25.32387034950095,10.142556190490723,-0.027272447309288902,10.115283743181434,0.5327606694856868,78bf92243997831090f4e81bdc0a5d4d7ba172f90b72e1ee43b198174beb3eea,4000,42,Jakob Poeltl,1627751,BetMGM,2026-03-26,2026-03-25 13:19:22,2026-03-25,Regular Season,0.39175,0.5348837209302325,0.5,-0.10825000000000001,-0.26759782608695654,0.60825,0.5348837209302325,0.5,0.10824999999999996,0.13716304347826075,
PRICED,under,PTS,full_game,13.5,True,24.499000549316406,24.478253055189427,10.339312553405762,0.12849635930047856,10.467808912706241,0.5327606694856868,78bf92243997831090f4e81bdc0a5d4d7ba172f90b72e1ee43b198174beb3eea,4000,42,Myles Turner,1626167,Bovada,2026-03-26,2026-03-25 13:19:22,2026-03-25,Regular Season,0.29875,0.40816326530612246,0.3838517538054269,-0.0851017538054269,-0.26806249999999987,0.7012499999999999,0.6551724137931034,0.6161482461945731,0.08510175380542684,0.07032894736842088,
PRICED,under,PTS,full_game,32.5,True,35.62293243408203,35.7809281916619,28.60781478881836,0.235486775928927,28.843301564747286,0.6420909777808131,78bf92243997831090f4e81bdc0a5d4d7ba172f90b72e1ee43b198174beb3eea,4000,42,Shai Gilgeous-Alexander,1628983,Bovada,2026-03-25,2026-03-25 13:19:22,2026-03-25,Regular Season,0.3175,0.43478260869565216,0.40847201210287437,-0.09097201210287437,-0.26975000000000005,0.6825,0.6296296296296297,0.5915279878971256,0.09097201210287442,0.08397058823529419,
PRICED,under,PTS,full_game,11.5,True,20.091732025146484,20.29451787098572,10.08995532989502,0.016158399814777697,10.106113729709797,0.4915060991395564,78bf92243997831090f4e81bdc0a5d4d7ba172f90b72e1ee43b198174beb3eea,4000,42,Jonathan Kuminga,1630228,DraftKings,2026-03-25,2026-03-25 13:19:22,2026-03-25,Regular Season,0.38575,0.5283018867924528,0.4989542374299339,-0.11320423742993391,-0.26983035714285714,0.61425,0.5305164319248826,0.5010457625700661,0.11320423742993391,0.15783407079646022,
PRICED,under,PTS,full_game,8.5,True,22.952682495117188,23.155468340956425,7.147181510925293,-0.10919584308675542,7.037985667838537,0.4915060991395564,78bf92243997831090f4e81bdc0a5d4d7ba172f90b72e1ee43b198174beb3eea,4000,42,Will Richard,1642954,Bovada,2026-03-26,2026-03-25 13:19:22,2026-03-25,Regular Season,0.35575,0.4878048780487805,0.4592085979482169,-0.10345859794821688,-0.2707125,0.64425,0.574468085106383,0.5407914020517831,0.10345859794821688,0.1214722222222222,
PRICED,under,PTS,full_game,17.5,True,23.117565155029297,23.320351000868534,15.323139190673828,0.15040651550176623,15.473545706175594,0.4915060991395564,78bf92243997831090f4e81bdc0a5d4d7ba172f90b72e1ee43b198174beb3eea,4000,42,Kristaps Porzingis,204001,BetMGM,2026-03-26,2026-03-25 13:19:22,2026-03-25,Regular Season,0.373,0.5121951219512195,0.4796954314720812,-0.10669543147208121,-0.27176190476190476,0.627,0.5555555555555556,0.5203045685279188,0.10669543147208116,0.12860000000000005,
PRICED,under,PTS,full_game,22.5,True,29.183549880981445,29.162802386854462,19.322298049926758,0.16759071525889543,19.489888765185654,0.5327606694856868,78bf92243997831090f4e81bdc0a5d4d7ba172f90b72e1ee43b198174beb3eea,4000,42,Norman Powell,1626181,Bovada,2026-03-25,2026-03-25 13:19:22,2026-03-25,Regular Season,0.30975,0.425531914893617,0.3982930298719772,-0.08854302987197715,-0.2720875,0.69025,0.6428571428571429,0.6017069701280228,0.08854302987197726,0.07372222222222224,
PRICED,under,PTS,full_game,8.5,True,14.25339412689209,14.330542283518497,7.485832214355469,0.15319466217514188,7.639026876530611,0.44940254752247744,78bf92243997831090f4e81bdc0a5d4d7ba172f90b72e1ee43b198174beb3eea,4000,42,Paul Reed Jr,1630194,BetRivers,2026-03-25,2026-03-25 13:19:22,2026-03-25,Regular Season,0.3985,0.5475113122171946,0.5089278628680263,-0.11042786286802625,-0.2721611570247933,0.6014999999999999,0.5283018867924528,0.49107213713197356,0.11042786286802636,0.13855357142857133,
PRICED,under,PTS,full_game,14.5,True,23.117565155029297,23.320351000868534,15.323139190673828,0.15040651550176623,15.473545706175594,0.4915060991395564,78bf92243997831090f4e81bdc0a5d4d7ba172f90b72e1ee43b198174beb3eea,4000,42,Kristaps Porzingis,204001,Bovada,2026-03-26,2026-03-25 13:19:22,2026-03-25,Regular Season,0.54075,0.7435897435897436,0.6974398758727697,-0.15668987587276972,-0.27278448275862077,0.45925000000000005,0.3225806451612903,0.30256012412723043,0.1566898758727696,0.42367500000000013,
PRICED,under,PTS,full_game,9.5,True,26.31243896484375,26.29169147071677,9.948568344116211,-0.04081571753137875,9.907752626584832,0.5327606694856868,78bf92243997831090f4e81bdc0a5d4d7ba172f90b72e1ee43b198174beb3eea,4000,42,Ousmane Dieng,1631172,Bovada,2026-03-26,2026-03-25 13:19:22,2026-03-25,Regular Season,0.513,0.7058823529411765,0.66,-0.14700000000000002,-0.27324999999999994,0.487,0.36363636363636365,0.33999999999999997,0.14700000000000002,0.33924999999999994,
PRICED,under,PTS,full_game,26.5,True,28.287996292114258,28.267248797987275,24.843673706054688,0.04659172273223555,24.890265428786922,0.5327606694856868,78bf92243997831090f4e81bdc0a5d4d7ba172f90b72e1ee43b198174beb3eea,4000,42,Victor Wembanyama,1641705,Bovada,2026-03-26,2026-03-25 13:19:22,2026-03-25,Regular Season,0.40325,0.5555555555555556,0.5203045685279188,-0.11705456852791885,-0.27415,0.59675,0.5121951219512195,0.4796954314720812,0.11705456852791879,0.16508333333333336,
PRICED,under,PTS,full_game,8.5,True,22.952682495117188,23.155468340956425,7.147181510925293,-0.10919584308675542,7.037985667838537,0.4915060991395564,78bf92243997831090f4e81bdc0a5d4d7ba172f90b72e1ee43b198174beb3eea,4000,42,Will Richard,1642954,BetRivers,2026-03-26,2026-03-25 13:19:22,2026-03-25,Regular Season,0.35575,0.49019607843137253,0.45588680387409203,-0.10013680387409202,-0.27426999999999996,0.64425,0.5850622406639004,0.544113196125908,0.10013680387409196,0.10116489361702136,
PRICED,under,PTS,full_game,18.5,True,27.581321716308594,27.560574222181614,16.26681900024414,-0.023529805502859494,16.24328919474128,0.5327606694856868,78bf92243997831090f4e81bdc0a5d4d7ba172f90b72e1ee43b198174beb3eea,4000,42,Stephon Castle,1642264,BetRivers,2026-03-26,2026-03-25 13:19:22,2026-03-25,Regular Season,0.36275,0.5,0.4637964774951076,-0.10104647749510759,-0.27449999999999997,0.63725,0.5780590717299579,0.5362035225048923,0.10104647749510764,0.10239598540145983,
PRICED,under,PTS,full_game,13.5,True,24.60011100769043,24.57936351356345,11.90056324005127,0.043358085225788115,11.943921325277058,0.5327606694856868,78bf92243997831090f4e81bdc0a5d4d7ba172f90b72e1ee43b198174beb3eea,4000,42,Kyle Kuzma,1628398,Bovada,2026-03-26,2026-03-25 13:19:22,2026-03-25,Regular Season,0.38775,0.5348837209302325,0.5,-0.11225000000000002,-0.27507608695652175,0.61225,0.5348837209302325,0.5,0.11224999999999996,0.14464130434782602,
PRICED,under,PTS,full_game,13.5,True,24.02159309387207,24.00084559974509,11.318232536315918,0.03808573330910556,11.356318269625023,0.5327606694856868,78bf92243997831090f4e81bdc0a5d4d7ba172f90b72e1ee43b198174beb3eea,4000,42,Jalen Smith,1630188,BetRivers,2026-03-25,2026-03-25 13:19:22,2026-03-25,Regular Season,0.3295,0.45454545454545453,0.4208701134930643,-0.09137011349306429,-0.2750999999999999,0.6705,0.6254681647940075,0.5791298865069356,0.09137011349306434,0.07199700598802383,
PRICED,under,PTS,full_game,12.5,True,25.04226303100586,25.02151553687888,9.190759658813477,0.14380092609098305,9.334560584904459,0.5327606694856868,78bf92243997831090f4e81bdc0a5d4d7ba172f90b72e1ee43b198174beb3eea,4000,42,Jamir Watkins,1642364,Bovada,2026-03-26,2026-03-25 13:19:22,2026-03-25,Regular Season,0.273,0.37735849056603776,0.35437430786268,-0.08137430786267996,-0.27654999999999996,0.727,0.6875,0.6456256921373201,0.08137430786267985,0.05745454545454548,
PRICED,under,PTS,full_game,15.5,True,29.482128143310547,29.461380649183564,13.934953689575195,0.04529438981621654,13.980248079391412,0.5327606694856868,78bf92243997831090f4e81bdc0a5d4d7ba172f90b72e1ee43b198174beb3eea,4000,42,Bilal Coulibaly,1641731,Bovada,2026-03-26,2026-03-25 13:19:22,2026-03-25,Regular Season,0.37875,0.5238095238095238,0.48987854251012153,-0.11112854251012155,-0.2769318181818183,0.6212500000000001,0.5454545454545454,0.5101214574898786,0.1111285425101215,0.13895833333333346,
PRICED,under,PTS,full_game,14.5,True,23.777048110961914,23.97983395680115,12.744973182678223,0.2523716151643092,12.997344797842532,0.4915060991395564,78bf92243997831090f4e81bdc0a5d4d7ba172f90b72e1ee43b198174beb3eea,4000,42,Bones Hyland,1630538,BetOnline.ag,2026-03-26,2026-03-25 13:19:22,2026-03-25,Regular Season,0.38025,0.5260663507109005,0.4948402542722694,-0.11459025427226943,-0.2771824324324324,0.61975,0.5370370370370371,0.5051597457277305,0.11459025427226954,0.1540172413793104,
PRICED,under,PTS,full_game,14.5,True,30.48603057861328,30.64402633619315,14.576653480529785,0.11788426500593899,14.694537745535724,0.6420909777808131,78bf92243997831090f4e81bdc0a5d4d7ba172f90b72e1ee43b198174beb3eea,4000,42,Ayo Dosunmu,1630245,Bovada,2026-03-26,2026-03-25 13:19:22,2026-03-25,Regular Season,0.49225,0.6825396825396826,0.6395881006864989,-0.14733810068649883,-0.2787965116279069,0.5077499999999999,0.38461538461538464,0.36041189931350115,0.14733810068649877,0.3201499999999999,
PRICED,under,PTS,full_game,11.5,True,20.091732025146484,20.29451787098572,10.08995532989502,0.016158399814777697,10.106113729709797,0.4915060991395564,78bf92243997831090f4e81bdc0a5d4d7ba172f90b72e1ee43b198174beb3eea,4000,42,Jonathan Kuminga,1630228,Bovada,2026-03-25,2026-03-25 13:19:22,2026-03-25,Regular Season,0.38575,0.5348837209302325,0.5,-0.11425000000000002,-0.2788152173913044,0.61425,0.5348837209302325,0.5,0.11424999999999996,0.1483804347826086,
PRICED,under,PTS,full_game,21.5,True,30.93474578857422,31.092741546154087,19.52208137512207,0.1254928028682659,19.647574177990336,0.6420909777808131,78bf92243997831090f4e81bdc0a5d4d7ba172f90b72e1ee43b198174beb3eea,4000,42,R.J. Barrett,1629628,DraftKings,2026-03-26,2026-03-25 13:19:22,2026-03-25,Regular Season,0.376,0.5215311004784688,0.4916850288945246,-0.11568502889452459,-0.279045871559633,0.624,0.5391705069124424,0.5083149711054754,0.11568502889452459,0.15733333333333333,
PRICED,under,PTS,full_game,13.5,True,25.063209533691406,25.042462039564427,12.93858528137207,0.004366624335638735,12.942951905707709,0.5327606694856868,78bf92243997831090f4e81bdc0a5d4d7ba172f90b72e1ee43b198174beb3eea,4000,42,Donovan Clingan,1642270,Bovada,2026-03-26,2026-03-25 13:19:22,2026-03-25,Regular Season,0.44325,0.6153846153846154,0.5751633986928104,-0.13191339869281044,-0.27971875000000007,0.5567500000000001,0.45454545454545453,0.4248366013071895,0.1319133986928106,0.22485000000000016,
PRICED,under,PTS,full_game,15.5,True,29.482128143310547,29.461380649183564,13.934953689575195,0.04529438981621654,13.980248079391412,0.5327606694856868,78bf92243997831090f4e81bdc0a5d4d7ba172f90b72e1ee43b198174beb3eea,4000,42,Bilal Coulibaly,1641731,DraftKings,2026-03-26,2026-03-25 13:19:22,2026-03-25,Regular Season,0.37875,0.5260663507109005,0.4958445875753168,-0.11709458757531682,-0.28003378378378385,0.6212500000000001,0.5348837209302325,0.5041554124246831,0.11709458757531699,0.16146739130434778,
PRICED,under,PTS,full_game,15.5,True,25.647825241088867,25.627077746961888,13.818275451660156,0.06651737654675206,13.884792828206908,0.5327606694856868,78bf92243997831090f4e81bdc0a5d4d7ba172f90b72e1ee43b198174beb3eea,4000,42,Bobby Portis,1626171,FanDuel,2026-03-26,2026-03-25 13:19:22,2026-03-25,Regular Season,0.3735,0.5192307692307693,0.48581617766250607,-0.11231617766250607,-0.2806666666666667,0.6265000000000001,0.5495495495495496,0.5141838223374939,0.11231617766250612,0.14002459016393448,
PRICED,under,PTS,full_game,15.5,True,25.647825241088867,25.627077746961888,13.818275451660156,0.06651737654675206,13.884792828206908,0.5327606694856868,78bf92243997831090f4e81bdc0a5d4d7ba172f90b72e1ee43b198174beb3eea,4000,42,Bobby Portis,1626171,BetOnline.ag,2026-03-26,2026-03-25 13:19:22,2026-03-25,Regular Season,0.3735,0.5192307692307693,0.4876847290640395,-0.11418472906403948,-0.2806666666666667,0.6265000000000001,0.5454545454545454,0.5123152709359606,0.11418472906403943,0.14858333333333346,
PRICED,under,PTS,full_game,21.5,True,30.93474578857422,31.092741546154087,19.52208137512207,0.1254928028682659,19.647574177990336,0.6420909777808131,78bf92243997831090f4e81bdc0a5d4d7ba172f90b72e1ee43b198174beb3eea,4000,42,R.J. Barrett,1629628,Bovada,2026-03-26,2026-03-25 13:19:22,2026-03-25,Regular Season,0.376,0.5238095238095238,0.48987854251012153,-0.11387854251012153,-0.28218181818181814,0.624,0.5454545454545454,0.5101214574898786,0.11387854251012142,0.14400000000000013,
PRICED,under,PTS,full_game,22.5,True,30.93474578857422,31.092741546154087,19.52208137512207,0.1254928028682659,19.647574177990336,0.6420909777808131,78bf92243997831090f4e81bdc0a5d4d7ba172f90b72e1ee43b198174beb3eea,4000,42,R.J. Barrett,1629628,BetRivers,2026-03-26,2026-03-25 13:19:22,2026-03-25,Regular Season,0.32625,0.45454545454545453,0.4208701134930643,-0.09462011349306432,-0.28225000000000006,0.6737500000000001,0.6254681647940075,0.5791298865069356,0.09462011349306443,0.07719311377245502,
PRICED,under,PTS,full_game,19.5,True,33.881710052490234,34.0397058100701,16.94695472717285,-0.038915135812051055,16.9080395913608,0.6420909777808131,78bf92243997831090f4e81bdc0a5d4d7ba172f90b72e1ee43b198174beb3eea,4000,42,Josh Giddey,1630581,Bovada,2026-03-25,2026-03-25 13:19:22,2026-03-25,Regular Season,0.3415,0.47619047619047616,0.4458598726114649,-0.1043598726114649,-0.28284999999999993,0.6585,0.5918367346938775,0.554140127388535,0.10435987261146495,0.11263793103448272,
PRICED,under,PTS,full_game,11.5,True,24.02159309387207,24.00084559974509,11.318232536315918,0.03808573330910556,11.356318269625023,0.5327606694856868,78bf92243997831090f4e81bdc0a5d4d7ba172f90b72e1ee43b198174beb3eea,4000,42,Jalen Smith,1630188,Bovada,2026-03-25,2026-03-25 13:19:22,2026-03-25,Regular Season,0.461,0.6428571428571429,0.6017069701280228,-0.14070697012802275,-0.2828888888888888,0.5389999999999999,0.425531914893617,0.3982930298719772,0.14070697012802275,0.2666499999999999,
PRICED,under,PTS,full_game,14.5,True,23.777048110961914,23.97983395680115,12.744973182678223,0.2523716151643092,12.997344797842532,0.4915060991395564,78bf92243997831090f4e81bdc0a5d4d7ba172f90b72e1ee43b198174beb3eea,4000,42,Bones Hyland,1630538,DraftKings,2026-03-26,2026-03-25 13:19:22,2026-03-25,Regular Season,0.38025,0.5305164319248826,0.5010457625700661,-0.12079576257006608,-0.28324557522123894,0.61975,0.5283018867924528,0.4989542374299339,0.12079576257006613,0.17309821428571426,
PRICED,under,PTS,full_game,19.5,True,27.408226013183594,27.387478519056614,18.107128143310547,0.08992749369746968,18.197055637008017,0.5327606694856868,78bf92243997831090f4e81bdc0a5d4d7ba172f90b72e1ee43b198174beb3eea,4000,42,Darius Garland,1629636,Bovada,2026-03-26,2026-03-25 13:19:22,2026-03-25,Regular Season,0.41175,0.574468085106383,0.5407914020517831,-0.1290414020517831,-0.28324999999999995,0.5882499999999999,0.4878048780487805,0.4592085979482169,0.12904140205178305,0.20591249999999978,
PRICED,under,PTS,full_game,15.5,True,25.647825241088867,25.627077746961888,13.818275451660156,0.06651737654675206,13.884792828206908,0.5327606694856868,78bf92243997831090f4e81bdc0a5d4d7ba172f90b72e1ee43b198174beb3eea,4000,42,Bobby Portis,1626171,DraftKings,2026-03-26,2026-03-25 13:19:22,2026-03-25,Regular Season,0.3735,0.5215311004784688,0.4916850288945246,-0.11818502889452459,-0.2838394495412844,0.6265000000000001,0.5391705069124424,0.5083149711054754,0.11818502889452465,0.16197008547008557,
PRICED,under,PTS,full_game,16.5,True,23.117565155029297,23.320351000868534,15.323139190673828,0.15040651550176623,15.473545706175594,0.4915060991395564,78bf92243997831090f4e81bdc0a5d4d7ba172f90b72e1ee43b198174beb3eea,4000,42,Kristaps Porzingis,204001,BetRivers,2026-03-26,2026-03-25 13:19:22,2026-03-25,Regular Season,0.429,0.6,0.5575221238938053,-0.1285221238938053,-0.28500000000000003,0.571,0.47619047619047616,0.4424778761061947,0.12852212389380524,0.1991,
PRICED,under,PTS,full_game,15.5,True,25.929195404052734,25.908447909925755,11.821773529052734,0.37405409171785436,12.195827620770588,0.5327606694856868,78bf92243997831090f4e81bdc0a5d4d7ba172f90b72e1ee43b198174beb3eea,4000,42,Josh Minott,1631169,Bovada,2026-03-26,2026-03-25 13:19:22,2026-03-25,Regular Season,0.26475,0.37037037037037035,0.34700315457413244,-0.08225315457413246,-0.28517499999999996,0.73525,0.696969696969697,0.6529968454258674,0.08225315457413251,0.05492391304347821,
PRICED,under,PTS,full_game,16.5,True,30.48603057861328,30.64402633619315,14.576653480529785,0.11788426500593899,14.694537745535724,0.6420909777808131,78bf92243997831090f4e81bdc0a5d4d7ba172f90b72e1ee43b198174beb3eea,4000,42,Ayo Dosunmu,1630245,FanDuel,2026-03-26,2026-03-25 13:19:22,2026-03-25,Regular Season,0.38075,0.5327102803738317,0.5,-0.11925000000000002,-0.28525877192982463,0.6192500000000001,0.5327102803738317,0.5,0.11925000000000008,0.1624517543859651,
PRICED,under,PTS,full_game,21.5,True,30.93474578857422,31.092741546154087,19.52208137512207,0.1254928028682659,19.647574177990336,0.6420909777808131,78bf92243997831090f4e81bdc0a5d4d7ba172f90b72e1ee43b198174beb3eea,4000,42,R.J. Barrett,1629628,BetOnline.ag,2026-03-26,2026-03-25 13:19:22,2026-03-25,Regular Season,0.376,0.5260663507109005,0.4948402542722694,-0.11884025427226941,-0.2852612612612612,0.624,0.5370370370370371,0.5051597457277305,0.11884025427226952,0.16193103448275858,
PRICED,under,PTS,full_game,20.5,True,36.48585891723633,36.99137445130516,21.18656349182129,-0.03517990273067692,21.151383589090614,0.746175435493391,78bf92243997831090f4e81bdc0a5d4d7ba172f90b72e1ee43b198174beb3eea,4000,42,Austin Reaves,1630559,Bovada,2026-03-25,2026-03-25 13:19:22,2026-03-25,Regular Season,0.5105,0.7142857142857143,0.6705882352941177,-0.16008823529411775,-0.2853000000000001,0.48950000000000005,0.3508771929824561,0.32941176470588235,0.1600882352941177,0.3950750000000002,
PRICED,under,PTS,full_game,33.5,True,35.62293243408203,35.7809281916619,28.60781478881836,0.235486775928927,28.843301564747286,0.6420909777808131,78bf92243997831090f4e81bdc0a5d4d7ba172f90b72e1ee43b198174beb3eea,4000,42,Shai Gilgeous-Alexander,1628983,Bovada,2026-03-25,2026-03-25 13:19:22,2026-03-25,Regular Season,0.28,0.39215686274509803,0.3666469544648137,-0.08664695446481369,-0.286,0.72,0.6774193548387096,0.6333530455351862,0.08664695446481374,0.06285714285714289,
PRICED,under,PTS,full_game,26.5,True,28.287996292114258,28.267248797987275,24.843673706054688,0.04659172273223555,24.890265428786922,0.5327606694856868,78bf92243997831090f4e81bdc0a5d4d7ba172f90b72e1ee43b198174beb3eea,4000,42,Victor Wembanyama,1641705,FanDuel,2026-03-26,2026-03-25 13:19:22,2026-03-25,Regular Season,0.40325,0.5652173913043478,0.5281576830249397,-0.12490768302493971,-0.28655769230769235,0.59675,0.504950495049505,0.4718423169750604,0.1249076830249396,0.18179901960784317,
PRICED,under,PTS,full_game,14.5,True,25.063209533691406,25.042462039564427,12.93858528137207,0.004366624335638735,12.942951905707709,0.5327606694856868,78bf92243997831090f4e81bdc0a5d4d7ba172f90b72e1ee43b198174beb3eea,4000,42,Donovan Clingan,1642270,DraftKings,2026-03-26,2026-03-25 13:19:22,2026-03-25,Regular Season,0.383,0.5370370370370371,0.5073240143969199,-0.12432401439691987,-0.2868275862068966,0.617,0.5215311004784688,0.4926759856030803,0.1243240143969197,0.18305504587155963,
PRICED,under,PTS,full_game,15.5,True,25.647825241088867,25.627077746961888,13.818275451660156,0.06651737654675206,13.884792828206908,0.5327606694856868,78bf92243997831090f4e81bdc0a5d4d7ba172f90b72e1ee43b198174beb3eea,4000,42,Bobby Portis,1626171,Bovada,2026-03-26,2026-03-25 13:19:22,2026-03-25,Regular Season,0.3735,0.5238095238095238,0.48987854251012153,-0.11637854251012153,-0.28695454545454546,0.6265000000000001,0.5454545454545454,0.5101214574898786,0.11637854251012147,0.14858333333333346,
PRICED,under,PTS,full_game,15.5,True,25.647825241088867,25.627077746961888,13.818275451660156,0.06651737654675206,13.884792828206908,0.5327606694856868,78bf92243997831090f4e81bdc0a5d4d7ba172f90b72e1ee43b198174beb3eea,4000,42,Bobby Portis,1626171,BetRivers,2026-03-26,2026-03-25 13:19:22,2026-03-25,Regular Season,0.3735,0.5238095238095238,0.4861878453038673,-0.11268784530386733,-0.28695454545454546,0.6265000000000001,0.5535714285714286,0.5138121546961325,0.11268784530386755,0.13174193548387098,
PRICED,under,PTS,full_game,13.5,True,25.063209533691406,25.042462039564427,12.93858528137207,0.004366624335638735,12.942951905707709,0.5327606694856868,78bf92243997831090f4e81bdc0a5d4d7ba172f90b72e1ee43b198174beb3eea,4000,42,Donovan Clingan,1642270,BetRivers,2026-03-26,2026-03-25 13:19:22,2026-03-25,Regular Season,0.44325,0.6226415094339622,0.5757963822634864,-0.13254638226348642,-0.2881136363636365,0.5567500000000001,0.45871559633027525,0.42420361773651355,0.13254638226348653,0.21371499999999993,
PRICED,under,PTS,full_game,12.5,True,25.34461784362793,25.32387034950095,10.142556190490723,-0.027272447309288902,10.115283743181434,0.5327606694856868,78bf92243997831090f4e81bdc0a5d4d7ba172f90b72e1ee43b198174beb3eea,4000,42,Jakob Poeltl,1627751,Bovada,2026-03-26,2026-03-25 13:19:22,2026-03-25,Regular Season,0.32325,0.45454545454545453,0.4248366013071895,-0.1015866013071895,-0.28884999999999994,0.67675,0.6153846153846154,0.5751633986928104,0.10158660130718955,0.09971875000000002,
PRICED,under,PTS,full_game,14.5,True,23.777048110961914,23.97983395680115,12.744973182678223,0.2523716151643092,12.997344797842532,0.4915060991395564,78bf92243997831090f4e81bdc0a5d4d7ba172f90b72e1ee43b198174beb3eea,4000,42,Bones Hyland,1630538,Bovada,2026-03-26,2026-03-25 13:19:22,2026-03-25,Regular Season,0.38025,0.5348837209302325,0.5,-0.11975000000000002,-0.2890978260869566,0.61975,0.5348837209302325,0.5,0.11975000000000002,0.15866304347826088,
PRICED,under,PTS,full_game,23.5,True,29.183549880981445,29.162802386854462,19.322298049926758,0.16759071525889543,19.489888765185654,0.5327606694856868,78bf92243997831090f4e81bdc0a5d4d7ba172f90b72e1ee43b198174beb3eea,4000,42,Norman Powell,1626181,Bovada,2026-03-25,2026-03-25 13:19:22,2026-03-25,Regular Season,0.26825,0.37735849056603776,0.35437430786268,-0.08612430786268,-0.28913750000000005,0.73175,0.6875,0.6456256921373201,0.08612430786267988,0.0643636363636364,
PRICED,under,PTS,full_game,11.5,True,20.091732025146484,20.29451787098572,10.08995532989502,0.016158399814777697,10.106113729709797,0.4915060991395564,78bf92243997831090f4e81bdc0a5d4d7ba172f90b72e1ee43b198174beb3eea,4000,42,Jonathan Kuminga,1630228,BetOnline.ag,2026-03-25,2026-03-25 13:19:22,2026-03-25,Regular Season,0.38575,0.54337899543379,0.5102580936358787,-0.12450809363587872,-0.29009033613445373,0.61425,0.5215311004784688,0.48974190636412124,0.12450809363587872,0.1777821100917431,
PRICED,under,PTS,full_game,26.5,True,28.287996292114258,28.267248797987275,24.843673706054688,0.04659172273223555,24.890265428786922,0.5327606694856868,78bf92243997831090f4e81bdc0a5d4d7ba172f90b72e1ee43b198174beb3eea,4000,42,Victor Wembanyama,1641705,BetRivers,2026-03-26,2026-03-25 13:19:22,2026-03-25,Regular Season,0.40325,0.5689655172413793,0.5274208712002507,-0.12417087120025072,-0.29125757575757577,0.59675,0.5098039215686274,0.4725791287997492,0.12417087120025078,0.17054807692307705,
PRICED,under,PTS,full_game,15.5,True,23.117565155029297,23.320351000868534,15.323139190673828,0.15040651550176623,15.473545706175594,0.4915060991395564,78bf92243997831090f4e81bdc0a5d4d7ba172f90b72e1ee43b198174beb3eea,4000,42,Kristaps Porzingis,204001,Bovada,2026-03-26,2026-03-25 13:19:22,2026-03-25,Regular Season,0.48675,0.6875,0.6456256921373201,-0.1588756921373201,-0.2919999999999999,0.51325,0.37735849056603776,0.35437430786268,0.15887569213732,0.36011249999999995,
PRICED,under,PTS,full_game,14.5,True,25.063209533691406,25.042462039564427,12.93858528137207,0.004366624335638735,12.942951905707709,0.5327606694856868,78bf92243997831090f4e81bdc0a5d4d7ba172f90b72e1ee43b198174beb3eea,4000,42,Donovan Clingan,1642270,BetOnline.ag,2026-03-26,2026-03-25 13:19:22,2026-03-25,Regular Season,0.383,0.5412844036697247,0.5082034454470877,-0.12520344544708772,-0.2924237288135593,0.617,0.5238095238095238,0.49179655455291227,0.12520344544708772,0.1779090909090909,
PRICED,under,PTS,full_game,8.5,True,14.25339412689209,14.330542283518497,7.485832214355469,0.15319466217514188,7.639026876530611,0.44940254752247744,78bf92243997831090f4e81bdc0a5d4d7ba172f90b72e1ee43b198174beb3eea,4000,42,Paul Reed Jr,1630194,DraftKings,2026-03-25,2026-03-25 13:19:22,2026-03-25,Regular Season,0.3985,0.5633187772925764,0.5310164041860369,-0.13251640418603688,-0.29258527131782935,0.6014999999999999,0.4975124378109453,0.468983595813963,0.13251640418603694,0.20901499999999978,
PRICED,under,PTS,full_game,8.5,True,22.261375427246094,22.46416127308533,6.678829193115234,-0.09571791808630775,6.5831112750289265,0.4915060991395564,78bf92243997831090f4e81bdc0a5d4d7ba172f90b72e1ee43b198174beb3eea,4000,42,John Konchar,1629723,Bovada,2026-03-26,2026-03-25 13:19:22,2026-03-25,Regular Season,0.3215,0.45454545454545453,0.4248366013071895,-0.10333660130718947,-0.2926999999999999,0.6785,0.6153846153846154,0.5751633986928104,0.10333660130718958,0.1025625,
PRICED,under,PTS,full_game,10.5,True,19.01741600036621,19.22020184620545,8.169254302978516,-0.24983301983511727,7.919421283143398,0.4915060991395564,78bf92243997831090f4e81bdc0a5d4d7ba172f90b72e1ee43b198174beb3eea,4000,42,Leonard Miller,1631159,Bovada,2026-03-25,2026-03-25 13:19:22,2026-03-25,Regular Season,0.272,0.38461538461538464,0.36041189931350115,-0.08841189931350113,-0.29279999999999995,0.728,0.6825396825396826,0.6395881006864989,0.08841189931350113,0.06660465116279063,
PRICED,under,PTS,full_game,31.5,True,34.690277099609375,34.848272857189244,26.89333724975586,0.05900574803470954,26.95234299779057,0.6420909777808131,78bf92243997831090f4e81bdc0a5d4d7ba172f90b72e1ee43b198174beb3eea,4000,42,Nikola Jokic,203999,Bovada,2026-03-26,2026-03-25 13:19:22,2026-03-25,Regular Season,0.27725,0.39215686274509803,0.3666469544648137,-0.08939695446481372,-0.29301250000000006,0.72275,0.6774193548387096,0.6333530455351862,0.08939695446481377,0.06691666666666674,
PRICED,under,PTS,full_game,19.5,True,27.581321716308594,27.560574222181614,16.26681900024414,-0.023529805502859494,16.24328919474128,0.5327606694856868,78bf92243997831090f4e81bdc0a5d4d7ba172f90b72e1ee43b198174beb3eea,4000,42,Stephon Castle,1642264,Bovada,2026-03-26,2026-03-25 13:19:22,2026-03-25,Regular Season,0.30725,0.43478260869565216,0.40847201210287437,-0.10122201210287435,-0.293325,0.69275,0.6296296296296297,0.5915279878971256,0.1012220121028744,0.10025000000000006,
PRICED,under,PTS,full_game,19.5,True,29.820554733276367,29.799807239149384,19.757009506225586,0.2987366690081302,20.055746175233715,0.5327606694856868,78bf92243997831090f4e81bdc0a5d4d7ba172f90b72e1ee43b198174beb3eea,4000,42,Jalen Duren,1631105,Bovada,2026-03-25,2026-03-25 13:19:22,2026-03-25,Regular Season,0.51025,0.7222222222222222,0.6768402154398564,-0.16659021543985642,-0.29350000000000004,0.48975,0.3448275862068966,0.32315978456014366,0.16659021543985636,0.42027500000000007,
PRICED,under,PTS,full_game,21.5,True,29.534914016723633,29.51416652259665,21.669275283813477,0.13822003245455247,21.807495316268028,0.5327606694856868,78bf92243997831090f4e81bdc0a5d4d7ba172f90b72e1ee43b198174beb3eea,4000,42,Deni Avdija,1630166,Bovada,2026-03-26,2026-03-25 13:19:22,2026-03-25,Regular Season,0.4985,0.7058823529411765,0.66,-0.16150000000000003,-0.2937916666666667,0.5015000000000001,0.36363636363636365,0.33999999999999997,0.1615000000000001,0.3791250000000001,
PRICED,under,PTS,full_game,8.5,True,14.25339412689209,14.330542283518497,7.485832214355469,0.15319466217514188,7.639026876530611,0.44940254752247744,78bf92243997831090f4e81bdc0a5d4d7ba172f90b72e1ee43b198174beb3eea,4000,42,Paul Reed Jr,1630194,Bovada,2026-03-25,2026-03-25 13:19:22,2026-03-25,Regular Season,0.3985,0.5652173913043478,0.5306122448979592,-0.1321122448979592,-0.2949615384615384,0.6014999999999999,0.5,0.4693877551020409,0.13211224489795903,0.2029999999999999,
PRICED,under,PTS,full_game,12.5,True,24.02159309387207,24.00084559974509,11.318232536315918,0.03808573330910556,11.356318269625023,0.5327606694856868,78bf92243997831090f4e81bdc0a5d4d7ba172f90b72e1ee43b198174beb3eea,4000,42,Jalen Smith,1630188,DraftKings,2026-03-25,2026-03-25 13:19:22,2026-03-25,Regular Season,0.39475,0.5614035087719298,0.5289256198347108,-0.13417561983471077,-0.29685156250000005,0.6052500000000001,0.5,0.4710743801652893,0.13417561983471077,0.21050000000000008,
PRICED,under,PTS,full_game,17.5,True,23.117565155029297,23.320351000868534,15.323139190673828,0.15040651550176623,15.473545706175594,0.4915060991395564,78bf92243997831090f4e81bdc0a5d4d7ba172f90b72e1ee43b198174beb3eea,4000,42,Kristaps Porzingis,204001,BetRivers,2026-03-26,2026-03-25 13:19:22,2026-03-25,Regular Season,0.373,0.5305164319248826,0.49211760532849874,-0.11911760532849874,-0.29691150442477876,0.627,0.5475113122171946,0.5078823946715012,0.1191176053284988,0.14518181818181808,
PRICED,under,PTS,full_game,10.5,True,26.31243896484375,26.29169147071677,9.948568344116211,-0.04081571753137875,9.907752626584832,0.5327606694856868,78bf92243997831090f4e81bdc0a5d4d7ba172f90b72e1ee43b198174beb3eea,4000,42,Ousmane Dieng,1631172,BetRivers,2026-03-26,2026-03-25 13:19:22,2026-03-25,Regular Season,0.4375,0.6226415094339622,0.5780254777070064,-0.1405254777070064,-0.29734848484848486,0.5625,0.45454545454545453,0.42197452229299365,0.14052547770700635,0.23750000000000004,
PRICED,under,PTS,full_game,14.5,True,24.60011100769043,24.57936351356345,11.90056324005127,0.043358085225788115,11.943921325277058,0.5327606694856868,78bf92243997831090f4e81bdc0a5d4d7ba172f90b72e1ee43b198174beb3eea,4000,42,Kyle Kuzma,1628398,Bovada,2026-03-26,2026-03-25 13:19:22,2026-03-25,Regular Season,0.32675,0.46511627906976744,0.43668122270742354,-0.10993122270742356,-0.29748750000000007,0.67325,0.6,0.5633187772925764,0.10993122270742361,0.12208333333333327,
PRICED,under,PTS,full_game,14.5,True,25.063209533691406,25.042462039564427,12.93858528137207,0.004366624335638735,12.942951905707709,0.5327606694856868,78bf92243997831090f4e81bdc0a5d4d7ba172f90b72e1ee43b198174beb3eea,4000,42,Donovan Clingan,1642270,BetMGM,2026-03-26,2026-03-25 13:19:22,2026-03-25,Regular Season,0.383,0.5454545454545454,0.5101214574898786,-0.12712145748987858,-0.2978333333333333,0.617,0.5238095238095238,0.48987854251012153,0.12712145748987846,0.1779090909090909,
PRICED,under,PTS,full_game,14.5,True,25.063209533691406,25.042462039564427,12.93858528137207,0.004366624335638735,12.942951905707709,0.5327606694856868,78bf92243997831090f4e81bdc0a5d4d7ba172f90b72e1ee43b198174beb3eea,4000,42,Donovan Clingan,1642270,BetRivers,2026-03-26,2026-03-25 13:19:22,2026-03-25,Regular Season,0.383,0.5454545454545454,0.5069416898056327,-0.1239416898056327,-0.2978333333333333,0.617,0.5305164319248826,0.49305831019436736,0.12394168980563264,0.16301769911504427,
PRICED,under,PTS,full_game,14.5,True,25.063209533691406,25.042462039564427,12.93858528137207,0.004366624335638735,12.942951905707709,0.5327606694856868,78bf92243997831090f4e81bdc0a5d4d7ba172f90b72e1ee43b198174beb3eea,4000,42,Donovan Clingan,1642270,Bovada,2026-03-26,2026-03-25 13:19:22,2026-03-25,Regular Season,0.383,0.5454545454545454,0.5101214574898786,-0.12712145748987858,-0.2978333333333333,0.617,0.5238095238095238,0.48987854251012153,0.12712145748987846,0.1779090909090909,
PRICED,under,PTS,full_game,22.5,True,30.93474578857422,31.092741546154087,19.52208137512207,0.1254928028682659,19.647574177990336,0.6420909777808131,78bf92243997831090f4e81bdc0a5d4d7ba172f90b72e1ee43b198174beb3eea,4000,42,R.J. Barrett,1629628,Bovada,2026-03-26,2026-03-25 13:19:22,2026-03-25,Regular Season,0.32625,0.46511627906976744,0.43668122270742354,-0.11043122270742356,-0.2985625000000001,0.6737500000000001,0.6,0.5633187772925764,0.11043122270742367,0.12291666666666662,
PRICED,under,PTS,full_game,15.5,True,23.28070640563965,23.483492251478886,12.777591705322266,-0.015661943860373926,12.761929761461891,0.4915060991395564,78bf92243997831090f4e81bdc0a5d4d7ba172f90b72e1ee43b198174beb3eea,4000,42,Scoot Henderson,1630703,Bovada,2026-03-26,2026-03-25 13:19:22,2026-03-25,Regular Season,0.30425,0.43478260869565216,0.40847201210287437,-0.10422201210287435,-0.300225,0.69575,0.6296296296296297,0.5915279878971256,0.1042220121028744,0.10501470588235301,
PRICED,under,PTS,full_game,33.5,True,34.02191162109375,34.17990737867362,28.12468910217285,0.08675802482555833,28.21144712699841,0.6420909777808131,78bf92243997831090f4e81bdc0a5d4d7ba172f90b72e1ee43b198174beb3eea,4000,42,Donovan Mitchell,1628378,Bovada,2026-03-25,2026-03-25 13:19:22,2026-03-25,Regular Season,0.24125,0.3448275862068966,0.32315978456014366,-0.08190978456014367,-0.30037500000000006,0.75875,0.7222222222222222,0.6768402154398564,0.08190978456014364,0.05057692307692305,
PRICED,under,PTS,full_game,15.5,True,30.48603057861328,30.64402633619315,14.576653480529785,0.11788426500593899,14.694537745535724,0.6420909777808131,78bf92243997831090f4e81bdc0a5d4d7ba172f90b72e1ee43b198174beb3eea,4000,42,Ayo Dosunmu,1630245,Bovada,2026-03-26,2026-03-25 13:19:22,2026-03-25,Regular Season,0.435,0.6226415094339622,0.5834970530451867,-0.14849705304518673,-0.30136363636363633,0.565,0.4444444444444444,0.4165029469548134,0.14849705304518657,0.27124999999999994,
PRICED,under,PTS,full_game,16.5,True,30.979442596435547,31.137438354015416,16.282062530517578,0.006636283832434,16.288698814350013,0.6420909777808131,78bf92243997831090f4e81bdc0a5d4d7ba172f90b72e1ee43b198174beb3eea,4000,42,Ryan Rollins,1631157,Bovada,2026-03-26,2026-03-25 13:19:22,2026-03-25,Regular Season,0.499,0.7142857142857143,0.6705882352941177,-0.1715882352941177,-0.30140000000000006,0.501,0.3508771929824561,0.32941176470588235,0.17158823529411765,0.42785000000000006,
PRICED,under,PTS,full_game,12.5,True,24.02159309387207,24.00084559974509,11.318232536315918,0.03808573330910556,11.356318269625023,0.5327606694856868,78bf92243997831090f4e81bdc0a5d4d7ba172f90b72e1ee43b198174beb3eea,4000,42,Jalen Smith,1630188,Bovada,2026-03-25,2026-03-25 13:19:22,2026-03-25,Regular Season,0.39475,0.5652173913043478,0.5306122448979592,-0.13586224489795923,-0.30159615384615396,0.6052500000000001,0.5,0.4693877551020409,0.13586224489795917,0.21050000000000008,
PRICED,under,PTS,full_game,13.5,True,24.60011100769043,24.57936351356345,11.90056324005127,0.043358085225788115,11.943921325277058,0.5327606694856868,78bf92243997831090f4e81bdc0a5d4d7ba172f90b72e1ee43b198174beb3eea,4000,42,Kyle Kuzma,1628398,BetMGM,2026-03-26,2026-03-25 13:19:22,2026-03-25,Regular Season,0.38775,0.5555555555555556,0.5203045685279188,-0.13255456852791886,-0.30204999999999993,0.61225,0.5121951219512195,0.4796954314720812,0.13255456852791875,0.19534523809523802,
PRICED,under,PTS,full_game,12.5,True,20.091732025146484,20.29451787098572,10.08995532989502,0.016158399814777697,10.106113729709797,0.4915060991395564,78bf92243997831090f4e81bdc0a5d4d7ba172f90b72e1ee43b198174beb3eea,4000,42,Jonathan Kuminga,1630228,Bovada,2026-03-25,2026-03-25 13:19:22,2026-03-25,Regular Season,0.32425,0.46511627906976744,0.43668122270742354,-0.11243122270742356,-0.30286250000000015,0.6757500000000001,0.6,0.5633187772925764,0.11243122270742367,0.12624999999999997,
PRICED,under,PTS,full_game,8.5,True,19.069419860839844,19.27220570667908,7.077221870422363,-0.021383070022954895,7.055838800399409,0.4915060991395564,78bf92243997831090f4e81bdc0a5d4d7ba172f90b72e1ee43b198174beb3eea,4000,42,Jaxson Hayes,1629637,FanDuel,2026-03-25,2026-03-25 13:19:22,2026-03-25,Regular Season,0.3615,0.5192307692307693,0.4896023956080519,-0.12810239560805192,-0.3037777777777778,0.6385000000000001,0.5412844036697247,0.510397604391948,0.12810239560805203,0.1796016949152543,
PRICED,under,PTS,full_game,18.5,True,23.117565155029297,23.320351000868534,15.323139190673828,0.15040651550176623,15.473545706175594,0.4915060991395564,78bf92243997831090f4e81bdc0a5d4d7ba172f90b72e1ee43b198174beb3eea,4000,42,Kristaps Porzingis,204001,BetRivers,2026-03-26,2026-03-25 13:19:22,2026-03-25,Regular Season,0.32375,0.46511627906976744,0.43225969220418803,-0.10850969220418805,-0.3039375000000001,0.67625,0.6108949416342413,0.567740307795812,0.10850969220418805,0.10698248407643307,
PRICED,under,PTS,full_game,11.5,True,26.31243896484375,26.29169147071677,9.948568344116211,-0.04081571753137875,9.907752626584832,0.5327606694856868,78bf92243997831090f4e81bdc0a5d4d7ba172f90b72e1ee43b198174beb3eea,4000,42,Ousmane Dieng,1631172,BetOnline.ag,2026-03-26,2026-03-25 13:19:22,2026-03-25,Regular Season,0.3705,0.5327102803738317,0.5,-0.1295,-0.30449999999999994,0.6295,0.5327102803738317,0.5,0.12949999999999995,0.18169298245614035,
PRICED,under,PTS,full_game,7.5,True,19.069419860839844,19.27220570667908,7.077221870422363,-0.021383070022954895,7.055838800399409,0.4915060991395564,78bf92243997831090f4e81bdc0a5d4d7ba172f90b72e1ee43b198174beb3eea,4000,42,Jaxson Hayes,1629637,Bovada,2026-03-25,2026-03-25 13:19:22,2026-03-25,Regular Season,0.44675,0.6428571428571429,0.6017069701280228,-0.1549569701280228,-0.3050555555555556,0.55325,0.425531914893617,0.3982930298719772,0.15495697012802284,0.30013750000000006,
PRICED,under,PTS,full_game,10.5,True,26.31243896484375,26.29169147071677,9.948568344116211,-0.04081571753137875,9.907752626584832,0.5327606694856868,78bf92243997831090f4e81bdc0a5d4d7ba172f90b72e1ee43b198174beb3eea,4000,42,Ousmane Dieng,1631172,Bovada,2026-03-26,2026-03-25 13:19:22,2026-03-25,Regular Season,0.4375,0.6296296296296297,0.5915279878971256,-0.15402798789712557,-0.3051470588235293,0.5625,0.43478260869565216,0.40847201210287437,0.15402798789712563,0.29374999999999996,
PRICED,under,PTS,full_game,11.5,True,20.091732025146484,20.29451787098572,10.08995532989502,0.016158399814777697,10.106113729709797,0.4915060991395564,78bf92243997831090f4e81bdc0a5d4d7ba172f90b72e1ee43b198174beb3eea,4000,42,Jonathan Kuminga,1630228,BetMGM,2026-03-25,2026-03-25 13:19:22,2026-03-25,Regular Season,0.38575,0.5555555555555556,0.5203045685279188,-0.13455456852791886,-0.30565,0.61425,0.5121951219512195,0.4796954314720812,0.13455456852791875,0.19924999999999998,
PRICED,under,PTS,full_game,8.5,True,14.25339412689209,14.330542283518497,7.485832214355469,0.15319466217514188,7.639026876530611,0.44940254752247744,78bf92243997831090f4e81bdc0a5d4d7ba172f90b72e1ee43b198174beb3eea,4000,42,Paul Reed Jr,1630194,BetMGM,2026-03-25,2026-03-25 13:19:22,2026-03-25,Regular Season,0.3985,0.574468085106383,0.5346534653465347,-0.13615346534653466,-0.30631481481481476,0.6014999999999999,0.5,0.4653465346534653,0.1361534653465346,0.2029999999999999,
PRICED,under,PTS,full_game,16.5,True,25.647825241088867,25.627077746961888,13.818275451660156,0.06651737654675206,13.884792828206908,0.5327606694856868,78bf92243997831090f4e81bdc0a5d4d7ba172f90b72e1ee43b198174beb3eea,4000,42,Bobby Portis,1626171,BetRivers,2026-03-26,2026-03-25 13:19:22,2026-03-25,Regular Season,0.314,0.45454545454545453,0.4208701134930643,-0.1068701134930643,-0.30919999999999986,0.6859999999999999,0.6254681647940075,0.5791298865069356,0.1068701134930643,0.09677844311377232,
PRICED,under,PTS,full_game,27.5,True,28.287996292114258,28.267248797987275,24.843673706054688,0.04659172273223555,24.890265428786922,0.5327606694856868,78bf92243997831090f4e81bdc0a5d4d7ba172f90b72e1ee43b198174beb3eea,4000,42,Victor Wembanyama,1641705,BetOnline.ag,2026-03-26,2026-03-25 13:19:22,2026-03-25,Regular Season,0.35025,0.5073891625615764,0.4773429454170958,-0.12709294541709582,-0.30970145631067963,0.64975,0.5555555555555556,0.5226570545829042,0.12709294541709582,0.16955000000000003,
PRICED,under,PTS,full_game,8.5,True,19.069419860839844,19.27220570667908,7.077221870422363,-0.021383070022954895,7.055838800399409,0.4915060991395564,78bf92243997831090f4e81bdc0a5d4d7ba172f90b72e1ee43b198174beb3eea,4000,42,Jaxson Hayes,1629637,BetRivers,2026-03-25,2026-03-25 13:19:22,2026-03-25,Regular Season,0.3615,0.5238095238095238,0.4861878453038673,-0.12468784530386734,-0.3098636363636364,0.6385000000000001,0.5535714285714286,0.5138121546961325,0.12468784530386756,0.15341935483870967,
PRICED,under,PTS,full_game,8.5,True,19.069419860839844,19.27220570667908,7.077221870422363,-0.021383070022954895,7.055838800399409,0.4915060991395564,78bf92243997831090f4e81bdc0a5d4d7ba172f90b72e1ee43b198174beb3eea,4000,42,Jaxson Hayes,1629637,BetMGM,2026-03-25,2026-03-25 13:19:22,2026-03-25,Regular Season,0.3615,0.5238095238095238,0.48987854251012153,-0.12837854251012154,-0.3098636363636364,0.6385000000000001,0.5454545454545454,0.5101214574898786,0.12837854251012148,0.17058333333333348,
PRICED,under,PTS,full_game,21.5,True,30.93474578857422,31.092741546154087,19.52208137512207,0.1254928028682659,19.647574177990336,0.6420909777808131,78bf92243997831090f4e81bdc0a5d4d7ba172f90b72e1ee43b198174beb3eea,4000,42,R.J. Barrett,1629628,BetMGM,2026-03-26,2026-03-25 13:19:22,2026-03-25,Regular Season,0.376,0.5454545454545454,0.5101214574898786,-0.13412145748987858,-0.3106666666666666,0.624,0.5238095238095238,0.48987854251012153,0.13412145748987847,0.19127272727272737,
PRICED,under,PTS,full_game,10.5,True,18.852142333984375,19.054928179823612,7.8576130867004395,-0.051712225539888634,7.805900861160551,0.4915060991395564,78bf92243997831090f4e81bdc0a5d4d7ba172f90b72e1ee43b198174beb3eea,4000,42,Caris LeVert,1627747,Bovada,2026-03-25,2026-03-25 13:19:22,2026-03-25,Regular Season,0.25525,0.37037037037037035,0.34700315457413244,-0.09175315457413247,-0.310825,0.74475,0.696969696969697,0.6529968454258674,0.09175315457413258,0.06855434782608694,
PRICED,under,PTS,full_game,22.5,True,29.534914016723633,29.51416652259665,21.669275283813477,0.13822003245455247,21.807495316268028,0.5327606694856868,78bf92243997831090f4e81bdc0a5d4d7ba172f90b72e1ee43b198174beb3eea,4000,42,Deni Avdija,1630166,Bovada,2026-03-26,2026-03-25 13:19:22,2026-03-25,Regular Season,0.45025,0.6551724137931034,0.6161482461945731,-0.1658982461945731,-0.31277631578947374,0.54975,0.40816326530612246,0.3838517538054269,0.16589824619457305,0.34688750000000007,
PRICED,under,PTS,full_game,11.5,True,20.091732025146484,20.29451787098572,10.08995532989502,0.016158399814777697,10.106113729709797,0.4915060991395564,78bf92243997831090f4e81bdc0a5d4d7ba172f90b72e1ee43b198174beb3eea,4000,42,Jonathan Kuminga,1630228,FanDuel,2026-03-25,2026-03-25 13:19:22,2026-03-25,Regular Season,0.38575,0.5614035087719298,0.5289256198347108,-0.14317561983471078,-0.3128828125,0.61425,0.5,0.4710743801652893,0.14317561983471067,0.22849999999999998,
PRICED,under,PTS,full_game,20.5,True,29.820554733276367,29.799807239149384,19.757009506225586,0.2987366690081302,20.055746175233715,0.5327606694856868,78bf92243997831090f4e81bdc0a5d4d7ba172f90b72e1ee43b198174beb3eea,4000,42,Jalen Duren,1631105,Bovada,2026-03-25,2026-03-25 13:19:22,2026-03-25,Regular Season,0.4575,0.6666666666666666,0.625,-0.16749999999999998,-0.31375,0.5425,0.4,0.375,0.16749999999999998,0.35624999999999996,
PRICED,under,PTS,full_game,15.5,True,23.777048110961914,23.97983395680115,12.744973182678223,0.2523716151643092,12.997344797842532,0.4915060991395564,78bf92243997831090f4e81bdc0a5d4d7ba172f90b72e1ee43b198174beb3eea,4000,42,Bones Hyland,1630538,Bovada,2026-03-26,2026-03-25 13:19:22,2026-03-25,Regular Season,0.3265,0.47619047619047616,0.4458598726114649,-0.11935987261146491,-0.31434999999999996,0.6735,0.5918367346938775,0.554140127388535,0.11935987261146497,0.13798275862068965,
PRICED,under,PTS,full_game,16.5,True,30.48603057861328,30.64402633619315,14.576653480529785,0.11788426500593899,14.694537745535724,0.6420909777808131,78bf92243997831090f4e81bdc0a5d4d7ba172f90b72e1ee43b198174beb3eea,4000,42,Ayo Dosunmu,1630245,Bovada,2026-03-26,2026-03-25 13:19:22,2026-03-25,Regular Season,0.38075,0.5555555555555556,0.5203045685279188,-0.13955456852791887,-0.3146500000000001,0.6192500000000001,0.5121951219512195,0.4796954314720812,0.13955456852791887,0.20901190476190484,
PRICED,under,PTS,full_game,14.5,True,24.499000549316406,24.478253055189427,10.339312553405762,0.12849635930047856,10.467808912706241,0.5327606694856868,78bf92243997831090f4e81bdc0a5d4d7ba172f90b72e1ee43b198174beb3eea,4000,42,Myles Turner,1626167,Bovada,2026-03-26,2026-03-25 13:19:22,2026-03-25,Regular Season,0.24025,0.3508771929824561,0.32941176470588235,-0.08916176470588236,-0.31528750000000005,0.75975,0.7142857142857143,0.6705882352941177,0.08916176470588233,0.06364999999999996,
PRICED,under,PTS,full_game,11.5,True,26.31243896484375,26.29169147071677,9.948568344116211,-0.04081571753137875,9.907752626584832,0.5327606694856868,78bf92243997831090f4e81bdc0a5d4d7ba172f90b72e1ee43b198174beb3eea,4000,42,Ousmane Dieng,1631172,FanDuel,2026-03-26,2026-03-25 13:19:22,2026-03-25,Regular Season,0.3705,0.5412844036697247,0.5060689431946916,-0.13556894319469165,-0.31551694915254236,0.6295,0.5283018867924528,0.4939310568053083,0.13556894319469165,0.19155357142857138,
PRICED,under,PTS,full_game,12.5,True,23.658946990966797,23.861732836806034,12.624993324279785,0.05188597682429338,12.676879301104078,0.4915060991395564,78bf92243997831090f4e81bdc0a5d4d7ba172f90b72e1ee43b198174beb3eea,4000,42,Dylan Harper,1642844,Bovada,2026-03-26,2026-03-25 13:19:22,2026-03-25,Regular Season,0.4885,0.7142857142857143,0.6705882352941177,-0.18208823529411772,-0.3161000000000001,0.5115000000000001,0.3508771929824561,0.32941176470588235,0.18208823529411772,0.4577750000000002,
PRICED,under,PTS,full_game,27.5,True,28.287996292114258,28.267248797987275,24.843673706054688,0.04659172273223555,24.890265428786922,0.5327606694856868,78bf92243997831090f4e81bdc0a5d4d7ba172f90b72e1ee43b198174beb3eea,4000,42,Victor Wembanyama,1641705,DraftKings,2026-03-26,2026-03-25 13:19:22,2026-03-25,Regular Season,0.35025,0.5121951219512195,0.48240894039735094,-0.13215894039735093,-0.3161785714285715,0.64975,0.5495495495495496,0.517591059602649,0.1321589403973511,0.1823319672131148,
PRICED,under,PTS,full_game,27.5,True,28.287996292114258,28.267248797987275,24.843673706054688,0.04659172273223555,24.890265428786922,0.5327606694856868,78bf92243997831090f4e81bdc0a5d4d7ba172f90b72e1ee43b198174beb3eea,4000,42,Victor Wembanyama,1641705,Bovada,2026-03-26,2026-03-25 13:19:22,2026-03-25,Regular Season,0.35025,0.5121951219512195,0.4796954314720812,-0.1294454314720812,-0.3161785714285715,0.64975,0.5555555555555556,0.5203045685279188,0.1294454314720812,0.16955000000000003,
PRICED,under,PTS,full_game,27.5,True,28.287996292114258,28.267248797987275,24.843673706054688,0.04659172273223555,24.890265428786922,0.5327606694856868,78bf92243997831090f4e81bdc0a5d4d7ba172f90b72e1ee43b198174beb3eea,4000,42,Victor Wembanyama,1641705,BetMGM,2026-03-26,2026-03-25 13:19:22,2026-03-25,Regular Season,0.35025,0.5121951219512195,0.4796954314720812,-0.1294454314720812,-0.3161785714285715,0.64975,0.5555555555555556,0.5203045685279188,0.1294454314720812,0.16955000000000003,
PRICED,under,PTS,full_game,20.5,True,33.881710052490234,34.0397058100701,16.94695472717285,-0.038915135812051055,16.9080395913608,0.6420909777808131,78bf92243997831090f4e81bdc0a5d4d7ba172f90b72e1ee43b198174beb3eea,4000,42,Josh Giddey,1630581,Bovada,2026-03-25,2026-03-25 13:19:22,2026-03-25,Regular Season,0.29075,0.425531914893617,0.3982930298719772,-0.10754302987197717,-0.3167374999999999,0.7092499999999999,0.6428571428571429,0.6017069701280228,0.10754302987197717,0.10327777777777775,
PRICED,under,PTS,full_game,21.5,True,36.48585891723633,36.99137445130516,21.18656349182129,-0.03517990273067692,21.151383589090614,0.746175435493391,78bf92243997831090f4e81bdc0a5d4d7ba172f90b72e1ee43b198174beb3eea,4000,42,Austin Reaves,1630559,Bovada,2026-03-25,2026-03-25 13:19:22,2026-03-25,Regular Season,0.45525,0.6666666666666666,0.625,-0.16975,-0.3171250000000001,0.5447500000000001,0.4,0.375,0.16975000000000007,0.3618750000000001,
PRICED,under,PTS,full_game,20.5,True,27.581321716308594,27.560574222181614,16.26681900024414,-0.023529805502859494,16.24328919474128,0.5327606694856868,78bf92243997831090f4e81bdc0a5d4d7ba172f90b72e1ee43b198174beb3eea,4000,42,Stephon Castle,1642264,Bovada,2026-03-26,2026-03-25 13:19:22,2026-03-25,Regular Season,0.2575,0.37735849056603776,0.35437430786268,-0.09687430786267998,-0.31762499999999994,0.7424999999999999,0.6875,0.6456256921373201,0.09687430786267981,0.08000000000000002,
PRICED,under,PTS,full_game,14.5,True,25.063209533691406,25.042462039564427,12.93858528137207,0.004366624335638735,12.942951905707709,0.5327606694856868,78bf92243997831090f4e81bdc0a5d4d7ba172f90b72e1ee43b198174beb3eea,4000,42,Donovan Clingan,1642270,FanDuel,2026-03-26,2026-03-25 13:19:22,2026-03-25,Regular Season,0.383,0.5614035087719298,0.5240847784200385,-0.14108477842003853,-0.31778125,0.617,0.5098039215686274,0.47591522157996147,0.14108477842003853,0.21026923076923087,
PRICED,under,PTS,full_game,9.5,True,14.25339412689209,14.330542283518497,7.485832214355469,0.15319466217514188,7.639026876530611,0.44940254752247744,78bf92243997831090f4e81bdc0a5d4d7ba172f90b72e1ee43b198174beb3eea,4000,42,Paul Reed Jr,1630194,BetRivers,2026-03-25,2026-03-25 13:19:22,2026-03-25,Regular Season,0.32175,0.4716981132075472,0.4388409027584286,-0.1170909027584286,-0.31789,0.67825,0.6031746031746031,0.5611590972415714,0.1170909027584286,0.12446710526315796,
PRICED,under,PTS,full_game,16.5,True,22.231834411621094,22.43462025746033,12.792119026184082,0.028415902335560975,12.820534928519644,0.4915060991395564,78bf92243997831090f4e81bdc0a5d4d7ba172f90b72e1ee43b198174beb3eea,4000,42,Keldon Johnson,1629640,Bovada,2026-03-26,2026-03-25 13:19:22,2026-03-25,Regular Season,0.248,0.36363636363636365,0.33999999999999997,-0.09199999999999997,-0.318,0.752,0.7058823529411765,0.66,0.09199999999999997,0.06533333333333341,
PRICED,under,PTS,full_game,9.5,True,22.261375427246094,22.46416127308533,6.678829193115234,-0.09571791808630775,6.5831112750289265,0.4915060991395564,78bf92243997831090f4e81bdc0a5d4d7ba172f90b72e1ee43b198174beb3eea,4000,42,John Konchar,1629723,Bovada,2026-03-26,2026-03-25 13:19:22,2026-03-25,Regular Season,0.25725,0.37735849056603776,0.35437430786268,-0.09712430786268,-0.31828750000000006,0.74275,0.6875,0.6456256921373201,0.09712430786267989,0.08036363636363641,
PRICED,under,PTS,full_game,16.5,True,23.117565155029297,23.320351000868534,15.323139190673828,0.15040651550176623,15.473545706175594,0.4915060991395564,78bf92243997831090f4e81bdc0a5d4d7ba172f90b72e1ee43b198174beb3eea,4000,42,Kristaps Porzingis,204001,Bovada,2026-03-26,2026-03-25 13:19:22,2026-03-25,Regular Season,0.429,0.6296296296296297,0.5915279878971256,-0.16252798789712558,-0.31864705882352934,0.571,0.43478260869565216,0.40847201210287437,0.16252798789712558,0.31329999999999986,
PRICED,under,PTS,full_game,16.5,True,29.11969566345215,29.098948169325165,13.944796562194824,0.17448620318786742,14.119282765382692,0.5327606694856868,78bf92243997831090f4e81bdc0a5d4d7ba172f90b72e1ee43b198174beb3eea,4000,42,Daniss Jenkins,1642450,BetMGM,2026-03-25,2026-03-25 13:19:22,2026-03-25,Regular Season,0.35825,0.5260663507109005,0.4928711096627016,-0.13462110966270158,-0.31900225225225226,0.64175,0.5412844036697247,0.5071288903372982,0.1346211096627018,0.18560593220338978,
PRICED,under,PTS,full_game,20.5,True,27.408226013183594,27.387478519056614,18.107128143310547,0.08992749369746968,18.197055637008017,0.5327606694856868,78bf92243997831090f4e81bdc0a5d4d7ba172f90b72e1ee43b198174beb3eea,4000,42,Darius Garland,1629636,DraftKings,2026-03-26,2026-03-25 13:19:22,2026-03-25,Regular Season,0.35475,0.5215311004784688,0.4916850288945246,-0.13693502889452458,-0.31979128440366966,0.64525,0.5391705069124424,0.5083149711054754,0.13693502889452458,0.19674572649572653,
PRICED,under,PTS,full_game,22.5,True,29.820554733276367,29.799807239149384,19.757009506225586,0.2987366690081302,20.055746175233715,0.5327606694856868,78bf92243997831090f4e81bdc0a5d4d7ba172f90b72e1ee43b198174beb3eea,4000,42,Jalen Duren,1631105,BetMGM,2026-03-25,2026-03-25 13:19:22,2026-03-25,Regular Season,0.36375,0.5348837209302325,0.5,-0.13624999999999998,-0.3199456521739131,0.63625,0.5348837209302325,0.5,0.13624999999999998,0.18951086956521723,
PRICED,under,PTS,full_game,14.5,True,29.11969566345215,29.098948169325165,13.944796562194824,0.17448620318786742,14.119282765382692,0.5327606694856868,78bf92243997831090f4e81bdc0a5d4d7ba172f90b72e1ee43b198174beb3eea,4000,42,Daniss Jenkins,1642450,Bovada,2026-03-25,2026-03-25 13:19:22,2026-03-25,Regular Season,0.47375,0.696969696969697,0.6529968454258674,-0.17924684542586744,-0.32027173913043483,0.52625,0.37037037037037035,0.34700315457413244,0.17924684542586755,0.4208750000000001,
PRICED,under,PTS,full_game,11.5,True,26.31243896484375,26.29169147071677,9.948568344116211,-0.04081571753137875,9.907752626584832,0.5327606694856868,78bf92243997831090f4e81bdc0a5d4d7ba172f90b72e1ee43b198174beb3eea,4000,42,Ousmane Dieng,1631172,BetRivers,2026-03-26,2026-03-25 13:19:22,2026-03-25,Regular Season,0.3705,0.5454545454545454,0.5059101654846335,-0.13541016548463353,-0.3207499999999999,0.6295,0.5327102803738317,0.4940898345153664,0.13541016548463353,0.18169298245614035,
PRICED,under,PTS,full_game,24.5,True,29.183549880981445,29.162802386854462,19.322298049926758,0.16759071525889543,19.489888765185654,0.5327606694856868,78bf92243997831090f4e81bdc0a5d4d7ba172f90b72e1ee43b198174beb3eea,4000,42,Norman Powell,1626181,Bovada,2026-03-25,2026-03-25 13:19:22,2026-03-25,Regular Season,0.22625,0.3333333333333333,0.3125,-0.08625,-0.3212499999999999,0.7737499999999999,0.7333333333333333,0.6875,0.08624999999999994,0.05511363636363642,
PRICED,under,PTS,full_game,17.5,True,23.117565155029297,23.320351000868534,15.323139190673828,0.15040651550176623,15.473545706175594,0.4915060991395564,78bf92243997831090f4e81bdc0a5d4d7ba172f90b72e1ee43b198174beb3eea,4000,42,Kristaps Porzingis,204001,FanDuel,2026-03-26,2026-03-25 13:19:22,2026-03-25,Regular Season,0.373,0.5495495495495496,0.5141838223374939,-0.14118382233749394,-0.3212622950819672,0.627,0.5192307692307693,0.48581617766250607,0.14118382233749394,0.2075555555555556,
PRICED,under,PTS,full_game,16.5,True,29.482128143310547,29.461380649183564,13.934953689575195,0.04529438981621654,13.980248079391412,0.5327606694856868,78bf92243997831090f4e81bdc0a5d4d7ba172f90b72e1ee43b198174beb3eea,4000,42,Bilal Coulibaly,1641731,Bovada,2026-03-26,2026-03-25 13:19:22,2026-03-25,Regular Season,0.3155,0.46511627906976744,0.43668122270742354,-0.12118122270742354,-0.32167500000000004,0.6845,0.6,0.5633187772925764,0.1211812227074236,0.14083333333333325,
PRICED,under,PTS,full_game,9.5,True,22.952682495117188,23.155468340956425,7.147181510925293,-0.10919584308675542,7.037985667838537,0.4915060991395564,78bf92243997831090f4e81bdc0a5d4d7ba172f90b72e1ee43b198174beb3eea,4000,42,Will Richard,1642954,Bovada,2026-03-26,2026-03-25 13:19:22,2026-03-25,Regular Season,0.28225,0.4166666666666667,0.39094650205761317,-0.10869650205761316,-0.3226,0.71775,0.6491228070175439,0.6090534979423868,0.10869650205761316,0.105722972972973,
PRICED,under,PTS,full_game,20.5,True,27.408226013183594,27.387478519056614,18.107128143310547,0.08992749369746968,18.197055637008017,0.5327606694856868,78bf92243997831090f4e81bdc0a5d4d7ba172f90b72e1ee43b198174beb3eea,4000,42,Darius Garland,1629636,Bovada,2026-03-26,2026-03-25 13:19:22,2026-03-25,Regular Season,0.35475,0.5238095238095238,0.48987854251012153,-0.13512854251012152,-0.3227499999999999,0.64525,0.5454545454545454,0.5101214574898786,0.1351285425101214,0.18295833333333344,
PRICED,under,PTS,full_game,16.5,True,30.48603057861328,30.64402633619315,14.576653480529785,0.11788426500593899,14.694537745535724,0.6420909777808131,78bf92243997831090f4e81bdc0a5d4d7ba172f90b72e1ee43b198174beb3eea,4000,42,Ayo Dosunmu,1630245,BetRivers,2026-03-26,2026-03-25 13:19:22,2026-03-25,Regular Season,0.38075,0.5633187772925764,0.5226164254247954,-0.14186642542479538,-0.3240949612403102,0.6192500000000001,0.5145631067961165,0.4773835745752045,0.1418664254247956,0.20344811320754724,
PRICED,under,PTS,full_game,8.5,True,19.069419860839844,19.27220570667908,7.077221870422363,-0.021383070022954895,7.055838800399409,0.4915060991395564,78bf92243997831090f4e81bdc0a5d4d7ba172f90b72e1ee43b198174beb3eea,4000,42,Jaxson Hayes,1629637,BetOnline.ag,2026-03-25,2026-03-25 13:19:22,2026-03-25,Regular Season,0.3615,0.5348837209302325,0.5030953363598845,-0.14159533635988447,-0.32415217391304363,0.6385000000000001,0.5283018867924528,0.4969046636401156,0.14159533635988447,0.20858928571428575,
PRICED,under,PTS,full_game,16.5,True,25.647825241088867,25.627077746961888,13.818275451660156,0.06651737654675206,13.884792828206908,0.5327606694856868,78bf92243997831090f4e81bdc0a5d4d7ba172f90b72e1ee43b198174beb3eea,4000,42,Bobby Portis,1626171,Bovada,2026-03-26,2026-03-25 13:19:22,2026-03-25,Regular Season,0.314,0.46511627906976744,0.43668122270742354,-0.12268122270742354,-0.32489999999999997,0.6859999999999999,0.6,0.5633187772925764,0.12268122270742354,0.1433333333333332,
PRICED,under,PTS,full_game,27.5,True,28.287996292114258,28.267248797987275,24.843673706054688,0.04659172273223555,24.890265428786922,0.5327606694856868,78bf92243997831090f4e81bdc0a5d4d7ba172f90b72e1ee43b198174beb3eea,4000,42,Victor Wembanyama,1641705,BetRivers,2026-03-26,2026-03-25 13:19:22,2026-03-25,Regular Season,0.35025,0.5192307692307693,0.4813476792586193,-0.13109767925861932,-0.3254444444444444,0.64975,0.5594713656387665,0.5186523207413807,0.13109767925861937,0.16136417322834645,
PRICED,under,PTS,full_game,17.5,True,30.48603057861328,30.64402633619315,14.576653480529785,0.11788426500593899,14.694537745535724,0.6420909777808131,78bf92243997831090f4e81bdc0a5d4d7ba172f90b72e1ee43b198174beb3eea,4000,42,Ayo Dosunmu,1630245,BetOnline.ag,2026-03-26,2026-03-25 13:19:22,2026-03-25,Regular Season,0.33275,0.49504950495049505,0.46526552222043954,-0.13251552222043955,-0.327845,0.66725,0.5689655172413793,0.5347344777795604,0.1325155222204396,0.17274242424242425,
PRICED,under,PTS,full_game,22.5,True,29.820554733276367,29.799807239149384,19.757009506225586,0.2987366690081302,20.055746175233715,0.5327606694856868,78bf92243997831090f4e81bdc0a5d4d7ba172f90b72e1ee43b198174beb3eea,4000,42,Jalen Duren,1631105,FanDuel,2026-03-25,2026-03-25 13:19:22,2026-03-25,Regular Season,0.36375,0.5412844036697247,0.510397604391948,-0.14664760439194802,-0.3279872881355932,0.63625,0.5192307692307693,0.4896023956080519,0.14664760439194807,0.22537037037037044,
PRICED,under,PTS,full_game,22.5,True,29.820554733276367,29.799807239149384,19.757009506225586,0.2987366690081302,20.055746175233715,0.5327606694856868,78bf92243997831090f4e81bdc0a5d4d7ba172f90b72e1ee43b198174beb3eea,4000,42,Jalen Duren,1631105,BetOnline.ag,2026-03-25,2026-03-25 13:19:22,2026-03-25,Regular Season,0.36375,0.5412844036697247,0.5082034454470877,-0.1444534454470877,-0.3279872881355932,0.63625,0.5238095238095238,0.49179655455291227,0.1444534454470877,0.21465909090909097,
PRICED,under,PTS,full_game,13.5,True,20.091732025146484,20.29451787098572,10.08995532989502,0.016158399814777697,10.106113729709797,0.4915060991395564,78bf92243997831090f4e81bdc0a5d4d7ba172f90b72e1ee43b198174beb3eea,4000,42,Jonathan Kuminga,1630228,Bovada,2026-03-25,2026-03-25 13:19:22,2026-03-25,Regular Season,0.26875,0.4,0.375,-0.10625000000000001,-0.328125,0.73125,0.6666666666666666,0.625,0.10624999999999996,0.09687499999999999,
PRICED,under,PTS,full_game,17.5,True,29.046215057373047,29.025467563246064,13.15984058380127,0.1655932345430423,13.325433818344312,0.5327606694856868,78bf92243997831090f4e81bdc0a5d4d7ba172f90b72e1ee43b198174beb3eea,4000,42,Tobias Harris,202699,Bovada,2026-03-25,2026-03-25 13:19:22,2026-03-25,Regular Season,0.2195,0.32786885245901637,0.3079416531604538,-0.0884416531604538,-0.330525,0.7805,0.7368421052631579,0.6920583468395461,0.08844165316045383,0.05925000000000005,
PRICED,under,PTS,full_game,17.5,True,30.979442596435547,31.137438354015416,16.282062530517578,0.006636283832434,16.288698814350013,0.6420909777808131,78bf92243997831090f4e81bdc0a5d4d7ba172f90b72e1ee43b198174beb3eea,4000,42,Ryan Rollins,1631157,Bovada,2026-03-26,2026-03-25 13:19:22,2026-03-25,Regular Season,0.43775,0.6551724137931034,0.6161482461945731,-0.17839824619457312,-0.3318552631578948,0.56225,0.40816326530612246,0.3838517538054269,0.17839824619457312,0.37751250000000014,
PRICED,under,PTS,full_game,12.5,True,26.31243896484375,26.29169147071677,9.948568344116211,-0.04081571753137875,9.907752626584832,0.5327606694856868,78bf92243997831090f4e81bdc0a5d4d7ba172f90b72e1ee43b198174beb3eea,4000,42,Ousmane Dieng,1631172,BetRivers,2026-03-26,2026-03-25 13:19:22,2026-03-25,Regular Season,0.31175,0.4672897196261682,0.43340416202907345,-0.12165416202907342,-0.3328550000000001,0.68825,0.6108949416342413,0.5665958379709265,0.12165416202907353,0.12662579617834385,
PRICED,under,PTS,full_game,11.5,True,26.31243896484375,26.29169147071677,9.948568344116211,-0.04081571753137875,9.907752626584832,0.5327606694856868,78bf92243997831090f4e81bdc0a5d4d7ba172f90b72e1ee43b198174beb3eea,4000,42,Ousmane Dieng,1631172,DraftKings,2026-03-26,2026-03-25 13:19:22,2026-03-25,Regular Season,0.3705,0.5555555555555556,0.5238589211618258,-0.15335892116182576,-0.33309999999999995,0.6295,0.504950495049505,0.47614107883817425,0.1533589211618257,0.24665686274509807,
PRICED,under,PTS,full_game,11.5,True,26.31243896484375,26.29169147071677,9.948568344116211,-0.04081571753137875,9.907752626584832,0.5327606694856868,78bf92243997831090f4e81bdc0a5d4d7ba172f90b72e1ee43b198174beb3eea,4000,42,Ousmane Dieng,1631172,Bovada,2026-03-26,2026-03-25 13:19:22,2026-03-25,Regular Season,0.3705,0.5555555555555556,0.5203045685279188,-0.14980456852791885,-0.33309999999999995,0.6295,0.5121951219512195,0.4796954314720812,0.14980456852791874,0.22902380952380946,
PRICED,under,PTS,full_game,15.5,True,25.063209533691406,25.042462039564427,12.93858528137207,0.004366624335638735,12.942951905707709,0.5327606694856868,78bf92243997831090f4e81bdc0a5d4d7ba172f90b72e1ee43b198174beb3eea,4000,42,Donovan Clingan,1642270,BetRivers,2026-03-26,2026-03-25 13:19:22,2026-03-25,Regular Season,0.3175,0.47619047619047616,0.4424778761061947,-0.12497787610619471,-0.33324999999999994,0.6825,0.6,0.5575221238938053,0.12497787610619471,0.1374999999999999,
PRICED,under,PTS,full_game,15.5,True,25.063209533691406,25.042462039564427,12.93858528137207,0.004366624335638735,12.942951905707709,0.5327606694856868,78bf92243997831090f4e81bdc0a5d4d7ba172f90b72e1ee43b198174beb3eea,4000,42,Donovan Clingan,1642270,Bovada,2026-03-26,2026-03-25 13:19:22,2026-03-25,Regular Season,0.3175,0.47619047619047616,0.4458598726114649,-0.12835987261146492,-0.33324999999999994,0.6825,0.5918367346938775,0.554140127388535,0.12835987261146498,0.15318965517241384,
PRICED,under,PTS,full_game,17.5,True,30.48603057861328,30.64402633619315,14.576653480529785,0.11788426500593899,14.694537745535724,0.6420909777808131,78bf92243997831090f4e81bdc0a5d4d7ba172f90b72e1ee43b198174beb3eea,4000,42,Ayo Dosunmu,1630245,BetRivers,2026-03-26,2026-03-25 13:19:22,2026-03-25,Regular Season,0.33275,0.5,0.4637964774951076,-0.13104647749510762,-0.3345,0.66725,0.5780590717299579,0.5362035225048923,0.13104647749510767,0.154293795620438,
PRICED,under,PTS,full_game,17.5,True,30.48603057861328,30.64402633619315,14.576653480529785,0.11788426500593899,14.694537745535724,0.6420909777808131,78bf92243997831090f4e81bdc0a5d4d7ba172f90b72e1ee43b198174beb3eea,4000,42,Ayo Dosunmu,1630245,Bovada,2026-03-26,2026-03-25 13:19:22,2026-03-25,Regular Season,0.33275,0.5,0.4693877551020409,-0.1366377551020409,-0.3345,0.66725,0.5652173913043478,0.5306122448979592,0.1366377551020408,0.1805192307692307,
PRICED,under,PTS,full_game,32.5,True,34.690277099609375,34.848272857189244,26.89333724975586,0.05900574803470954,26.95234299779057,0.6420909777808131,78bf92243997831090f4e81bdc0a5d4d7ba172f90b72e1ee43b198174beb3eea,4000,42,Nikola Jokic,203999,Bovada,2026-03-26,2026-03-25 13:19:22,2026-03-25,Regular Season,0.2335,0.3508771929824561,0.32941176470588235,-0.09591176470588234,-0.3345249999999999,0.7665,0.7142857142857143,0.6705882352941177,0.09591176470588225,0.07309999999999992,
PRICED,under,PTS,full_game,21.5,True,27.581321716308594,27.560574222181614,16.26681900024414,-0.023529805502859494,16.24328919474128,0.5327606694856868,78bf92243997831090f4e81bdc0a5d4d7ba172f90b72e1ee43b198174beb3eea,4000,42,Stephon Castle,1642264,Bovada,2026-03-26,2026-03-25 13:19:22,2026-03-25,Regular Season,0.218,0.32786885245901637,0.3079416531604538,-0.0899416531604538,-0.33510000000000006,0.782,0.7368421052631579,0.6920583468395461,0.08994165316045388,0.06128571428571436,
PRICED,under,PTS,full_game,15.5,True,24.60011100769043,24.57936351356345,11.90056324005127,0.043358085225788115,11.943921325277058,0.5327606694856868,78bf92243997831090f4e81bdc0a5d4d7ba172f90b72e1ee43b198174beb3eea,4000,42,Kyle Kuzma,1628398,Bovada,2026-03-26,2026-03-25 13:19:22,2026-03-25,Regular Season,0.271,0.40816326530612246,0.3838517538054269,-0.11285175380542689,-0.3360499999999999,0.729,0.6551724137931034,0.6161482461945731,0.11285175380542689,0.11268421052631566,
PRICED,under,PTS,full_game,20.5,True,27.408226013183594,27.387478519056614,18.107128143310547,0.08992749369746968,18.197055637008017,0.5327606694856868,78bf92243997831090f4e81bdc0a5d4d7ba172f90b72e1ee43b198174beb3eea,4000,42,Darius Garland,1629636,BetMGM,2026-03-26,2026-03-25 13:19:22,2026-03-25,Regular Season,0.35475,0.5348837209302325,0.5,-0.14525,-0.3367717391304348,0.64525,0.5348837209302325,0.5,0.14525,0.206336956521739,
PRICED,under,PTS,full_game,15.5,True,29.11969566345215,29.098948169325165,13.944796562194824,0.17448620318786742,14.119282765382692,0.5327606694856868,78bf92243997831090f4e81bdc0a5d4d7ba172f90b72e1ee43b198174beb3eea,4000,42,Daniss Jenkins,1642450,Bovada,2026-03-25,2026-03-25 13:19:22,2026-03-25,Regular Season,0.4175,0.6296296296296297,0.5915279878971256,-0.1740279878971256,-0.33691176470588236,0.5825,0.43478260869565216,0.40847201210287437,0.17402798789712565,0.3397499999999999,
PRICED,under,PTS,full_game,17.5,True,30.48603057861328,30.64402633619315,14.576653480529785,0.11788426500593899,14.694537745535724,0.6420909777808131,78bf92243997831090f4e81bdc0a5d4d7ba172f90b72e1ee43b198174beb3eea,4000,42,Ayo Dosunmu,1630245,DraftKings,2026-03-26,2026-03-25 13:19:22,2026-03-25,Regular Season,0.33275,0.5024875621890548,0.47404053829539794,-0.14129053829539795,-0.33779455445544554,0.66725,0.5575221238938053,0.5259594617046021,0.14129053829539795,0.19681349206349197,
PRICED,under,PTS,full_game,16.5,True,29.11969566345215,29.098948169325165,13.944796562194824,0.17448620318786742,14.119282765382692,0.5327606694856868,78bf92243997831090f4e81bdc0a5d4d7ba172f90b72e1ee43b198174beb3eea,4000,42,Daniss Jenkins,1642450,FanDuel,2026-03-25,2026-03-25 13:19:22,2026-03-25,Regular Season,0.35825,0.5412844036697247,0.510397604391948,-0.15214760439194802,-0.3381483050847458,0.64175,0.5192307692307693,0.4896023956080519,0.15214760439194813,0.2359629629629631,
PRICED,under,PTS,full_game,13.5,True,25.34461784362793,25.32387034950095,10.142556190490723,-0.027272447309288902,10.115283743181434,0.5327606694856868,78bf92243997831090f4e81bdc0a5d4d7ba172f90b72e1ee43b198174beb3eea,4000,42,Jakob Poeltl,1627751,Bovada,2026-03-26,2026-03-25 13:19:22,2026-03-25,Regular Season,0.25925,0.39215686274509803,0.3666469544648137,-0.10739695446481373,-0.3389125000000001,0.74075,0.6774193548387096,0.6333530455351862,0.10739695446481379,0.09348809523809531,
PRICED,under,PTS,full_game,21.5,True,29.820554733276367,29.799807239149384,19.757009506225586,0.2987366690081302,20.055746175233715,0.5327606694856868,78bf92243997831090f4e81bdc0a5d4d7ba172f90b72e1ee43b198174beb3eea,4000,42,Jalen Duren,1631105,Bovada,2026-03-25,2026-03-25 13:19:22,2026-03-25,Regular Season,0.4065,0.6153846153846154,0.5751633986928104,-0.16866339869281044,-0.33943750000000006,0.5935,0.45454545454545453,0.4248366013071895,0.16866339869281055,0.3057000000000002,
PRICED,under,PTS,full_game,8.5,True,19.069419860839844,19.27220570667908,7.077221870422363,-0.021383070022954895,7.055838800399409,0.4915060991395564,78bf92243997831090f4e81bdc0a5d4d7ba172f90b72e1ee43b198174beb3eea,4000,42,Jaxson Hayes,1629637,DraftKings,2026-03-25,2026-03-25 13:19:22,2026-03-25,Regular Season,0.3615,0.5475113122171946,0.5166631951676735,-0.15516319516767346,-0.3397396694214877,0.6385000000000001,0.5121951219512195,0.4833368048323266,0.15516319516767346,0.24659523809523815,
PRICED,under,PTS,full_game,17.5,True,23.117565155029297,23.320351000868534,15.323139190673828,0.15040651550176623,15.473545706175594,0.4915060991395564,78bf92243997831090f4e81bdc0a5d4d7ba172f90b72e1ee43b198174beb3eea,4000,42,Kristaps Porzingis,204001,Bovada,2026-03-26,2026-03-25 13:19:22,2026-03-25,Regular Season,0.373,0.5652173913043478,0.5306122448979592,-0.15761224489795922,-0.3400769230769231,0.627,0.5,0.4693877551020409,0.1576122448979591,0.254,
PRICED,under,PTS,full_game,9.5,True,14.25339412689209,14.330542283518497,7.485832214355469,0.15319466217514188,7.639026876530611,0.44940254752247744,78bf92243997831090f4e81bdc0a5d4d7ba172f90b72e1ee43b198174beb3eea,4000,42,Paul Reed Jr,1630194,Bovada,2026-03-25,2026-03-25 13:19:22,2026-03-25,Regular Season,0.32175,0.4878048780487805,0.4592085979482169,-0.1374585979482169,-0.3404125000000001,0.67825,0.574468085106383,0.5407914020517831,0.1374585979482169,0.18065740740740743,
PRICED,under,PTS,full_game,13.5,True,24.02159309387207,24.00084559974509,11.318232536315918,0.03808573330910556,11.356318269625023,0.5327606694856868,78bf92243997831090f4e81bdc0a5d4d7ba172f90b72e1ee43b198174beb3eea,4000,42,Jalen Smith,1630188,Bovada,2026-03-25,2026-03-25 13:19:22,2026-03-25,Regular Season,0.3295,0.5,0.4693877551020409,-0.13988775510204088,-0.34099999999999997,0.6705,0.5652173913043478,0.5306122448979592,0.13988775510204077,0.18626923076923074,
PRICED,under,PTS,full_game,23.5,True,29.534914016723633,29.51416652259665,21.669275283813477,0.13822003245455247,21.807495316268028,0.5327606694856868,78bf92243997831090f4e81bdc0a5d4d7ba172f90b72e1ee43b198174beb3eea,4000,42,Deni Avdija,1630166,Bovada,2026-03-26,2026-03-25 13:19:22,2026-03-25,Regular Season,0.395,0.6,0.5633187772925764,-0.16831877729257638,-0.3416666666666667,0.605,0.46511627906976744,0.43668122270742354,0.16831877729257644,0.30074999999999996,
PRICED,under,PTS,full_game,34.5,True,35.62293243408203,35.7809281916619,28.60781478881836,0.235486775928927,28.843301564747286,0.6420909777808131,78bf92243997831090f4e81bdc0a5d4d7ba172f90b72e1ee43b198174beb3eea,4000,42,Shai Gilgeous-Alexander,1628983,Bovada,2026-03-25,2026-03-25 13:19:22,2026-03-25,Regular Season,0.235,0.35714285714285715,0.3346265761396702,-0.09962657613967019,-0.3420000000000001,0.765,0.7101449275362319,0.6653734238603297,0.0996265761396703,0.07724489795918371,
PRICED,under,PTS,full_game,22.5,True,36.48585891723633,36.99137445130516,21.18656349182129,-0.03517990273067692,21.151383589090614,0.746175435493391,78bf92243997831090f4e81bdc0a5d4d7ba172f90b72e1ee43b198174beb3eea,4000,42,Austin Reaves,1630559,Bovada,2026-03-25,2026-03-25 13:19:22,2026-03-25,Regular Season,0.4045,0.6153846153846154,0.5751633986928104,-0.1706633986928104,-0.3426874999999999,0.5954999999999999,0.45454545454545453,0.4248366013071895,0.17066339869281044,0.3101,
PRICED,under,PTS,full_game,18.5,True,30.979442596435547,31.137438354015416,16.282062530517578,0.006636283832434,16.288698814350013,0.6420909777808131,78bf92243997831090f4e81bdc0a5d4d7ba172f90b72e1ee43b198174beb3eea,4000,42,Ryan Rollins,1631157,BetRivers,2026-03-26,2026-03-25 13:19:22,2026-03-25,Regular Season,0.37625,0.5726495726495726,0.5302120692343677,-0.15396206923436773,-0.34296641791044785,0.62375,0.5073891625615764,0.4697879307656324,0.15396206923436762,0.2293325242718447,
PRICED,under,PTS,full_game,21.5,True,27.408226013183594,27.387478519056614,18.107128143310547,0.08992749369746968,18.197055637008017,0.5327606694856868,78bf92243997831090f4e81bdc0a5d4d7ba172f90b72e1ee43b198174beb3eea,4000,42,Darius Garland,1629636,Bovada,2026-03-26,2026-03-25 13:19:22,2026-03-25,Regular Season,0.3055,0.46511627906976744,0.43668122270742354,-0.13118122270742355,-0.34317500000000006,0.6945,0.6,0.5633187772925764,0.1311812227074236,0.15749999999999992,
PRICED,under,PTS,full_game,23.5,True,30.93474578857422,31.092741546154087,19.52208137512207,0.1254928028682659,19.647574177990336,0.6420909777808131,78bf92243997831090f4e81bdc0a5d4d7ba172f90b72e1ee43b198174beb3eea,4000,42,R.J. Barrett,1629628,Bovada,2026-03-26,2026-03-25 13:19:22,2026-03-25,Regular Season,0.27325,0.4166666666666667,0.39094650205761317,-0.11769650205761317,-0.34420000000000006,0.72675,0.6491228070175439,0.6090534979423868,0.11769650205761317,0.11958783783783788,
PRICED,under,PTS,full_game,21.5,True,33.881710052490234,34.0397058100701,16.94695472717285,-0.038915135812051055,16.9080395913608,0.6420909777808131,78bf92243997831090f4e81bdc0a5d4d7ba172f90b72e1ee43b198174beb3eea,4000,42,Josh Giddey,1630581,Bovada,2026-03-25,2026-03-25 13:19:22,2026-03-25,Regular Season,0.24275,0.37037037037037035,0.34700315457413244,-0.10425315457413245,-0.34457499999999996,0.75725,0.696969696969697,0.6529968454258674,0.10425315457413253,0.08648913043478254,
PRICED,under,PTS,full_game,23.5,True,36.48585891723633,36.99137445130516,21.18656349182129,-0.03517990273067692,21.151383589090614,0.746175435493391,78bf92243997831090f4e81bdc0a5d4d7ba172f90b72e1ee43b198174beb3eea,4000,42,Austin Reaves,1630559,BetMGM,2026-03-25,2026-03-25 13:19:22,2026-03-25,Regular Season,0.3575,0.5454545454545454,0.5101214574898786,-0.1526214574898786,-0.34458333333333335,0.6425000000000001,0.5238095238095238,0.48987854251012153,0.15262145748987854,0.22659090909090923,
PRICED,under,PTS,full_game,24.5,True,29.534914016723633,29.51416652259665,21.669275283813477,0.13822003245455247,21.807495316268028,0.5327606694856868,78bf92243997831090f4e81bdc0a5d4d7ba172f90b72e1ee43b198174beb3eea,4000,42,Deni Avdija,1630166,BetMGM,2026-03-26,2026-03-25 13:19:22,2026-03-25,Regular Season,0.34975,0.5348837209302325,0.5,-0.15025,-0.34611956521739135,0.65025,0.5348837209302325,0.5,0.15025,0.2156847826086955,
PRICED,under,PTS,full_game,11.5,True,23.635398864746094,23.83818471058533,9.454307556152344,0.17824260040248335,9.632550156554828,0.4915060991395564,78bf92243997831090f4e81bdc0a5d4d7ba172f90b72e1ee43b198174beb3eea,4000,42,Ja'Kobe Walter,1642266,FanDuel,2026-03-26,2026-03-25 13:19:22,2026-03-25,Regular Season,0.3585,0.5495495495495496,0.5141838223374939,-0.15568382233749395,-0.3476475409836065,0.6415,0.5192307692307693,0.48581617766250607,0.1556838223374939,0.23548148148148157,
PRICED,under,PTS,full_game,28.5,True,28.287996292114258,28.267248797987275,24.843673706054688,0.04659172273223555,24.890265428786922,0.5327606694856868,78bf92243997831090f4e81bdc0a5d4d7ba172f90b72e1ee43b198174beb3eea,4000,42,Victor Wembanyama,1641705,BetRivers,2026-03-26,2026-03-25 13:19:22,2026-03-25,Regular Season,0.302,0.46296296296296297,0.4299183321160614,-0.1279183321160614,-0.34767999999999993,0.698,0.6138996138996139,0.5700816678839387,0.1279183321160613,0.13699371069182376,
PRICED,under,PTS,full_game,8.5,True,19.069419860839844,19.27220570667908,7.077221870422363,-0.021383070022954895,7.055838800399409,0.4915060991395564,78bf92243997831090f4e81bdc0a5d4d7ba172f90b72e1ee43b198174beb3eea,4000,42,Jaxson Hayes,1629637,Bovada,2026-03-25,2026-03-25 13:19:22,2026-03-25,Regular Season,0.3615,0.5555555555555556,0.5203045685279188,-0.15880456852791885,-0.34930000000000005,0.6385000000000001,0.5121951219512195,0.4796954314720812,0.15880456852791885,0.24659523809523815,
PRICED,under,PTS,full_game,21.5,True,29.820554733276367,29.799807239149384,19.757009506225586,0.2987366690081302,20.055746175233715,0.5327606694856868,78bf92243997831090f4e81bdc0a5d4d7ba172f90b72e1ee43b198174beb3eea,4000,42,Jalen Duren,1631105,BetRivers,2026-03-25,2026-03-25 13:19:22,2026-03-25,Regular Season,0.4065,0.6254681647940075,0.5791298865069356,-0.17262988650693567,-0.3500868263473055,0.5935,0.45454545454545453,0.4208701134930643,0.17262988650693573,0.3057000000000002,
PRICED,under,PTS,full_game,28.5,True,28.287996292114258,28.267248797987275,24.843673706054688,0.04659172273223555,24.890265428786922,0.5327606694856868,78bf92243997831090f4e81bdc0a5d4d7ba172f90b72e1ee43b198174beb3eea,4000,42,Victor Wembanyama,1641705,Bovada,2026-03-26,2026-03-25 13:19:22,2026-03-25,Regular Season,0.302,0.46511627906976744,0.43668122270742354,-0.13468122270742355,-0.3507,0.698,0.6,0.5633187772925764,0.13468122270742355,0.16333333333333322,
PRICED,under,PTS,full_game,16.5,True,23.28070640563965,23.483492251478886,12.777591705322266,-0.015661943860373926,12.761929761461891,0.4915060991395564,78bf92243997831090f4e81bdc0a5d4d7ba172f90b72e1ee43b198174beb3eea,4000,42,Scoot Henderson,1630703,Bovada,2026-03-26,2026-03-25 13:19:22,2026-03-25,Regular Season,0.245,0.37735849056603776,0.35437430786268,-0.10937430786267999,-0.35075,0.755,0.6875,0.6456256921373201,0.10937430786267988,0.0981818181818182,
PRICED,under,PTS,full_game,16.5,True,23.777048110961914,23.97983395680115,12.744973182678223,0.2523716151643092,12.997344797842532,0.4915060991395564,78bf92243997831090f4e81bdc0a5d4d7ba172f90b72e1ee43b198174beb3eea,4000,42,Bones Hyland,1630538,Bovada,2026-03-26,2026-03-25 13:19:22,2026-03-25,Regular Season,0.2695,0.4166666666666667,0.39094650205761317,-0.12144650205761315,-0.3531999999999999,0.7304999999999999,0.6491228070175439,0.6090534979423868,0.12144650205761309,0.1253648648648648,
PRICED,under,PTS,full_game,22.5,True,36.48585891723633,36.99137445130516,21.18656349182129,-0.03517990273067692,21.151383589090614,0.746175435493391,78bf92243997831090f4e81bdc0a5d4d7ba172f90b72e1ee43b198174beb3eea,4000,42,Austin Reaves,1630559,BetRivers,2026-03-25,2026-03-25 13:19:22,2026-03-25,Regular Season,0.4045,0.6254681647940075,0.5791298865069356,-0.17462988650693562,-0.3532844311377245,0.5954999999999999,0.45454545454545453,0.4208701134930643,0.17462988650693562,0.3101,
PRICED,under,PTS,full_game,23.5,True,29.534914016723633,29.51416652259665,21.669275283813477,0.13822003245455247,21.807495316268028,0.5327606694856868,78bf92243997831090f4e81bdc0a5d4d7ba172f90b72e1ee43b198174beb3eea,4000,42,Deni Avdija,1630166,BetRivers,2026-03-26,2026-03-25 13:19:22,2026-03-25,Regular Season,0.395,0.6108949416342413,0.5665958379709265,-0.17159583797092648,-0.35340764331210195,0.605,0.4672897196261682,0.43340416202907345,0.17159583797092653,0.29469999999999974,
PRICED,under,PTS,full_game,22.5,True,29.820554733276367,29.799807239149384,19.757009506225586,0.2987366690081302,20.055746175233715,0.5327606694856868,78bf92243997831090f4e81bdc0a5d4d7ba172f90b72e1ee43b198174beb3eea,4000,42,Jalen Duren,1631105,BetRivers,2026-03-25,2026-03-25 13:19:22,2026-03-25,Regular Season,0.36375,0.5633187772925764,0.523767082590612,-0.16001708259061198,-0.3542732558139534,0.63625,0.5121951219512195,0.47623291740938806,0.16001708259061193,0.2422023809523809,
PRICED,under,PTS,full_game,17.5,True,25.647825241088867,25.627077746961888,13.818275451660156,0.06651737654675206,13.884792828206908,0.5327606694856868,78bf92243997831090f4e81bdc0a5d4d7ba172f90b72e1ee43b198174beb3eea,4000,42,Bobby Portis,1626171,Bovada,2026-03-26,2026-03-25 13:19:22,2026-03-25,Regular Season,0.25775,0.4,0.375,-0.11725000000000002,-0.3556250000000001,0.7422500000000001,0.6666666666666666,0.625,0.11725000000000008,0.11337500000000006,
PRICED,under,PTS,full_game,17.5,True,29.482128143310547,29.461380649183564,13.934953689575195,0.04529438981621654,13.980248079391412,0.5327606694856868,78bf92243997831090f4e81bdc0a5d4d7ba172f90b72e1ee43b198174beb3eea,4000,42,Bilal Coulibaly,1641731,Bovada,2026-03-26,2026-03-25 13:19:22,2026-03-25,Regular Season,0.2575,0.4,0.375,-0.1175,-0.35624999999999996,0.7424999999999999,0.6666666666666666,0.625,0.11749999999999994,0.11374999999999996,
PRICED,under,PTS,full_game,24.5,True,29.534914016723633,29.51416652259665,21.669275283813477,0.13822003245455247,21.807495316268028,0.5327606694856868,78bf92243997831090f4e81bdc0a5d4d7ba172f90b72e1ee43b198174beb3eea,4000,42,Deni Avdija,1630166,BetOnline.ag,2026-03-26,2026-03-25 13:19:22,2026-03-25,Regular Season,0.34975,0.54337899543379,0.5102580936358787,-0.1605080936358787,-0.35634243697478984,0.65025,0.5215311004784688,0.48974190636412124,0.16050809363587876,0.246809633027523,
PRICED,under,PTS,full_game,22.5,True,29.820554733276367,29.799807239149384,19.757009506225586,0.2987366690081302,20.055746175233715,0.5327606694856868,78bf92243997831090f4e81bdc0a5d4d7ba172f90b72e1ee43b198174beb3eea,4000,42,Jalen Duren,1631105,Bovada,2026-03-25,2026-03-25 13:19:22,2026-03-25,Regular Season,0.36375,0.5652173913043478,0.5306122448979592,-0.1668622448979592,-0.35644230769230767,0.63625,0.5,0.4693877551020409,0.1668622448979591,0.27249999999999996,
PRICED,under,PTS,full_game,14.5,True,23.658946990966797,23.861732836806034,12.624993324279785,0.05188597682429338,12.676879301104078,0.4915060991395564,78bf92243997831090f4e81bdc0a5d4d7ba172f90b72e1ee43b198174beb3eea,4000,42,Dylan Harper,1642844,BetMGM,2026-03-26,2026-03-25 13:19:22,2026-03-25,Regular Season,0.35025,0.5454545454545454,0.5101214574898786,-0.15987145748987858,-0.357875,0.64975,0.5238095238095238,0.48987854251012153,0.15987145748987852,0.2404318181818183,
PRICED,under,PTS,full_game,14.5,True,20.091732025146484,20.29451787098572,10.08995532989502,0.016158399814777697,10.106113729709797,0.4915060991395564,78bf92243997831090f4e81bdc0a5d4d7ba172f90b72e1ee43b198174beb3eea,4000,42,Jonathan Kuminga,1630228,Bovada,2026-03-25,2026-03-25 13:19:22,2026-03-25,Regular Season,0.22075,0.3448275862068966,0.32315978456014366,-0.10240978456014366,-0.359825,0.77925,0.7222222222222222,0.6768402154398564,0.1024097845601436,0.07896153846153842,
PRICED,under,PTS,full_game,12.5,True,26.31243896484375,26.29169147071677,9.948568344116211,-0.04081571753137875,9.907752626584832,0.5327606694856868,78bf92243997831090f4e81bdc0a5d4d7ba172f90b72e1ee43b198174beb3eea,4000,42,Ousmane Dieng,1631172,Bovada,2026-03-26,2026-03-25 13:19:22,2026-03-25,Regular Season,0.31175,0.4878048780487805,0.4592085979482169,-0.14745859794821686,-0.3609125000000001,0.68825,0.574468085106383,0.5407914020517831,0.14745859794821692,0.1980648148148148,
PRICED,under,PTS,full_game,24.5,True,29.534914016723633,29.51416652259665,21.669275283813477,0.13822003245455247,21.807495316268028,0.5327606694856868,78bf92243997831090f4e81bdc0a5d4d7ba172f90b72e1ee43b198174beb3eea,4000,42,Deni Avdija,1630166,DraftKings,2026-03-26,2026-03-25 13:19:22,2026-03-25,Regular Season,0.34975,0.5475113122171946,0.5166631951676735,-0.16691319516767344,-0.3612004132231405,0.65025,0.5121951219512195,0.4833368048323266,0.1669131951676734,0.2695357142857142,
PRICED,under,PTS,full_game,9.5,True,19.069419860839844,19.27220570667908,7.077221870422363,-0.021383070022954895,7.055838800399409,0.4915060991395564,78bf92243997831090f4e81bdc0a5d4d7ba172f90b72e1ee43b198174beb3eea,4000,42,Jaxson Hayes,1629637,BetRivers,2026-03-25,2026-03-25 13:19:22,2026-03-25,Regular Season,0.28975,0.45454545454545453,0.4208701134930643,-0.1311201134930643,-0.36255,0.71025,0.6254681647940075,0.5791298865069356,0.1311201134930644,0.13554940119760467,
PRICED,under,PTS,full_game,24.5,True,29.534914016723633,29.51416652259665,21.669275283813477,0.13822003245455247,21.807495316268028,0.5327606694856868,78bf92243997831090f4e81bdc0a5d4d7ba172f90b72e1ee43b198174beb3eea,4000,42,Deni Avdija,1630166,BetRivers,2026-03-26,2026-03-25 13:19:22,2026-03-25,Regular Season,0.34975,0.5495495495495496,0.5098564895126951,-0.16010648951269513,-0.36356967213114755,0.65025,0.5283018867924528,0.4901435104873048,0.16010648951269518,0.23083035714285705,
PRICED,under,PTS,full_game,13.5,True,23.658946990966797,23.861732836806034,12.624993324279785,0.05188597682429338,12.676879301104078,0.4915060991395564,78bf92243997831090f4e81bdc0a5d4d7ba172f90b72e1ee43b198174beb3eea,4000,42,Dylan Harper,1642844,Bovada,2026-03-26,2026-03-25 13:19:22,2026-03-25,Regular Season,0.41275,0.6491228070175439,0.6090534979423868,-0.19630349794238683,-0.36414189189189194,0.58725,0.4166666666666667,0.39094650205761317,0.19630349794238688,0.40940000000000004,
PRICED,under,PTS,full_game,18.5,True,30.48603057861328,30.64402633619315,14.576653480529785,0.11788426500593899,14.694537745535724,0.6420909777808131,78bf92243997831090f4e81bdc0a5d4d7ba172f90b72e1ee43b198174beb3eea,4000,42,Ayo Dosunmu,1630245,Bovada,2026-03-26,2026-03-25 13:19:22,2026-03-25,Regular Season,0.28225,0.4444444444444444,0.4165029469548134,-0.13425294695481338,-0.3649375,0.71775,0.6226415094339622,0.5834970530451867,0.13425294695481327,0.15274999999999994,
PRICED,under,PTS,full_game,16.5,True,29.11969566345215,29.098948169325165,13.944796562194824,0.17448620318786742,14.119282765382692,0.5327606694856868,78bf92243997831090f4e81bdc0a5d4d7ba172f90b72e1ee43b198174beb3eea,4000,42,Daniss Jenkins,1642450,Bovada,2026-03-25,2026-03-25 13:19:22,2026-03-25,Regular Season,0.35825,0.5652173913043478,0.5306122448979592,-0.1723622448979592,-0.366173076923077,0.64175,0.5,0.4693877551020409,0.17236224489795915,0.28350000000000003,
PRICED,under,PTS,full_game,17.5,True,30.48603057861328,30.64402633619315,14.576653480529785,0.11788426500593899,14.694537745535724,0.6420909777808131,78bf92243997831090f4e81bdc0a5d4d7ba172f90b72e1ee43b198174beb3eea,4000,42,Ayo Dosunmu,1630245,BetMGM,2026-03-26,2026-03-25 13:19:22,2026-03-25,Regular Season,0.33275,0.5260663507109005,0.49095295536791317,-0.15820295536791318,-0.3674752252252252,0.66725,0.5454545454545454,0.5090470446320868,0.15820295536791318,0.22329166666666678,
PRICED,under,PTS,full_game,23.5,True,36.48585891723633,36.99137445130516,21.18656349182129,-0.03517990273067692,21.151383589090614,0.746175435493391,78bf92243997831090f4e81bdc0a5d4d7ba172f90b72e1ee43b198174beb3eea,4000,42,Austin Reaves,1630559,FanDuel,2026-03-25,2026-03-25 13:19:22,2026-03-25,Regular Season,0.3575,0.5652173913043478,0.5330897279740154,-0.17558972797401545,-0.3675000000000001,0.6425000000000001,0.49504950495049505,0.4669102720259846,0.17558972797401545,0.2978500000000001,
PRICED,under,PTS,full_game,23.5,True,36.48585891723633,36.99137445130516,21.18656349182129,-0.03517990273067692,21.151383589090614,0.746175435493391,78bf92243997831090f4e81bdc0a5d4d7ba172f90b72e1ee43b198174beb3eea,4000,42,Austin Reaves,1630559,BetRivers,2026-03-25,2026-03-25 13:19:22,2026-03-25,Regular Season,0.3575,0.5652173913043478,0.5246062992125985,-0.1671062992125985,-0.3675000000000001,0.6425000000000001,0.5121951219512195,0.4753937007874017,0.1671062992125984,0.25440476190476197,
PRICED,under,PTS,full_game,23.5,True,36.48585891723633,36.99137445130516,21.18656349182129,-0.03517990273067692,21.151383589090614,0.746175435493391,78bf92243997831090f4e81bdc0a5d4d7ba172f90b72e1ee43b198174beb3eea,4000,42,Austin Reaves,1630559,Bovada,2026-03-25,2026-03-25 13:19:22,2026-03-25,Regular Season,0.3575,0.5652173913043478,0.5306122448979592,-0.17311224489795923,-0.3675000000000001,0.6425000000000001,0.5,0.4693877551020409,0.17311224489795918,0.2850000000000001,
PRICED,under,PTS,full_game,18.5,True,23.117565155029297,23.320351000868534,15.323139190673828,0.15040651550176623,15.473545706175594,0.4915060991395564,78bf92243997831090f4e81bdc0a5d4d7ba172f90b72e1ee43b198174beb3eea,4000,42,Kristaps Porzingis,204001,Bovada,2026-03-26,2026-03-25 13:19:22,2026-03-25,Regular Season,0.32375,0.5121951219512195,0.4796954314720812,-0.15594543147208123,-0.3679166666666667,0.67625,0.5555555555555556,0.5203045685279188,0.15594543147208118,0.21725000000000005,
PRICED,under,PTS,full_game,18.5,True,23.117565155029297,23.320351000868534,15.323139190673828,0.15040651550176623,15.473545706175594,0.4915060991395564,78bf92243997831090f4e81bdc0a5d4d7ba172f90b72e1ee43b198174beb3eea,4000,42,Kristaps Porzingis,204001,DraftKings,2026-03-26,2026-03-25 13:19:22,2026-03-25,Regular Season,0.32375,0.5121951219512195,0.4833368048323266,-0.15958680483232662,-0.3679166666666667,0.67625,0.5475113122171946,0.5166631951676735,0.15958680483232657,0.23513429752066117,
PRICED,under,PTS,full_game,29.5,True,28.287996292114258,28.267248797987275,24.843673706054688,0.04659172273223555,24.890265428786922,0.5327606694856868,78bf92243997831090f4e81bdc0a5d4d7ba172f90b72e1ee43b198174beb3eea,4000,42,Victor Wembanyama,1641705,Bovada,2026-03-26,2026-03-25 13:19:22,2026-03-25,Regular Season,0.26325,0.4166666666666667,0.39094650205761317,-0.12769650205761318,-0.3682000000000001,0.73675,0.6491228070175439,0.6090534979423868,0.12769650205761318,0.1349932432432433,
PRICED,under,PTS,full_game,24.5,True,29.534914016723633,29.51416652259665,21.669275283813477,0.13822003245455247,21.807495316268028,0.5327606694856868,78bf92243997831090f4e81bdc0a5d4d7ba172f90b72e1ee43b198174beb3eea,4000,42,Deni Avdija,1630166,Bovada,2026-03-26,2026-03-25 13:19:22,2026-03-25,Regular Season,0.34975,0.5555555555555556,0.5203045685279188,-0.17055456852791884,-0.37045,0.65025,0.5121951219512195,0.4796954314720812,0.17055456852791878,0.2695357142857142,
PRICED,under,PTS,full_game,24.5,True,29.534914016723633,29.51416652259665,21.669275283813477,0.13822003245455247,21.807495316268028,0.5327606694856868,78bf92243997831090f4e81bdc0a5d4d7ba172f90b72e1ee43b198174beb3eea,4000,42,Deni Avdija,1630166,FanDuel,2026-03-26,2026-03-25 13:19:22,2026-03-25,Regular Season,0.34975,0.5555555555555556,0.5191532258064516,-0.16940322580645162,-0.37045,0.65025,0.5145631067961165,0.4808467741935484,0.16940322580645162,0.2636933962264151,
PRICED,under,PTS,full_game,23.5,True,29.820554733276367,29.799807239149384,19.757009506225586,0.2987366690081302,20.055746175233715,0.5327606694856868,78bf92243997831090f4e81bdc0a5d4d7ba172f90b72e1ee43b198174beb3eea,4000,42,Jalen Duren,1631105,DraftKings,2026-03-25,2026-03-25 13:19:22,2026-03-25,Regular Season,0.31675,0.504950495049505,0.47614107883817425,-0.15939107883817427,-0.3727107843137255,0.68325,0.5555555555555556,0.5238589211618258,0.15939107883817427,0.2298500000000001,
PRICED,under,PTS,full_game,18.5,True,30.979442596435547,31.137438354015416,16.282062530517578,0.006636283832434,16.288698814350013,0.6420909777808131,78bf92243997831090f4e81bdc0a5d4d7ba172f90b72e1ee43b198174beb3eea,4000,42,Ryan Rollins,1631157,Bovada,2026-03-26,2026-03-25 13:19:22,2026-03-25,Regular Season,0.37625,0.6,0.5633187772925764,-0.18706877729257643,-0.3729166666666668,0.62375,0.46511627906976744,0.43668122270742354,0.18706877729257648,0.34106250000000005,
PRICED,under,PTS,full_game,19.5,True,30.979442596435547,31.137438354015416,16.282062530517578,0.006636283832434,16.288698814350013,0.6420909777808131,78bf92243997831090f4e81bdc0a5d4d7ba172f90b72e1ee43b198174beb3eea,4000,42,Ryan Rollins,1631157,FanDuel,2026-03-26,2026-03-25 13:19:22,2026-03-25,Regular Season,0.319,0.5098039215686274,0.47591522157996147,-0.15691522157996146,-0.37426923076923074,0.681,0.5614035087719298,0.5240847784200385,0.15691522157996152,0.21303125000000006,
PRICED,under,PTS,full_game,16.5,True,29.11969566345215,29.098948169325165,13.944796562194824,0.17448620318786742,14.119282765382692,0.5327606694856868,78bf92243997831090f4e81bdc0a5d4d7ba172f90b72e1ee43b198174beb3eea,4000,42,Daniss Jenkins,1642450,BetRivers,2026-03-25,2026-03-25 13:19:22,2026-03-25,Regular Season,0.35825,0.5726495726495726,0.5302120692343677,-0.1719620692343677,-0.37439925373134336,0.64175,0.5073891625615764,0.4697879307656324,0.17196206923436763,0.2648082524271845,
PRICED,under,PTS,full_game,23.5,True,29.820554733276367,29.799807239149384,19.757009506225586,0.2987366690081302,20.055746175233715,0.5327606694856868,78bf92243997831090f4e81bdc0a5d4d7ba172f90b72e1ee43b198174beb3eea,4000,42,Jalen Duren,1631105,BetRivers,2026-03-25,2026-03-25 13:19:22,2026-03-25,Regular Season,0.31675,0.5073891625615764,0.471395881006865,-0.15464588100686505,-0.37572572815533983,0.68325,0.5689655172413793,0.528604118993135,0.15464588100686505,0.20086363636363636,
PRICED,under,PTS,full_game,10.5,True,22.952682495117188,23.155468340956425,7.147181510925293,-0.10919584308675542,7.037985667838537,0.4915060991395564,78bf92243997831090f4e81bdc0a5d4d7ba172f90b72e1ee43b198174beb3eea,4000,42,Will Richard,1642954,Bovada,2026-03-26,2026-03-25 13:19:22,2026-03-25,Regular Season,0.21525,0.3448275862068966,0.32315978456014366,-0.10790978456014366,-0.3757750000000001,0.7847500000000001,0.7222222222222222,0.6768402154398564,0.10790978456014366,0.08657692307692305,
PRICED,under,PTS,full_game,16.5,True,26.268930435180664,26.248182941053685,14.905755043029785,-0.2538649951142518,14.651890047915533,0.5327606694856868,78bf92243997831090f4e81bdc0a5d4d7ba172f90b72e1ee43b198174beb3eea,4000,42,Paul George,202331,BetRivers,2026-03-25,2026-03-25 13:19:22,2026-03-25,Regular Season,0.3725,0.5967741935483871,0.5538284398388026,-0.1813284398388026,-0.37581081081081075,0.6275,0.4807692307692308,0.44617156016119747,0.18132843983880248,0.30519999999999997,
PRICED,under,PTS,full_game,18.5,True,23.117565155029297,23.320351000868534,15.323139190673828,0.15040651550176623,15.473545706175594,0.4915060991395564,78bf92243997831090f4e81bdc0a5d4d7ba172f90b72e1ee43b198174beb3eea,4000,42,Kristaps Porzingis,204001,BetOnline.ag,2026-03-26,2026-03-25 13:19:22,2026-03-25,Regular Season,0.32375,0.5192307692307693,0.4876847290640395,-0.1639347290640395,-0.3764814814814815,0.67625,0.5454545454545454,0.5123152709359606,0.1639347290640394,0.23979166666666685,
PRICED,under,PTS,full_game,24.5,True,36.48585891723633,36.99137445130516,21.18656349182129,-0.03517990273067692,21.151383589090614,0.746175435493391,78bf92243997831090f4e81bdc0a5d4d7ba172f90b72e1ee43b198174beb3eea,4000,42,Austin Reaves,1630559,BetOnline.ag,2026-03-25,2026-03-25 13:19:22,2026-03-25,Regular Season,0.315,0.5073891625615764,0.4773429454170958,-0.16234294541709582,-0.3791747572815534,0.685,0.5555555555555556,0.5226570545829042,0.16234294541709582,0.23300000000000004,
PRICED,under,PTS,full_game,21.5,True,31.4580135345459,31.616009292125767,20.247892379760742,0.2115422791106071,20.45943465887135,0.6420909777808131,78bf92243997831090f4e81bdc0a5d4d7ba172f90b72e1ee43b198174beb3eea,4000,42,Ace Bailey,1642846,Bovada,2026-03-26,2026-03-25 13:19:22,2026-03-25,Regular Season,0.448,0.7222222222222222,0.6768402154398564,-0.2288402154398564,-0.3796923076923078,0.552,0.3448275862068966,0.32315978456014366,0.2288402154398564,0.6008,
PRICED,under,PTS,full_game,14.5,True,25.34461784362793,25.32387034950095,10.142556190490723,-0.027272447309288902,10.115283743181434,0.5327606694856868,78bf92243997831090f4e81bdc0a5d4d7ba172f90b72e1ee43b198174beb3eea,4000,42,Jakob Poeltl,1627751,Bovada,2026-03-26,2026-03-25 13:19:22,2026-03-25,Regular Season,0.2065,0.3333333333333333,0.3125,-0.10600000000000001,-0.3805,0.7935,0.7333333333333333,0.6875,0.10599999999999998,0.08204545454545467,
PRICED,under,PTS,full_game,22.5,True,33.881710052490234,34.0397058100701,16.94695472717285,-0.038915135812051055,16.9080395913608,0.6420909777808131,78bf92243997831090f4e81bdc0a5d4d7ba172f90b72e1ee43b198174beb3eea,4000,42,Josh Giddey,1630581,Bovada,2026-03-25,2026-03-25 13:19:22,2026-03-25,Regular Season,0.203,0.32786885245901637,0.3079416531604538,-0.10494165316045378,-0.3808499999999999,0.7969999999999999,0.7368421052631579,0.6920583468395461,0.10494165316045378,0.08164285714285713,
PRICED,under,PTS,full_game,17.5,True,23.777048110961914,23.97983395680115,12.744973182678223,0.2523716151643092,12.997344797842532,0.4915060991395564,78bf92243997831090f4e81bdc0a5d4d7ba172f90b72e1ee43b198174beb3eea,4000,42,Bones Hyland,1630538,Bovada,2026-03-26,2026-03-25 13:19:22,2026-03-25,Regular Season,0.221,0.35714285714285715,0.3346265761396702,-0.11362657613967017,-0.38120000000000004,0.779,0.7101449275362319,0.6653734238603297,0.11362657613967031,0.09695918367346942,
PRICED,under,PTS,full_game,23.5,True,29.820554733276367,29.799807239149384,19.757009506225586,0.2987366690081302,20.055746175233715,0.5327606694856868,78bf92243997831090f4e81bdc0a5d4d7ba172f90b72e1ee43b198174beb3eea,4000,42,Jalen Duren,1631105,Bovada,2026-03-25,2026-03-25 13:19:22,2026-03-25,Regular Season,0.31675,0.5121951219512195,0.4796954314720812,-0.16294543147208124,-0.3815833333333334,0.68325,0.5555555555555556,0.5203045685279188,0.16294543147208118,0.2298500000000001,
PRICED,under,PTS,full_game,14.5,True,24.02159309387207,24.00084559974509,11.318232536315918,0.03808573330910556,11.356318269625023,0.5327606694856868,78bf92243997831090f4e81bdc0a5d4d7ba172f90b72e1ee43b198174beb3eea,4000,42,Jalen Smith,1630188,Bovada,2026-03-25,2026-03-25 13:19:22,2026-03-25,Regular Season,0.26875,0.43478260869565216,0.40847201210287437,-0.13972201210287438,-0.381875,0.73125,0.6296296296296297,0.5915279878971256,0.13972201210287438,0.1613970588235295,
PRICED,under,PTS,full_game,24.5,True,36.48585891723633,36.99137445130516,21.18656349182129,-0.03517990273067692,21.151383589090614,0.746175435493391,78bf92243997831090f4e81bdc0a5d4d7ba172f90b72e1ee43b198174beb3eea,4000,42,Austin Reaves,1630559,DraftKings,2026-03-25,2026-03-25 13:19:22,2026-03-25,Regular Season,0.315,0.5098039215686274,0.48124062031015497,-0.16624062031015496,-0.38211538461538463,0.685,0.5495495495495496,0.5187593796898449,0.16624062031015518,0.24647540983606558,
PRICED,under,PTS,full_game,19.5,True,30.979442596435547,31.137438354015416,16.282062530517578,0.006636283832434,16.288698814350013,0.6420909777808131,78bf92243997831090f4e81bdc0a5d4d7ba172f90b72e1ee43b198174beb3eea,4000,42,Ryan Rollins,1631157,BetRivers,2026-03-26,2026-03-25 13:19:22,2026-03-25,Regular Season,0.319,0.5169082125603864,0.4802285578710111,-0.1612285578710111,-0.3828691588785047,0.681,0.5594713656387665,0.519771442128989,0.1612285578710111,0.21722047244094483,
PRICED,under,PTS,full_game,16.5,True,24.60011100769043,24.57936351356345,11.90056324005127,0.043358085225788115,11.943921325277058,0.5327606694856868,78bf92243997831090f4e81bdc0a5d4d7ba172f90b72e1ee43b198174beb3eea,4000,42,Kyle Kuzma,1628398,Bovada,2026-03-26,2026-03-25 13:19:22,2026-03-25,Regular Season,0.21625,0.3508771929824561,0.32941176470588235,-0.11316176470588235,-0.38368749999999996,0.78375,0.7142857142857143,0.6705882352941177,0.11316176470588224,0.09724999999999989,
PRICED,under,PTS,full_game,24.5,True,36.48585891723633,36.99137445130516,21.18656349182129,-0.03517990273067692,21.151383589090614,0.746175435493391,78bf92243997831090f4e81bdc0a5d4d7ba172f90b72e1ee43b198174beb3eea,4000,42,Austin Reaves,1630559,Bovada,2026-03-25,2026-03-25 13:19:22,2026-03-25,Regular Season,0.315,0.5121951219512195,0.4796954314720812,-0.1646954314720812,-0.38500000000000006,0.685,0.5555555555555556,0.5203045685279188,0.1646954314720812,0.23300000000000004,
PRICED,under,PTS,full_game,24.5,True,36.48585891723633,36.99137445130516,21.18656349182129,-0.03517990273067692,21.151383589090614,0.746175435493391,78bf92243997831090f4e81bdc0a5d4d7ba172f90b72e1ee43b198174beb3eea,4000,42,Austin Reaves,1630559,BetRivers,2026-03-25,2026-03-25 13:19:22,2026-03-25,Regular Season,0.315,0.5121951219512195,0.4753937007874017,-0.16039370078740167,-0.38500000000000006,0.685,0.5652173913043478,0.5246062992125985,0.16039370078740156,0.21192307692307694,
PRICED,under,PTS,full_game,10.5,True,14.25339412689209,14.330542283518497,7.485832214355469,0.15319466217514188,7.639026876530611,0.44940254752247744,78bf92243997831090f4e81bdc0a5d4d7ba172f90b72e1ee43b198174beb3eea,4000,42,Paul Reed Jr,1630194,Bovada,2026-03-25,2026-03-25 13:19:22,2026-03-25,Regular Season,0.2505,0.40816326530612246,0.3838517538054269,-0.1333517538054269,-0.38627500000000003,0.7495,0.6551724137931034,0.6161482461945731,0.13335175380542696,0.14397368421052625,
PRICED,under,PTS,full_game,22.5,True,27.408226013183594,27.387478519056614,18.107128143310547,0.08992749369746968,18.197055637008017,0.5327606694856868,78bf92243997831090f4e81bdc0a5d4d7ba172f90b72e1ee43b198174beb3eea,4000,42,Darius Garland,1629636,Bovada,2026-03-26,2026-03-25 13:19:22,2026-03-25,Regular Season,0.255,0.4166666666666667,0.39094650205761317,-0.13594650205761316,-0.388,0.745,0.6491228070175439,0.6090534979423868,0.13594650205761316,0.1477027027027027,
PRICED,under,PTS,full_game,19.5,True,30.979442596435547,31.137438354015416,16.282062530517578,0.006636283832434,16.288698814350013,0.6420909777808131,78bf92243997831090f4e81bdc0a5d4d7ba172f90b72e1ee43b198174beb3eea,4000,42,Ryan Rollins,1631157,BetOnline.ag,2026-03-26,2026-03-25 13:19:22,2026-03-25,Regular Season,0.319,0.5215311004784688,0.48974190636412124,-0.17074190636412123,-0.3883394495412844,0.681,0.54337899543379,0.5102580936358787,0.17074190636412134,0.2532689075630253,
PRICED,under,PTS,full_game,25.5,True,29.534914016723633,29.51416652259665,21.669275283813477,0.13822003245455247,21.807495316268028,0.5327606694856868,78bf92243997831090f4e81bdc0a5d4d7ba172f90b72e1ee43b198174beb3eea,4000,42,Deni Avdija,1630166,BetRivers,2026-03-26,2026-03-25 13:19:22,2026-03-25,Regular Season,0.302,0.49504950495049505,0.45980991958136136,-0.15780991958136137,-0.38996,0.698,0.5815899581589958,0.5401900804186387,0.15780991958136126,0.20015827338129494,
PRICED,under,PTS,full_game,16.5,True,25.063209533691406,25.042462039564427,12.93858528137207,0.004366624335638735,12.942951905707709,0.5327606694856868,78bf92243997831090f4e81bdc0a5d4d7ba172f90b72e1ee43b198174beb3eea,4000,42,Donovan Clingan,1642270,Bovada,2026-03-26,2026-03-25 13:19:22,2026-03-25,Regular Season,0.25925,0.425531914893617,0.3982930298719772,-0.1390430298719772,-0.3907625,0.74075,0.6428571428571429,0.6017069701280228,0.13904302987197725,0.15227777777777785,
PRICED,under,PTS,full_game,19.5,True,30.979442596435547,31.137438354015416,16.282062530517578,0.006636283832434,16.288698814350013,0.6420909777808131,78bf92243997831090f4e81bdc0a5d4d7ba172f90b72e1ee43b198174beb3eea,4000,42,Ryan Rollins,1631157,BetMGM,2026-03-26,2026-03-25 13:19:22,2026-03-25,Regular Season,0.319,0.5238095238095238,0.48987854251012153,-0.17087854251012152,-0.391,0.681,0.5454545454545454,0.5101214574898786,0.17087854251012147,0.2485000000000001,
PRICED,under,PTS,full_game,12.5,True,26.31243896484375,26.29169147071677,9.948568344116211,-0.04081571753137875,9.907752626584832,0.5327606694856868,78bf92243997831090f4e81bdc0a5d4d7ba172f90b72e1ee43b198174beb3eea,4000,42,Ousmane Dieng,1631172,BetMGM,2026-03-26,2026-03-25 13:19:22,2026-03-25,Regular Season,0.31175,0.5121951219512195,0.4796954314720812,-0.16794543147208119,-0.39134523809523813,0.68825,0.5555555555555556,0.5203045685279188,0.16794543147208119,0.23885000000000006,
PRICED,under,PTS,full_game,9.5,True,19.069419860839844,19.27220570667908,7.077221870422363,-0.021383070022954895,7.055838800399409,0.4915060991395564,78bf92243997831090f4e81bdc0a5d4d7ba172f90b72e1ee43b198174beb3eea,4000,42,Jaxson Hayes,1629637,Bovada,2026-03-25,2026-03-25 13:19:22,2026-03-25,Regular Season,0.28975,0.47619047619047616,0.4458598726114649,-0.15610987261146492,-0.391525,0.71025,0.5918367346938775,0.554140127388535,0.15610987261146503,0.20007758620689658,
PRICED,under,PTS,full_game,25.5,True,29.534914016723633,29.51416652259665,21.669275283813477,0.13822003245455247,21.807495316268028,0.5327606694856868,78bf92243997831090f4e81bdc0a5d4d7ba172f90b72e1ee43b198174beb3eea,4000,42,Deni Avdija,1630166,Bovada,2026-03-26,2026-03-25 13:19:22,2026-03-25,Regular Season,0.302,0.5,0.4693877551020409,-0.1673877551020409,-0.39599999999999996,0.698,0.5652173913043478,0.5306122448979592,0.16738775510204074,0.23492307692307685,
PRICED,under,PTS,full_game,25.5,True,36.48585891723633,36.99137445130516,21.18656349182129,-0.03517990273067692,21.151383589090614,0.746175435493391,78bf92243997831090f4e81bdc0a5d4d7ba172f90b72e1ee43b198174beb3eea,4000,42,Austin Reaves,1630559,BetRivers,2026-03-25,2026-03-25 13:19:22,2026-03-25,Regular Season,0.274,0.45454545454545453,0.4208701134930643,-0.14687011349306428,-0.3971999999999999,0.726,0.6254681647940075,0.5791298865069356,0.14687011349306434,0.16073053892215555,
PRICED,under,PTS,full_game,24.5,True,30.93474578857422,31.092741546154087,19.52208137512207,0.1254928028682659,19.647574177990336,0.6420909777808131,78bf92243997831090f4e81bdc0a5d4d7ba172f90b72e1ee43b198174beb3eea,4000,42,R.J. Barrett,1629628,Bovada,2026-03-26,2026-03-25 13:19:22,2026-03-25,Regular Season,0.22275,0.37037037037037035,0.34700315457413244,-0.12425315457413244,-0.39857499999999996,0.77725,0.696969696969697,0.6529968454258674,0.12425315457413255,0.11518478260869558,
PRICED,under,PTS,full_game,19.5,True,23.117565155029297,23.320351000868534,15.323139190673828,0.15040651550176623,15.473545706175594,0.4915060991395564,78bf92243997831090f4e81bdc0a5d4d7ba172f90b72e1ee43b198174beb3eea,4000,42,Kristaps Porzingis,204001,Bovada,2026-03-26,2026-03-25 13:19:22,2026-03-25,Regular Season,0.27325,0.45454545454545453,0.4248366013071895,-0.15158660130718948,-0.39885,0.72675,0.6153846153846154,0.5751633986928104,0.1515866013071896,0.18096875,
PRICED,under,PTS,full_game,15.5,True,26.268930435180664,26.248182941053685,14.905755043029785,-0.2538649951142518,14.651890047915533,0.5327606694856868,78bf92243997831090f4e81bdc0a5d4d7ba172f90b72e1ee43b198174beb3eea,4000,42,Paul George,202331,Bovada,2026-03-25,2026-03-25 13:19:22,2026-03-25,Regular Season,0.42625,0.7101449275362319,0.6653734238603297,-0.2391234238603297,-0.39977040816326526,0.57375,0.35714285714285715,0.3346265761396702,0.2391234238603298,0.6064999999999998,
PRICED,under,PTS,full_game,17.5,True,23.28070640563965,23.483492251478886,12.777591705322266,-0.015661943860373926,12.761929761461891,0.4915060991395564,78bf92243997831090f4e81bdc0a5d4d7ba172f90b72e1ee43b198174beb3eea,4000,42,Scoot Henderson,1630703,Bovada,2026-03-26,2026-03-25 13:19:22,2026-03-25,Regular Season,0.19675,0.32786885245901637,0.3079416531604538,-0.11119165316045379,-0.39991250000000006,0.80325,0.7368421052631579,0.6920583468395461,0.11119165316045387,0.09012500000000004,
PRICED,under,PTS,full_game,13.5,True,26.31243896484375,26.29169147071677,9.948568344116211,-0.04081571753137875,9.907752626584832,0.5327606694856868,78bf92243997831090f4e81bdc0a5d4d7ba172f90b72e1ee43b198174beb3eea,4000,42,Ousmane Dieng,1631172,Bovada,2026-03-26,2026-03-25 13:19:22,2026-03-25,Regular Season,0.25525,0.425531914893617,0.3982930298719772,-0.1430430298719772,-0.40016250000000003,0.74475,0.6428571428571429,0.6017069701280228,0.14304302987197726,0.15850000000000003,
PRICED,under,PTS,full_game,17.5,True,26.268930435180664,26.248182941053685,14.905755043029785,-0.2538649951142518,14.651890047915533,0.5327606694856868,78bf92243997831090f4e81bdc0a5d4d7ba172f90b72e1ee43b198174beb3eea,4000,42,Paul George,202331,BetRivers,2026-03-25,2026-03-25 13:19:22,2026-03-25,Regular Season,0.318,0.5327102803738317,0.4940898345153664,-0.17608983451536642,-0.4030526315789473,0.6819999999999999,0.5454545454545454,0.5059101654846335,0.17608983451536642,0.25033333333333335,
PRICED,under,PTS,full_game,18.5,True,29.482128143310547,29.461380649183564,13.934953689575195,0.04529438981621654,13.980248079391412,0.5327606694856868,78bf92243997831090f4e81bdc0a5d4d7ba172f90b72e1ee43b198174beb3eea,4000,42,Bilal Coulibaly,1641731,Bovada,2026-03-26,2026-03-25 13:19:22,2026-03-25,Regular Season,0.20925,0.3508771929824561,0.32941176470588235,-0.12016176470588236,-0.40363750000000004,0.7907500000000001,0.7142857142857143,0.6705882352941177,0.12016176470588236,0.10704999999999998,
PRICED,under,PTS,full_game,17.5,True,29.11969566345215,29.098948169325165,13.944796562194824,0.17448620318786742,14.119282765382692,0.5327606694856868,78bf92243997831090f4e81bdc0a5d4d7ba172f90b72e1ee43b198174beb3eea,4000,42,Daniss Jenkins,1642450,BetRivers,2026-03-25,2026-03-25 13:19:22,2026-03-25,Regular Season,0.30375,0.5098039215686274,0.4725791287997492,-0.1688291287997492,-0.40418269230769227,0.69625,0.5689655172413793,0.5274208712002507,0.16882912879974932,0.2237121212121212,
PRICED,under,PTS,full_game,14.5,True,23.658946990966797,23.861732836806034,12.624993324279785,0.05188597682429338,12.676879301104078,0.4915060991395564,78bf92243997831090f4e81bdc0a5d4d7ba172f90b72e1ee43b198174beb3eea,4000,42,Dylan Harper,1642844,BetRivers,2026-03-26,2026-03-25 13:19:22,2026-03-25,Regular Season,0.35025,0.588477366255144,0.5467686281824116,-0.19651862818241156,-0.40481993006993017,0.64975,0.4878048780487805,0.4532313718175883,0.19651862818241173,0.33198749999999994,
PRICED,under,PTS,full_game,17.5,True,29.11969566345215,29.098948169325165,13.944796562194824,0.17448620318786742,14.119282765382692,0.5327606694856868,78bf92243997831090f4e81bdc0a5d4d7ba172f90b72e1ee43b198174beb3eea,4000,42,Daniss Jenkins,1642450,DraftKings,2026-03-25,2026-03-25 13:19:22,2026-03-25,Regular Season,0.30375,0.5121951219512195,0.4833368048323266,-0.17958680483232659,-0.4069642857142857,0.69625,0.5475113122171946,0.5166631951676735,0.17958680483232659,0.2716632231404958,
PRICED,under,PTS,full_game,17.5,True,29.11969566345215,29.098948169325165,13.944796562194824,0.17448620318786742,14.119282765382692,0.5327606694856868,78bf92243997831090f4e81bdc0a5d4d7ba172f90b72e1ee43b198174beb3eea,4000,42,Daniss Jenkins,1642450,Bovada,2026-03-25,2026-03-25 13:19:22,2026-03-25,Regular Season,0.30375,0.5121951219512195,0.4796954314720812,-0.1759454314720812,-0.4069642857142857,0.69625,0.5555555555555556,0.5203045685279188,0.1759454314720812,0.25325000000000003,
PRICED,under,PTS,full_game,24.5,True,29.820554733276367,29.799807239149384,19.757009506225586,0.2987366690081302,20.055746175233715,0.5327606694856868,78bf92243997831090f4e81bdc0a5d4d7ba172f90b72e1ee43b198174beb3eea,4000,42,Jalen Duren,1631105,Bovada,2026-03-25,2026-03-25 13:19:22,2026-03-25,Regular Season,0.2755,0.46511627906976744,0.43668122270742354,-0.16118122270742352,-0.4076749999999999,0.7244999999999999,0.6,0.5633187772925764,0.16118122270742352,0.2074999999999998,
PRICED,under,PTS,full_game,14.5,True,23.658946990966797,23.861732836806034,12.624993324279785,0.05188597682429338,12.676879301104078,0.4915060991395564,78bf92243997831090f4e81bdc0a5d4d7ba172f90b72e1ee43b198174beb3eea,4000,42,Dylan Harper,1642844,Bovada,2026-03-26,2026-03-25 13:19:22,2026-03-25,Regular Season,0.35025,0.5918367346938775,0.554140127388535,-0.20389012738853501,-0.408198275862069,0.64975,0.47619047619047616,0.4458598726114649,0.20389012738853513,0.36447500000000016,
PRICED,under,PTS,full_game,19.5,True,30.979442596435547,31.137438354015416,16.282062530517578,0.006636283832434,16.288698814350013,0.6420909777808131,78bf92243997831090f4e81bdc0a5d4d7ba172f90b72e1ee43b198174beb3eea,4000,42,Ryan Rollins,1631157,DraftKings,2026-03-26,2026-03-25 13:19:22,2026-03-25,Regular Season,0.319,0.5391705069124424,0.5083149711054754,-0.1893149711054754,-0.40835042735042737,0.681,0.5215311004784688,0.4916850288945246,0.18931497110547546,0.305770642201835,
PRICED,under,PTS,full_game,22.5,True,31.4580135345459,31.616009292125767,20.247892379760742,0.2115422791106071,20.45943465887135,0.6420909777808131,78bf92243997831090f4e81bdc0a5d4d7ba172f90b72e1ee43b198174beb3eea,4000,42,Ace Bailey,1642846,Bovada,2026-03-26,2026-03-25 13:19:22,2026-03-25,Regular Season,0.4,0.6774193548387096,0.6333530455351862,-0.2333530455351862,-0.40952380952380946,0.6,0.39215686274509803,0.3666469544648137,0.23335304553518627,0.5299999999999998,
PRICED,under,PTS,full_game,17.5,True,29.11969566345215,29.098948169325165,13.944796562194824,0.17448620318786742,14.119282765382692,0.5327606694856868,78bf92243997831090f4e81bdc0a5d4d7ba172f90b72e1ee43b198174beb3eea,4000,42,Daniss Jenkins,1642450,BetOnline.ag,2026-03-25,2026-03-25 13:19:22,2026-03-25,Regular Season,0.30375,0.5145631067961165,0.483560743054414,-0.17981074305441397,-0.4096933962264151,0.69625,0.5495495495495496,0.5164392569455861,0.1798107430544139,0.2669467213114754,
PRICED,under,PTS,full_game,30.5,True,28.287996292114258,28.267248797987275,24.843673706054688,0.04659172273223555,24.890265428786922,0.5327606694856868,78bf92243997831090f4e81bdc0a5d4d7ba172f90b72e1ee43b198174beb3eea,4000,42,Victor Wembanyama,1641705,Bovada,2026-03-26,2026-03-25 13:19:22,2026-03-25,Regular Season,0.22275,0.37735849056603776,0.35437430786268,-0.13162430786267998,-0.40971250000000003,0.77725,0.6875,0.6456256921373201,0.13162430786267987,0.13054545454545458,
PRICED,under,PTS,full_game,18.5,True,25.647825241088867,25.627077746961888,13.818275451660156,0.06651737654675206,13.884792828206908,0.5327606694856868,78bf92243997831090f4e81bdc0a5d4d7ba172f90b72e1ee43b198174beb3eea,4000,42,Bobby Portis,1626171,Bovada,2026-03-26,2026-03-25 13:19:22,2026-03-25,Regular Season,0.207,0.3508771929824561,0.32941176470588235,-0.12241176470588236,-0.41005,0.793,0.7142857142857143,0.6705882352941177,0.12241176470588233,0.11019999999999994,
PRICED,under,PTS,full_game,25.5,True,36.48585891723633,36.99137445130516,21.18656349182129,-0.03517990273067692,21.151383589090614,0.746175435493391,78bf92243997831090f4e81bdc0a5d4d7ba172f90b72e1ee43b198174beb3eea,4000,42,Austin Reaves,1630559,Bovada,2026-03-25,2026-03-25 13:19:22,2026-03-25,Regular Season,0.274,0.46511627906976744,0.43668122270742354,-0.16268122270742352,-0.4109,0.726,0.6,0.5633187772925764,0.16268122270742358,0.20999999999999985,
PRICED,under,PTS,full_game,19.5,True,30.48603057861328,30.64402633619315,14.576653480529785,0.11788426500593899,14.694537745535724,0.6420909777808131,78bf92243997831090f4e81bdc0a5d4d7ba172f90b72e1ee43b198174beb3eea,4000,42,Ayo Dosunmu,1630245,Bovada,2026-03-26,2026-03-25 13:19:22,2026-03-25,Regular Season,0.231,0.39215686274509803,0.3666469544648137,-0.1356469544648137,-0.41095000000000004,0.769,0.6774193548387096,0.6333530455351862,0.13564695446481378,0.13519047619047628,
PRICED,under,PTS,full_game,20.5,True,30.979442596435547,31.137438354015416,16.282062530517578,0.006636283832434,16.288698814350013,0.6420909777808131,78bf92243997831090f4e81bdc0a5d4d7ba172f90b72e1ee43b198174beb3eea,4000,42,Ryan Rollins,1631157,BetRivers,2026-03-26,2026-03-25 13:19:22,2026-03-25,Regular Season,0.27,0.45871559633027525,0.42420361773651355,-0.15420361773651353,-0.41140000000000004,0.73,0.6226415094339622,0.5757963822634864,0.1542036177365136,0.1724242424242423,
PRICED,under,PTS,full_game,23.5,True,31.4580135345459,31.616009292125767,20.247892379760742,0.2115422791106071,20.45943465887135,0.6420909777808131,78bf92243997831090f4e81bdc0a5d4d7ba172f90b72e1ee43b198174beb3eea,4000,42,Ace Bailey,1642846,BetRivers,2026-03-26,2026-03-25 13:19:22,2026-03-25,Regular Season,0.35125,0.5967741935483871,0.5538284398388026,-0.20257843983880258,-0.41141891891891885,0.6487499999999999,0.4807692307692308,0.44617156016119747,0.20257843983880247,0.3494,
PRICED,under,PTS,full_game,19.5,True,30.979442596435547,31.137438354015416,16.282062530517578,0.006636283832434,16.288698814350013,0.6420909777808131,78bf92243997831090f4e81bdc0a5d4d7ba172f90b72e1ee43b198174beb3eea,4000,42,Ryan Rollins,1631157,Bovada,2026-03-26,2026-03-25 13:19:22,2026-03-25,Regular Season,0.319,0.5454545454545454,0.5101214574898786,-0.19112145748987858,-0.4151666666666667,0.681,0.5238095238095238,0.48987854251012153,0.19112145748987852,0.30009090909090913,
PRICED,under,PTS,full_game,17.5,True,26.268930435180664,26.248182941053685,14.905755043029785,-0.2538649951142518,14.651890047915533,0.5327606694856868,78bf92243997831090f4e81bdc0a5d4d7ba172f90b72e1ee43b198174beb3eea,4000,42,Paul George,202331,BetMGM,2026-03-25,2026-03-25 13:19:22,2026-03-25,Regular Season,0.318,0.5454545454545454,0.5101214574898786,-0.19212145748987858,-0.41699999999999987,0.6819999999999999,0.5238095238095238,0.48987854251012153,0.1921214574898784,0.302,
PRICED,under,PTS,full_game,15.5,True,23.658946990966797,23.861732836806034,12.624993324279785,0.05188597682429338,12.676879301104078,0.4915060991395564,78bf92243997831090f4e81bdc0a5d4d7ba172f90b72e1ee43b198174beb3eea,4000,42,Dylan Harper,1642844,FanDuel,2026-03-26,2026-03-25 13:19:22,2026-03-25,Regular Season,0.298,0.5145631067961165,0.4808467741935484,-0.1828467741935484,-0.42086792452830185,0.702,0.5555555555555556,0.5191532258064516,0.18284677419354833,0.2636,
PRICED,under,PTS,full_game,20.5,True,23.117565155029297,23.320351000868534,15.323139190673828,0.15040651550176623,15.473545706175594,0.4915060991395564,78bf92243997831090f4e81bdc0a5d4d7ba172f90b72e1ee43b198174beb3eea,4000,42,Kristaps Porzingis,204001,Bovada,2026-03-26,2026-03-25 13:19:22,2026-03-25,Regular Season,0.2315,0.4,0.375,-0.1435,-0.42124999999999996,0.7685,0.6666666666666666,0.625,0.14349999999999996,0.15274999999999997,
PRICED,under,PTS,full_game,23.5,True,27.408226013183594,27.387478519056614,18.107128143310547,0.08992749369746968,18.197055637008017,0.5327606694856868,78bf92243997831090f4e81bdc0a5d4d7ba172f90b72e1ee43b198174beb3eea,4000,42,Darius Garland,1629636,Bovada,2026-03-26,2026-03-25 13:19:22,2026-03-25,Regular Season,0.214,0.37037037037037035,0.34700315457413244,-0.13300315457413245,-0.4222,0.786,0.696969696969697,0.6529968454258674,0.1330031545741326,0.12773913043478255,
PRICED,under,PTS,full_game,18.5,True,26.268930435180664,26.248182941053685,14.905755043029785,-0.2538649951142518,14.651890047915533,0.5327606694856868,78bf92243997831090f4e81bdc0a5d4d7ba172f90b72e1ee43b198174beb3eea,4000,42,Paul George,202331,BetRivers,2026-03-25,2026-03-25 13:19:22,2026-03-25,Regular Season,0.27,0.4672897196261682,0.43340416202907345,-0.16340416202907343,-0.4222000000000001,0.73,0.6108949416342413,0.5665958379709265,0.16340416202907349,0.19496815286624192,
PRICED,under,PTS,full_game,17.5,True,26.268930435180664,26.248182941053685,14.905755043029785,-0.2538649951142518,14.651890047915533,0.5327606694856868,78bf92243997831090f4e81bdc0a5d4d7ba172f90b72e1ee43b198174beb3eea,4000,42,Paul George,202331,BetOnline.ag,2026-03-25,2026-03-25 13:19:22,2026-03-25,Regular Season,0.318,0.5515695067264574,0.5185070943861814,-0.20050709438618136,-0.4234634146341463,0.6819999999999999,0.5121951219512195,0.48149290561381863,0.2005070943861813,0.3315238095238094,
PRICED,under,PTS,full_game,26.5,True,29.534914016723633,29.51416652259665,21.669275283813477,0.13822003245455247,21.807495316268028,0.5327606694856868,78bf92243997831090f4e81bdc0a5d4d7ba172f90b72e1ee43b198174beb3eea,4000,42,Deni Avdija,1630166,Bovada,2026-03-26,2026-03-25 13:19:22,2026-03-25,Regular Season,0.26125,0.45454545454545453,0.4248366013071895,-0.1635866013071895,-0.42525,0.73875,0.6153846153846154,0.5751633986928104,0.1635866013071896,0.20046875000000003,
PRICED,under,PTS,full_game,15.5,True,23.658946990966797,23.861732836806034,12.624993324279785,0.05188597682429338,12.676879301104078,0.4915060991395564,78bf92243997831090f4e81bdc0a5d4d7ba172f90b72e1ee43b198174beb3eea,4000,42,Dylan Harper,1642844,BetOnline.ag,2026-03-26,2026-03-25 13:19:22,2026-03-25,Regular Season,0.298,0.5192307692307693,0.4876847290640395,-0.1896847290640395,-0.426074074074074,0.702,0.5454545454545454,0.5123152709359606,0.18968472906403933,0.2870000000000001,
PRICED,under,PTS,full_game,15.5,True,23.658946990966797,23.861732836806034,12.624993324279785,0.05188597682429338,12.676879301104078,0.4915060991395564,78bf92243997831090f4e81bdc0a5d4d7ba172f90b72e1ee43b198174beb3eea,4000,42,Dylan Harper,1642844,DraftKings,2026-03-26,2026-03-25 13:19:22,2026-03-25,Regular Season,0.298,0.5192307692307693,0.4896023956080519,-0.19160239560805192,-0.426074074074074,0.702,0.5412844036697247,0.510397604391948,0.19160239560805192,0.2969152542372881,
PRICED,under,PTS,full_game,16.5,True,26.268930435180664,26.248182941053685,14.905755043029785,-0.2538649951142518,14.651890047915533,0.5327606694856868,78bf92243997831090f4e81bdc0a5d4d7ba172f90b72e1ee43b198174beb3eea,4000,42,Paul George,202331,Bovada,2026-03-25,2026-03-25 13:19:22,2026-03-25,Regular Season,0.3725,0.6491228070175439,0.6090534979423868,-0.23655349794238684,-0.4261486486486486,0.6275,0.4166666666666667,0.39094650205761317,0.23655349794238678,0.5059999999999998,
PRICED,under,PTS,full_game,17.5,True,26.268930435180664,26.248182941053685,14.905755043029785,-0.2538649951142518,14.651890047915533,0.5327606694856868,78bf92243997831090f4e81bdc0a5d4d7ba172f90b72e1ee43b198174beb3eea,4000,42,Paul George,202331,FanDuel,2026-03-25,2026-03-25 13:19:22,2026-03-25,Regular Season,0.318,0.5555555555555556,0.5238589211618258,-0.20585892116182575,-0.4275999999999999,0.6819999999999999,0.504950495049505,0.47614107883817425,0.2058589211618257,0.3506274509803921,
PRICED,under,PTS,full_game,15.5,True,23.658946990966797,23.861732836806034,12.624993324279785,0.05188597682429338,12.676879301104078,0.4915060991395564,78bf92243997831090f4e81bdc0a5d4d7ba172f90b72e1ee43b198174beb3eea,4000,42,Dylan Harper,1642844,Bovada,2026-03-26,2026-03-25 13:19:22,2026-03-25,Regular Season,0.298,0.5238095238095238,0.48987854251012153,-0.19187854251012154,-0.431090909090909,0.702,0.5454545454545454,0.5101214574898786,0.19187854251012137,0.2870000000000001,
PRICED,under,PTS,full_game,15.5,True,23.658946990966797,23.861732836806034,12.624993324279785,0.05188597682429338,12.676879301104078,0.4915060991395564,78bf92243997831090f4e81bdc0a5d4d7ba172f90b72e1ee43b198174beb3eea,4000,42,Dylan Harper,1642844,BetRivers,2026-03-26,2026-03-25 13:19:22,2026-03-25,Regular Season,0.298,0.5238095238095238,0.4861878453038673,-0.18818784530386734,-0.431090909090909,0.702,0.5535714285714286,0.5138121546961325,0.18818784530386745,0.26812903225806445,
PRICED,under,PTS,full_game,17.5,True,25.063209533691406,25.042462039564427,12.93858528137207,0.004366624335638735,12.942951905707709,0.5327606694856868,78bf92243997831090f4e81bdc0a5d4d7ba172f90b72e1ee43b198174beb3eea,4000,42,Donovan Clingan,1642270,Bovada,2026-03-26,2026-03-25 13:19:22,2026-03-25,Regular Season,0.2105,0.37037037037037035,0.34700315457413244,-0.13650315457413245,-0.43165,0.7895,0.696969696969697,0.6529968454258674,0.13650315457413253,0.13276086956521735,
PRICED,under,PTS,full_game,26.5,True,36.48585891723633,36.99137445130516,21.18656349182129,-0.03517990273067692,21.151383589090614,0.746175435493391,78bf92243997831090f4e81bdc0a5d4d7ba172f90b72e1ee43b198174beb3eea,4000,42,Austin Reaves,1630559,Bovada,2026-03-25,2026-03-25 13:19:22,2026-03-25,Regular Season,0.2365,0.4166666666666667,0.39094650205761317,-0.15444650205761318,-0.4324000000000001,0.7635000000000001,0.6491228070175439,0.6090534979423868,0.15444650205761323,0.17620270270270277,
PRICED,under,PTS,full_game,18.5,True,29.11969566345215,29.098948169325165,13.944796562194824,0.17448620318786742,14.119282765382692,0.5327606694856868,78bf92243997831090f4e81bdc0a5d4d7ba172f90b72e1ee43b198174beb3eea,4000,42,Daniss Jenkins,1642450,Bovada,2026-03-25,2026-03-25 13:19:22,2026-03-25,Regular Season,0.25775,0.45454545454545453,0.4248366013071895,-0.1670866013071895,-0.43295000000000006,0.7422500000000001,0.6153846153846154,0.5751633986928104,0.16708660130718966,0.2061562500000001,
PRICED,under,PTS,full_game,23.5,True,31.4580135345459,31.616009292125767,20.247892379760742,0.2115422791106071,20.45943465887135,0.6420909777808131,78bf92243997831090f4e81bdc0a5d4d7ba172f90b72e1ee43b198174beb3eea,4000,42,Ace Bailey,1642846,Bovada,2026-03-26,2026-03-25 13:19:22,2026-03-25,Regular Season,0.35125,0.6226415094339622,0.5834970530451867,-0.23224705304518672,-0.43587121212121205,0.6487499999999999,0.4444444444444444,0.4165029469548134,0.23224705304518656,0.45968749999999986,
PRICED,under,PTS,full_game,15.5,True,24.02159309387207,24.00084559974509,11.318232536315918,0.03808573330910556,11.356318269625023,0.5327606694856868,78bf92243997831090f4e81bdc0a5d4d7ba172f90b72e1ee43b198174beb3eea,4000,42,Jalen Smith,1630188,Bovada,2026-03-25,2026-03-25 13:19:22,2026-03-25,Regular Season,0.2125,0.37735849056603776,0.35437430786268,-0.14187430786268,-0.436875,0.7875,0.6875,0.6456256921373201,0.14187430786267985,0.14545454545454548,
PRICED,under,PTS,full_game,25.5,True,29.820554733276367,29.799807239149384,19.757009506225586,0.2987366690081302,20.055746175233715,0.5327606694856868,78bf92243997831090f4e81bdc0a5d4d7ba172f90b72e1ee43b198174beb3eea,4000,42,Jalen Duren,1631105,Bovada,2026-03-25,2026-03-25 13:19:22,2026-03-25,Regular Season,0.2345,0.4166666666666667,0.39094650205761317,-0.15644650205761318,-0.4372000000000001,0.7655000000000001,0.6491228070175439,0.6090534979423868,0.15644650205761323,0.17928378378378385,
PRICED,under,PTS,full_game,14.5,True,26.31243896484375,26.29169147071677,9.948568344116211,-0.04081571753137875,9.907752626584832,0.5327606694856868,78bf92243997831090f4e81bdc0a5d4d7ba172f90b72e1ee43b198174beb3eea,4000,42,Ousmane Dieng,1631172,Bovada,2026-03-26,2026-03-25 13:19:22,2026-03-25,Regular Season,0.20375,0.36363636363636365,0.33999999999999997,-0.13624999999999998,-0.4396875,0.79625,0.7058823529411765,0.66,0.13624999999999998,0.12802083333333342,
PRICED,under,PTS,full_game,25.5,True,30.93474578857422,31.092741546154087,19.52208137512207,0.1254928028682659,19.647574177990336,0.6420909777808131,78bf92243997831090f4e81bdc0a5d4d7ba172f90b72e1ee43b198174beb3eea,4000,42,R.J. Barrett,1629628,Bovada,2026-03-26,2026-03-25 13:19:22,2026-03-25,Regular Season,0.18275,0.32786885245901637,0.3079416531604538,-0.1251916531604538,-0.4426125000000001,0.81725,0.7368421052631579,0.6920583468395461,0.1251916531604539,0.10912500000000006,
PRICED,under,PTS,full_game,24.5,True,31.4580135345459,31.616009292125767,20.247892379760742,0.2115422791106071,20.45943465887135,0.6420909777808131,78bf92243997831090f4e81bdc0a5d4d7ba172f90b72e1ee43b198174beb3eea,4000,42,Ace Bailey,1642846,BetRivers,2026-03-26,2026-03-25 13:19:22,2026-03-25,Regular Season,0.302,0.5454545454545454,0.5059101654846335,-0.20391016548463353,-0.44633333333333325,0.698,0.5327102803738317,0.4940898345153664,0.20391016548463353,0.310280701754386,
PRICED,under,PTS,full_game,24.5,True,31.4580135345459,31.616009292125767,20.247892379760742,0.2115422791106071,20.45943465887135,0.6420909777808131,78bf92243997831090f4e81bdc0a5d4d7ba172f90b72e1ee43b198174beb3eea,4000,42,Ace Bailey,1642846,BetMGM,2026-03-26,2026-03-25 13:19:22,2026-03-25,Regular Season,0.302,0.5454545454545454,0.5101214574898786,-0.2081214574898786,-0.44633333333333325,0.698,0.5238095238095238,0.48987854251012153,0.20812145748987843,0.33254545454545453,
PRICED,under,PTS,full_game,31.5,True,28.287996292114258,28.267248797987275,24.843673706054688,0.04659172273223555,24.890265428786922,0.5327606694856868,78bf92243997831090f4e81bdc0a5d4d7ba172f90b72e1ee43b198174beb3eea,4000,42,Victor Wembanyama,1641705,Bovada,2026-03-26,2026-03-25 13:19:22,2026-03-25,Regular Season,0.1845,0.3333333333333333,0.3125,-0.128,-0.4465,0.8155,0.7333333333333333,0.6875,0.128,0.11204545454545467,
PRICED,under,PTS,full_game,20.5,True,30.979442596435547,31.137438354015416,16.282062530517578,0.006636283832434,16.288698814350013,0.6420909777808131,78bf92243997831090f4e81bdc0a5d4d7ba172f90b72e1ee43b198174beb3eea,4000,42,Ryan Rollins,1631157,Bovada,2026-03-26,2026-03-25 13:19:22,2026-03-25,Regular Season,0.27,0.4878048780487805,0.4592085979482169,-0.18920859794821687,-0.4465,0.73,0.574468085106383,0.5407914020517831,0.18920859794821687,0.2707407407407407,
PRICED,under,PTS,full_game,21.5,True,23.117565155029297,23.320351000868534,15.323139190673828,0.15040651550176623,15.473545706175594,0.4915060991395564,78bf92243997831090f4e81bdc0a5d4d7ba172f90b72e1ee43b198174beb3eea,4000,42,Kristaps Porzingis,204001,Bovada,2026-03-26,2026-03-25 13:19:22,2026-03-25,Regular Season,0.19325,0.3508771929824561,0.32941176470588235,-0.13616176470588234,-0.44923749999999996,0.80675,0.7142857142857143,0.6705882352941177,0.13616176470588226,0.12944999999999993,
PRICED,under,PTS,full_game,24.5,True,31.4580135345459,31.616009292125767,20.247892379760742,0.2115422791106071,20.45943465887135,0.6420909777808131,78bf92243997831090f4e81bdc0a5d4d7ba172f90b72e1ee43b198174beb3eea,4000,42,Ace Bailey,1642846,FanDuel,2026-03-26,2026-03-25 13:19:22,2026-03-25,Regular Season,0.302,0.5495495495495496,0.5141838223374939,-0.21218382233749394,-0.45045901639344255,0.698,0.5192307692307693,0.48581617766250607,0.2121838223374939,0.3442962962962964,
PRICED,under,PTS,full_game,27.5,True,29.534914016723633,29.51416652259665,21.669275283813477,0.13822003245455247,21.807495316268028,0.5327606694856868,78bf92243997831090f4e81bdc0a5d4d7ba172f90b72e1ee43b198174beb3eea,4000,42,Deni Avdija,1630166,Bovada,2026-03-26,2026-03-25 13:19:22,2026-03-25,Regular Season,0.224,0.40816326530612246,0.3838517538054269,-0.1598517538054269,-0.4512,0.776,0.6551724137931034,0.6161482461945731,0.15985175380542693,0.18442105263157885,
PRICED,under,PTS,full_game,20.5,True,30.48603057861328,30.64402633619315,14.576653480529785,0.11788426500593899,14.694537745535724,0.6420909777808131,78bf92243997831090f4e81bdc0a5d4d7ba172f90b72e1ee43b198174beb3eea,4000,42,Ayo Dosunmu,1630245,Bovada,2026-03-26,2026-03-25 13:19:22,2026-03-25,Regular Season,0.18825,0.3448275862068966,0.32315978456014366,-0.13490978456014366,-0.454075,0.81175,0.7222222222222222,0.6768402154398564,0.13490978456014358,0.12396153846153843,
PRICED,under,PTS,full_game,10.5,True,19.069419860839844,19.27220570667908,7.077221870422363,-0.021383070022954895,7.055838800399409,0.4915060991395564,78bf92243997831090f4e81bdc0a5d4d7ba172f90b72e1ee43b198174beb3eea,4000,42,Jaxson Hayes,1629637,Bovada,2026-03-25,2026-03-25 13:19:22,2026-03-25,Regular Season,0.21825,0.4,0.375,-0.15675,-0.454375,0.78175,0.6666666666666666,0.625,0.15674999999999994,0.17262499999999997,
PRICED,under,PTS,full_game,19.5,True,29.11969566345215,29.098948169325165,13.944796562194824,0.17448620318786742,14.119282765382692,0.5327606694856868,78bf92243997831090f4e81bdc0a5d4d7ba172f90b72e1ee43b198174beb3eea,4000,42,Daniss Jenkins,1642450,Bovada,2026-03-25,2026-03-25 13:19:22,2026-03-25,Regular Season,0.2155,0.4,0.375,-0.1595,-0.46125,0.7845,0.6666666666666666,0.625,0.15949999999999998,0.17675,
PRICED,under,PTS,full_game,27.5,True,36.48585891723633,36.99137445130516,21.18656349182129,-0.03517990273067692,21.151383589090614,0.746175435493391,78bf92243997831090f4e81bdc0a5d4d7ba172f90b72e1ee43b198174beb3eea,4000,42,Austin Reaves,1630559,Bovada,2026-03-25,2026-03-25 13:19:22,2026-03-25,Regular Season,0.19925,0.37037037037037035,0.34700315457413244,-0.14775315457413243,-0.4620249999999999,0.80075,0.696969696969697,0.6529968454258674,0.14775315457413252,0.14890217391304342,
PRICED,under,PTS,full_game,17.5,True,26.268930435180664,26.248182941053685,14.905755043029785,-0.2538649951142518,14.651890047915533,0.5327606694856868,78bf92243997831090f4e81bdc0a5d4d7ba172f90b72e1ee43b198174beb3eea,4000,42,Paul George,202331,Bovada,2026-03-25,2026-03-25 13:19:22,2026-03-25,Regular Season,0.318,0.5918367346938775,0.554140127388535,-0.23614012738853501,-0.4626896551724137,0.6819999999999999,0.47619047619047616,0.4458598726114649,0.23614012738853501,0.4322,
PRICED,under,PTS,full_game,24.5,True,31.4580135345459,31.616009292125767,20.247892379760742,0.2115422791106071,20.45943465887135,0.6420909777808131,78bf92243997831090f4e81bdc0a5d4d7ba172f90b72e1ee43b198174beb3eea,4000,42,Ace Bailey,1642846,BetOnline.ag,2026-03-26,2026-03-25 13:19:22,2026-03-25,Regular Season,0.302,0.5652173913043478,0.5306122448979592,-0.22861224489795923,-0.4656923076923077,0.698,0.5,0.4693877551020409,0.22861224489795906,0.39599999999999996,
PRICED,under,PTS,full_game,26.5,True,29.820554733276367,29.799807239149384,19.757009506225586,0.2987366690081302,20.055746175233715,0.5327606694856868,78bf92243997831090f4e81bdc0a5d4d7ba172f90b72e1ee43b198174beb3eea,4000,42,Jalen Duren,1631105,Bovada,2026-03-25,2026-03-25 13:19:22,2026-03-25,Regular Season,0.1975,0.37037037037037035,0.34700315457413244,-0.14950315457413244,-0.46674999999999994,0.8025,0.696969696969697,0.6529968454258674,0.14950315457413255,0.1514130434782608,
PRICED,under,PTS,full_game,18.5,True,26.268930435180664,26.248182941053685,14.905755043029785,-0.2538649951142518,14.651890047915533,0.5327606694856868,78bf92243997831090f4e81bdc0a5d4d7ba172f90b72e1ee43b198174beb3eea,4000,42,Paul George,202331,DraftKings,2026-03-25,2026-03-25 13:19:22,2026-03-25,Regular Season,0.27,0.5073891625615764,0.47823563551944287,-0.20823563551944285,-0.4678640776699029,0.73,0.5535714285714286,0.5217643644805572,0.2082356355194428,0.31870967741935474,
PRICED,under,PTS,full_game,16.5,True,24.02159309387207,24.00084559974509,11.318232536315918,0.03808573330910556,11.356318269625023,0.5327606694856868,78bf92243997831090f4e81bdc0a5d4d7ba172f90b72e1ee43b198174beb3eea,4000,42,Jalen Smith,1630188,Bovada,2026-03-25,2026-03-25 13:19:22,2026-03-25,Regular Season,0.1705,0.3225806451612903,0.30256012412723043,-0.13206012412723042,-0.47145,0.8295,0.7435897435897436,0.6974398758727697,0.13206012412723034,0.11553448275862069,
PRICED,under,PTS,full_game,24.5,True,31.4580135345459,31.616009292125767,20.247892379760742,0.2115422791106071,20.45943465887135,0.6420909777808131,78bf92243997831090f4e81bdc0a5d4d7ba172f90b72e1ee43b198174beb3eea,4000,42,Ace Bailey,1642846,Bovada,2026-03-26,2026-03-25 13:19:22,2026-03-25,Regular Season,0.302,0.574468085106383,0.5407914020517831,-0.23879140205178312,-0.47429629629629627,0.698,0.4878048780487805,0.4592085979482169,0.23879140205178306,0.4308999999999998,
PRICED,under,PTS,full_game,11.5,True,14.25339412689209,14.330542283518497,7.485832214355469,0.15319466217514188,7.639026876530611,0.44940254752247744,78bf92243997831090f4e81bdc0a5d4d7ba172f90b72e1ee43b198174beb3eea,4000,42,Paul Reed Jr,1630194,Bovada,2026-03-25,2026-03-25 13:19:22,2026-03-25,Regular Season,0.18125,0.3448275862068966,0.32315978456014366,-0.14190978456014366,-0.474375,0.81875,0.7222222222222222,0.6768402154398564,0.14190978456014358,0.1336538461538461,
PRICED,under,PTS,full_game,25.5,True,31.4580135345459,31.616009292125767,20.247892379760742,0.2115422791106071,20.45943465887135,0.6420909777808131,78bf92243997831090f4e81bdc0a5d4d7ba172f90b72e1ee43b198174beb3eea,4000,42,Ace Bailey,1642846,BetRivers,2026-03-26,2026-03-25 13:19:22,2026-03-25,Regular Season,0.257,0.49019607843137253,0.45736374770361293,-0.20036374770361293,-0.47572,0.743,0.5815899581589958,0.542636252296387,0.20036374770361298,0.2775323741007194,
PRICED,under,PTS,full_game,16.5,True,23.658946990966797,23.861732836806034,12.624993324279785,0.05188597682429338,12.676879301104078,0.4915060991395564,78bf92243997831090f4e81bdc0a5d4d7ba172f90b72e1ee43b198174beb3eea,4000,42,Dylan Harper,1642844,BetRivers,2026-03-26,2026-03-25 13:19:22,2026-03-25,Regular Season,0.239,0.45871559633027525,0.42420361773651355,-0.18520361773651356,-0.4789800000000001,0.761,0.6226415094339622,0.5757963822634864,0.18520361773651361,0.22221212121212114,
PRICED,under,PTS,full_game,16.5,True,23.658946990966797,23.861732836806034,12.624993324279785,0.05188597682429338,12.676879301104078,0.4915060991395564,78bf92243997831090f4e81bdc0a5d4d7ba172f90b72e1ee43b198174beb3eea,4000,42,Dylan Harper,1642844,Bovada,2026-03-26,2026-03-25 13:19:22,2026-03-25,Regular Season,0.239,0.46511627906976744,0.43668122270742354,-0.19768122270742355,-0.48615,0.761,0.6,0.5633187772925764,0.1976812227074236,0.2683333333333332,
PRICED,under,PTS,full_game,9.5,True,23.742948532104492,23.94573437794373,6.595234394073486,0.09909681824757013,6.694331212321057,0.4915060991395564,78bf92243997831090f4e81bdc0a5d4d7ba172f90b72e1ee43b198174beb3eea,4000,42,Jamal Shead,1642347,BetOnline.ag,2026-03-26,2026-03-25 13:19:22,2026-03-25,Regular Season,0.2585,0.504950495049505,0.47438944435338465,-0.21588944435338464,-0.4880686274509804,0.7415,0.5594713656387665,0.5256105556466153,0.21588944435338475,0.32535826771653537,
PRICED,under,PTS,full_game,21.5,True,30.979442596435547,31.137438354015416,16.282062530517578,0.006636283832434,16.288698814350013,0.6420909777808131,78bf92243997831090f4e81bdc0a5d4d7ba172f90b72e1ee43b198174beb3eea,4000,42,Ryan Rollins,1631157,Bovada,2026-03-26,2026-03-25 13:19:22,2026-03-25,Regular Season,0.22225,0.43478260869565216,0.40847201210287437,-0.18622201210287437,-0.48882499999999995,0.7777499999999999,0.6296296296296297,0.5915279878971256,0.18622201210287437,0.23525000000000007,
PRICED,under,PTS,full_game,28.5,True,29.534914016723633,29.51416652259665,21.669275283813477,0.13822003245455247,21.807495316268028,0.5327606694856868,78bf92243997831090f4e81bdc0a5d4d7ba172f90b72e1ee43b198174beb3eea,4000,42,Deni Avdija,1630166,Bovada,2026-03-26,2026-03-25 13:19:22,2026-03-25,Regular Season,0.18825,0.37037037037037035,0.34700315457413244,-0.15875315457413244,-0.4917249999999999,0.81175,0.696969696969697,0.6529968454258674,0.15875315457413253,0.1646847826086956,
PRICED,under,PTS,full_game,28.5,True,36.48585891723633,36.99137445130516,21.18656349182129,-0.03517990273067692,21.151383589090614,0.746175435493391,78bf92243997831090f4e81bdc0a5d4d7ba172f90b72e1ee43b198174beb3eea,4000,42,Austin Reaves,1630559,Bovada,2026-03-25,2026-03-25 13:19:22,2026-03-25,Regular Season,0.16575,0.32786885245901637,0.3079416531604538,-0.1421916531604538,-0.49446249999999997,0.8342499999999999,0.7368421052631579,0.6920583468395461,0.1421916531604538,0.1321964285714286,
PRICED,under,PTS,full_game,18.5,True,26.268930435180664,26.248182941053685,14.905755043029785,-0.2538649951142518,14.651890047915533,0.5327606694856868,78bf92243997831090f4e81bdc0a5d4d7ba172f90b72e1ee43b198174beb3eea,4000,42,Paul George,202331,Bovada,2026-03-25,2026-03-25 13:19:22,2026-03-25,Regular Season,0.27,0.5348837209302325,0.5,-0.22999999999999998,-0.49521739130434783,0.73,0.5348837209302325,0.5,0.22999999999999998,0.36478260869565204,
PRICED,under,PTS,full_game,9.5,True,23.742948532104492,23.94573437794373,6.595234394073486,0.09909681824757013,6.694331212321057,0.4915060991395564,78bf92243997831090f4e81bdc0a5d4d7ba172f90b72e1ee43b198174beb3eea,4000,42,Jamal Shead,1642347,FanDuel,2026-03-26,2026-03-25 13:19:22,2026-03-25,Regular Season,0.2585,0.5145631067961165,0.4808467741935484,-0.22234677419354837,-0.4976320754716982,0.7415,0.5555555555555556,0.5191532258064516,0.22234677419354842,0.33470000000000005,
PRICED,under,PTS,full_game,11.5,True,19.069419860839844,19.27220570667908,7.077221870422363,-0.021383070022954895,7.055838800399409,0.4915060991395564,78bf92243997831090f4e81bdc0a5d4d7ba172f90b72e1ee43b198174beb3eea,4000,42,Jaxson Hayes,1629637,Bovada,2026-03-25,2026-03-25 13:19:22,2026-03-25,Regular Season,0.1645,0.3333333333333333,0.3125,-0.148,-0.5065,0.8355,0.7333333333333333,0.6875,0.14800000000000002,0.13931818181818192,
PRICED,under,PTS,full_game,27.5,True,29.820554733276367,29.799807239149384,19.757009506225586,0.2987366690081302,20.055746175233715,0.5327606694856868,78bf92243997831090f4e81bdc0a5d4d7ba172f90b72e1ee43b198174beb3eea,4000,42,Jalen Duren,1631105,Bovada,2026-03-25,2026-03-25 13:19:22,2026-03-25,Regular Season,0.1615,0.32786885245901637,0.3079416531604538,-0.1464416531604538,-0.507425,0.8385,0.7368421052631579,0.6920583468395461,0.14644165316045388,0.1379642857142858,
PRICED,under,PTS,full_game,20.5,True,29.11969566345215,29.098948169325165,13.944796562194824,0.17448620318786742,14.119282765382692,0.5327606694856868,78bf92243997831090f4e81bdc0a5d4d7ba172f90b72e1ee43b198174beb3eea,4000,42,Daniss Jenkins,1642450,Bovada,2026-03-25,2026-03-25 13:19:22,2026-03-25,Regular Season,0.17225,0.3508771929824561,0.32941176470588235,-0.15716176470588236,-0.5090874999999999,0.82775,0.7142857142857143,0.6705882352941177,0.15716176470588228,0.1588499999999999,
PRICED,under,PTS,full_game,25.5,True,31.4580135345459,31.616009292125767,20.247892379760742,0.2115422791106071,20.45943465887135,0.6420909777808131,78bf92243997831090f4e81bdc0a5d4d7ba172f90b72e1ee43b198174beb3eea,4000,42,Ace Bailey,1642846,DraftKings,2026-03-26,2026-03-25 13:19:22,2026-03-25,Regular Season,0.257,0.5238095238095238,0.4937655860349127,-0.2367655860349127,-0.5093636363636364,0.743,0.5370370370370371,0.5062344139650873,0.2367655860349127,0.3835172413793103,
PRICED,under,PTS,full_game,25.5,True,31.4580135345459,31.616009292125767,20.247892379760742,0.2115422791106071,20.45943465887135,0.6420909777808131,78bf92243997831090f4e81bdc0a5d4d7ba172f90b72e1ee43b198174beb3eea,4000,42,Ace Bailey,1642846,Bovada,2026-03-26,2026-03-25 13:19:22,2026-03-25,Regular Season,0.257,0.5238095238095238,0.48987854251012153,-0.23287854251012152,-0.5093636363636364,0.743,0.5454545454545454,0.5101214574898786,0.2328785425101214,0.36216666666666675,
PRICED,under,PTS,full_game,14.5,True,29.55705451965332,29.536307025526337,12.64303970336914,-0.1855340589088645,12.457505644460277,0.5327606694856868,78bf92243997831090f4e81bdc0a5d4d7ba172f90b72e1ee43b198174beb3eea,4000,42,Cody Williams,1642262,Bovada,2026-03-26,2026-03-25 13:19:22,2026-03-25,Regular Season,0.34175,0.7058823529411765,0.66,-0.31825000000000003,-0.5158541666666666,0.65825,0.36363636363636365,0.33999999999999997,0.31825000000000003,0.8101875000000001,
PRICED,under,PTS,full_game,29.5,True,29.534914016723633,29.51416652259665,21.669275283813477,0.13822003245455247,21.807495316268028,0.5327606694856868,78bf92243997831090f4e81bdc0a5d4d7ba172f90b72e1ee43b198174beb3eea,4000,42,Deni Avdija,1630166,Bovada,2026-03-26,2026-03-25 13:19:22,2026-03-25,Regular Season,0.15825,0.32786885245901637,0.3079416531604538,-0.1496916531604538,-0.5173375,0.84175,0.7368421052631579,0.6920583468395461,0.14969165316045385,0.14237500000000003,
PRICED,under,PTS,full_game,22.5,True,30.979442596435547,31.137438354015416,16.282062530517578,0.006636283832434,16.288698814350013,0.6420909777808131,78bf92243997831090f4e81bdc0a5d4d7ba172f90b72e1ee43b198174beb3eea,4000,42,Ryan Rollins,1631157,Bovada,2026-03-26,2026-03-25 13:19:22,2026-03-25,Regular Season,0.18375,0.38461538461538464,0.36041189931350115,-0.17666189931350115,-0.5222500000000001,0.81625,0.6825396825396826,0.6395881006864989,0.17666189931350118,0.19590116279069766,
PRICED,under,PTS,full_game,17.5,True,23.658946990966797,23.861732836806034,12.624993324279785,0.05188597682429338,12.676879301104078,0.4915060991395564,78bf92243997831090f4e81bdc0a5d4d7ba172f90b72e1ee43b198174beb3eea,4000,42,Dylan Harper,1642844,Bovada,2026-03-26,2026-03-25 13:19:22,2026-03-25,Regular Season,0.19,0.4,0.375,-0.185,-0.525,0.81,0.6666666666666666,0.625,0.18500000000000005,0.21500000000000002,
PRICED,under,PTS,full_game,19.5,True,26.268930435180664,26.248182941053685,14.905755043029785,-0.2538649951142518,14.651890047915533,0.5327606694856868,78bf92243997831090f4e81bdc0a5d4d7ba172f90b72e1ee43b198174beb3eea,4000,42,Paul George,202331,Bovada,2026-03-25,2026-03-25 13:19:22,2026-03-25,Regular Season,0.22575,0.47619047619047616,0.4458598726114649,-0.22010987261146492,-0.525925,0.77425,0.5918367346938775,0.554140127388535,0.22010987261146497,0.3082155172413793,
PRICED,under,PTS,full_game,26.5,True,31.4580135345459,31.616009292125767,20.247892379760742,0.2115422791106071,20.45943465887135,0.6420909777808131,78bf92243997831090f4e81bdc0a5d4d7ba172f90b72e1ee43b198174beb3eea,4000,42,Ace Bailey,1642846,Bovada,2026-03-26,2026-03-25 13:19:22,2026-03-25,Regular Season,0.2235,0.47619047619047616,0.4458598726114649,-0.22235987261146492,-0.53065,0.7765,0.5918367346938775,0.554140127388535,0.22235987261146495,0.3120172413793103,
PRICED,under,PTS,full_game,14.5,True,29.740266799926758,29.719519305799775,12.530632972717285,-0.10133214283243208,12.429300829884854,0.5327606694856868,78bf92243997831090f4e81bdc0a5d4d7ba172f90b72e1ee43b198174beb3eea,4000,42,Will Riley,1642860,Bovada,2026-03-26,2026-03-25 13:19:22,2026-03-25,Regular Season,0.33875,0.7222222222222222,0.6768402154398564,-0.3380902154398564,-0.5309615384615385,0.66125,0.3448275862068966,0.32315978456014366,0.33809021543985635,0.917625,
PRICED,under,PTS,full_game,23.5,True,30.979442596435547,31.137438354015416,16.282062530517578,0.006636283832434,16.288698814350013,0.6420909777808131,78bf92243997831090f4e81bdc0a5d4d7ba172f90b72e1ee43b198174beb3eea,4000,42,Ryan Rollins,1631157,Bovada,2026-03-26,2026-03-25 13:19:22,2026-03-25,Regular Season,0.154,0.3448275862068966,0.32315978456014366,-0.16915978456014366,-0.5534,0.846,0.7222222222222222,0.6768402154398564,0.16915978456014358,0.17138461538461533,
PRICED,under,PTS,full_game,15.5,True,29.55705451965332,29.536307025526337,12.64303970336914,-0.1855340589088645,12.457505644460277,0.5327606694856868,78bf92243997831090f4e81bdc0a5d4d7ba172f90b72e1ee43b198174beb3eea,4000,42,Cody Williams,1642262,Bovada,2026-03-26,2026-03-25 13:19:22,2026-03-25,Regular Season,0.282,0.6428571428571429,0.6017069701280228,-0.3197069701280228,-0.5613333333333334,0.718,0.425531914893617,0.3982930298719772,0.3197069701280228,0.6873,
PRICED,under,PTS,full_game,18.5,True,23.658946990966797,23.861732836806034,12.624993324279785,0.05188597682429338,12.676879301104078,0.4915060991395564,78bf92243997831090f4e81bdc0a5d4d7ba172f90b72e1ee43b198174beb3eea,4000,42,Dylan Harper,1642844,Bovada,2026-03-26,2026-03-25 13:19:22,2026-03-25,Regular Season,0.15175,0.3508771929824561,0.32941176470588235,-0.17766176470588235,-0.5675124999999999,0.84825,0.7142857142857143,0.6705882352941177,0.17766176470588224,0.18754999999999988,
PRICED,under,PTS,full_game,20.5,True,26.268930435180664,26.248182941053685,14.905755043029785,-0.2538649951142518,14.651890047915533,0.5327606694856868,78bf92243997831090f4e81bdc0a5d4d7ba172f90b72e1ee43b198174beb3eea,4000,42,Paul George,202331,Bovada,2026-03-25,2026-03-25 13:19:22,2026-03-25,Regular Season,0.18225,0.425531914893617,0.3982930298719772,-0.21604302987197718,-0.5717125,0.81775,0.6428571428571429,0.6017069701280228,0.2160430298719772,0.2720555555555556,
PRICED,under,PTS,full_game,15.5,True,29.740266799926758,29.719519305799775,12.530632972717285,-0.10133214283243208,12.429300829884854,0.5327606694856868,78bf92243997831090f4e81bdc0a5d4d7ba172f90b72e1ee43b198174beb3eea,4000,42,Will Riley,1642860,Bovada,2026-03-26,2026-03-25 13:19:22,2026-03-25,Regular Season,0.28375,0.6666666666666666,0.625,-0.34125,-0.5743750000000001,0.71625,0.4,0.375,0.34125000000000005,0.7906250000000001,
PRICED,under,PTS,full_game,27.5,True,31.4580135345459,31.616009292125767,20.247892379760742,0.2115422791106071,20.45943465887135,0.6420909777808131,78bf92243997831090f4e81bdc0a5d4d7ba172f90b72e1ee43b198174beb3eea,4000,42,Ace Bailey,1642846,Bovada,2026-03-26,2026-03-25 13:19:22,2026-03-25,Regular Season,0.1805,0.425531914893617,0.3982930298719772,-0.21779302987197718,-0.575825,0.8195,0.6428571428571429,0.6017069701280228,0.21779302987197724,0.2747777777777778,
PRICED,under,PTS,full_game,16.5,True,29.55705451965332,29.536307025526337,12.64303970336914,-0.1855340589088645,12.457505644460277,0.5327606694856868,78bf92243997831090f4e81bdc0a5d4d7ba172f90b72e1ee43b198174beb3eea,4000,42,Cody Williams,1642262,BetRivers,2026-03-26,2026-03-25 13:19:22,2026-03-25,Regular Season,0.229,0.5652173913043478,0.5246062992125985,-0.2956062992125985,-0.5948461538461539,0.771,0.5121951219512195,0.4753937007874017,0.29560629921259834,0.5052857142857142,
PRICED,under,PTS,full_game,21.5,True,26.268930435180664,26.248182941053685,14.905755043029785,-0.2538649951142518,14.651890047915533,0.5327606694856868,78bf92243997831090f4e81bdc0a5d4d7ba172f90b72e1ee43b198174beb3eea,4000,42,Paul George,202331,Bovada,2026-03-25,2026-03-25 13:19:22,2026-03-25,Regular Season,0.14925,0.37037037037037035,0.34700315457413244,-0.19775315457413245,-0.5970249999999999,0.85075,0.696969696969697,0.6529968454258674,0.19775315457413256,0.22064130434782603,
PRICED,under,PTS,full_game,16.5,True,29.55705451965332,29.536307025526337,12.64303970336914,-0.1855340589088645,12.457505644460277,0.5327606694856868,78bf92243997831090f4e81bdc0a5d4d7ba172f90b72e1ee43b198174beb3eea,4000,42,Cody Williams,1642262,Bovada,2026-03-26,2026-03-25 13:19:22,2026-03-25,Regular Season,0.229,0.574468085106383,0.5407914020517831,-0.31179140205178313,-0.6013703703703703,0.771,0.4878048780487805,0.4592085979482169,0.31179140205178313,0.5805499999999999,
PRICED,under,PTS,full_game,28.5,True,31.4580135345459,31.616009292125767,20.247892379760742,0.2115422791106071,20.45943465887135,0.6420909777808131,78bf92243997831090f4e81bdc0a5d4d7ba172f90b72e1ee43b198174beb3eea,4000,42,Ace Bailey,1642846,Bovada,2026-03-26,2026-03-25 13:19:22,2026-03-25,Regular Season,0.14825,0.38461538461538464,0.36041189931350115,-0.21216189931350116,-0.61455,0.85175,0.6825396825396826,0.6395881006864989,0.21216189931350116,0.24791279069767436,
PRICED,under,PTS,full_game,16.5,True,29.740266799926758,29.719519305799775,12.530632972717285,-0.10133214283243208,12.429300829884854,0.5327606694856868,78bf92243997831090f4e81bdc0a5d4d7ba172f90b72e1ee43b198174beb3eea,4000,42,Will Riley,1642860,Bovada,2026-03-26,2026-03-25 13:19:22,2026-03-25,Regular Season,0.23075,0.6,0.5633187772925764,-0.3325687772925764,-0.6154166666666667,0.76925,0.46511627906976744,0.43668122270742354,0.33256877729257645,0.6538875,
PRICED,under,PTS,full_game,22.5,True,26.268930435180664,26.248182941053685,14.905755043029785,-0.2538649951142518,14.651890047915533,0.5327606694856868,78bf92243997831090f4e81bdc0a5d4d7ba172f90b72e1ee43b198174beb3eea,4000,42,Paul George,202331,Bovada,2026-03-25,2026-03-25 13:19:22,2026-03-25,Regular Season,0.12275,0.32786885245901637,0.3079416531604538,-0.1851916531604538,-0.6256125,0.87725,0.7368421052631579,0.6920583468395461,0.18519165316045383,0.19055357142857146,
PRICED,under,PTS,full_game,16.5,True,29.740266799926758,29.719519305799775,12.530632972717285,-0.10133214283243208,12.429300829884854,0.5327606694856868,78bf92243997831090f4e81bdc0a5d4d7ba172f90b72e1ee43b198174beb3eea,4000,42,Will Riley,1642860,BetRivers,2026-03-26,2026-03-25 13:19:22,2026-03-25,Regular Season,0.23075,0.6254681647940075,0.5824275503980232,-0.3516775503980232,-0.6310763473053893,0.76925,0.4484304932735426,0.41757244960197687,0.3516775503980231,0.7154275,
PRICED,under,PTS,full_game,17.5,True,29.55705451965332,29.536307025526337,12.64303970336914,-0.1855340589088645,12.457505644460277,0.5327606694856868,78bf92243997831090f4e81bdc0a5d4d7ba172f90b72e1ee43b198174beb3eea,4000,42,Cody Williams,1642262,BetRivers,2026-03-26,2026-03-25 13:19:22,2026-03-25,Regular Season,0.18375,0.5,0.4645669291338583,-0.28081692913385825,-0.6325000000000001,0.81625,0.576271186440678,0.5354330708661418,0.28081692913385825,0.41643382352941183,
PRICED,under,PTS,full_game,17.5,True,29.55705451965332,29.536307025526337,12.64303970336914,-0.1855340589088645,12.457505644460277,0.5327606694856868,78bf92243997831090f4e81bdc0a5d4d7ba172f90b72e1ee43b198174beb3eea,4000,42,Cody Williams,1642262,FanDuel,2026-03-26,2026-03-25 13:19:22,2026-03-25,Regular Season,0.18375,0.504950495049505,0.4718423169750604,-0.28809231697506044,-0.6361029411764706,0.81625,0.5652173913043478,0.5281576830249397,0.2880923169750603,0.4441346153846154,
PRICED,under,PTS,full_game,29.5,True,31.4580135345459,31.616009292125767,20.247892379760742,0.2115422791106071,20.45943465887135,0.6420909777808131,78bf92243997831090f4e81bdc0a5d4d7ba172f90b72e1ee43b198174beb3eea,4000,42,Ace Bailey,1642846,Bovada,2026-03-26,2026-03-25 13:19:22,2026-03-25,Regular Season,0.12525,0.3448275862068966,0.32315978456014366,-0.19790978456014366,-0.6367750000000001,0.87475,0.7222222222222222,0.6768402154398564,0.19790978456014363,0.21119230769230765,
PRICED,under,PTS,full_game,17.5,True,29.740266799926758,29.719519305799775,12.530632972717285,-0.10133214283243208,12.429300829884854,0.5327606694856868,78bf92243997831090f4e81bdc0a5d4d7ba172f90b72e1ee43b198174beb3eea,4000,42,Will Riley,1642860,BetMGM,2026-03-26,2026-03-25 13:19:22,2026-03-25,Regular Season,0.183,0.5121951219512195,0.4796954314720812,-0.2966954314720812,-0.6427142857142857,0.817,0.5555555555555556,0.5203045685279188,0.2966954314720811,0.47059999999999996,
PRICED,under,PTS,full_game,17.5,True,29.55705451965332,29.536307025526337,12.64303970336914,-0.1855340589088645,12.457505644460277,0.5327606694856868,78bf92243997831090f4e81bdc0a5d4d7ba172f90b72e1ee43b198174beb3eea,4000,42,Cody Williams,1642262,Bovada,2026-03-26,2026-03-25 13:19:22,2026-03-25,Regular Season,0.18375,0.5238095238095238,0.48987854251012153,-0.30612854251012156,-0.6492045454545454,0.81625,0.5454545454545454,0.5101214574898786,0.30612854251012145,0.49645833333333356,
PRICED,under,PTS,full_game,17.5,True,29.55705451965332,29.536307025526337,12.64303970336914,-0.1855340589088645,12.457505644460277,0.5327606694856868,78bf92243997831090f4e81bdc0a5d4d7ba172f90b72e1ee43b198174beb3eea,4000,42,Cody Williams,1642262,BetOnline.ag,2026-03-26,2026-03-25 13:19:22,2026-03-25,Regular Season,0.18375,0.5238095238095238,0.49179655455291227,-0.3080465545529123,-0.6492045454545454,0.81625,0.5412844036697247,0.5082034454470877,0.3080465545529123,0.5079872881355932,
PRICED,under,PTS,full_game,17.5,True,29.55705451965332,29.536307025526337,12.64303970336914,-0.1855340589088645,12.457505644460277,0.5327606694856868,78bf92243997831090f4e81bdc0a5d4d7ba172f90b72e1ee43b198174beb3eea,4000,42,Cody Williams,1642262,DraftKings,2026-03-26,2026-03-25 13:19:22,2026-03-25,Regular Season,0.18375,0.5260663507109005,0.4958445875753168,-0.31209458757531683,-0.6507094594594595,0.81625,0.5348837209302325,0.5041554124246831,0.31209458757531694,0.5260326086956522,
PRICED,under,PTS,full_game,17.5,True,29.740266799926758,29.719519305799775,12.530632972717285,-0.10133214283243208,12.429300829884854,0.5327606694856868,78bf92243997831090f4e81bdc0a5d4d7ba172f90b72e1ee43b198174beb3eea,4000,42,Will Riley,1642860,BetOnline.ag,2026-03-26,2026-03-25 13:19:22,2026-03-25,Regular Season,0.183,0.5260663507109005,0.4948402542722694,-0.3118402542722694,-0.6521351351351351,0.817,0.5370370370370371,0.5051597457277305,0.31184025427226947,0.5213103448275862,
PRICED,under,PTS,full_game,17.5,True,29.740266799926758,29.719519305799775,12.530632972717285,-0.10133214283243208,12.429300829884854,0.5327606694856868,78bf92243997831090f4e81bdc0a5d4d7ba172f90b72e1ee43b198174beb3eea,4000,42,Will Riley,1642860,DraftKings,2026-03-26,2026-03-25 13:19:22,2026-03-25,Regular Season,0.183,0.5412844036697247,0.510397604391948,-0.32739760439194804,-0.6619152542372881,0.817,0.5192307692307693,0.4896023956080519,0.32739760439194804,0.5734814814814815,
PRICED,under,PTS,full_game,17.5,True,29.740266799926758,29.719519305799775,12.530632972717285,-0.10133214283243208,12.429300829884854,0.5327606694856868,78bf92243997831090f4e81bdc0a5d4d7ba172f90b72e1ee43b198174beb3eea,4000,42,Will Riley,1642860,Bovada,2026-03-26,2026-03-25 13:19:22,2026-03-25,Regular Season,0.183,0.5454545454545454,0.5101214574898786,-0.3271214574898786,-0.6644999999999999,0.817,0.5238095238095238,0.48987854251012153,0.3271214574898784,0.5597272727272729,
PRICED,under,PTS,full_game,17.5,True,29.55705451965332,29.536307025526337,12.64303970336914,-0.1855340589088645,12.457505644460277,0.5327606694856868,78bf92243997831090f4e81bdc0a5d4d7ba172f90b72e1ee43b198174beb3eea,4000,42,Cody Williams,1642262,BetMGM,2026-03-26,2026-03-25 13:19:22,2026-03-25,Regular Season,0.18375,0.5555555555555556,0.5203045685279188,-0.3365545685279189,-0.66925,0.81625,0.5121951219512195,0.4796954314720812,0.3365545685279188,0.5936309523809524,
PRICED,under,PTS,full_game,17.5,True,29.740266799926758,29.719519305799775,12.530632972717285,-0.10133214283243208,12.429300829884854,0.5327606694856868,78bf92243997831090f4e81bdc0a5d4d7ba172f90b72e1ee43b198174beb3eea,4000,42,Will Riley,1642860,FanDuel,2026-03-26,2026-03-25 13:19:22,2026-03-25,Regular Season,0.183,0.5555555555555556,0.5191532258064516,-0.3361532258064516,-0.6706,0.817,0.5145631067961165,0.4808467741935484,0.33615322580645157,0.5877547169811321,
PRICED,under,PTS,full_game,17.5,True,29.740266799926758,29.719519305799775,12.530632972717285,-0.10133214283243208,12.429300829884854,0.5327606694856868,78bf92243997831090f4e81bdc0a5d4d7ba172f90b72e1ee43b198174beb3eea,4000,42,Will Riley,1642860,BetRivers,2026-03-26,2026-03-25 13:19:22,2026-03-25,Regular Season,0.183,0.5594713656387665,0.5186523207413807,-0.3356523207413807,-0.6729055118110236,0.817,0.5192307692307693,0.4813476792586193,0.3356523207413806,0.5734814814814815,
PRICED,under,PTS,full_game,18.5,True,29.55705451965332,29.536307025526337,12.64303970336914,-0.1855340589088645,12.457505644460277,0.5327606694856868,78bf92243997831090f4e81bdc0a5d4d7ba172f90b72e1ee43b198174beb3eea,4000,42,Cody Williams,1642262,Bovada,2026-03-26,2026-03-25 13:19:22,2026-03-25,Regular Season,0.1435,0.46511627906976744,0.43668122270742354,-0.2931812227074235,-0.6914750000000001,0.8565,0.6,0.5633187772925764,0.29318122270742364,0.4275,
PRICED,under,PTS,full_game,18.5,True,29.740266799926758,29.719519305799775,12.530632972717285,-0.10133214283243208,12.429300829884854,0.5327606694856868,78bf92243997831090f4e81bdc0a5d4d7ba172f90b72e1ee43b198174beb3eea,4000,42,Will Riley,1642860,Bovada,2026-03-26,2026-03-25 13:19:22,2026-03-25,Regular Season,0.143,0.4878048780487805,0.4592085979482169,-0.3162085979482169,-0.70685,0.857,0.574468085106383,0.5407914020517831,0.3162085979482169,0.4918148148148147,
PRICED,under,PTS,full_game,18.5,True,29.740266799926758,29.719519305799775,12.530632972717285,-0.10133214283243208,12.429300829884854,0.5327606694856868,78bf92243997831090f4e81bdc0a5d4d7ba172f90b72e1ee43b198174beb3eea,4000,42,Will Riley,1642860,BetRivers,2026-03-26,2026-03-25 13:19:22,2026-03-25,Regular Season,0.143,0.49504950495049505,0.461322848133297,-0.31832284813329703,-0.71114,0.857,0.5780590717299579,0.5386771518667031,0.3183228481332969,0.48254744525547444,
PRICED,under,PTS,full_game,19.5,True,29.55705451965332,29.536307025526337,12.64303970336914,-0.1855340589088645,12.457505644460277,0.5327606694856868,78bf92243997831090f4e81bdc0a5d4d7ba172f90b72e1ee43b198174beb3eea,4000,42,Cody Williams,1642262,Bovada,2026-03-26,2026-03-25 13:19:22,2026-03-25,Regular Season,0.11175,0.40816326530612246,0.3838517538054269,-0.2721017538054269,-0.7262124999999999,0.88825,0.6551724137931034,0.6161482461945731,0.2721017538054269,0.35574999999999984,
PRICED,under,PTS,full_game,19.5,True,29.740266799926758,29.719519305799775,12.530632972717285,-0.10133214283243208,12.429300829884854,0.5327606694856868,78bf92243997831090f4e81bdc0a5d4d7ba172f90b72e1ee43b198174beb3eea,4000,42,Will Riley,1642860,Bovada,2026-03-26,2026-03-25 13:19:22,2026-03-25,Regular Season,0.11375,0.43478260869565216,0.40847201210287437,-0.29472201210287435,-0.738375,0.88625,0.6296296296296297,0.5915279878971256,0.2947220121028744,0.40757352941176483,
PRICED,under,PTS,full_game,20.5,True,29.55705451965332,29.536307025526337,12.64303970336914,-0.1855340589088645,12.457505644460277,0.5327606694856868,78bf92243997831090f4e81bdc0a5d4d7ba172f90b72e1ee43b198174beb3eea,4000,42,Cody Williams,1642262,Bovada,2026-03-26,2026-03-25 13:19:22,2026-03-25,Regular Season,0.08875,0.36363636363636365,0.33999999999999997,-0.25125,-0.7559375,0.91125,0.7058823529411765,0.66,0.25125,0.29093750000000007,
PRICED,under,PTS,full_game,20.5,True,29.740266799926758,29.719519305799775,12.530632972717285,-0.10133214283243208,12.429300829884854,0.5327606694856868,78bf92243997831090f4e81bdc0a5d4d7ba172f90b72e1ee43b198174beb3eea,4000,42,Will Riley,1642860,Bovada,2026-03-26,2026-03-25 13:19:22,2026-03-25,Regular Season,0.09025,0.37735849056603776,0.35437430786268,-0.26412430786268,-0.7608375,0.9097500000000001,0.6875,0.6456256921373201,0.26412430786267993,0.3232727272727273,
PRICED,under,PTS,full_game,21.5,True,29.740266799926758,29.719519305799775,12.530632972717285,-0.10133214283243208,12.429300829884854,0.5327606694856868,78bf92243997831090f4e81bdc0a5d4d7ba172f90b72e1ee43b198174beb3eea,4000,42,Will Riley,1642860,Bovada,2026-03-26,2026-03-25 13:19:22,2026-03-25,Regular Season,0.069,0.32786885245901637,0.3079416531604538,-0.2389416531604538,-0.7895500000000001,0.931,0.7368421052631579,0.6920583468395461,0.2389416531604539,0.26350000000000007,
