BOOKMAKER,CATEGORY,NAME,OVER/UNDER,LINE,ODDS,COMMENCE_TIME,LAST_UPDATE,DATA_PULLED_AT
FanDuel,player_points,Jay Huff,Over,10.5,104,2026-02-11,2026-02-10T22:46:47Z,2026-02-10 14:47:44
FanDuel,player_points,Jay Huff,Under,10.5,-132,2026-02-11,2026-02-10T22:46:47Z,2026-02-10 14:47:44
FanDuel,player_points,Landry Shamet,Over,8.5,-113,2026-02-11,2026-02-10T22:46:47Z,2026-02-10 14:47:44
FanDuel,player_points,Landry Shamet,Under,8.5,-113,2026-02-11,2026-02-10T22:46:47Z,2026-02-10 14:47:44
FanDuel,player_points,OG Anunoby,Over,15.5,-104,2026-02-11,2026-02-10T22:46:47Z,2026-02-10 14:47:44
FanDuel,player_points,OG Anunoby,Under,15.5,-122,2026-02-11,2026-02-10T22:46:47Z,2026-02-10 14:47:44
FanDuel,player_points,Karl-Anthony Towns,Over,20.5,104,2026-02-11,2026-02-10T22:46:47Z,2026-02-10 14:47:44
FanDuel,player_points,Karl-Anthony Towns,Under,20.5,-132,2026-02-11,2026-02-10T22:46:47Z,2026-02-10 14:47:44
FanDuel,player_points,Pascal Siakam,Over,22.5,-104,2026-02-11,2026-02-10T22:46:47Z,2026-02-10 14:47:44
FanDuel,player_points,Pascal Siakam,Under,22.5,-122,2026-02-11,2026-02-10T22:46:47Z,2026-02-10 14:47:44
FanDuel,player_points,Ben Sheppard,Over,8.5,104,2026-02-11,2026-02-10T22:46:47Z,2026-02-10 14:47:44
FanDuel,player_points,Ben Sheppard,Under,8.5,-132,2026-02-11,2026-02-10T22:46:47Z,2026-02-10 14:47:44
FanDuel,player_points,Jalen Brunson,Over,26.5,-125,2026-02-11,2026-02-10T22:46:47Z,2026-02-10 14:47:44
FanDuel,player_points,Jalen Brunson,Under,26.5,-102,2026-02-11,2026-02-10T22:46:47Z,2026-02-10 14:47:44
FanDuel,player_points,Josh Hart,Over,12.5,-104,2026-02-11,2026-02-10T22:46:47Z,2026-02-10 14:47:44
FanDuel,player_points,Josh Hart,Under,12.5,-122,2026-02-11,2026-02-10T22:46:47Z,2026-02-10 14:47:44
FanDuel,player_points,Mikal Bridges,Over,15.5,-115,2026-02-11,2026-02-10T22:46:47Z,2026-02-10 14:47:44
FanDuel,player_points,Mikal Bridges,Under,15.5,-111,2026-02-11,2026-02-10T22:46:47Z,2026-02-10 14:47:44
FanDuel,player_points,Aaron Nesmith,Over,13.5,-120,2026-02-11,2026-02-10T22:46:47Z,2026-02-10 14:47:44
FanDuel,player_points,Aaron Nesmith,Under,13.5,-106,2026-02-11,2026-02-10T22:46:47Z,2026-02-10 14:47:44
FanDuel,player_points,Andrew Nembhard,Over,16.5,-122,2026-02-11,2026-02-10T22:46:47Z,2026-02-10 14:47:44
FanDuel,player_points,Andrew Nembhard,Under,16.5,-104,2026-02-11,2026-02-10T22:46:47Z,2026-02-10 14:47:44
FanDuel,player_points,Kevin Durant,Over,24.5,-113,2026-02-11,2026-02-10T22:47:01Z,2026-02-10 14:47:44
FanDuel,player_points,Kevin Durant,Under,24.5,-113,2026-02-11,2026-02-10T22:47:01Z,2026-02-10 14:47:44
FanDuel,player_points,Amen Thompson,Over,15.5,-111,2026-02-11,2026-02-10T22:47:01Z,2026-02-10 14:47:44
FanDuel,player_points,Amen Thompson,Under,15.5,-115,2026-02-11,2026-02-10T22:47:01Z,2026-02-10 14:47:44
FanDuel,player_points,Derrick Jones,Over,8.5,102,2026-02-11,2026-02-10T22:47:01Z,2026-02-10 14:47:44
FanDuel,player_points,Derrick Jones,Under,8.5,-130,2026-02-11,2026-02-10T22:47:01Z,2026-02-10 14:47:44
FanDuel,player_points,Brook Lopez,Over,8.5,-106,2026-02-11,2026-02-10T22:47:01Z,2026-02-10 14:47:44
FanDuel,player_points,Brook Lopez,Under,8.5,-120,2026-02-11,2026-02-10T22:47:01Z,2026-02-10 14:47:44
FanDuel,player_points,Reed Sheppard,Over,10.5,-102,2026-02-11,2026-02-10T22:47:01Z,2026-02-10 14:47:44
FanDuel,player_points,Reed Sheppard,Under,10.5,-125,2026-02-11,2026-02-10T22:47:01Z,2026-02-10 14:47:44
FanDuel,player_points,Tari Eason,Over,13.5,-113,2026-02-11,2026-02-10T22:47:01Z,2026-02-10 14:47:44
FanDuel,player_points,Tari Eason,Under,13.5,-113,2026-02-11,2026-02-10T22:47:01Z,2026-02-10 14:47:44
FanDuel,player_points,John Collins,Over,13.5,-108,2026-02-11,2026-02-10T22:47:01Z,2026-02-10 14:47:44
FanDuel,player_points,John Collins,Under,13.5,-120,2026-02-11,2026-02-10T22:47:01Z,2026-02-10 14:47:44
FanDuel,player_points,Alperen Sengun,Over,19.5,102,2026-02-11,2026-02-10T22:47:01Z,2026-02-10 14:47:44
FanDuel,player_points,Alperen Sengun,Under,19.5,-130,2026-02-11,2026-02-10T22:47:01Z,2026-02-10 14:47:44
FanDuel,player_points,Jabari Smith Jr,Over,13.5,-113,2026-02-11,2026-02-10T22:47:01Z,2026-02-10 14:47:44
FanDuel,player_points,Jabari Smith Jr,Under,13.5,-113,2026-02-11,2026-02-10T22:47:01Z,2026-02-10 14:47:44
FanDuel,player_points,Kris Dunn,Over,7.5,-111,2026-02-11,2026-02-10T22:47:01Z,2026-02-10 14:47:44
FanDuel,player_points,Kris Dunn,Under,7.5,-115,2026-02-11,2026-02-10T22:47:01Z,2026-02-10 14:47:44
FanDuel,player_points,Kawhi Leonard,Over,28.5,100,2026-02-11,2026-02-10T22:47:01Z,2026-02-10 14:47:44
FanDuel,player_points,Kawhi Leonard,Under,28.5,-128,2026-02-11,2026-02-10T22:47:01Z,2026-02-10 14:47:44
FanDuel,player_points,Devin Booker,Over,24.5,-113,2026-02-11,2026-02-10T22:47:39Z,2026-02-10 14:47:44
FanDuel,player_points,Devin Booker,Under,24.5,-113,2026-02-11,2026-02-10T22:47:39Z,2026-02-10 14:47:44
FanDuel,player_points,Max Christie,Over,12.5,-111,2026-02-11,2026-02-10T22:47:39Z,2026-02-10 14:47:44
FanDuel,player_points,Max Christie,Under,12.5,-115,2026-02-11,2026-02-10T22:47:39Z,2026-02-10 14:47:44
FanDuel,player_points,Royce O'Neale,Over,9.5,-120,2026-02-11,2026-02-10T22:47:39Z,2026-02-10 14:47:44
FanDuel,player_points,Royce O'Neale,Under,9.5,-106,2026-02-11,2026-02-10T22:47:39Z,2026-02-10 14:47:44
FanDuel,player_points,Oso Ighodaro,Over,5.5,-104,2026-02-11,2026-02-10T22:47:39Z,2026-02-10 14:47:44
FanDuel,player_points,Oso Ighodaro,Under,5.5,-122,2026-02-11,2026-02-10T22:47:39Z,2026-02-10 14:47:44
FanDuel,player_points,Brandon Williams,Over,11.5,-102,2026-02-11,2026-02-10T22:47:39Z,2026-02-10 14:47:44
FanDuel,player_points,Brandon Williams,Under,11.5,-125,2026-02-11,2026-02-10T22:47:39Z,2026-02-10 14:47:44
FanDuel,player_points,Daniel Gafford,Over,8.5,-113,2026-02-11,2026-02-10T22:47:39Z,2026-02-10 14:47:44
FanDuel,player_points,Daniel Gafford,Under,8.5,-113,2026-02-11,2026-02-10T22:47:39Z,2026-02-10 14:47:44
FanDuel,player_points,Cooper Flagg,Over,22.5,100,2026-02-11,2026-02-10T22:47:39Z,2026-02-10 14:47:44
FanDuel,player_points,Cooper Flagg,Under,22.5,-128,2026-02-11,2026-02-10T22:47:39Z,2026-02-10 14:47:44
FanDuel,player_points,Naji Marshall,Over,14.5,-111,2026-02-11,2026-02-10T22:47:39Z,2026-02-10 14:47:44
FanDuel,player_points,Naji Marshall,Under,14.5,-115,2026-02-11,2026-02-10T22:47:39Z,2026-02-10 14:47:44
FanDuel,player_points,Mark Williams,Over,12.5,-113,2026-02-11,2026-02-10T22:47:39Z,2026-02-10 14:47:44
FanDuel,player_points,Mark Williams,Under,12.5,-113,2026-02-11,2026-02-10T22:47:39Z,2026-02-10 14:47:44
FanDuel,player_points,Caleb Martin,Over,5.5,100,2026-02-11,2026-02-10T22:47:39Z,2026-02-10 14:47:44
FanDuel,player_points,Caleb Martin,Under,5.5,-128,2026-02-11,2026-02-10T22:47:39Z,2026-02-10 14:47:44
FanDuel,player_points,Dillon Brooks,Over,20.5,-118,2026-02-11,2026-02-10T22:47:39Z,2026-02-10 14:47:44
FanDuel,player_points,Dillon Brooks,Under,20.5,-108,2026-02-11,2026-02-10T22:47:39Z,2026-02-10 14:47:44
FanDuel,player_points,Collin Gillespie,Over,12.5,-113,2026-02-11,2026-02-10T22:47:39Z,2026-02-10 14:47:44
FanDuel,player_points,Collin Gillespie,Under,12.5,-113,2026-02-11,2026-02-10T22:47:39Z,2026-02-10 14:47:44
FanDuel,player_points,Jalen Green,Over,11.5,-111,2026-02-11,2026-02-10T22:47:39Z,2026-02-10 14:47:44
FanDuel,player_points,Jalen Green,Under,11.5,-115,2026-02-11,2026-02-10T22:47:39Z,2026-02-10 14:47:44
FanDuel,player_points,Klay Thompson,Over,8.5,-122,2026-02-11,2026-02-10T22:47:39Z,2026-02-10 14:47:44
FanDuel,player_points,Klay Thompson,Under,8.5,-104,2026-02-11,2026-02-10T22:47:39Z,2026-02-10 14:47:44
FanDuel,player_points,P.J. Washington,Over,11.5,-104,2026-02-11,2026-02-10T22:47:39Z,2026-02-10 14:47:44
FanDuel,player_points,P.J. Washington,Under,11.5,-122,2026-02-11,2026-02-10T22:47:39Z,2026-02-10 14:47:44
FanDuel,player_points,Jordan Goodwin,Over,8.5,-118,2026-02-11,2026-02-10T22:47:39Z,2026-02-10 14:47:44
FanDuel,player_points,Jordan Goodwin,Under,8.5,-108,2026-02-11,2026-02-10T22:47:39Z,2026-02-10 14:47:44
FanDuel,player_points,Julian Champagnie,Over,9.5,-122,2026-02-11,2026-02-10T22:47:19Z,2026-02-10 14:47:44
FanDuel,player_points,Julian Champagnie,Under,9.5,-108,2026-02-11,2026-02-10T22:47:19Z,2026-02-10 14:47:44
FanDuel,player_points,Deandre Ayton,Over,12.5,-128,2026-02-11,2026-02-10T22:47:19Z,2026-02-10 14:47:44
FanDuel,player_points,Deandre Ayton,Under,12.5,-104,2026-02-11,2026-02-10T22:47:19Z,2026-02-10 14:47:44
FanDuel,player_points,Stephon Castle,Over,16.5,-122,2026-02-11,2026-02-10T22:47:19Z,2026-02-10 14:47:44
FanDuel,player_points,Stephon Castle,Under,16.5,-108,2026-02-11,2026-02-10T22:47:19Z,2026-02-10 14:47:44
FanDuel,player_points,Keldon Johnson,Over,10.5,-122,2026-02-11,2026-02-10T22:47:19Z,2026-02-10 14:47:44
FanDuel,player_points,Keldon Johnson,Under,10.5,-108,2026-02-11,2026-02-10T22:47:19Z,2026-02-10 14:47:44
FanDuel,player_points,Dalton Knecht,Over,8.5,-112,2026-02-11,2026-02-10T22:47:19Z,2026-02-10 14:47:44
FanDuel,player_points,Dalton Knecht,Under,8.5,-118,2026-02-11,2026-02-10T22:47:19Z,2026-02-10 14:47:44
FanDuel,player_points,Jake LaRavia,Over,13.5,-108,2026-02-11,2026-02-10T22:47:19Z,2026-02-10 14:47:44
FanDuel,player_points,Jake LaRavia,Under,13.5,-122,2026-02-11,2026-02-10T22:47:19Z,2026-02-10 14:47:44
FanDuel,player_points,Victor Wembanyama,Over,22.5,-118,2026-02-11,2026-02-10T22:47:19Z,2026-02-10 14:47:44
FanDuel,player_points,Victor Wembanyama,Under,22.5,-112,2026-02-11,2026-02-10T22:47:19Z,2026-02-10 14:47:44
FanDuel,player_points,Jaxson Hayes,Over,7.5,-128,2026-02-11,2026-02-10T22:47:19Z,2026-02-10 14:47:44
FanDuel,player_points,Jaxson Hayes,Under,7.5,-104,2026-02-11,2026-02-10T22:47:19Z,2026-02-10 14:47:44
FanDuel,player_points,Harrison Barnes,Over,7.5,-130,2026-02-11,2026-02-10T22:47:19Z,2026-02-10 14:47:44
FanDuel,player_points,Harrison Barnes,Under,7.5,-102,2026-02-11,2026-02-10T22:47:19Z,2026-02-10 14:47:44
FanDuel,player_points,Dylan Harper,Over,10.5,-106,2026-02-11,2026-02-10T22:47:19Z,2026-02-10 14:47:44
FanDuel,player_points,Dylan Harper,Under,10.5,-125,2026-02-11,2026-02-10T22:47:19Z,2026-02-10 14:47:44
FanDuel,player_points,Jarred Vanderbilt,Over,7.5,-118,2026-02-11,2026-02-10T22:47:19Z,2026-02-10 14:47:44
FanDuel,player_points,Jarred Vanderbilt,Under,7.5,-112,2026-02-11,2026-02-10T22:47:19Z,2026-02-10 14:47:44
FanDuel,player_points,De'Aaron Fox,Over,17.5,-104,2026-02-11,2026-02-10T22:47:19Z,2026-02-10 14:47:44
FanDuel,player_points,De'Aaron Fox,Under,17.5,-128,2026-02-11,2026-02-10T22:47:19Z,2026-02-10 14:47:44
FanDuel,player_points,Devin Vassell,Over,12.5,-108,2026-02-11,2026-02-10T22:47:19Z,2026-02-10 14:47:44
FanDuel,player_points,Devin Vassell,Under,12.5,-122,2026-02-11,2026-02-10T22:47:19Z,2026-02-10 14:47:44
FanDuel,player_points,Bobby Portis,Over,11.5,-120,2026-02-12,2026-02-10T22:46:58Z,2026-02-10 14:47:44
FanDuel,player_points,Bobby Portis,Under,11.5,-110,2026-02-12,2026-02-10T22:46:58Z,2026-02-10 14:47:44
FanDuel,player_points,Paolo Banchero,Over,20.5,-110,2026-02-12,2026-02-10T22:46:58Z,2026-02-10 14:47:44
FanDuel,player_points,Paolo Banchero,Under,20.5,-122,2026-02-12,2026-02-10T22:46:58Z,2026-02-10 14:47:44
FanDuel,player_points,Ryan Rollins,Over,17.5,-108,2026-02-12,2026-02-10T22:46:58Z,2026-02-10 14:47:44
FanDuel,player_points,Ryan Rollins,Under,17.5,-122,2026-02-12,2026-02-10T22:46:58Z,2026-02-10 14:47:44
FanDuel,player_points,Franz Wagner,Over,14.5,-102,2026-02-12,2026-02-10T22:46:58Z,2026-02-10 14:47:44
FanDuel,player_points,Franz Wagner,Under,14.5,-130,2026-02-12,2026-02-10T22:46:58Z,2026-02-10 14:47:44
FanDuel,player_points,Wendell Carter Jr,Over,8.5,-130,2026-02-12,2026-02-10T22:46:58Z,2026-02-10 14:47:44
FanDuel,player_points,Wendell Carter Jr,Under,8.5,-102,2026-02-12,2026-02-10T22:46:58Z,2026-02-10 14:47:44
FanDuel,player_points,Anthony Black,Over,16.5,-102,2026-02-12,2026-02-10T22:46:58Z,2026-02-10 14:47:44
FanDuel,player_points,Anthony Black,Under,16.5,-130,2026-02-12,2026-02-10T22:46:58Z,2026-02-10 14:47:44
FanDuel,player_points,Jalen Suggs,Over,13.5,-128,2026-02-12,2026-02-10T22:46:58Z,2026-02-10 14:47:44
FanDuel,player_points,Jalen Suggs,Under,13.5,-104,2026-02-12,2026-02-10T22:46:58Z,2026-02-10 14:47:44
FanDuel,player_points,Myles Turner,Over,11.5,-128,2026-02-12,2026-02-10T22:46:58Z,2026-02-10 14:47:44
FanDuel,player_points,Myles Turner,Under,11.5,-104,2026-02-12,2026-02-10T22:46:58Z,2026-02-10 14:47:44
FanDuel,player_points,Kevin Porter Jr.,Over,18.5,-102,2026-02-12,2026-02-10T22:46:58Z,2026-02-10 14:47:44
FanDuel,player_points,Kevin Porter Jr.,Under,18.5,-130,2026-02-12,2026-02-10T22:46:58Z,2026-02-10 14:47:44
FanDuel,player_points,Desmond Bane,Over,18.5,-110,2026-02-12,2026-02-10T22:46:58Z,2026-02-10 14:47:44
FanDuel,player_points,Desmond Bane,Under,18.5,-120,2026-02-12,2026-02-10T22:46:58Z,2026-02-10 14:47:44
FanDuel,player_points,A.J. Green,Over,10.5,104,2026-02-12,2026-02-10T22:46:58Z,2026-02-10 14:47:44
FanDuel,player_points,A.J. Green,Under,10.5,-138,2026-02-12,2026-02-10T22:46:58Z,2026-02-10 14:47:44
FanDuel,player_points,Kyle Kuzma,Over,11.5,-120,2026-02-12,2026-02-10T22:46:58Z,2026-02-10 14:47:44
FanDuel,player_points,Kyle Kuzma,Under,11.5,-110,2026-02-12,2026-02-10T22:46:58Z,2026-02-10 14:47:44
FanDuel,player_points,Luguentz Dort,Over,8.5,-130,2026-02-12,2026-02-10T22:48:18Z,2026-02-10 14:47:44
FanDuel,player_points,Luguentz Dort,Under,8.5,-102,2026-02-12,2026-02-10T22:48:18Z,2026-02-10 14:47:44
FanDuel,player_points,Isaiah Hartenstein,Over,9.5,-112,2026-02-12,2026-02-10T22:48:18Z,2026-02-10 14:47:44
FanDuel,player_points,Isaiah Hartenstein,Under,9.5,-118,2026-02-12,2026-02-10T22:48:18Z,2026-02-10 14:47:44
FanDuel,player_points,Chet Holmgren,Over,18.5,100,2026-02-12,2026-02-10T22:48:18Z,2026-02-10 14:47:44
FanDuel,player_points,Chet Holmgren,Under,18.5,-132,2026-02-12,2026-02-10T22:48:18Z,2026-02-10 14:47:44
FanDuel,player_points,Cason Wallace,Over,9.5,-104,2026-02-12,2026-02-10T22:48:18Z,2026-02-10 14:47:44
FanDuel,player_points,Cason Wallace,Under,9.5,-128,2026-02-12,2026-02-10T22:48:18Z,2026-02-10 14:47:44
FanDuel,player_points,Jalen Williams,Over,19.5,100,2026-02-12,2026-02-10T22:48:18Z,2026-02-10 14:47:44
FanDuel,player_points,Jalen Williams,Under,19.5,-132,2026-02-12,2026-02-10T22:48:18Z,2026-02-10 14:47:44
DraftKings,player_points,Jalen Brunson,Over,26.5,-113,2026-02-11,2026-02-10T22:46:45Z,2026-02-10 14:47:44
DraftKings,player_points,Jalen Brunson,Under,26.5,-113,2026-02-11,2026-02-10T22:46:45Z,2026-02-10 14:47:44
DraftKings,player_points,Pascal Siakam,Over,21.5,-124,2026-02-11,2026-02-10T22:46:45Z,2026-02-10 14:47:44
DraftKings,player_points,Pascal Siakam,Under,21.5,-103,2026-02-11,2026-02-10T22:46:45Z,2026-02-10 14:47:44
DraftKings,player_points,Karl-Anthony Towns,Over,19.5,-124,2026-02-11,2026-02-10T22:46:45Z,2026-02-10 14:47:44
DraftKings,player_points,Karl-Anthony Towns,Under,19.5,-103,2026-02-11,2026-02-10T22:46:45Z,2026-02-10 14:47:44
DraftKings,player_points,Andrew Nembhard,Over,16.5,-116,2026-02-11,2026-02-10T22:46:45Z,2026-02-10 14:47:44
DraftKings,player_points,Andrew Nembhard,Under,16.5,-110,2026-02-11,2026-02-10T22:46:45Z,2026-02-10 14:47:44
DraftKings,player_points,Mikal Bridges,Over,15.5,-121,2026-02-11,2026-02-10T22:46:45Z,2026-02-10 14:47:44
DraftKings,player_points,Mikal Bridges,Under,15.5,-105,2026-02-11,2026-02-10T22:46:45Z,2026-02-10 14:47:44
DraftKings,player_points,OG Anunoby,Over,15.5,-107,2026-02-11,2026-02-10T22:46:45Z,2026-02-10 14:47:44
DraftKings,player_points,OG Anunoby,Under,15.5,-119,2026-02-11,2026-02-10T22:46:45Z,2026-02-10 14:47:44
DraftKings,player_points,Aaron Nesmith,Over,13.5,-113,2026-02-11,2026-02-10T22:46:45Z,2026-02-10 14:47:44
DraftKings,player_points,Aaron Nesmith,Under,13.5,-113,2026-02-11,2026-02-10T22:46:45Z,2026-02-10 14:47:44
DraftKings,player_points,Josh Hart,Over,12.5,-118,2026-02-11,2026-02-10T22:46:45Z,2026-02-10 14:47:44
DraftKings,player_points,Josh Hart,Under,12.5,-108,2026-02-11,2026-02-10T22:46:45Z,2026-02-10 14:47:44
DraftKings,player_points,Jay Huff,Over,9.5,-126,2026-02-11,2026-02-10T22:46:45Z,2026-02-10 14:47:44
DraftKings,player_points,Jay Huff,Under,9.5,-101,2026-02-11,2026-02-10T22:46:45Z,2026-02-10 14:47:44
DraftKings,player_points,Landry Shamet,Over,8.5,-114,2026-02-11,2026-02-10T22:46:45Z,2026-02-10 14:47:44
DraftKings,player_points,Landry Shamet,Under,8.5,-112,2026-02-11,2026-02-10T22:46:45Z,2026-02-10 14:47:44
DraftKings,player_points,Ben Sheppard,Over,8.5,-108,2026-02-11,2026-02-10T22:46:45Z,2026-02-10 14:47:44
DraftKings,player_points,Ben Sheppard,Under,8.5,-118,2026-02-11,2026-02-10T22:46:45Z,2026-02-10 14:47:44
DraftKings,player_points,Kawhi Leonard,Over,27.5,-115,2026-02-11,2026-02-10T22:47:10Z,2026-02-10 14:47:44
DraftKings,player_points,Kawhi Leonard,Under,27.5,-111,2026-02-11,2026-02-10T22:47:10Z,2026-02-10 14:47:44
DraftKings,player_points,Kevin Durant,Over,24.5,-105,2026-02-11,2026-02-10T22:47:10Z,2026-02-10 14:47:44
DraftKings,player_points,Kevin Durant,Under,24.5,-121,2026-02-11,2026-02-10T22:47:10Z,2026-02-10 14:47:44
DraftKings,player_points,Alperen Sengun,Over,19.5,-105,2026-02-11,2026-02-10T22:47:10Z,2026-02-10 14:47:44
DraftKings,player_points,Alperen Sengun,Under,19.5,-121,2026-02-11,2026-02-10T22:47:10Z,2026-02-10 14:47:44
DraftKings,player_points,Amen Thompson,Over,15.5,-113,2026-02-11,2026-02-10T22:47:10Z,2026-02-10 14:47:44
DraftKings,player_points,Amen Thompson,Under,15.5,-113,2026-02-11,2026-02-10T22:47:10Z,2026-02-10 14:47:44
DraftKings,player_points,Jabari Smith Jr,Over,13.5,-126,2026-02-11,2026-02-10T22:47:10Z,2026-02-10 14:47:44
DraftKings,player_points,Jabari Smith Jr,Under,13.5,-101,2026-02-11,2026-02-10T22:47:10Z,2026-02-10 14:47:44
DraftKings,player_points,Tari Eason,Over,13.5,-102,2026-02-11,2026-02-10T22:47:10Z,2026-02-10 14:47:44
DraftKings,player_points,Tari Eason,Under,13.5,-125,2026-02-11,2026-02-10T22:47:10Z,2026-02-10 14:47:44
DraftKings,player_points,John Collins,Over,13.5,100,2026-02-11,2026-02-10T22:47:10Z,2026-02-10 14:47:44
DraftKings,player_points,John Collins,Under,13.5,-128,2026-02-11,2026-02-10T22:47:10Z,2026-02-10 14:47:44
DraftKings,player_points,Reed Sheppard,Over,9.5,-123,2026-02-11,2026-02-10T22:47:10Z,2026-02-10 14:47:44
DraftKings,player_points,Reed Sheppard,Under,9.5,-104,2026-02-11,2026-02-10T22:47:10Z,2026-02-10 14:47:44
DraftKings,player_points,Brook Lopez,Over,8.5,-110,2026-02-11,2026-02-10T22:47:10Z,2026-02-10 14:47:44
DraftKings,player_points,Brook Lopez,Under,8.5,-116,2026-02-11,2026-02-10T22:47:10Z,2026-02-10 14:47:44
DraftKings,player_points,Derrick Jones,Over,7.5,-129,2026-02-11,2026-02-10T22:47:10Z,2026-02-10 14:47:44
DraftKings,player_points,Derrick Jones,Under,7.5,101,2026-02-11,2026-02-10T22:47:10Z,2026-02-10 14:47:44
DraftKings,player_points,Kris Dunn,Over,7.5,-112,2026-02-11,2026-02-10T22:47:10Z,2026-02-10 14:47:44
DraftKings,player_points,Kris Dunn,Under,7.5,-114,2026-02-11,2026-02-10T22:47:10Z,2026-02-10 14:47:44
DraftKings,player_points,Devin Booker,Over,24.5,-121,2026-02-11,2026-02-10T22:47:24Z,2026-02-10 14:47:44
DraftKings,player_points,Devin Booker,Under,24.5,-105,2026-02-11,2026-02-10T22:47:24Z,2026-02-10 14:47:44
DraftKings,player_points,Cooper Flagg,Over,22.5,-118,2026-02-11,2026-02-10T22:47:24Z,2026-02-10 14:47:44
DraftKings,player_points,Cooper Flagg,Under,22.5,-108,2026-02-11,2026-02-10T22:47:24Z,2026-02-10 14:47:44
DraftKings,player_points,Dillon Brooks,Over,20.5,-113,2026-02-11,2026-02-10T22:47:24Z,2026-02-10 14:47:44
DraftKings,player_points,Dillon Brooks,Under,20.5,-113,2026-02-11,2026-02-10T22:47:24Z,2026-02-10 14:47:44
DraftKings,player_points,Naji Marshall,Over,15.5,-104,2026-02-11,2026-02-10T22:47:24Z,2026-02-10 14:47:44
DraftKings,player_points,Naji Marshall,Under,15.5,-123,2026-02-11,2026-02-10T22:47:24Z,2026-02-10 14:47:44
DraftKings,player_points,Max Christie,Over,12.5,-124,2026-02-11,2026-02-10T22:47:24Z,2026-02-10 14:47:44
DraftKings,player_points,Max Christie,Under,12.5,-102,2026-02-11,2026-02-10T22:47:24Z,2026-02-10 14:47:44
DraftKings,player_points,Collin Gillespie,Over,12.5,-117,2026-02-11,2026-02-10T22:47:24Z,2026-02-10 14:47:44
DraftKings,player_points,Collin Gillespie,Under,12.5,-109,2026-02-11,2026-02-10T22:47:24Z,2026-02-10 14:47:44
DraftKings,player_points,Mark Williams,Over,12.5,-113,2026-02-11,2026-02-10T22:47:24Z,2026-02-10 14:47:44
DraftKings,player_points,Mark Williams,Under,12.5,-113,2026-02-11,2026-02-10T22:47:24Z,2026-02-10 14:47:44
DraftKings,player_points,Brandon Williams,Over,11.5,-126,2026-02-11,2026-02-10T22:47:24Z,2026-02-10 14:47:44
DraftKings,player_points,Brandon Williams,Under,11.5,-101,2026-02-11,2026-02-10T22:47:24Z,2026-02-10 14:47:44
DraftKings,player_points,Jalen Green,Over,11.5,-112,2026-02-11,2026-02-10T22:47:24Z,2026-02-10 14:47:44
DraftKings,player_points,Jalen Green,Under,11.5,-114,2026-02-11,2026-02-10T22:47:24Z,2026-02-10 14:47:44
DraftKings,player_points,P.J. Washington,Over,11.5,-107,2026-02-11,2026-02-10T22:47:24Z,2026-02-10 14:47:44
DraftKings,player_points,P.J. Washington,Under,11.5,-119,2026-02-11,2026-02-10T22:47:24Z,2026-02-10 14:47:44
DraftKings,player_points,Royce O'Neale,Over,10.5,-102,2026-02-11,2026-02-10T22:47:24Z,2026-02-10 14:47:44
DraftKings,player_points,Royce O'Neale,Under,10.5,-126,2026-02-11,2026-02-10T22:47:24Z,2026-02-10 14:47:44
DraftKings,player_points,Daniel Gafford,Over,8.5,-127,2026-02-11,2026-02-10T22:47:24Z,2026-02-10 14:47:44
DraftKings,player_points,Daniel Gafford,Under,8.5,100,2026-02-11,2026-02-10T22:47:24Z,2026-02-10 14:47:44
DraftKings,player_points,Jordan Goodwin,Over,8.5,-119,2026-02-11,2026-02-10T22:47:24Z,2026-02-10 14:47:44
DraftKings,player_points,Jordan Goodwin,Under,8.5,-107,2026-02-11,2026-02-10T22:47:24Z,2026-02-10 14:47:44
DraftKings,player_points,Oso Ighodaro,Over,5.5,-118,2026-02-11,2026-02-10T22:47:24Z,2026-02-10 14:47:44
DraftKings,player_points,Oso Ighodaro,Under,5.5,-108,2026-02-11,2026-02-10T22:47:24Z,2026-02-10 14:47:44
DraftKings,player_points,Caleb Martin,Over,5.5,101,2026-02-11,2026-02-10T22:47:24Z,2026-02-10 14:47:44
DraftKings,player_points,Caleb Martin,Under,5.5,-128,2026-02-11,2026-02-10T22:47:24Z,2026-02-10 14:47:44
DraftKings,player_points,Victor Wembanyama,Over,23.5,-105,2026-02-11,2026-02-10T22:47:41Z,2026-02-10 14:47:44
DraftKings,player_points,Victor Wembanyama,Under,23.5,-121,2026-02-11,2026-02-10T22:47:41Z,2026-02-10 14:47:44
DraftKings,player_points,De'Aaron Fox,Over,17.5,-101,2026-02-11,2026-02-10T22:47:41Z,2026-02-10 14:47:44
DraftKings,player_points,De'Aaron Fox,Under,17.5,-126,2026-02-11,2026-02-10T22:47:41Z,2026-02-10 14:47:44
DraftKings,player_points,Stephon Castle,Over,16.5,-120,2026-02-11,2026-02-10T22:47:41Z,2026-02-10 14:47:44
DraftKings,player_points,Stephon Castle,Under,16.5,-106,2026-02-11,2026-02-10T22:47:41Z,2026-02-10 14:47:44
DraftKings,player_points,Rui Hachimura,Over,15.5,-118,2026-02-11,2026-02-10T22:47:41Z,2026-02-10 14:47:44
DraftKings,player_points,Rui Hachimura,Under,15.5,-108,2026-02-11,2026-02-10T22:47:41Z,2026-02-10 14:47:44
DraftKings,player_points,Jake LaRavia,Over,12.5,-125,2026-02-11,2026-02-10T22:47:41Z,2026-02-10 14:47:44
DraftKings,player_points,Jake LaRavia,Under,12.5,-102,2026-02-11,2026-02-10T22:47:41Z,2026-02-10 14:47:44
DraftKings,player_points,Deandre Ayton,Over,12.5,-112,2026-02-11,2026-02-10T22:47:41Z,2026-02-10 14:47:44
DraftKings,player_points,Deandre Ayton,Under,12.5,-114,2026-02-11,2026-02-10T22:47:41Z,2026-02-10 14:47:44
DraftKings,player_points,Devin Vassell,Over,12.5,-112,2026-02-11,2026-02-10T22:47:41Z,2026-02-10 14:47:44
DraftKings,player_points,Devin Vassell,Under,12.5,-114,2026-02-11,2026-02-10T22:47:41Z,2026-02-10 14:47:44
DraftKings,player_points,Keldon Johnson,Over,10.5,-118,2026-02-11,2026-02-10T22:47:41Z,2026-02-10 14:47:44
DraftKings,player_points,Keldon Johnson,Under,10.5,-108,2026-02-11,2026-02-10T22:47:41Z,2026-02-10 14:47:44
DraftKings,player_points,Dylan Harper,Over,10.5,-105,2026-02-11,2026-02-10T22:47:41Z,2026-02-10 14:47:44
DraftKings,player_points,Dylan Harper,Under,10.5,-122,2026-02-11,2026-02-10T22:47:41Z,2026-02-10 14:47:44
DraftKings,player_points,Julian Champagnie,Over,9.5,-114,2026-02-11,2026-02-10T22:47:41Z,2026-02-10 14:47:44
DraftKings,player_points,Julian Champagnie,Under,9.5,-112,2026-02-11,2026-02-10T22:47:41Z,2026-02-10 14:47:44
DraftKings,player_points,Harrison Barnes,Over,7.5,-123,2026-02-11,2026-02-10T22:47:41Z,2026-02-10 14:47:44
DraftKings,player_points,Harrison Barnes,Under,7.5,-104,2026-02-11,2026-02-10T22:47:41Z,2026-02-10 14:47:44
DraftKings,player_points,Jarred Vanderbilt,Over,7.5,-111,2026-02-11,2026-02-10T22:47:41Z,2026-02-10 14:47:44
DraftKings,player_points,Jarred Vanderbilt,Under,7.5,-115,2026-02-11,2026-02-10T22:47:41Z,2026-02-10 14:47:44
DraftKings,player_points,Jaxson Hayes,Over,7.5,-107,2026-02-11,2026-02-10T22:47:41Z,2026-02-10 14:47:44
DraftKings,player_points,Jaxson Hayes,Under,7.5,-120,2026-02-11,2026-02-10T22:47:41Z,2026-02-10 14:47:44
BetOnline.ag,player_points,Josh Hart,Over,12.5,-112,2026-02-11,2026-02-10T22:46:54Z,2026-02-10 14:47:44
BetOnline.ag,player_points,Josh Hart,Under,12.5,-115,2026-02-11,2026-02-10T22:46:54Z,2026-02-10 14:47:44
BetOnline.ag,player_points,Jalen Brunson,Over,26.5,-116,2026-02-11,2026-02-10T22:46:54Z,2026-02-10 14:47:44
BetOnline.ag,player_points,Jalen Brunson,Under,26.5,-111,2026-02-11,2026-02-10T22:46:54Z,2026-02-10 14:47:44
BetOnline.ag,player_points,Aaron Nesmith,Over,13.5,-116,2026-02-11,2026-02-10T22:46:54Z,2026-02-10 14:47:44
BetOnline.ag,player_points,Aaron Nesmith,Under,13.5,-111,2026-02-11,2026-02-10T22:46:54Z,2026-02-10 14:47:44
BetOnline.ag,player_points,Pascal Siakam,Over,22.5,-106,2026-02-11,2026-02-10T22:46:54Z,2026-02-10 14:47:44
BetOnline.ag,player_points,Pascal Siakam,Under,22.5,-122,2026-02-11,2026-02-10T22:46:54Z,2026-02-10 14:47:44
BetOnline.ag,player_points,OG Anunoby,Over,15.5,-108,2026-02-11,2026-02-10T22:46:54Z,2026-02-10 14:47:44
BetOnline.ag,player_points,OG Anunoby,Under,15.5,-120,2026-02-11,2026-02-10T22:46:54Z,2026-02-10 14:47:44
BetOnline.ag,player_points,Landry Shamet,Over,8.5,-130,2026-02-11,2026-02-10T22:46:54Z,2026-02-10 14:47:44
BetOnline.ag,player_points,Landry Shamet,Under,8.5,100,2026-02-11,2026-02-10T22:46:54Z,2026-02-10 14:47:44
BetOnline.ag,player_points,Karl-Anthony Towns,Over,19.5,-130,2026-02-11,2026-02-10T22:46:54Z,2026-02-10 14:47:44
BetOnline.ag,player_points,Karl-Anthony Towns,Under,19.5,100,2026-02-11,2026-02-10T22:46:54Z,2026-02-10 14:47:44
BetOnline.ag,player_points,Mikal Bridges,Over,15.5,-125,2026-02-11,2026-02-10T22:46:54Z,2026-02-10 14:47:44
BetOnline.ag,player_points,Mikal Bridges,Under,15.5,-103,2026-02-11,2026-02-10T22:46:54Z,2026-02-10 14:47:44
BetOnline.ag,player_points,Andrew Nembhard,Over,16.5,-120,2026-02-11,2026-02-10T22:46:54Z,2026-02-10 14:47:44
BetOnline.ag,player_points,Andrew Nembhard,Under,16.5,-108,2026-02-11,2026-02-10T22:46:54Z,2026-02-10 14:47:44
BetOnline.ag,player_points,Jay Huff,Over,9.5,-127,2026-02-11,2026-02-10T22:46:54Z,2026-02-10 14:47:44
BetOnline.ag,player_points,Jay Huff,Under,9.5,-102,2026-02-11,2026-02-10T22:46:54Z,2026-02-10 14:47:44
BetOnline.ag,player_points,Ben Sheppard,Over,8.5,-106,2026-02-11,2026-02-10T22:46:54Z,2026-02-10 14:47:44
BetOnline.ag,player_points,Ben Sheppard,Under,8.5,-122,2026-02-11,2026-02-10T22:46:54Z,2026-02-10 14:47:44
BetOnline.ag,player_points,Amen Thompson,Over,15.5,-114,2026-02-11,2026-02-10T22:47:08Z,2026-02-10 14:47:44
BetOnline.ag,player_points,Amen Thompson,Under,15.5,-114,2026-02-11,2026-02-10T22:47:08Z,2026-02-10 14:47:44
BetOnline.ag,player_points,Tari Eason,Over,13.5,-108,2026-02-11,2026-02-10T22:47:08Z,2026-02-10 14:47:44
BetOnline.ag,player_points,Tari Eason,Under,13.5,-120,2026-02-11,2026-02-10T22:47:08Z,2026-02-10 14:47:44
BetOnline.ag,player_points,Jabari Smith Jr,Over,13.5,-116,2026-02-11,2026-02-10T22:47:08Z,2026-02-10 14:47:44
BetOnline.ag,player_points,Jabari Smith Jr,Under,13.5,-111,2026-02-11,2026-02-10T22:47:08Z,2026-02-10 14:47:44
BetOnline.ag,player_points,Kris Dunn,Over,7.5,-112,2026-02-11,2026-02-10T22:47:08Z,2026-02-10 14:47:44
BetOnline.ag,player_points,Kris Dunn,Under,7.5,-115,2026-02-11,2026-02-10T22:47:08Z,2026-02-10 14:47:44
BetOnline.ag,player_points,Kevin Durant,Over,24.5,-109,2026-02-11,2026-02-10T22:47:08Z,2026-02-10 14:47:44
BetOnline.ag,player_points,Kevin Durant,Under,24.5,-119,2026-02-11,2026-02-10T22:47:08Z,2026-02-10 14:47:44
BetOnline.ag,player_points,Derrick Jones,Over,7.5,-125,2026-02-11,2026-02-10T22:47:08Z,2026-02-10 14:47:44
BetOnline.ag,player_points,Derrick Jones,Under,7.5,-103,2026-02-11,2026-02-10T22:47:08Z,2026-02-10 14:47:44
BetOnline.ag,player_points,Yanic Konan Niederhauser,Over,5.5,100,2026-02-11,2026-02-10T22:47:08Z,2026-02-10 14:47:44
BetOnline.ag,player_points,Yanic Konan Niederhauser,Under,5.5,-130,2026-02-11,2026-02-10T22:47:08Z,2026-02-10 14:47:44
BetOnline.ag,player_points,Alperen Sengun,Over,19.5,-114,2026-02-11,2026-02-10T22:47:08Z,2026-02-10 14:47:44
BetOnline.ag,player_points,Alperen Sengun,Under,19.5,-114,2026-02-11,2026-02-10T22:47:08Z,2026-02-10 14:47:44
BetOnline.ag,player_points,John Collins,Over,13.5,-103,2026-02-11,2026-02-10T22:47:08Z,2026-02-10 14:47:44
BetOnline.ag,player_points,John Collins,Under,13.5,-125,2026-02-11,2026-02-10T22:47:08Z,2026-02-10 14:47:44
BetOnline.ag,player_points,Brook Lopez,Over,8.5,-106,2026-02-11,2026-02-10T22:47:08Z,2026-02-10 14:47:44
BetOnline.ag,player_points,Brook Lopez,Under,8.5,-122,2026-02-11,2026-02-10T22:47:08Z,2026-02-10 14:47:44
BetOnline.ag,player_points,Reed Sheppard,Over,10.5,100,2026-02-11,2026-02-10T22:47:08Z,2026-02-10 14:47:44
BetOnline.ag,player_points,Reed Sheppard,Under,10.5,-130,2026-02-11,2026-02-10T22:47:08Z,2026-02-10 14:47:44
BetOnline.ag,player_points,Kawhi Leonard,Over,27.5,-120,2026-02-11,2026-02-10T22:47:08Z,2026-02-10 14:47:44
BetOnline.ag,player_points,Kawhi Leonard,Under,27.5,-108,2026-02-11,2026-02-10T22:47:08Z,2026-02-10 14:47:44
BetOnline.ag,player_points,Jordan Goodwin,Over,8.5,-118,2026-02-11,2026-02-10T22:46:51Z,2026-02-10 14:47:44
BetOnline.ag,player_points,Jordan Goodwin,Under,8.5,-110,2026-02-11,2026-02-10T22:46:51Z,2026-02-10 14:47:44
BetOnline.ag,player_points,Daniel Gafford,Over,8.5,-118,2026-02-11,2026-02-10T22:46:51Z,2026-02-10 14:47:44
BetOnline.ag,player_points,Daniel Gafford,Under,8.5,-110,2026-02-11,2026-02-10T22:46:51Z,2026-02-10 14:47:44
BetOnline.ag,player_points,Klay Thompson,Over,8.5,-123,2026-02-11,2026-02-10T22:46:51Z,2026-02-10 14:47:44
BetOnline.ag,player_points,Klay Thompson,Under,8.5,-104,2026-02-11,2026-02-10T22:46:51Z,2026-02-10 14:47:44
BetOnline.ag,player_points,Max Christie,Over,12.5,-119,2026-02-11,2026-02-10T22:46:51Z,2026-02-10 14:47:44
BetOnline.ag,player_points,Max Christie,Under,12.5,-109,2026-02-11,2026-02-10T22:46:51Z,2026-02-10 14:47:44
BetOnline.ag,player_points,Jalen Green,Over,11.5,-114,2026-02-11,2026-02-10T22:46:51Z,2026-02-10 14:47:44
BetOnline.ag,player_points,Jalen Green,Under,11.5,-114,2026-02-11,2026-02-10T22:46:51Z,2026-02-10 14:47:44
BetOnline.ag,player_points,Cooper Flagg,Over,22.5,-110,2026-02-11,2026-02-10T22:46:51Z,2026-02-10 14:47:44
BetOnline.ag,player_points,Cooper Flagg,Under,22.5,-118,2026-02-11,2026-02-10T22:46:51Z,2026-02-10 14:47:44
BetOnline.ag,player_points,Dillon Brooks,Over,20.5,-125,2026-02-11,2026-02-10T22:46:51Z,2026-02-10 14:47:44
BetOnline.ag,player_points,Dillon Brooks,Under,20.5,-103,2026-02-11,2026-02-10T22:46:51Z,2026-02-10 14:47:44
BetOnline.ag,player_points,Mark Williams,Over,12.5,-114,2026-02-11,2026-02-10T22:46:51Z,2026-02-10 14:47:44
BetOnline.ag,player_points,Mark Williams,Under,12.5,-114,2026-02-11,2026-02-10T22:46:51Z,2026-02-10 14:47:44
BetOnline.ag,player_points,Collin Gillespie,Over,12.5,-115,2026-02-11,2026-02-10T22:46:51Z,2026-02-10 14:47:44
BetOnline.ag,player_points,Collin Gillespie,Under,12.5,-112,2026-02-11,2026-02-10T22:46:51Z,2026-02-10 14:47:44
BetOnline.ag,player_points,Brandon Williams,Over,11.5,-111,2026-02-11,2026-02-10T22:46:51Z,2026-02-10 14:47:44
BetOnline.ag,player_points,Brandon Williams,Under,11.5,-116,2026-02-11,2026-02-10T22:46:51Z,2026-02-10 14:47:44
BetOnline.ag,player_points,Royce O'Neale,Over,10.5,102,2026-02-11,2026-02-10T22:46:51Z,2026-02-10 14:47:44
BetOnline.ag,player_points,Royce O'Neale,Under,10.5,-132,2026-02-11,2026-02-10T22:46:51Z,2026-02-10 14:47:44
BetOnline.ag,player_points,Naji Marshall,Over,15.5,-101,2026-02-11,2026-02-10T22:46:51Z,2026-02-10 14:47:44
BetOnline.ag,player_points,Naji Marshall,Under,15.5,-128,2026-02-11,2026-02-10T22:46:51Z,2026-02-10 14:47:44
BetOnline.ag,player_points,P.J. Washington,Over,11.5,-114,2026-02-11,2026-02-10T22:46:51Z,2026-02-10 14:47:44
BetOnline.ag,player_points,P.J. Washington,Under,11.5,-114,2026-02-11,2026-02-10T22:46:51Z,2026-02-10 14:47:44
BetOnline.ag,player_points,Devin Booker,Over,25.5,-105,2026-02-11,2026-02-10T22:46:51Z,2026-02-10 14:47:44
BetOnline.ag,player_points,Devin Booker,Under,25.5,-123,2026-02-11,2026-02-10T22:46:51Z,2026-02-10 14:47:44
BetOnline.ag,player_points,Devin Vassell,Over,12.5,-110,2026-02-11,2026-02-10T22:47:39Z,2026-02-10 14:47:44
BetOnline.ag,player_points,Devin Vassell,Under,12.5,-118,2026-02-11,2026-02-10T22:47:39Z,2026-02-10 14:47:44
BetOnline.ag,player_points,Keldon Johnson,Over,10.5,-115,2026-02-11,2026-02-10T22:47:39Z,2026-02-10 14:47:44
BetOnline.ag,player_points,Keldon Johnson,Under,10.5,-112,2026-02-11,2026-02-10T22:47:39Z,2026-02-10 14:47:44
BetOnline.ag,player_points,De'Aaron Fox,Over,17.5,-105,2026-02-11,2026-02-10T22:47:39Z,2026-02-10 14:47:44
BetOnline.ag,player_points,De'Aaron Fox,Under,17.5,-123,2026-02-11,2026-02-10T22:47:39Z,2026-02-10 14:47:44
BetOnline.ag,player_points,Julian Champagnie,Over,9.5,100,2026-02-11,2026-02-10T22:47:39Z,2026-02-10 14:47:44
BetOnline.ag,player_points,Julian Champagnie,Under,9.5,-130,2026-02-11,2026-02-10T22:47:39Z,2026-02-10 14:47:44
BetOnline.ag,player_points,Victor Wembanyama,Over,23.5,-103,2026-02-11,2026-02-10T22:47:39Z,2026-02-10 14:47:44
BetOnline.ag,player_points,Victor Wembanyama,Under,23.5,-125,2026-02-11,2026-02-10T22:47:39Z,2026-02-10 14:47:44
BetOnline.ag,player_points,Stephon Castle,Over,16.5,-120,2026-02-11,2026-02-10T22:47:39Z,2026-02-10 14:47:44
BetOnline.ag,player_points,Stephon Castle,Under,16.5,-108,2026-02-11,2026-02-10T22:47:39Z,2026-02-10 14:47:44
BetOnline.ag,player_points,Dylan Harper,Over,10.5,100,2026-02-11,2026-02-10T22:47:39Z,2026-02-10 14:47:44
BetOnline.ag,player_points,Dylan Harper,Under,10.5,-130,2026-02-11,2026-02-10T22:47:39Z,2026-02-10 14:47:44
BetOnline.ag,player_points,Harrison Barnes,Over,7.5,-128,2026-02-11,2026-02-10T22:47:39Z,2026-02-10 14:47:44
BetOnline.ag,player_points,Harrison Barnes,Under,7.5,-101,2026-02-11,2026-02-10T22:47:39Z,2026-02-10 14:47:44
BetOnline.ag,player_points,Deandre Ayton,Over,12.5,-122,2026-02-11,2026-02-10T22:47:39Z,2026-02-10 14:47:44
BetOnline.ag,player_points,Deandre Ayton,Under,12.5,-106,2026-02-11,2026-02-10T22:47:39Z,2026-02-10 14:47:44
BetOnline.ag,player_points,Jake LaRavia,Over,13.5,-105,2026-02-11,2026-02-10T22:47:39Z,2026-02-10 14:47:44
BetOnline.ag,player_points,Jake LaRavia,Under,13.5,-123,2026-02-11,2026-02-10T22:47:39Z,2026-02-10 14:47:44
BetOnline.ag,player_points,Jaxson Hayes,Over,7.5,-105,2026-02-11,2026-02-10T22:47:39Z,2026-02-10 14:47:44
BetOnline.ag,player_points,Jaxson Hayes,Under,7.5,-123,2026-02-11,2026-02-10T22:47:39Z,2026-02-10 14:47:44
BetOnline.ag,player_points,Jarred Vanderbilt,Over,6.5,-120,2026-02-11,2026-02-10T22:47:39Z,2026-02-10 14:47:44
BetOnline.ag,player_points,Jarred Vanderbilt,Under,6.5,-108,2026-02-11,2026-02-10T22:47:39Z,2026-02-10 14:47:44
BetMGM,player_points,OG Anunoby,Over,15.5,-120,2026-02-11,2026-02-10T22:47:05Z,2026-02-10 14:47:44
BetMGM,player_points,OG Anunoby,Under,15.5,-110,2026-02-11,2026-02-10T22:47:05Z,2026-02-10 14:47:44
BetMGM,player_points,Josh Hart,Over,12.5,-118,2026-02-11,2026-02-10T22:47:05Z,2026-02-10 14:47:44
BetMGM,player_points,Josh Hart,Under,12.5,-115,2026-02-11,2026-02-10T22:47:05Z,2026-02-10 14:47:44
BetMGM,player_points,Karl-Anthony Towns,Over,19.5,-110,2026-02-11,2026-02-10T22:47:05Z,2026-02-10 14:47:44
BetMGM,player_points,Karl-Anthony Towns,Under,19.5,-118,2026-02-11,2026-02-10T22:47:05Z,2026-02-10 14:47:44
BetMGM,player_points,Mikal Bridges,Over,15.5,-118,2026-02-11,2026-02-10T22:47:05Z,2026-02-10 14:47:44
BetMGM,player_points,Mikal Bridges,Under,15.5,-110,2026-02-11,2026-02-10T22:47:05Z,2026-02-10 14:47:44
BetMGM,player_points,Jalen Brunson,Over,26.5,-110,2026-02-11,2026-02-10T22:47:05Z,2026-02-10 14:47:44
BetMGM,player_points,Jalen Brunson,Under,26.5,-125,2026-02-11,2026-02-10T22:47:05Z,2026-02-10 14:47:44
BetMGM,player_points,Andrew Nembhard,Over,17.5,-105,2026-02-11,2026-02-10T22:47:05Z,2026-02-10 14:47:44
BetMGM,player_points,Andrew Nembhard,Under,17.5,-125,2026-02-11,2026-02-10T22:47:05Z,2026-02-10 14:47:44
BetMGM,player_points,Jay Huff,Over,9.5,-125,2026-02-11,2026-02-10T22:47:05Z,2026-02-10 14:47:44
BetMGM,player_points,Jay Huff,Under,9.5,-105,2026-02-11,2026-02-10T22:47:05Z,2026-02-10 14:47:44
BetMGM,player_points,Landry Shamet,Over,8.5,-125,2026-02-11,2026-02-10T22:47:05Z,2026-02-10 14:47:44
BetMGM,player_points,Landry Shamet,Under,8.5,-105,2026-02-11,2026-02-10T22:47:05Z,2026-02-10 14:47:44
BetMGM,player_points,Aaron Nesmith,Over,14.5,-105,2026-02-11,2026-02-10T22:47:05Z,2026-02-10 14:47:44
BetMGM,player_points,Aaron Nesmith,Under,14.5,-125,2026-02-11,2026-02-10T22:47:05Z,2026-02-10 14:47:44
BetMGM,player_points,T.J. McConnell,Over,8.5,-105,2026-02-11,2026-02-10T22:47:05Z,2026-02-10 14:47:44
BetMGM,player_points,T.J. McConnell,Under,8.5,-130,2026-02-11,2026-02-10T22:47:05Z,2026-02-10 14:47:44
BetMGM,player_points,Pascal Siakam,Over,23.5,-105,2026-02-11,2026-02-10T22:47:05Z,2026-02-10 14:47:44
BetMGM,player_points,Pascal Siakam,Under,23.5,-125,2026-02-11,2026-02-10T22:47:05Z,2026-02-10 14:47:44
BetMGM,player_points,Ben Sheppard,Over,8.5,105,2026-02-11,2026-02-10T22:47:05Z,2026-02-10 14:47:44
BetMGM,player_points,Ben Sheppard,Under,8.5,-140,2026-02-11,2026-02-10T22:47:05Z,2026-02-10 14:47:44
BetMGM,player_points,Kawhi Leonard,Over,28.5,-105,2026-02-11,2026-02-10T22:47:09Z,2026-02-10 14:47:44
BetMGM,player_points,Kawhi Leonard,Under,28.5,-125,2026-02-11,2026-02-10T22:47:09Z,2026-02-10 14:47:44
BetMGM,player_points,Clint Capela,Over,3.5,-120,2026-02-11,2026-02-10T22:47:09Z,2026-02-10 14:47:44
BetMGM,player_points,Clint Capela,Under,3.5,-110,2026-02-11,2026-02-10T22:47:09Z,2026-02-10 14:47:44
BetMGM,player_points,Brook Lopez,Over,8.5,-115,2026-02-11,2026-02-10T22:47:09Z,2026-02-10 14:47:44
BetMGM,player_points,Brook Lopez,Under,8.5,-118,2026-02-11,2026-02-10T22:47:09Z,2026-02-10 14:47:44
BetMGM,player_points,Tari Eason,Over,12.5,-130,2026-02-11,2026-02-10T22:47:09Z,2026-02-10 14:47:44
BetMGM,player_points,Tari Eason,Under,12.5,-105,2026-02-11,2026-02-10T22:47:09Z,2026-02-10 14:47:44
BetMGM,player_points,Derrick Jones,Over,7.5,-130,2026-02-11,2026-02-10T22:47:09Z,2026-02-10 14:47:44
BetMGM,player_points,Derrick Jones,Under,7.5,100,2026-02-11,2026-02-10T22:47:09Z,2026-02-10 14:47:44
BetMGM,player_points,Jabari Smith Jr,Over,13.5,-140,2026-02-11,2026-02-10T22:47:09Z,2026-02-10 14:47:44
BetMGM,player_points,Jabari Smith Jr,Under,13.5,105,2026-02-11,2026-02-10T22:47:09Z,2026-02-10 14:47:44
BetMGM,player_points,Josh Okogie,Over,2.5,-120,2026-02-11,2026-02-10T22:47:09Z,2026-02-10 14:47:44
BetMGM,player_points,Josh Okogie,Under,2.5,-110,2026-02-11,2026-02-10T22:47:09Z,2026-02-10 14:47:44
BetMGM,player_points,Kris Dunn,Over,7.5,-125,2026-02-11,2026-02-10T22:47:09Z,2026-02-10 14:47:44
BetMGM,player_points,Kris Dunn,Under,7.5,-105,2026-02-11,2026-02-10T22:47:09Z,2026-02-10 14:47:44
BetMGM,player_points,Kevin Durant,Over,23.5,-130,2026-02-11,2026-02-10T22:47:09Z,2026-02-10 14:47:44
BetMGM,player_points,Kevin Durant,Under,23.5,100,2026-02-11,2026-02-10T22:47:09Z,2026-02-10 14:47:44
BetMGM,player_points,Dorian Finney-Smith,Over,3.5,-105,2026-02-11,2026-02-10T22:47:09Z,2026-02-10 14:47:44
BetMGM,player_points,Dorian Finney-Smith,Under,3.5,-125,2026-02-11,2026-02-10T22:47:09Z,2026-02-10 14:47:44
BetMGM,player_points,John Collins,Over,13.5,-105,2026-02-11,2026-02-10T22:47:09Z,2026-02-10 14:47:44
BetMGM,player_points,John Collins,Under,13.5,-125,2026-02-11,2026-02-10T22:47:09Z,2026-02-10 14:47:44
BetMGM,player_points,Amen Thompson,Over,15.5,-115,2026-02-11,2026-02-10T22:47:09Z,2026-02-10 14:47:44
BetMGM,player_points,Amen Thompson,Under,15.5,-115,2026-02-11,2026-02-10T22:47:09Z,2026-02-10 14:47:44
BetMGM,player_points,Alperen Sengun,Over,19.5,-110,2026-02-11,2026-02-10T22:47:09Z,2026-02-10 14:47:44
BetMGM,player_points,Alperen Sengun,Under,19.5,-120,2026-02-11,2026-02-10T22:47:09Z,2026-02-10 14:47:44
BetMGM,player_points,Reed Sheppard,Over,10.5,-105,2026-02-11,2026-02-10T22:47:09Z,2026-02-10 14:47:44
BetMGM,player_points,Reed Sheppard,Under,10.5,-125,2026-02-11,2026-02-10T22:47:09Z,2026-02-10 14:47:44
BetMGM,player_points,Daniel Gafford,Over,8.5,100,2026-02-11,2026-02-10T22:47:49Z,2026-02-10 14:47:44
BetMGM,player_points,Daniel Gafford,Under,8.5,-130,2026-02-11,2026-02-10T22:47:49Z,2026-02-10 14:47:44
BetMGM,player_points,Oso Ighodaro,Over,5.5,-120,2026-02-11,2026-02-10T22:47:49Z,2026-02-10 14:47:44
BetMGM,player_points,Oso Ighodaro,Under,5.5,-110,2026-02-11,2026-02-10T22:47:49Z,2026-02-10 14:47:44
BetMGM,player_points,Caleb Martin,Over,5.5,100,2026-02-11,2026-02-10T22:47:49Z,2026-02-10 14:47:44
BetMGM,player_points,Caleb Martin,Under,5.5,-135,2026-02-11,2026-02-10T22:47:49Z,2026-02-10 14:47:44
BetMGM,player_points,Jordan Goodwin,Over,8.5,-105,2026-02-11,2026-02-10T22:47:49Z,2026-02-10 14:47:44
BetMGM,player_points,Jordan Goodwin,Under,8.5,-125,2026-02-11,2026-02-10T22:47:49Z,2026-02-10 14:47:44
BetMGM,player_points,Royce O'Neale,Over,9.5,-130,2026-02-11,2026-02-10T22:47:49Z,2026-02-10 14:47:44
BetMGM,player_points,Royce O'Neale,Under,9.5,-105,2026-02-11,2026-02-10T22:47:49Z,2026-02-10 14:47:44
BetMGM,player_points,Klay Thompson,Over,8.5,-110,2026-02-11,2026-02-10T22:47:49Z,2026-02-10 14:47:44
BetMGM,player_points,Klay Thompson,Under,8.5,-120,2026-02-11,2026-02-10T22:47:49Z,2026-02-10 14:47:44
BetMGM,player_points,Collin Gillespie,Over,12.5,-110,2026-02-11,2026-02-10T22:47:49Z,2026-02-10 14:47:44
BetMGM,player_points,Collin Gillespie,Under,12.5,-120,2026-02-11,2026-02-10T22:47:49Z,2026-02-10 14:47:44
BetMGM,player_points,Devin Booker,Over,24.5,-115,2026-02-11,2026-02-10T22:47:49Z,2026-02-10 14:47:44
BetMGM,player_points,Devin Booker,Under,24.5,-115,2026-02-11,2026-02-10T22:47:49Z,2026-02-10 14:47:44
BetMGM,player_points,Dillon Brooks,Over,20.5,-120,2026-02-11,2026-02-10T22:47:49Z,2026-02-10 14:47:44
BetMGM,player_points,Dillon Brooks,Under,20.5,-110,2026-02-11,2026-02-10T22:47:49Z,2026-02-10 14:47:44
BetMGM,player_points,Jalen Green,Over,11.5,-110,2026-02-11,2026-02-10T22:47:49Z,2026-02-10 14:47:44
BetMGM,player_points,Jalen Green,Under,11.5,-118,2026-02-11,2026-02-10T22:47:49Z,2026-02-10 14:47:44
BetMGM,player_points,Cooper Flagg,Over,22.5,-105,2026-02-11,2026-02-10T22:47:49Z,2026-02-10 14:47:44
BetMGM,player_points,Cooper Flagg,Under,22.5,-130,2026-02-11,2026-02-10T22:47:49Z,2026-02-10 14:47:44
BetMGM,player_points,Mark Williams,Over,12.5,-118,2026-02-11,2026-02-10T22:47:49Z,2026-02-10 14:47:44
BetMGM,player_points,Mark Williams,Under,12.5,-110,2026-02-11,2026-02-10T22:47:49Z,2026-02-10 14:47:44
BetMGM,player_points,P.J. Washington,Over,11.5,100,2026-02-11,2026-02-10T22:47:49Z,2026-02-10 14:47:44
BetMGM,player_points,P.J. Washington,Under,11.5,-135,2026-02-11,2026-02-10T22:47:49Z,2026-02-10 14:47:44
BetMGM,player_points,Max Christie,Over,12.5,-120,2026-02-11,2026-02-10T22:47:49Z,2026-02-10 14:47:44
BetMGM,player_points,Max Christie,Under,12.5,-110,2026-02-11,2026-02-10T22:47:49Z,2026-02-10 14:47:44
BetMGM,player_points,Naji Marshall,Over,14.5,-130,2026-02-11,2026-02-10T22:47:49Z,2026-02-10 14:47:44
BetMGM,player_points,Naji Marshall,Under,14.5,-105,2026-02-11,2026-02-10T22:47:49Z,2026-02-10 14:47:44
BetMGM,player_points,De'Aaron Fox,Over,16.5,-140,2026-02-11,2026-02-10T22:47:20Z,2026-02-10 14:47:44
BetMGM,player_points,De'Aaron Fox,Under,16.5,105,2026-02-11,2026-02-10T22:47:20Z,2026-02-10 14:47:44
BetMGM,player_points,Stephon Castle,Over,16.5,-120,2026-02-11,2026-02-10T22:47:20Z,2026-02-10 14:47:44
BetMGM,player_points,Stephon Castle,Under,16.5,-110,2026-02-11,2026-02-10T22:47:20Z,2026-02-10 14:47:44
BetMGM,player_points,Julian Champagnie,Over,8.5,-118,2026-02-11,2026-02-10T22:47:20Z,2026-02-10 14:47:44
BetMGM,player_points,Julian Champagnie,Under,8.5,-110,2026-02-11,2026-02-10T22:47:20Z,2026-02-10 14:47:44
BetMGM,player_points,Devin Vassell,Over,12.5,-110,2026-02-11,2026-02-10T22:47:20Z,2026-02-10 14:47:44
BetMGM,player_points,Devin Vassell,Under,12.5,-120,2026-02-11,2026-02-10T22:47:20Z,2026-02-10 14:47:44
BetMGM,player_points,Victor Wembanyama,Over,22.5,-120,2026-02-11,2026-02-10T22:47:20Z,2026-02-10 14:47:44
BetMGM,player_points,Victor Wembanyama,Under,22.5,-110,2026-02-11,2026-02-10T22:47:20Z,2026-02-10 14:47:44
BetMGM,player_points,Luke Kornet,Over,4.5,-110,2026-02-11,2026-02-10T22:47:20Z,2026-02-10 14:47:44
BetMGM,player_points,Luke Kornet,Under,4.5,-118,2026-02-11,2026-02-10T22:47:20Z,2026-02-10 14:47:44
BetMGM,player_points,Deandre Ayton,Over,12.5,-118,2026-02-11,2026-02-10T22:47:20Z,2026-02-10 14:47:44
BetMGM,player_points,Deandre Ayton,Under,12.5,-110,2026-02-11,2026-02-10T22:47:20Z,2026-02-10 14:47:44
BetMGM,player_points,Rui Hachimura,Over,15.5,-125,2026-02-11,2026-02-10T22:47:20Z,2026-02-10 14:47:44
BetMGM,player_points,Rui Hachimura,Under,15.5,-105,2026-02-11,2026-02-10T22:47:20Z,2026-02-10 14:47:44
BetMGM,player_points,Jake LaRavia,Over,12.5,-125,2026-02-11,2026-02-10T22:47:20Z,2026-02-10 14:47:44
BetMGM,player_points,Jake LaRavia,Under,12.5,-105,2026-02-11,2026-02-10T22:47:20Z,2026-02-10 14:47:44
BetMGM,player_points,Jarred Vanderbilt,Over,8.5,100,2026-02-11,2026-02-10T22:47:20Z,2026-02-10 14:47:44
BetMGM,player_points,Jarred Vanderbilt,Under,8.5,-135,2026-02-11,2026-02-10T22:47:20Z,2026-02-10 14:47:44
BetMGM,player_points,Keldon Johnson,Over,11.5,-105,2026-02-11,2026-02-10T22:47:20Z,2026-02-10 14:47:44
BetMGM,player_points,Keldon Johnson,Under,11.5,-125,2026-02-11,2026-02-10T22:47:20Z,2026-02-10 14:47:44
BetMGM,player_points,Harrison Barnes,Over,7.5,-140,2026-02-11,2026-02-10T22:47:20Z,2026-02-10 14:47:44
BetMGM,player_points,Harrison Barnes,Under,7.5,105,2026-02-11,2026-02-10T22:47:20Z,2026-02-10 14:47:44
BetMGM,player_points,Dylan Harper,Over,10.5,120,2026-02-11,2026-02-10T22:47:20Z,2026-02-10 14:47:44
BetMGM,player_points,Dylan Harper,Under,10.5,-160,2026-02-11,2026-02-10T22:47:20Z,2026-02-10 14:47:44
BetRivers,player_points,Landry Shamet,Over,8.5,-110,2026-02-11,2026-02-10T22:47:29Z,2026-02-10 14:47:44
BetRivers,player_points,Landry Shamet,Under,8.5,-122,2026-02-11,2026-02-10T22:47:29Z,2026-02-10 14:47:44
BetRivers,player_points,Andrew Nembhard,Over,16.5,-139,2026-02-11,2026-02-10T22:47:29Z,2026-02-10 14:47:44
BetRivers,player_points,Andrew Nembhard,Under,16.5,102,2026-02-11,2026-02-10T22:47:29Z,2026-02-10 14:47:44
BetRivers,player_points,Jay Huff,Over,9.5,-148,2026-02-11,2026-02-10T22:47:29Z,2026-02-10 14:47:44
BetRivers,player_points,Jay Huff,Under,9.5,108,2026-02-11,2026-02-10T22:47:29Z,2026-02-10 14:47:44
BetRivers,player_points,Mikal Bridges,Over,15.5,-109,2026-02-11,2026-02-10T22:47:29Z,2026-02-10 14:47:44
BetRivers,player_points,Mikal Bridges,Under,15.5,-125,2026-02-11,2026-02-10T22:47:29Z,2026-02-10 14:47:44
BetRivers,player_points,Jalen Brunson,Over,25.5,-157,2026-02-11,2026-02-10T22:47:29Z,2026-02-10 14:47:44
BetRivers,player_points,Jalen Brunson,Under,25.5,115,2026-02-11,2026-02-10T22:47:29Z,2026-02-10 14:47:44
BetRivers,player_points,Jalen Brunson,Over,27.5,100,2026-02-11,2026-02-10T22:47:29Z,2026-02-10 14:47:44
BetRivers,player_points,Jalen Brunson,Under,27.5,-136,2026-02-11,2026-02-10T22:47:29Z,2026-02-10 14:47:44
BetRivers,player_points,Mikal Bridges,Over,14.5,-141,2026-02-11,2026-02-10T22:47:29Z,2026-02-10 14:47:44
BetRivers,player_points,Mikal Bridges,Under,14.5,104,2026-02-11,2026-02-10T22:47:29Z,2026-02-10 14:47:44
BetRivers,player_points,Josh Hart,Over,11.5,-152,2026-02-11,2026-02-10T22:47:29Z,2026-02-10 14:47:44
BetRivers,player_points,Josh Hart,Under,11.5,112,2026-02-11,2026-02-10T22:47:29Z,2026-02-10 14:47:44
BetRivers,player_points,Josh Hart,Over,12.5,-110,2026-02-11,2026-02-10T22:47:29Z,2026-02-10 14:47:44
BetRivers,player_points,Josh Hart,Under,12.5,-124,2026-02-11,2026-02-10T22:47:29Z,2026-02-10 14:47:44
BetRivers,player_points,Mikal Bridges,Over,16.5,120,2026-02-11,2026-02-10T22:47:29Z,2026-02-10 14:47:44
BetRivers,player_points,Mikal Bridges,Under,16.5,-167,2026-02-11,2026-02-10T22:47:29Z,2026-02-10 14:47:44
BetRivers,player_points,Aaron Nesmith,Over,12.5,-159,2026-02-11,2026-02-10T22:47:29Z,2026-02-10 14:47:44
BetRivers,player_points,Aaron Nesmith,Under,12.5,116,2026-02-11,2026-02-10T22:47:29Z,2026-02-10 14:47:44
BetRivers,player_points,Karl-Anthony Towns,Over,20.5,105,2026-02-11,2026-02-10T22:47:29Z,2026-02-10 14:47:44
BetRivers,player_points,Karl-Anthony Towns,Under,20.5,-143,2026-02-11,2026-02-10T22:47:29Z,2026-02-10 14:47:44
BetRivers,player_points,Aaron Nesmith,Over,13.5,-120,2026-02-11,2026-02-10T22:47:29Z,2026-02-10 14:47:44
BetRivers,player_points,Aaron Nesmith,Under,13.5,-114,2026-02-11,2026-02-10T22:47:29Z,2026-02-10 14:47:44
BetRivers,player_points,Karl-Anthony Towns,Over,18.5,-159,2026-02-11,2026-02-10T22:47:29Z,2026-02-10 14:47:44
BetRivers,player_points,Karl-Anthony Towns,Under,18.5,115,2026-02-11,2026-02-10T22:47:29Z,2026-02-10 14:47:44
BetRivers,player_points,Andrew Nembhard,Over,17.5,-108,2026-02-11,2026-02-10T22:47:29Z,2026-02-10 14:47:44
BetRivers,player_points,Andrew Nembhard,Under,17.5,-125,2026-02-11,2026-02-10T22:47:29Z,2026-02-10 14:47:44
BetRivers,player_points,OG Anunoby,Over,15.5,-117,2026-02-11,2026-02-10T22:47:29Z,2026-02-10 14:47:44
BetRivers,player_points,OG Anunoby,Under,15.5,-117,2026-02-11,2026-02-10T22:47:29Z,2026-02-10 14:47:44
BetRivers,player_points,Pascal Siakam,Over,22.5,-117,2026-02-11,2026-02-10T22:47:29Z,2026-02-10 14:47:44
BetRivers,player_points,Pascal Siakam,Under,22.5,-117,2026-02-11,2026-02-10T22:47:29Z,2026-02-10 14:47:44
BetRivers,player_points,Andrew Nembhard,Over,18.5,120,2026-02-11,2026-02-10T22:47:29Z,2026-02-10 14:47:44
BetRivers,player_points,Andrew Nembhard,Under,18.5,-165,2026-02-11,2026-02-10T22:47:29Z,2026-02-10 14:47:44
BetRivers,player_points,Landry Shamet,Over,7.5,-165,2026-02-11,2026-02-10T22:47:29Z,2026-02-10 14:47:44
BetRivers,player_points,Landry Shamet,Under,7.5,118,2026-02-11,2026-02-10T22:47:29Z,2026-02-10 14:47:44
BetRivers,player_points,OG Anunoby,Over,16.5,112,2026-02-11,2026-02-10T22:47:29Z,2026-02-10 14:47:44
BetRivers,player_points,OG Anunoby,Under,16.5,-155,2026-02-11,2026-02-10T22:47:29Z,2026-02-10 14:47:44
BetRivers,player_points,Jalen Brunson,Over,26.5,-124,2026-02-11,2026-02-10T22:47:29Z,2026-02-10 14:47:44
BetRivers,player_points,Jalen Brunson,Under,26.5,-110,2026-02-11,2026-02-10T22:47:29Z,2026-02-10 14:47:44
BetRivers,player_points,OG Anunoby,Over,14.5,-157,2026-02-11,2026-02-10T22:47:29Z,2026-02-10 14:47:44
BetRivers,player_points,OG Anunoby,Under,14.5,114,2026-02-11,2026-02-10T22:47:29Z,2026-02-10 14:47:44
BetRivers,player_points,Karl-Anthony Towns,Over,19.5,-121,2026-02-11,2026-02-10T22:47:29Z,2026-02-10 14:47:44
BetRivers,player_points,Karl-Anthony Towns,Under,19.5,-113,2026-02-11,2026-02-10T22:47:29Z,2026-02-10 14:47:44
BetRivers,player_points,Jay Huff,Over,10.5,-106,2026-02-11,2026-02-10T22:47:29Z,2026-02-10 14:47:44
BetRivers,player_points,Jay Huff,Under,10.5,-127,2026-02-11,2026-02-10T22:47:29Z,2026-02-10 14:47:44
BetRivers,player_points,Pascal Siakam,Over,21.5,-148,2026-02-11,2026-02-10T22:47:29Z,2026-02-10 14:47:44
BetRivers,player_points,Pascal Siakam,Under,21.5,108,2026-02-11,2026-02-10T22:47:29Z,2026-02-10 14:47:44
BetRivers,player_points,Pascal Siakam,Over,23.5,108,2026-02-11,2026-02-10T22:47:29Z,2026-02-10 14:47:44
BetRivers,player_points,Pascal Siakam,Under,23.5,-148,2026-02-11,2026-02-10T22:47:29Z,2026-02-10 14:47:44
BetRivers,player_points,Aaron Nesmith,Over,14.5,110,2026-02-11,2026-02-10T22:47:29Z,2026-02-10 14:47:44
BetRivers,player_points,Aaron Nesmith,Under,14.5,-150,2026-02-11,2026-02-10T22:47:29Z,2026-02-10 14:47:44
BetRivers,player_points,Kawhi Leonard,Over,27.5,-129,2026-02-11,2026-02-10T22:47:39Z,2026-02-10 14:47:44
BetRivers,player_points,Kawhi Leonard,Under,27.5,-106,2026-02-11,2026-02-10T22:47:39Z,2026-02-10 14:47:44
BetRivers,player_points,Tari Eason,Over,12.5,-132,2026-02-11,2026-02-10T22:47:39Z,2026-02-10 14:47:44
BetRivers,player_points,Tari Eason,Under,12.5,-104,2026-02-11,2026-02-10T22:47:39Z,2026-02-10 14:47:44
BetRivers,player_points,Jabari Smith Jr,Over,12.5,-155,2026-02-11,2026-02-10T22:47:39Z,2026-02-10 14:47:44
BetRivers,player_points,Jabari Smith Jr,Under,12.5,114,2026-02-11,2026-02-10T22:47:39Z,2026-02-10 14:47:44
BetRivers,player_points,Kris Dunn,Over,7.5,-127,2026-02-11,2026-02-10T22:47:39Z,2026-02-10 14:47:44
BetRivers,player_points,Kris Dunn,Under,7.5,-107,2026-02-11,2026-02-10T22:47:39Z,2026-02-10 14:47:44
BetRivers,player_points,Derrick Jones,Over,8.5,-109,2026-02-11,2026-02-10T22:47:39Z,2026-02-10 14:47:44
BetRivers,player_points,Derrick Jones,Under,8.5,-124,2026-02-11,2026-02-10T22:47:39Z,2026-02-10 14:47:44
BetRivers,player_points,Brook Lopez,Over,7.5,-167,2026-02-11,2026-02-10T22:47:39Z,2026-02-10 14:47:44
BetRivers,player_points,Brook Lopez,Under,7.5,120,2026-02-11,2026-02-10T22:47:39Z,2026-02-10 14:47:44
BetRivers,player_points,John Collins,Over,12.5,-162,2026-02-11,2026-02-10T22:47:39Z,2026-02-10 14:47:44
BetRivers,player_points,John Collins,Under,12.5,117,2026-02-11,2026-02-10T22:47:39Z,2026-02-10 14:47:44
BetRivers,player_points,Reed Sheppard,Over,9.5,-129,2026-02-11,2026-02-10T22:47:39Z,2026-02-10 14:47:44
BetRivers,player_points,Reed Sheppard,Under,9.5,-105,2026-02-11,2026-02-10T22:47:39Z,2026-02-10 14:47:44
BetRivers,player_points,Brook Lopez,Over,8.5,-110,2026-02-11,2026-02-10T22:47:39Z,2026-02-10 14:47:44
BetRivers,player_points,Brook Lopez,Under,8.5,-124,2026-02-11,2026-02-10T22:47:39Z,2026-02-10 14:47:44
BetRivers,player_points,Kawhi Leonard,Over,29.5,117,2026-02-11,2026-02-10T22:47:39Z,2026-02-10 14:47:44
BetRivers,player_points,Kawhi Leonard,Under,29.5,-162,2026-02-11,2026-02-10T22:47:39Z,2026-02-10 14:47:44
BetRivers,player_points,John Collins,Over,13.5,-118,2026-02-11,2026-02-10T22:47:39Z,2026-02-10 14:47:44
BetRivers,player_points,John Collins,Under,13.5,-114,2026-02-11,2026-02-10T22:47:39Z,2026-02-10 14:47:44
BetRivers,player_points,Derrick Jones,Over,7.5,-159,2026-02-11,2026-02-10T22:47:39Z,2026-02-10 14:47:44
BetRivers,player_points,Derrick Jones,Under,7.5,116,2026-02-11,2026-02-10T22:47:39Z,2026-02-10 14:47:44
BetRivers,player_points,Jabari Smith Jr,Over,14.5,116,2026-02-11,2026-02-10T22:47:39Z,2026-02-10 14:47:44
BetRivers,player_points,Jabari Smith Jr,Under,14.5,-159,2026-02-11,2026-02-10T22:47:39Z,2026-02-10 14:47:44
BetRivers,player_points,Alperen Sengun,Over,19.5,102,2026-02-11,2026-02-10T22:47:39Z,2026-02-10 14:47:44
BetRivers,player_points,Alperen Sengun,Under,19.5,-139,2026-02-11,2026-02-10T22:47:39Z,2026-02-10 14:47:44
BetRivers,player_points,Kawhi Leonard,Over,28.5,-105,2026-02-11,2026-02-10T22:47:39Z,2026-02-10 14:47:44
BetRivers,player_points,Kawhi Leonard,Under,28.5,-129,2026-02-11,2026-02-10T22:47:39Z,2026-02-10 14:47:44
BetRivers,player_points,Reed Sheppard,Over,10.5,105,2026-02-11,2026-02-10T22:47:39Z,2026-02-10 14:47:44
BetRivers,player_points,Reed Sheppard,Under,10.5,-141,2026-02-11,2026-02-10T22:47:39Z,2026-02-10 14:47:44
BetRivers,player_points,Amen Thompson,Over,14.5,-167,2026-02-11,2026-02-10T22:47:39Z,2026-02-10 14:47:44
BetRivers,player_points,Amen Thompson,Under,14.5,120,2026-02-11,2026-02-10T22:47:39Z,2026-02-10 14:47:44
BetRivers,player_points,Alperen Sengun,Over,18.5,-125,2026-02-11,2026-02-10T22:47:39Z,2026-02-10 14:47:44
BetRivers,player_points,Alperen Sengun,Under,18.5,-109,2026-02-11,2026-02-10T22:47:39Z,2026-02-10 14:47:44
BetRivers,player_points,Jabari Smith Jr,Over,13.5,-115,2026-02-11,2026-02-10T22:47:39Z,2026-02-10 14:47:44
BetRivers,player_points,Jabari Smith Jr,Under,13.5,-118,2026-02-11,2026-02-10T22:47:39Z,2026-02-10 14:47:44
BetRivers,player_points,Tari Eason,Over,13.5,102,2026-02-11,2026-02-10T22:47:39Z,2026-02-10 14:47:44
BetRivers,player_points,Tari Eason,Under,13.5,-137,2026-02-11,2026-02-10T22:47:39Z,2026-02-10 14:47:44
BetRivers,player_points,Alperen Sengun,Over,17.5,-167,2026-02-11,2026-02-10T22:47:39Z,2026-02-10 14:47:44
BetRivers,player_points,Alperen Sengun,Under,17.5,120,2026-02-11,2026-02-10T22:47:39Z,2026-02-10 14:47:44
BetRivers,player_points,Amen Thompson,Over,16.5,108,2026-02-11,2026-02-10T22:47:39Z,2026-02-10 14:47:44
BetRivers,player_points,Amen Thompson,Under,16.5,-148,2026-02-11,2026-02-10T22:47:39Z,2026-02-10 14:47:44
BetRivers,player_points,Kevin Durant,Over,23.5,-132,2026-02-11,2026-02-10T22:47:39Z,2026-02-10 14:47:44
BetRivers,player_points,Kevin Durant,Under,23.5,-104,2026-02-11,2026-02-10T22:47:39Z,2026-02-10 14:47:44
BetRivers,player_points,Kevin Durant,Over,24.5,-106,2026-02-11,2026-02-10T22:47:39Z,2026-02-10 14:47:44
BetRivers,player_points,Kevin Durant,Under,24.5,-127,2026-02-11,2026-02-10T22:47:39Z,2026-02-10 14:47:44
BetRivers,player_points,Amen Thompson,Over,15.5,-124,2026-02-11,2026-02-10T22:47:39Z,2026-02-10 14:47:44
BetRivers,player_points,Amen Thompson,Under,15.5,-110,2026-02-11,2026-02-10T22:47:39Z,2026-02-10 14:47:44
BetRivers,player_points,Kawhi Leonard,Over,26.5,-162,2026-02-11,2026-02-10T22:47:39Z,2026-02-10 14:47:44
BetRivers,player_points,Kawhi Leonard,Under,26.5,117,2026-02-11,2026-02-10T22:47:39Z,2026-02-10 14:47:44
BetRivers,player_points,John Collins,Over,14.5,114,2026-02-11,2026-02-10T22:47:39Z,2026-02-10 14:47:44
BetRivers,player_points,John Collins,Under,14.5,-157,2026-02-11,2026-02-10T22:47:39Z,2026-02-10 14:47:44
BetRivers,player_points,Kevin Durant,Over,25.5,117,2026-02-11,2026-02-10T22:47:39Z,2026-02-10 14:47:44
BetRivers,player_points,Kevin Durant,Under,25.5,-162,2026-02-11,2026-02-10T22:47:39Z,2026-02-10 14:47:44
BetRivers,player_points,Kris Dunn,Over,8.5,114,2026-02-11,2026-02-10T22:47:39Z,2026-02-10 14:47:44
BetRivers,player_points,Kris Dunn,Under,8.5,-157,2026-02-11,2026-02-10T22:47:39Z,2026-02-10 14:47:44
BetRivers,player_points,Naji Marshall,Over,13.5,-155,2026-02-11,2026-02-10T22:47:32Z,2026-02-10 14:47:44
BetRivers,player_points,Naji Marshall,Under,13.5,114,2026-02-11,2026-02-10T22:47:32Z,2026-02-10 14:47:44
BetRivers,player_points,Naji Marshall,Over,14.5,-115,2026-02-11,2026-02-10T22:47:32Z,2026-02-10 14:47:44
BetRivers,player_points,Naji Marshall,Under,14.5,-118,2026-02-11,2026-02-10T22:47:32Z,2026-02-10 14:47:44
BetRivers,player_points,P.J. Washington,Over,10.5,-143,2026-02-11,2026-02-10T22:47:32Z,2026-02-10 14:47:44
BetRivers,player_points,P.J. Washington,Under,10.5,105,2026-02-11,2026-02-10T22:47:32Z,2026-02-10 14:47:44
BetRivers,player_points,Klay Thompson,Over,9.5,118,2026-02-11,2026-02-10T22:47:32Z,2026-02-10 14:47:44
BetRivers,player_points,Klay Thompson,Under,9.5,-162,2026-02-11,2026-02-10T22:47:32Z,2026-02-10 14:47:44
BetRivers,player_points,Caleb Martin,Over,5.5,105,2026-02-11,2026-02-10T22:47:32Z,2026-02-10 14:47:44
BetRivers,player_points,Caleb Martin,Under,5.5,-141,2026-02-11,2026-02-10T22:47:32Z,2026-02-10 14:47:44
BetRivers,player_points,Max Christie,Over,12.5,-114,2026-02-11,2026-02-10T22:47:32Z,2026-02-10 14:47:44
BetRivers,player_points,Max Christie,Under,12.5,-120,2026-02-11,2026-02-10T22:47:32Z,2026-02-10 14:47:44
BetRivers,player_points,Mark Williams,Over,13.5,112,2026-02-11,2026-02-10T22:47:32Z,2026-02-10 14:47:44
BetRivers,player_points,Mark Williams,Under,13.5,-152,2026-02-11,2026-02-10T22:47:32Z,2026-02-10 14:47:44
BetRivers,player_points,Jalen Green,Over,10.5,-165,2026-02-11,2026-02-10T22:47:32Z,2026-02-10 14:47:44
BetRivers,player_points,Jalen Green,Under,10.5,118,2026-02-11,2026-02-10T22:47:32Z,2026-02-10 14:47:44
BetRivers,player_points,Dillon Brooks,Over,19.5,-143,2026-02-11,2026-02-10T22:47:32Z,2026-02-10 14:47:44
BetRivers,player_points,Dillon Brooks,Under,19.5,106,2026-02-11,2026-02-10T22:47:32Z,2026-02-10 14:47:44
BetRivers,player_points,Naji Marshall,Over,15.5,115,2026-02-11,2026-02-10T22:47:32Z,2026-02-10 14:47:44
BetRivers,player_points,Naji Marshall,Under,15.5,-157,2026-02-11,2026-02-10T22:47:32Z,2026-02-10 14:47:44
BetRivers,player_points,Jalen Green,Over,11.5,-118,2026-02-11,2026-02-10T22:47:32Z,2026-02-10 14:47:44
BetRivers,player_points,Jalen Green,Under,11.5,-115,2026-02-11,2026-02-10T22:47:32Z,2026-02-10 14:47:44
BetRivers,player_points,Devin Booker,Over,25.5,117,2026-02-11,2026-02-10T22:47:32Z,2026-02-10 14:47:44
BetRivers,player_points,Devin Booker,Under,25.5,-162,2026-02-11,2026-02-10T22:47:32Z,2026-02-10 14:47:44
BetRivers,player_points,Max Christie,Over,11.5,-152,2026-02-11,2026-02-10T22:47:32Z,2026-02-10 14:47:44
BetRivers,player_points,Max Christie,Under,11.5,112,2026-02-11,2026-02-10T22:47:32Z,2026-02-10 14:47:44
BetRivers,player_points,Cooper Flagg,Over,22.5,102,2026-02-11,2026-02-10T22:47:32Z,2026-02-10 14:47:44
BetRivers,player_points,Cooper Flagg,Under,22.5,-137,2026-02-11,2026-02-10T22:47:32Z,2026-02-10 14:47:44
BetRivers,player_points,Devin Booker,Over,23.5,-134,2026-02-11,2026-02-10T22:47:32Z,2026-02-10 14:47:44
BetRivers,player_points,Devin Booker,Under,23.5,-103,2026-02-11,2026-02-10T22:47:32Z,2026-02-10 14:47:44
BetRivers,player_points,Daniel Gafford,Over,8.5,-118,2026-02-11,2026-02-10T22:47:32Z,2026-02-10 14:47:44
BetRivers,player_points,Daniel Gafford,Under,8.5,-115,2026-02-11,2026-02-10T22:47:32Z,2026-02-10 14:47:44
BetRivers,player_points,Daniel Gafford,Over,9.5,114,2026-02-11,2026-02-10T22:47:32Z,2026-02-10 14:47:44
BetRivers,player_points,Daniel Gafford,Under,9.5,-157,2026-02-11,2026-02-10T22:47:32Z,2026-02-10 14:47:44
BetRivers,player_points,Cooper Flagg,Over,21.5,-124,2026-02-11,2026-02-10T22:47:32Z,2026-02-10 14:47:44
BetRivers,player_points,Cooper Flagg,Under,21.5,-110,2026-02-11,2026-02-10T22:47:32Z,2026-02-10 14:47:44
BetRivers,player_points,Klay Thompson,Over,8.5,-121,2026-02-11,2026-02-10T22:47:32Z,2026-02-10 14:47:44
BetRivers,player_points,Klay Thompson,Under,8.5,-112,2026-02-11,2026-02-10T22:47:32Z,2026-02-10 14:47:44
BetRivers,player_points,Collin Gillespie,Over,12.5,-106,2026-02-11,2026-02-10T22:47:32Z,2026-02-10 14:47:44
BetRivers,player_points,Collin Gillespie,Under,12.5,-129,2026-02-11,2026-02-10T22:47:32Z,2026-02-10 14:47:44
BetRivers,player_points,Collin Gillespie,Over,11.5,-139,2026-02-11,2026-02-10T22:47:32Z,2026-02-10 14:47:44
BetRivers,player_points,Collin Gillespie,Under,11.5,104,2026-02-11,2026-02-10T22:47:32Z,2026-02-10 14:47:44
BetRivers,player_points,Dillon Brooks,Over,21.5,114,2026-02-11,2026-02-10T22:47:32Z,2026-02-10 14:47:44
BetRivers,player_points,Dillon Brooks,Under,21.5,-157,2026-02-11,2026-02-10T22:47:32Z,2026-02-10 14:47:44
BetRivers,player_points,P.J. Washington,Over,11.5,-104,2026-02-11,2026-02-10T22:47:32Z,2026-02-10 14:47:44
BetRivers,player_points,P.J. Washington,Under,11.5,-132,2026-02-11,2026-02-10T22:47:32Z,2026-02-10 14:47:44
BetRivers,player_points,Mark Williams,Over,12.5,-117,2026-02-11,2026-02-10T22:47:32Z,2026-02-10 14:47:44
BetRivers,player_points,Mark Williams,Under,12.5,-117,2026-02-11,2026-02-10T22:47:32Z,2026-02-10 14:47:44
BetRivers,player_points,Royce O'Neale,Over,10.5,110,2026-02-11,2026-02-10T22:47:32Z,2026-02-10 14:47:44
BetRivers,player_points,Royce O'Neale,Under,10.5,-150,2026-02-11,2026-02-10T22:47:32Z,2026-02-10 14:47:44
BetRivers,player_points,Jordan Goodwin,Over,9.5,114,2026-02-11,2026-02-10T22:47:32Z,2026-02-10 14:47:44
BetRivers,player_points,Jordan Goodwin,Under,9.5,-157,2026-02-11,2026-02-10T22:47:32Z,2026-02-10 14:47:44
BetRivers,player_points,Max Christie,Over,13.5,118,2026-02-11,2026-02-10T22:47:32Z,2026-02-10 14:47:44
BetRivers,player_points,Max Christie,Under,13.5,-162,2026-02-11,2026-02-10T22:47:32Z,2026-02-10 14:47:44
BetRivers,player_points,Caleb Martin,Over,4.5,-162,2026-02-11,2026-02-10T22:47:32Z,2026-02-10 14:47:44
BetRivers,player_points,Caleb Martin,Under,4.5,117,2026-02-11,2026-02-10T22:47:32Z,2026-02-10 14:47:44
BetRivers,player_points,Cooper Flagg,Over,20.5,-157,2026-02-11,2026-02-10T22:47:32Z,2026-02-10 14:47:44
BetRivers,player_points,Cooper Flagg,Under,20.5,115,2026-02-11,2026-02-10T22:47:32Z,2026-02-10 14:47:44
BetRivers,player_points,Devin Booker,Over,24.5,-107,2026-02-11,2026-02-10T22:47:32Z,2026-02-10 14:47:44
BetRivers,player_points,Devin Booker,Under,24.5,-127,2026-02-11,2026-02-10T22:47:32Z,2026-02-10 14:47:44
BetRivers,player_points,Dillon Brooks,Over,20.5,-113,2026-02-11,2026-02-10T22:47:32Z,2026-02-10 14:47:44
BetRivers,player_points,Dillon Brooks,Under,20.5,-121,2026-02-11,2026-02-10T22:47:32Z,2026-02-10 14:47:44
BetRivers,player_points,Jordan Goodwin,Over,8.5,-121,2026-02-11,2026-02-10T22:47:32Z,2026-02-10 14:47:44
BetRivers,player_points,Jordan Goodwin,Under,8.5,-113,2026-02-11,2026-02-10T22:47:32Z,2026-02-10 14:47:44
BetRivers,player_points,Royce O'Neale,Over,9.5,-121,2026-02-11,2026-02-10T22:47:32Z,2026-02-10 14:47:44
BetRivers,player_points,Royce O'Neale,Under,9.5,-113,2026-02-11,2026-02-10T22:47:32Z,2026-02-10 14:47:44
BetRivers,player_points,Jalen Green,Over,12.5,114,2026-02-11,2026-02-10T22:47:32Z,2026-02-10 14:47:44
BetRivers,player_points,Jalen Green,Under,12.5,-157,2026-02-11,2026-02-10T22:47:32Z,2026-02-10 14:47:44
BetRivers,player_points,Victor Wembanyama,Over,22.5,-107,2026-02-11,2026-02-10T22:46:44Z,2026-02-10 14:47:44
BetRivers,player_points,Victor Wembanyama,Under,22.5,-127,2026-02-11,2026-02-10T22:46:44Z,2026-02-10 14:47:44
BetRivers,player_points,Keldon Johnson,Over,11.5,118,2026-02-11,2026-02-10T22:46:44Z,2026-02-10 14:47:44
BetRivers,player_points,Keldon Johnson,Under,11.5,-162,2026-02-11,2026-02-10T22:46:44Z,2026-02-10 14:47:44
BetRivers,player_points,De'Aaron Fox,Over,16.5,-127,2026-02-11,2026-02-10T22:46:44Z,2026-02-10 14:47:44
BetRivers,player_points,De'Aaron Fox,Under,16.5,-108,2026-02-11,2026-02-10T22:46:44Z,2026-02-10 14:47:44
BetRivers,player_points,Dylan Harper,Over,10.5,104,2026-02-11,2026-02-10T22:46:44Z,2026-02-10 14:47:44
BetRivers,player_points,Dylan Harper,Under,10.5,-139,2026-02-11,2026-02-10T22:46:44Z,2026-02-10 14:47:44
BetRivers,player_points,Deandre Ayton,Over,11.5,-159,2026-02-11,2026-02-10T22:46:44Z,2026-02-10 14:47:44
BetRivers,player_points,Deandre Ayton,Under,11.5,116,2026-02-11,2026-02-10T22:46:44Z,2026-02-10 14:47:44
BetRivers,player_points,Julian Champagnie,Over,8.5,-155,2026-02-11,2026-02-10T22:46:44Z,2026-02-10 14:47:44
BetRivers,player_points,Julian Champagnie,Under,8.5,114,2026-02-11,2026-02-10T22:46:44Z,2026-02-10 14:47:44
BetRivers,player_points,Rui Hachimura,Over,15.5,104,2026-02-11,2026-02-10T22:46:44Z,2026-02-10 14:47:44
BetRivers,player_points,Rui Hachimura,Under,15.5,-139,2026-02-11,2026-02-10T22:46:44Z,2026-02-10 14:47:44
BetRivers,player_points,Deandre Ayton,Over,12.5,-113,2026-02-11,2026-02-10T22:46:44Z,2026-02-10 14:47:44
BetRivers,player_points,Deandre Ayton,Under,12.5,-121,2026-02-11,2026-02-10T22:46:44Z,2026-02-10 14:47:44
BetRivers,player_points,Dylan Harper,Over,9.5,-134,2026-02-11,2026-02-10T22:46:44Z,2026-02-10 14:47:44
BetRivers,player_points,Dylan Harper,Under,9.5,-103,2026-02-11,2026-02-10T22:46:44Z,2026-02-10 14:47:44
BetRivers,player_points,Stephon Castle,Over,16.5,-120,2026-02-11,2026-02-10T22:46:44Z,2026-02-10 14:47:44
BetRivers,player_points,Stephon Castle,Under,16.5,-114,2026-02-11,2026-02-10T22:46:44Z,2026-02-10 14:47:44
BetRivers,player_points,Harrison Barnes,Over,7.5,-124,2026-02-11,2026-02-10T22:46:44Z,2026-02-10 14:47:44
BetRivers,player_points,Harrison Barnes,Under,7.5,-110,2026-02-11,2026-02-10T22:46:44Z,2026-02-10 14:47:44
BetRivers,player_points,Jarred Vanderbilt,Over,6.5,-132,2026-02-11,2026-02-10T22:46:44Z,2026-02-10 14:47:44
BetRivers,player_points,Jarred Vanderbilt,Under,6.5,-104,2026-02-11,2026-02-10T22:46:44Z,2026-02-10 14:47:44
BetRivers,player_points,Jake LaRavia,Over,12.5,-139,2026-02-11,2026-02-10T22:46:44Z,2026-02-10 14:47:44
BetRivers,player_points,Jake LaRavia,Under,12.5,102,2026-02-11,2026-02-10T22:46:44Z,2026-02-10 14:47:44
BetRivers,player_points,Harrison Barnes,Over,8.5,120,2026-02-11,2026-02-10T22:46:44Z,2026-02-10 14:47:44
BetRivers,player_points,Harrison Barnes,Under,8.5,-167,2026-02-11,2026-02-10T22:46:44Z,2026-02-10 14:47:44
BetRivers,player_points,Jarred Vanderbilt,Over,7.5,102,2026-02-11,2026-02-10T22:46:44Z,2026-02-10 14:47:44
BetRivers,player_points,Jarred Vanderbilt,Under,7.5,-139,2026-02-11,2026-02-10T22:46:44Z,2026-02-10 14:47:44
BetRivers,player_points,Deandre Ayton,Over,13.5,120,2026-02-11,2026-02-10T22:46:44Z,2026-02-10 14:47:44
BetRivers,player_points,Deandre Ayton,Under,13.5,-165,2026-02-11,2026-02-10T22:46:44Z,2026-02-10 14:47:44
BetRivers,player_points,Jake LaRavia,Over,13.5,-106,2026-02-11,2026-02-10T22:46:44Z,2026-02-10 14:47:44
BetRivers,player_points,Jake LaRavia,Under,13.5,-129,2026-02-11,2026-02-10T22:46:44Z,2026-02-10 14:47:44
BetRivers,player_points,Devin Vassell,Over,11.5,-139,2026-02-11,2026-02-10T22:46:44Z,2026-02-10 14:47:44
BetRivers,player_points,Devin Vassell,Under,11.5,104,2026-02-11,2026-02-10T22:46:44Z,2026-02-10 14:47:44
BetRivers,player_points,Keldon Johnson,Over,10.5,-117,2026-02-11,2026-02-10T22:46:44Z,2026-02-10 14:47:44
BetRivers,player_points,Keldon Johnson,Under,10.5,-117,2026-02-11,2026-02-10T22:46:44Z,2026-02-10 14:47:44
BetRivers,player_points,Stephon Castle,Over,17.5,110,2026-02-11,2026-02-10T22:46:44Z,2026-02-10 14:47:44
BetRivers,player_points,Stephon Castle,Under,17.5,-150,2026-02-11,2026-02-10T22:46:44Z,2026-02-10 14:47:44
BetRivers,player_points,Victor Wembanyama,Over,23.5,120,2026-02-11,2026-02-10T22:46:44Z,2026-02-10 14:47:44
BetRivers,player_points,Victor Wembanyama,Under,23.5,-167,2026-02-11,2026-02-10T22:46:44Z,2026-02-10 14:47:44
BetRivers,player_points,Devin Vassell,Over,12.5,-105,2026-02-11,2026-02-10T22:46:44Z,2026-02-10 14:47:44
BetRivers,player_points,Devin Vassell,Under,12.5,-130,2026-02-11,2026-02-10T22:46:44Z,2026-02-10 14:47:44
BetRivers,player_points,Julian Champagnie,Over,10.5,120,2026-02-11,2026-02-10T22:46:44Z,2026-02-10 14:47:44
BetRivers,player_points,Julian Champagnie,Under,10.5,-167,2026-02-11,2026-02-10T22:46:44Z,2026-02-10 14:47:44
BetRivers,player_points,Rui Hachimura,Over,14.5,-127,2026-02-11,2026-02-10T22:46:44Z,2026-02-10 14:47:44
BetRivers,player_points,Rui Hachimura,Under,14.5,-107,2026-02-11,2026-02-10T22:46:44Z,2026-02-10 14:47:44
BetRivers,player_points,De'Aaron Fox,Over,17.5,105,2026-02-11,2026-02-10T22:46:44Z,2026-02-10 14:47:44
BetRivers,player_points,De'Aaron Fox,Under,17.5,-141,2026-02-11,2026-02-10T22:46:44Z,2026-02-10 14:47:44
BetRivers,player_points,Julian Champagnie,Over,9.5,-109,2026-02-11,2026-02-10T22:46:44Z,2026-02-10 14:47:44
BetRivers,player_points,Julian Champagnie,Under,9.5,-125,2026-02-11,2026-02-10T22:46:44Z,2026-02-10 14:47:44
BetRivers,player_points,Keldon Johnson,Over,9.5,-162,2026-02-11,2026-02-10T22:46:44Z,2026-02-10 14:47:44
BetRivers,player_points,Keldon Johnson,Under,9.5,118,2026-02-11,2026-02-10T22:46:44Z,2026-02-10 14:47:44
BetRivers,player_points,Victor Wembanyama,Over,21.5,-134,2026-02-11,2026-02-10T22:46:44Z,2026-02-10 14:47:44
BetRivers,player_points,Victor Wembanyama,Under,21.5,100,2026-02-11,2026-02-10T22:46:44Z,2026-02-10 14:47:44
BetRivers,player_points,Stephon Castle,Over,15.5,-159,2026-02-11,2026-02-10T22:46:44Z,2026-02-10 14:47:44
BetRivers,player_points,Stephon Castle,Under,15.5,116,2026-02-11,2026-02-10T22:46:44Z,2026-02-10 14:47:44
Bovada,player_points,Aaron Nesmith,Over,10.5,-275,2026-02-11,2026-02-10T22:47:30Z,2026-02-10 14:47:44
Bovada,player_points,Aaron Nesmith,Under,10.5,200,2026-02-11,2026-02-10T22:47:30Z,2026-02-10 14:47:44
Bovada,player_points,Aaron Nesmith,Over,11.5,-190,2026-02-11,2026-02-10T22:47:30Z,2026-02-10 14:47:44
Bovada,player_points,Aaron Nesmith,Under,11.5,145,2026-02-11,2026-02-10T22:47:30Z,2026-02-10 14:47:44
Bovada,player_points,Aaron Nesmith,Over,12.5,-145,2026-02-11,2026-02-10T22:47:30Z,2026-02-10 14:47:44
Bovada,player_points,Aaron Nesmith,Under,12.5,110,2026-02-11,2026-02-10T22:47:30Z,2026-02-10 14:47:44
Bovada,player_points,Aaron Nesmith,Over,13.5,-110,2026-02-11,2026-02-10T22:47:30Z,2026-02-10 14:47:44
Bovada,player_points,Aaron Nesmith,Under,13.5,-120,2026-02-11,2026-02-10T22:47:30Z,2026-02-10 14:47:44
Bovada,player_points,Aaron Nesmith,Over,14.5,120,2026-02-11,2026-02-10T22:47:30Z,2026-02-10 14:47:44
Bovada,player_points,Aaron Nesmith,Under,14.5,-160,2026-02-11,2026-02-10T22:47:30Z,2026-02-10 14:47:44
Bovada,player_points,Aaron Nesmith,Over,15.5,150,2026-02-11,2026-02-10T22:47:30Z,2026-02-10 14:47:44
Bovada,player_points,Aaron Nesmith,Under,15.5,-200,2026-02-11,2026-02-10T22:47:30Z,2026-02-10 14:47:44
Bovada,player_points,Aaron Nesmith,Over,16.5,190,2026-02-11,2026-02-10T22:47:30Z,2026-02-10 14:47:44
Bovada,player_points,Aaron Nesmith,Under,16.5,-260,2026-02-11,2026-02-10T22:47:30Z,2026-02-10 14:47:44
Bovada,player_points,Andrew Nembhard,Over,13.5,-280,2026-02-11,2026-02-10T22:47:30Z,2026-02-10 14:47:44
Bovada,player_points,Andrew Nembhard,Under,13.5,205,2026-02-11,2026-02-10T22:47:30Z,2026-02-10 14:47:44
Bovada,player_points,Andrew Nembhard,Over,14.5,-210,2026-02-11,2026-02-10T22:47:30Z,2026-02-10 14:47:44
Bovada,player_points,Andrew Nembhard,Under,14.5,155,2026-02-11,2026-02-10T22:47:30Z,2026-02-10 14:47:44
Bovada,player_points,Andrew Nembhard,Over,15.5,-160,2026-02-11,2026-02-10T22:47:30Z,2026-02-10 14:47:44
Bovada,player_points,Andrew Nembhard,Under,15.5,120,2026-02-11,2026-02-10T22:47:30Z,2026-02-10 14:47:44
Bovada,player_points,Andrew Nembhard,Over,16.5,-125,2026-02-11,2026-02-10T22:47:30Z,2026-02-10 14:47:44
Bovada,player_points,Andrew Nembhard,Under,16.5,-105,2026-02-11,2026-02-10T22:47:30Z,2026-02-10 14:47:44
Bovada,player_points,Andrew Nembhard,Over,17.5,100,2026-02-11,2026-02-10T22:47:30Z,2026-02-10 14:47:44
Bovada,player_points,Andrew Nembhard,Under,17.5,-130,2026-02-11,2026-02-10T22:47:30Z,2026-02-10 14:47:44
Bovada,player_points,Andrew Nembhard,Over,18.5,130,2026-02-11,2026-02-10T22:47:30Z,2026-02-10 14:47:44
Bovada,player_points,Andrew Nembhard,Under,18.5,-170,2026-02-11,2026-02-10T22:47:30Z,2026-02-10 14:47:44
Bovada,player_points,Andrew Nembhard,Over,19.5,160,2026-02-11,2026-02-10T22:47:30Z,2026-02-10 14:47:44
Bovada,player_points,Andrew Nembhard,Under,19.5,-215,2026-02-11,2026-02-10T22:47:30Z,2026-02-10 14:47:44
Bovada,player_points,Andrew Nembhard,Over,20.5,200,2026-02-11,2026-02-10T22:47:30Z,2026-02-10 14:47:44
Bovada,player_points,Andrew Nembhard,Under,20.5,-275,2026-02-11,2026-02-10T22:47:30Z,2026-02-10 14:47:44
Bovada,player_points,Jalen Brunson,Over,22.5,-275,2026-02-11,2026-02-10T22:47:30Z,2026-02-10 14:47:44
Bovada,player_points,Jalen Brunson,Under,22.5,200,2026-02-11,2026-02-10T22:47:30Z,2026-02-10 14:47:44
Bovada,player_points,Jalen Brunson,Over,23.5,-215,2026-02-11,2026-02-10T22:47:30Z,2026-02-10 14:47:44
Bovada,player_points,Jalen Brunson,Under,23.5,160,2026-02-11,2026-02-10T22:47:30Z,2026-02-10 14:47:44
Bovada,player_points,Jalen Brunson,Over,24.5,-170,2026-02-11,2026-02-10T22:47:30Z,2026-02-10 14:47:44
Bovada,player_points,Jalen Brunson,Under,24.5,130,2026-02-11,2026-02-10T22:47:30Z,2026-02-10 14:47:44
Bovada,player_points,Jalen Brunson,Over,25.5,-135,2026-02-11,2026-02-10T22:47:30Z,2026-02-10 14:47:44
Bovada,player_points,Jalen Brunson,Under,25.5,105,2026-02-11,2026-02-10T22:47:30Z,2026-02-10 14:47:44
Bovada,player_points,Jalen Brunson,Over,26.5,-115,2026-02-11,2026-02-10T22:47:30Z,2026-02-10 14:47:44
Bovada,player_points,Jalen Brunson,Under,26.5,-115,2026-02-11,2026-02-10T22:47:30Z,2026-02-10 14:47:44
Bovada,player_points,Jalen Brunson,Over,27.5,105,2026-02-11,2026-02-10T22:47:30Z,2026-02-10 14:47:44
Bovada,player_points,Jalen Brunson,Under,27.5,-135,2026-02-11,2026-02-10T22:47:30Z,2026-02-10 14:47:44
Bovada,player_points,Jalen Brunson,Over,28.5,125,2026-02-11,2026-02-10T22:47:30Z,2026-02-10 14:47:44
Bovada,player_points,Jalen Brunson,Under,28.5,-165,2026-02-11,2026-02-10T22:47:30Z,2026-02-10 14:47:44
Bovada,player_points,Jalen Brunson,Over,29.5,150,2026-02-11,2026-02-10T22:47:30Z,2026-02-10 14:47:44
Bovada,player_points,Jalen Brunson,Under,29.5,-200,2026-02-11,2026-02-10T22:47:30Z,2026-02-10 14:47:44
Bovada,player_points,Jalen Brunson,Over,30.5,180,2026-02-11,2026-02-10T22:47:30Z,2026-02-10 14:47:44
Bovada,player_points,Jalen Brunson,Under,30.5,-245,2026-02-11,2026-02-10T22:47:30Z,2026-02-10 14:47:44
Bovada,player_points,Jarace Walker,Over,10.5,-230,2026-02-11,2026-02-10T22:47:30Z,2026-02-10 14:47:44
Bovada,player_points,Jarace Walker,Under,10.5,170,2026-02-11,2026-02-10T22:47:30Z,2026-02-10 14:47:44
Bovada,player_points,Jarace Walker,Over,11.5,-165,2026-02-11,2026-02-10T22:47:30Z,2026-02-10 14:47:44
Bovada,player_points,Jarace Walker,Under,11.5,125,2026-02-11,2026-02-10T22:47:30Z,2026-02-10 14:47:44
Bovada,player_points,Jarace Walker,Over,12.5,-125,2026-02-11,2026-02-10T22:47:30Z,2026-02-10 14:47:44
Bovada,player_points,Jarace Walker,Under,12.5,-105,2026-02-11,2026-02-10T22:47:30Z,2026-02-10 14:47:44
Bovada,player_points,Jarace Walker,Over,13.5,105,2026-02-11,2026-02-10T22:47:30Z,2026-02-10 14:47:44
Bovada,player_points,Jarace Walker,Under,13.5,-135,2026-02-11,2026-02-10T22:47:30Z,2026-02-10 14:47:44
Bovada,player_points,Jarace Walker,Over,14.5,135,2026-02-11,2026-02-10T22:47:30Z,2026-02-10 14:47:44
Bovada,player_points,Jarace Walker,Under,14.5,-180,2026-02-11,2026-02-10T22:47:30Z,2026-02-10 14:47:44
Bovada,player_points,Jarace Walker,Over,15.5,170,2026-02-11,2026-02-10T22:47:30Z,2026-02-10 14:47:44
Bovada,player_points,Jarace Walker,Under,15.5,-230,2026-02-11,2026-02-10T22:47:30Z,2026-02-10 14:47:44
Bovada,player_points,Jay Huff,Over,7.5,-250,2026-02-11,2026-02-10T22:47:30Z,2026-02-10 14:47:44
Bovada,player_points,Jay Huff,Under,7.5,185,2026-02-11,2026-02-10T22:47:30Z,2026-02-10 14:47:44
Bovada,player_points,Jay Huff,Over,8.5,-170,2026-02-11,2026-02-10T22:47:30Z,2026-02-10 14:47:44
Bovada,player_points,Jay Huff,Under,8.5,130,2026-02-11,2026-02-10T22:47:30Z,2026-02-10 14:47:44
Bovada,player_points,Jay Huff,Over,9.5,-125,2026-02-11,2026-02-10T22:47:30Z,2026-02-10 14:47:44
Bovada,player_points,Jay Huff,Under,9.5,-105,2026-02-11,2026-02-10T22:47:30Z,2026-02-10 14:47:44
Bovada,player_points,Jay Huff,Over,10.5,110,2026-02-11,2026-02-10T22:47:30Z,2026-02-10 14:47:44
Bovada,player_points,Jay Huff,Under,10.5,-145,2026-02-11,2026-02-10T22:47:30Z,2026-02-10 14:47:44
Bovada,player_points,Jay Huff,Over,11.5,145,2026-02-11,2026-02-10T22:47:30Z,2026-02-10 14:47:44
Bovada,player_points,Jay Huff,Under,11.5,-190,2026-02-11,2026-02-10T22:47:30Z,2026-02-10 14:47:44
Bovada,player_points,Jay Huff,Over,12.5,190,2026-02-11,2026-02-10T22:47:30Z,2026-02-10 14:47:44
Bovada,player_points,Jay Huff,Under,12.5,-260,2026-02-11,2026-02-10T22:47:30Z,2026-02-10 14:47:44
Bovada,player_points,Josh Hart,Over,9.5,-280,2026-02-11,2026-02-10T22:47:30Z,2026-02-10 14:47:44
Bovada,player_points,Josh Hart,Under,9.5,205,2026-02-11,2026-02-10T22:47:30Z,2026-02-10 14:47:44
Bovada,player_points,Josh Hart,Over,10.5,-200,2026-02-11,2026-02-10T22:47:30Z,2026-02-10 14:47:44
Bovada,player_points,Josh Hart,Under,10.5,150,2026-02-11,2026-02-10T22:47:30Z,2026-02-10 14:47:44
Bovada,player_points,Josh Hart,Over,11.5,-145,2026-02-11,2026-02-10T22:47:30Z,2026-02-10 14:47:44
Bovada,player_points,Josh Hart,Under,11.5,110,2026-02-11,2026-02-10T22:47:30Z,2026-02-10 14:47:44
Bovada,player_points,Josh Hart,Over,12.5,-110,2026-02-11,2026-02-10T22:47:30Z,2026-02-10 14:47:44
Bovada,player_points,Josh Hart,Under,12.5,-120,2026-02-11,2026-02-10T22:47:30Z,2026-02-10 14:47:44
Bovada,player_points,Josh Hart,Over,13.5,120,2026-02-11,2026-02-10T22:47:30Z,2026-02-10 14:47:44
Bovada,player_points,Josh Hart,Under,13.5,-160,2026-02-11,2026-02-10T22:47:30Z,2026-02-10 14:47:44
Bovada,player_points,Josh Hart,Over,14.5,155,2026-02-11,2026-02-10T22:47:30Z,2026-02-10 14:47:44
Bovada,player_points,Josh Hart,Under,14.5,-210,2026-02-11,2026-02-10T22:47:30Z,2026-02-10 14:47:44
Bovada,player_points,Josh Hart,Over,15.5,200,2026-02-11,2026-02-10T22:47:30Z,2026-02-10 14:47:44
Bovada,player_points,Josh Hart,Under,15.5,-275,2026-02-11,2026-02-10T22:47:30Z,2026-02-10 14:47:44
Bovada,player_points,Karl-Anthony Towns,Over,16.5,-290,2026-02-11,2026-02-10T22:47:30Z,2026-02-10 14:47:44
Bovada,player_points,Karl-Anthony Towns,Under,16.5,210,2026-02-11,2026-02-10T22:47:30Z,2026-02-10 14:47:44
Bovada,player_points,Karl-Anthony Towns,Over,17.5,-220,2026-02-11,2026-02-10T22:47:30Z,2026-02-10 14:47:44
Bovada,player_points,Karl-Anthony Towns,Under,17.5,165,2026-02-11,2026-02-10T22:47:30Z,2026-02-10 14:47:44
Bovada,player_points,Karl-Anthony Towns,Over,18.5,-170,2026-02-11,2026-02-10T22:47:30Z,2026-02-10 14:47:44
Bovada,player_points,Karl-Anthony Towns,Under,18.5,130,2026-02-11,2026-02-10T22:47:30Z,2026-02-10 14:47:44
Bovada,player_points,Karl-Anthony Towns,Over,19.5,-135,2026-02-11,2026-02-10T22:47:30Z,2026-02-10 14:47:44
Bovada,player_points,Karl-Anthony Towns,Under,19.5,105,2026-02-11,2026-02-10T22:47:30Z,2026-02-10 14:47:44
Bovada,player_points,Karl-Anthony Towns,Over,20.5,-110,2026-02-11,2026-02-10T22:47:30Z,2026-02-10 14:47:44
Bovada,player_points,Karl-Anthony Towns,Under,20.5,-120,2026-02-11,2026-02-10T22:47:30Z,2026-02-10 14:47:44
Bovada,player_points,Karl-Anthony Towns,Over,21.5,115,2026-02-11,2026-02-10T22:47:30Z,2026-02-10 14:47:44
Bovada,player_points,Karl-Anthony Towns,Under,21.5,-150,2026-02-11,2026-02-10T22:47:30Z,2026-02-10 14:47:44
Bovada,player_points,Karl-Anthony Towns,Over,22.5,140,2026-02-11,2026-02-10T22:47:30Z,2026-02-10 14:47:44
Bovada,player_points,Karl-Anthony Towns,Under,22.5,-185,2026-02-11,2026-02-10T22:47:30Z,2026-02-10 14:47:44
Bovada,player_points,Karl-Anthony Towns,Over,23.5,170,2026-02-11,2026-02-10T22:47:30Z,2026-02-10 14:47:44
Bovada,player_points,Karl-Anthony Towns,Under,23.5,-230,2026-02-11,2026-02-10T22:47:30Z,2026-02-10 14:47:44
Bovada,player_points,Karl-Anthony Towns,Over,24.5,210,2026-02-11,2026-02-10T22:47:30Z,2026-02-10 14:47:44
Bovada,player_points,Karl-Anthony Towns,Under,24.5,-290,2026-02-11,2026-02-10T22:47:30Z,2026-02-10 14:47:44
Bovada,player_points,Landry Shamet,Over,6.5,-280,2026-02-11,2026-02-10T22:47:30Z,2026-02-10 14:47:44
Bovada,player_points,Landry Shamet,Under,6.5,205,2026-02-11,2026-02-10T22:47:30Z,2026-02-10 14:47:44
Bovada,player_points,Landry Shamet,Over,7.5,-185,2026-02-11,2026-02-10T22:47:30Z,2026-02-10 14:47:44
Bovada,player_points,Landry Shamet,Under,7.5,140,2026-02-11,2026-02-10T22:47:30Z,2026-02-10 14:47:44
Bovada,player_points,Landry Shamet,Over,8.5,-130,2026-02-11,2026-02-10T22:47:30Z,2026-02-10 14:47:44
Bovada,player_points,Landry Shamet,Under,8.5,100,2026-02-11,2026-02-10T22:47:30Z,2026-02-10 14:47:44
Bovada,player_points,Landry Shamet,Over,9.5,105,2026-02-11,2026-02-10T22:47:30Z,2026-02-10 14:47:44
Bovada,player_points,Landry Shamet,Under,9.5,-135,2026-02-11,2026-02-10T22:47:30Z,2026-02-10 14:47:44
Bovada,player_points,Landry Shamet,Over,10.5,145,2026-02-11,2026-02-10T22:47:30Z,2026-02-10 14:47:44
Bovada,player_points,Landry Shamet,Under,10.5,-190,2026-02-11,2026-02-10T22:47:30Z,2026-02-10 14:47:44
Bovada,player_points,Landry Shamet,Over,11.5,190,2026-02-11,2026-02-10T22:47:30Z,2026-02-10 14:47:44
Bovada,player_points,Landry Shamet,Under,11.5,-260,2026-02-11,2026-02-10T22:47:30Z,2026-02-10 14:47:44
Bovada,player_points,Mikal Bridges,Over,12.5,-220,2026-02-11,2026-02-10T22:47:30Z,2026-02-10 14:47:44
Bovada,player_points,Mikal Bridges,Under,12.5,165,2026-02-11,2026-02-10T22:47:30Z,2026-02-10 14:47:44
Bovada,player_points,Mikal Bridges,Over,13.5,-165,2026-02-11,2026-02-10T22:47:30Z,2026-02-10 14:47:44
Bovada,player_points,Mikal Bridges,Under,13.5,125,2026-02-11,2026-02-10T22:47:30Z,2026-02-10 14:47:44
Bovada,player_points,Mikal Bridges,Over,14.5,-125,2026-02-11,2026-02-10T22:47:30Z,2026-02-10 14:47:44
Bovada,player_points,Mikal Bridges,Under,14.5,-105,2026-02-11,2026-02-10T22:47:30Z,2026-02-10 14:47:44
Bovada,player_points,Mikal Bridges,Over,15.5,105,2026-02-11,2026-02-10T22:47:30Z,2026-02-10 14:47:44
Bovada,player_points,Mikal Bridges,Under,15.5,-135,2026-02-11,2026-02-10T22:47:30Z,2026-02-10 14:47:44
Bovada,player_points,Mikal Bridges,Over,16.5,130,2026-02-11,2026-02-10T22:47:30Z,2026-02-10 14:47:44
Bovada,player_points,Mikal Bridges,Under,16.5,-170,2026-02-11,2026-02-10T22:47:30Z,2026-02-10 14:47:44
Bovada,player_points,Mikal Bridges,Over,17.5,165,2026-02-11,2026-02-10T22:47:30Z,2026-02-10 14:47:44
Bovada,player_points,Mikal Bridges,Under,17.5,-220,2026-02-11,2026-02-10T22:47:30Z,2026-02-10 14:47:44
Bovada,player_points,Mikal Bridges,Over,18.5,210,2026-02-11,2026-02-10T22:47:30Z,2026-02-10 14:47:44
Bovada,player_points,Mikal Bridges,Under,18.5,-290,2026-02-11,2026-02-10T22:47:30Z,2026-02-10 14:47:44
Bovada,player_points,OG Anunoby,Over,12.5,-260,2026-02-11,2026-02-10T22:47:30Z,2026-02-10 14:47:44
Bovada,player_points,OG Anunoby,Under,12.5,190,2026-02-11,2026-02-10T22:47:30Z,2026-02-10 14:47:44
Bovada,player_points,OG Anunoby,Over,13.5,-200,2026-02-11,2026-02-10T22:47:30Z,2026-02-10 14:47:44
Bovada,player_points,OG Anunoby,Under,13.5,150,2026-02-11,2026-02-10T22:47:30Z,2026-02-10 14:47:44
Bovada,player_points,OG Anunoby,Over,14.5,-150,2026-02-11,2026-02-10T22:47:30Z,2026-02-10 14:47:44
Bovada,player_points,OG Anunoby,Under,14.5,115,2026-02-11,2026-02-10T22:47:30Z,2026-02-10 14:47:44
Bovada,player_points,OG Anunoby,Over,15.5,-115,2026-02-11,2026-02-10T22:47:30Z,2026-02-10 14:47:44
Bovada,player_points,OG Anunoby,Under,15.5,-115,2026-02-11,2026-02-10T22:47:30Z,2026-02-10 14:47:44
Bovada,player_points,OG Anunoby,Over,16.5,110,2026-02-11,2026-02-10T22:47:30Z,2026-02-10 14:47:44
Bovada,player_points,OG Anunoby,Under,16.5,-145,2026-02-11,2026-02-10T22:47:30Z,2026-02-10 14:47:44
Bovada,player_points,OG Anunoby,Over,17.5,140,2026-02-11,2026-02-10T22:47:30Z,2026-02-10 14:47:44
Bovada,player_points,OG Anunoby,Under,17.5,-185,2026-02-11,2026-02-10T22:47:30Z,2026-02-10 14:47:44
Bovada,player_points,OG Anunoby,Over,18.5,175,2026-02-11,2026-02-10T22:47:30Z,2026-02-10 14:47:44
Bovada,player_points,OG Anunoby,Under,18.5,-240,2026-02-11,2026-02-10T22:47:30Z,2026-02-10 14:47:44
Bovada,player_points,Pascal Siakam,Over,18.5,-260,2026-02-11,2026-02-10T22:47:30Z,2026-02-10 14:47:44
Bovada,player_points,Pascal Siakam,Under,18.5,190,2026-02-11,2026-02-10T22:47:30Z,2026-02-10 14:47:44
Bovada,player_points,Pascal Siakam,Over,19.5,-210,2026-02-11,2026-02-10T22:47:30Z,2026-02-10 14:47:44
Bovada,player_points,Pascal Siakam,Under,19.5,155,2026-02-11,2026-02-10T22:47:30Z,2026-02-10 14:47:44
Bovada,player_points,Pascal Siakam,Over,20.5,-160,2026-02-11,2026-02-10T22:47:30Z,2026-02-10 14:47:44
Bovada,player_points,Pascal Siakam,Under,20.5,120,2026-02-11,2026-02-10T22:47:30Z,2026-02-10 14:47:44
Bovada,player_points,Pascal Siakam,Over,21.5,-130,2026-02-11,2026-02-10T22:47:30Z,2026-02-10 14:47:44
Bovada,player_points,Pascal Siakam,Under,21.5,100,2026-02-11,2026-02-10T22:47:30Z,2026-02-10 14:47:44
Bovada,player_points,Pascal Siakam,Over,22.5,-105,2026-02-11,2026-02-10T22:47:30Z,2026-02-10 14:47:44
Bovada,player_points,Pascal Siakam,Under,22.5,-125,2026-02-11,2026-02-10T22:47:30Z,2026-02-10 14:47:44
Bovada,player_points,Pascal Siakam,Over,23.5,115,2026-02-11,2026-02-10T22:47:30Z,2026-02-10 14:47:44
Bovada,player_points,Pascal Siakam,Under,23.5,-150,2026-02-11,2026-02-10T22:47:30Z,2026-02-10 14:47:44
Bovada,player_points,Pascal Siakam,Over,24.5,145,2026-02-11,2026-02-10T22:47:30Z,2026-02-10 14:47:44
Bovada,player_points,Pascal Siakam,Under,24.5,-190,2026-02-11,2026-02-10T22:47:30Z,2026-02-10 14:47:44
Bovada,player_points,Pascal Siakam,Over,25.5,175,2026-02-11,2026-02-10T22:47:30Z,2026-02-10 14:47:44
Bovada,player_points,Pascal Siakam,Under,25.5,-240,2026-02-11,2026-02-10T22:47:30Z,2026-02-10 14:47:44
Bovada,player_points,Pascal Siakam,Over,26.5,210,2026-02-11,2026-02-10T22:47:30Z,2026-02-10 14:47:44
Bovada,player_points,Pascal Siakam,Under,26.5,-290,2026-02-11,2026-02-10T22:47:30Z,2026-02-10 14:47:44
Bovada,player_points,Alperen Sengun,Over,15.5,-280,2026-02-11,2026-02-10T22:47:39Z,2026-02-10 14:47:44
Bovada,player_points,Alperen Sengun,Under,15.5,205,2026-02-11,2026-02-10T22:47:39Z,2026-02-10 14:47:44
Bovada,player_points,Alperen Sengun,Over,16.5,-215,2026-02-11,2026-02-10T22:47:39Z,2026-02-10 14:47:44
Bovada,player_points,Alperen Sengun,Under,16.5,160,2026-02-11,2026-02-10T22:47:39Z,2026-02-10 14:47:44
Bovada,player_points,Alperen Sengun,Over,17.5,-165,2026-02-11,2026-02-10T22:47:39Z,2026-02-10 14:47:44
Bovada,player_points,Alperen Sengun,Under,17.5,125,2026-02-11,2026-02-10T22:47:39Z,2026-02-10 14:47:44
Bovada,player_points,Alperen Sengun,Over,18.5,-130,2026-02-11,2026-02-10T22:47:39Z,2026-02-10 14:47:44
Bovada,player_points,Alperen Sengun,Under,18.5,100,2026-02-11,2026-02-10T22:47:39Z,2026-02-10 14:47:44
Bovada,player_points,Alperen Sengun,Over,19.5,-105,2026-02-11,2026-02-10T22:47:39Z,2026-02-10 14:47:44
Bovada,player_points,Alperen Sengun,Under,19.5,-125,2026-02-11,2026-02-10T22:47:39Z,2026-02-10 14:47:44
Bovada,player_points,Alperen Sengun,Over,20.5,120,2026-02-11,2026-02-10T22:47:39Z,2026-02-10 14:47:44
Bovada,player_points,Alperen Sengun,Under,20.5,-160,2026-02-11,2026-02-10T22:47:39Z,2026-02-10 14:47:44
Bovada,player_points,Alperen Sengun,Over,21.5,145,2026-02-11,2026-02-10T22:47:39Z,2026-02-10 14:47:44
Bovada,player_points,Alperen Sengun,Under,21.5,-190,2026-02-11,2026-02-10T22:47:39Z,2026-02-10 14:47:44
Bovada,player_points,Alperen Sengun,Over,22.5,180,2026-02-11,2026-02-10T22:47:39Z,2026-02-10 14:47:44
Bovada,player_points,Alperen Sengun,Under,22.5,-245,2026-02-11,2026-02-10T22:47:39Z,2026-02-10 14:47:44
Bovada,player_points,Amen Thompson,Over,12.5,-260,2026-02-11,2026-02-10T22:47:39Z,2026-02-10 14:47:44
Bovada,player_points,Amen Thompson,Under,12.5,190,2026-02-11,2026-02-10T22:47:39Z,2026-02-10 14:47:44
Bovada,player_points,Amen Thompson,Over,13.5,-200,2026-02-11,2026-02-10T22:47:39Z,2026-02-10 14:47:44
Bovada,player_points,Amen Thompson,Under,13.5,150,2026-02-11,2026-02-10T22:47:39Z,2026-02-10 14:47:44
Bovada,player_points,Amen Thompson,Over,14.5,-150,2026-02-11,2026-02-10T22:47:39Z,2026-02-10 14:47:44
Bovada,player_points,Amen Thompson,Under,14.5,115,2026-02-11,2026-02-10T22:47:39Z,2026-02-10 14:47:44
Bovada,player_points,Amen Thompson,Over,15.5,-115,2026-02-11,2026-02-10T22:47:39Z,2026-02-10 14:47:44
Bovada,player_points,Amen Thompson,Under,15.5,-115,2026-02-11,2026-02-10T22:47:39Z,2026-02-10 14:47:44
Bovada,player_points,Amen Thompson,Over,16.5,110,2026-02-11,2026-02-10T22:47:39Z,2026-02-10 14:47:44
Bovada,player_points,Amen Thompson,Under,16.5,-145,2026-02-11,2026-02-10T22:47:39Z,2026-02-10 14:47:44
Bovada,player_points,Amen Thompson,Over,17.5,140,2026-02-11,2026-02-10T22:47:39Z,2026-02-10 14:47:44
Bovada,player_points,Amen Thompson,Under,17.5,-185,2026-02-11,2026-02-10T22:47:39Z,2026-02-10 14:47:44
Bovada,player_points,Amen Thompson,Over,18.5,175,2026-02-11,2026-02-10T22:47:39Z,2026-02-10 14:47:44
Bovada,player_points,Amen Thompson,Under,18.5,-240,2026-02-11,2026-02-10T22:47:39Z,2026-02-10 14:47:44
Bovada,player_points,Brook Lopez,Over,6.5,-215,2026-02-11,2026-02-10T22:47:39Z,2026-02-10 14:47:44
Bovada,player_points,Brook Lopez,Under,6.5,160,2026-02-11,2026-02-10T22:47:39Z,2026-02-10 14:47:44
Bovada,player_points,Brook Lopez,Over,7.5,-145,2026-02-11,2026-02-10T22:47:39Z,2026-02-10 14:47:44
Bovada,player_points,Brook Lopez,Under,7.5,110,2026-02-11,2026-02-10T22:47:39Z,2026-02-10 14:47:44
Bovada,player_points,Brook Lopez,Over,8.5,-105,2026-02-11,2026-02-10T22:47:39Z,2026-02-10 14:47:44
Bovada,player_points,Brook Lopez,Under,8.5,-125,2026-02-11,2026-02-10T22:47:39Z,2026-02-10 14:47:44
Bovada,player_points,Brook Lopez,Over,9.5,130,2026-02-11,2026-02-10T22:47:39Z,2026-02-10 14:47:44
Bovada,player_points,Brook Lopez,Under,9.5,-170,2026-02-11,2026-02-10T22:47:39Z,2026-02-10 14:47:44
Bovada,player_points,Brook Lopez,Over,10.5,175,2026-02-11,2026-02-10T22:47:39Z,2026-02-10 14:47:44
Bovada,player_points,Brook Lopez,Under,10.5,-240,2026-02-11,2026-02-10T22:47:39Z,2026-02-10 14:47:44
Bovada,player_points,Derrick Jones,Over,5.5,-300,2026-02-11,2026-02-10T22:47:39Z,2026-02-10 14:47:44
Bovada,player_points,Derrick Jones,Under,5.5,215,2026-02-11,2026-02-10T22:47:39Z,2026-02-10 14:47:44
Bovada,player_points,Derrick Jones,Over,6.5,-190,2026-02-11,2026-02-10T22:47:39Z,2026-02-10 14:47:44
Bovada,player_points,Derrick Jones,Under,6.5,145,2026-02-11,2026-02-10T22:47:39Z,2026-02-10 14:47:44
Bovada,player_points,Derrick Jones,Over,7.5,-130,2026-02-11,2026-02-10T22:47:39Z,2026-02-10 14:47:44
Bovada,player_points,Derrick Jones,Under,7.5,100,2026-02-11,2026-02-10T22:47:39Z,2026-02-10 14:47:44
Bovada,player_points,Derrick Jones,Over,8.5,110,2026-02-11,2026-02-10T22:47:39Z,2026-02-10 14:47:44
Bovada,player_points,Derrick Jones,Under,8.5,-145,2026-02-11,2026-02-10T22:47:39Z,2026-02-10 14:47:44
Bovada,player_points,Derrick Jones,Over,9.5,145,2026-02-11,2026-02-10T22:47:39Z,2026-02-10 14:47:44
Bovada,player_points,Derrick Jones,Under,9.5,-190,2026-02-11,2026-02-10T22:47:39Z,2026-02-10 14:47:44
Bovada,player_points,Derrick Jones,Over,10.5,200,2026-02-11,2026-02-10T22:47:39Z,2026-02-10 14:47:44
Bovada,player_points,Derrick Jones,Under,10.5,-275,2026-02-11,2026-02-10T22:47:39Z,2026-02-10 14:47:44
Bovada,player_points,Jabari Smith Jr,Over,11.5,-240,2026-02-11,2026-02-10T22:47:39Z,2026-02-10 14:47:44
Bovada,player_points,Jabari Smith Jr,Under,11.5,175,2026-02-11,2026-02-10T22:47:39Z,2026-02-10 14:47:44
Bovada,player_points,Jabari Smith Jr,Over,12.5,-170,2026-02-11,2026-02-10T22:47:39Z,2026-02-10 14:47:44
Bovada,player_points,Jabari Smith Jr,Under,12.5,130,2026-02-11,2026-02-10T22:47:39Z,2026-02-10 14:47:44
Bovada,player_points,Jabari Smith Jr,Over,13.5,-130,2026-02-11,2026-02-10T22:47:39Z,2026-02-10 14:47:44
Bovada,player_points,Jabari Smith Jr,Under,13.5,100,2026-02-11,2026-02-10T22:47:39Z,2026-02-10 14:47:44
Bovada,player_points,Jabari Smith Jr,Over,14.5,100,2026-02-11,2026-02-10T22:47:39Z,2026-02-10 14:47:44
Bovada,player_points,Jabari Smith Jr,Under,14.5,-130,2026-02-11,2026-02-10T22:47:39Z,2026-02-10 14:47:44
Bovada,player_points,Jabari Smith Jr,Over,15.5,130,2026-02-11,2026-02-10T22:47:39Z,2026-02-10 14:47:44
Bovada,player_points,Jabari Smith Jr,Under,15.5,-170,2026-02-11,2026-02-10T22:47:39Z,2026-02-10 14:47:44
Bovada,player_points,Jabari Smith Jr,Over,16.5,165,2026-02-11,2026-02-10T22:47:39Z,2026-02-10 14:47:44
Bovada,player_points,Jabari Smith Jr,Under,16.5,-220,2026-02-11,2026-02-10T22:47:39Z,2026-02-10 14:47:44
Bovada,player_points,Jabari Smith Jr,Over,17.5,205,2026-02-11,2026-02-10T22:47:39Z,2026-02-10 14:47:44
Bovada,player_points,Jabari Smith Jr,Under,17.5,-280,2026-02-11,2026-02-10T22:47:39Z,2026-02-10 14:47:44
Bovada,player_points,John Collins,Over,10.5,-245,2026-02-11,2026-02-10T22:47:39Z,2026-02-10 14:47:44
Bovada,player_points,John Collins,Under,10.5,180,2026-02-11,2026-02-10T22:47:39Z,2026-02-10 14:47:44
Bovada,player_points,John Collins,Over,11.5,-180,2026-02-11,2026-02-10T22:47:39Z,2026-02-10 14:47:44
Bovada,player_points,John Collins,Under,11.5,135,2026-02-11,2026-02-10T22:47:39Z,2026-02-10 14:47:44
Bovada,player_points,John Collins,Over,12.5,-130,2026-02-11,2026-02-10T22:47:39Z,2026-02-10 14:47:44
Bovada,player_points,John Collins,Under,12.5,100,2026-02-11,2026-02-10T22:47:39Z,2026-02-10 14:47:44
Bovada,player_points,John Collins,Over,13.5,100,2026-02-11,2026-02-10T22:47:39Z,2026-02-10 14:47:44
Bovada,player_points,John Collins,Under,13.5,-130,2026-02-11,2026-02-10T22:47:39Z,2026-02-10 14:47:44
Bovada,player_points,John Collins,Over,14.5,130,2026-02-11,2026-02-10T22:47:39Z,2026-02-10 14:47:44
Bovada,player_points,John Collins,Under,14.5,-170,2026-02-11,2026-02-10T22:47:39Z,2026-02-10 14:47:44
Bovada,player_points,John Collins,Over,15.5,165,2026-02-11,2026-02-10T22:47:39Z,2026-02-10 14:47:44
Bovada,player_points,John Collins,Under,15.5,-220,2026-02-11,2026-02-10T22:47:39Z,2026-02-10 14:47:44
Bovada,player_points,John Collins,Over,16.5,210,2026-02-11,2026-02-10T22:47:39Z,2026-02-10 14:47:44
Bovada,player_points,John Collins,Under,16.5,-290,2026-02-11,2026-02-10T22:47:39Z,2026-02-10 14:47:44
Bovada,player_points,Kawhi Leonard,Over,23.5,-275,2026-02-11,2026-02-10T22:47:39Z,2026-02-10 14:47:44
Bovada,player_points,Kawhi Leonard,Under,23.5,200,2026-02-11,2026-02-10T22:47:39Z,2026-02-10 14:47:44
Bovada,player_points,Kawhi Leonard,Over,24.5,-220,2026-02-11,2026-02-10T22:47:39Z,2026-02-10 14:47:44
Bovada,player_points,Kawhi Leonard,Under,24.5,165,2026-02-11,2026-02-10T22:47:39Z,2026-02-10 14:47:44
Bovada,player_points,Kawhi Leonard,Over,25.5,-180,2026-02-11,2026-02-10T22:47:39Z,2026-02-10 14:47:44
Bovada,player_points,Kawhi Leonard,Under,25.5,135,2026-02-11,2026-02-10T22:47:39Z,2026-02-10 14:47:44
Bovada,player_points,Kawhi Leonard,Over,26.5,-145,2026-02-11,2026-02-10T22:47:39Z,2026-02-10 14:47:44
Bovada,player_points,Kawhi Leonard,Under,26.5,110,2026-02-11,2026-02-10T22:47:39Z,2026-02-10 14:47:44
Bovada,player_points,Kawhi Leonard,Over,27.5,-120,2026-02-11,2026-02-10T22:47:39Z,2026-02-10 14:47:44
Bovada,player_points,Kawhi Leonard,Under,27.5,-110,2026-02-11,2026-02-10T22:47:39Z,2026-02-10 14:47:44
Bovada,player_points,Kawhi Leonard,Over,28.5,100,2026-02-11,2026-02-10T22:47:39Z,2026-02-10 14:47:44
Bovada,player_points,Kawhi Leonard,Under,28.5,-130,2026-02-11,2026-02-10T22:47:39Z,2026-02-10 14:47:44
Bovada,player_points,Kawhi Leonard,Over,29.5,120,2026-02-11,2026-02-10T22:47:39Z,2026-02-10 14:47:44
Bovada,player_points,Kawhi Leonard,Under,29.5,-160,2026-02-11,2026-02-10T22:47:39Z,2026-02-10 14:47:44
Bovada,player_points,Kawhi Leonard,Over,30.5,145,2026-02-11,2026-02-10T22:47:39Z,2026-02-10 14:47:44
Bovada,player_points,Kawhi Leonard,Under,30.5,-190,2026-02-11,2026-02-10T22:47:39Z,2026-02-10 14:47:44
Bovada,player_points,Kawhi Leonard,Over,31.5,170,2026-02-11,2026-02-10T22:47:39Z,2026-02-10 14:47:44
Bovada,player_points,Kawhi Leonard,Under,31.5,-230,2026-02-11,2026-02-10T22:47:39Z,2026-02-10 14:47:44
Bovada,player_points,Kawhi Leonard,Over,32.5,205,2026-02-11,2026-02-10T22:47:39Z,2026-02-10 14:47:44
Bovada,player_points,Kawhi Leonard,Under,32.5,-280,2026-02-11,2026-02-10T22:47:39Z,2026-02-10 14:47:44
Bovada,player_points,Kevin Durant,Over,20.5,-250,2026-02-11,2026-02-10T22:47:39Z,2026-02-10 14:47:44
Bovada,player_points,Kevin Durant,Under,20.5,185,2026-02-11,2026-02-10T22:47:39Z,2026-02-10 14:47:44
Bovada,player_points,Kevin Durant,Over,21.5,-200,2026-02-11,2026-02-10T22:47:39Z,2026-02-10 14:47:44
Bovada,player_points,Kevin Durant,Under,21.5,150,2026-02-11,2026-02-10T22:47:39Z,2026-02-10 14:47:44
Bovada,player_points,Kevin Durant,Over,22.5,-160,2026-02-11,2026-02-10T22:47:39Z,2026-02-10 14:47:44
Bovada,player_points,Kevin Durant,Under,22.5,120,2026-02-11,2026-02-10T22:47:39Z,2026-02-10 14:47:44
Bovada,player_points,Kevin Durant,Over,23.5,-130,2026-02-11,2026-02-10T22:47:39Z,2026-02-10 14:47:44
Bovada,player_points,Kevin Durant,Under,23.5,100,2026-02-11,2026-02-10T22:47:39Z,2026-02-10 14:47:44
Bovada,player_points,Kevin Durant,Over,24.5,-105,2026-02-11,2026-02-10T22:47:39Z,2026-02-10 14:47:44
Bovada,player_points,Kevin Durant,Under,24.5,-125,2026-02-11,2026-02-10T22:47:39Z,2026-02-10 14:47:44
Bovada,player_points,Kevin Durant,Over,25.5,115,2026-02-11,2026-02-10T22:47:39Z,2026-02-10 14:47:44
Bovada,player_points,Kevin Durant,Under,25.5,-150,2026-02-11,2026-02-10T22:47:39Z,2026-02-10 14:47:44
Bovada,player_points,Kevin Durant,Over,26.5,140,2026-02-11,2026-02-10T22:47:39Z,2026-02-10 14:47:44
Bovada,player_points,Kevin Durant,Under,26.5,-185,2026-02-11,2026-02-10T22:47:39Z,2026-02-10 14:47:44
Bovada,player_points,Kevin Durant,Over,27.5,170,2026-02-11,2026-02-10T22:47:39Z,2026-02-10 14:47:44
Bovada,player_points,Kevin Durant,Under,27.5,-230,2026-02-11,2026-02-10T22:47:39Z,2026-02-10 14:47:44
Bovada,player_points,Kevin Durant,Over,28.5,205,2026-02-11,2026-02-10T22:47:39Z,2026-02-10 14:47:44
Bovada,player_points,Kevin Durant,Under,28.5,-280,2026-02-11,2026-02-10T22:47:39Z,2026-02-10 14:47:44
Bovada,player_points,Kris Dunn,Over,5.5,-240,2026-02-11,2026-02-10T22:47:39Z,2026-02-10 14:47:44
Bovada,player_points,Kris Dunn,Under,5.5,175,2026-02-11,2026-02-10T22:47:39Z,2026-02-10 14:47:44
Bovada,player_points,Kris Dunn,Over,6.5,-160,2026-02-11,2026-02-10T22:47:39Z,2026-02-10 14:47:44
Bovada,player_points,Kris Dunn,Under,6.5,120,2026-02-11,2026-02-10T22:47:39Z,2026-02-10 14:47:44
Bovada,player_points,Kris Dunn,Over,7.5,-110,2026-02-11,2026-02-10T22:47:39Z,2026-02-10 14:47:44
Bovada,player_points,Kris Dunn,Under,7.5,-120,2026-02-11,2026-02-10T22:47:39Z,2026-02-10 14:47:44
Bovada,player_points,Kris Dunn,Over,8.5,130,2026-02-11,2026-02-10T22:47:39Z,2026-02-10 14:47:44
Bovada,player_points,Kris Dunn,Under,8.5,-170,2026-02-11,2026-02-10T22:47:39Z,2026-02-10 14:47:44
Bovada,player_points,Kris Dunn,Over,9.5,175,2026-02-11,2026-02-10T22:47:39Z,2026-02-10 14:47:44
Bovada,player_points,Kris Dunn,Under,9.5,-240,2026-02-11,2026-02-10T22:47:39Z,2026-02-10 14:47:44
Bovada,player_points,Reed Sheppard,Over,7.5,-260,2026-02-11,2026-02-10T22:47:39Z,2026-02-10 14:47:44
Bovada,player_points,Reed Sheppard,Under,7.5,190,2026-02-11,2026-02-10T22:47:39Z,2026-02-10 14:47:44
Bovada,player_points,Reed Sheppard,Over,8.5,-185,2026-02-11,2026-02-10T22:47:39Z,2026-02-10 14:47:44
Bovada,player_points,Reed Sheppard,Under,8.5,140,2026-02-11,2026-02-10T22:47:39Z,2026-02-10 14:47:44
Bovada,player_points,Reed Sheppard,Over,9.5,-130,2026-02-11,2026-02-10T22:47:39Z,2026-02-10 14:47:44
Bovada,player_points,Reed Sheppard,Under,9.5,100,2026-02-11,2026-02-10T22:47:39Z,2026-02-10 14:47:44
Bovada,player_points,Reed Sheppard,Over,10.5,105,2026-02-11,2026-02-10T22:47:39Z,2026-02-10 14:47:44
Bovada,player_points,Reed Sheppard,Under,10.5,-135,2026-02-11,2026-02-10T22:47:39Z,2026-02-10 14:47:44
Bovada,player_points,Reed Sheppard,Over,11.5,140,2026-02-11,2026-02-10T22:47:39Z,2026-02-10 14:47:44
Bovada,player_points,Reed Sheppard,Under,11.5,-185,2026-02-11,2026-02-10T22:47:39Z,2026-02-10 14:47:44
Bovada,player_points,Reed Sheppard,Over,12.5,180,2026-02-11,2026-02-10T22:47:39Z,2026-02-10 14:47:44
Bovada,player_points,Reed Sheppard,Under,12.5,-245,2026-02-11,2026-02-10T22:47:39Z,2026-02-10 14:47:44
Bovada,player_points,Tari Eason,Over,10.5,-260,2026-02-11,2026-02-10T22:47:39Z,2026-02-10 14:47:44
Bovada,player_points,Tari Eason,Under,10.5,190,2026-02-11,2026-02-10T22:47:39Z,2026-02-10 14:47:44
Bovada,player_points,Tari Eason,Over,11.5,-185,2026-02-11,2026-02-10T22:47:39Z,2026-02-10 14:47:44
Bovada,player_points,Tari Eason,Under,11.5,140,2026-02-11,2026-02-10T22:47:39Z,2026-02-10 14:47:44
Bovada,player_points,Tari Eason,Over,12.5,-135,2026-02-11,2026-02-10T22:47:39Z,2026-02-10 14:47:44
Bovada,player_points,Tari Eason,Under,12.5,105,2026-02-11,2026-02-10T22:47:39Z,2026-02-10 14:47:44
Bovada,player_points,Tari Eason,Over,13.5,-105,2026-02-11,2026-02-10T22:47:39Z,2026-02-10 14:47:44
Bovada,player_points,Tari Eason,Under,13.5,-125,2026-02-11,2026-02-10T22:47:39Z,2026-02-10 14:47:44
Bovada,player_points,Tari Eason,Over,14.5,120,2026-02-11,2026-02-10T22:47:39Z,2026-02-10 14:47:44
Bovada,player_points,Tari Eason,Under,14.5,-160,2026-02-11,2026-02-10T22:47:39Z,2026-02-10 14:47:44
Bovada,player_points,Tari Eason,Over,15.5,155,2026-02-11,2026-02-10T22:47:39Z,2026-02-10 14:47:44
Bovada,player_points,Tari Eason,Under,15.5,-210,2026-02-11,2026-02-10T22:47:39Z,2026-02-10 14:47:44
Bovada,player_points,Tari Eason,Over,16.5,200,2026-02-11,2026-02-10T22:47:39Z,2026-02-10 14:47:44
Bovada,player_points,Tari Eason,Under,16.5,-275,2026-02-11,2026-02-10T22:47:39Z,2026-02-10 14:47:44
Bovada,player_points,Caleb Martin,Over,3.5,-275,2026-02-11,2026-02-10T22:47:20Z,2026-02-10 14:47:44
Bovada,player_points,Caleb Martin,Under,3.5,200,2026-02-11,2026-02-10T22:47:20Z,2026-02-10 14:47:44
Bovada,player_points,Caleb Martin,Over,4.5,-160,2026-02-11,2026-02-10T22:47:20Z,2026-02-10 14:47:44
Bovada,player_points,Caleb Martin,Under,4.5,120,2026-02-11,2026-02-10T22:47:20Z,2026-02-10 14:47:44
Bovada,player_points,Caleb Martin,Over,5.5,105,2026-02-11,2026-02-10T22:47:20Z,2026-02-10 14:47:44
Bovada,player_points,Caleb Martin,Under,5.5,-135,2026-02-11,2026-02-10T22:47:20Z,2026-02-10 14:47:44
Bovada,player_points,Caleb Martin,Over,6.5,140,2026-02-11,2026-02-10T22:47:20Z,2026-02-10 14:47:44
Bovada,player_points,Caleb Martin,Under,6.5,-185,2026-02-11,2026-02-10T22:47:20Z,2026-02-10 14:47:44
Bovada,player_points,Caleb Martin,Over,7.5,200,2026-02-11,2026-02-10T22:47:20Z,2026-02-10 14:47:44
Bovada,player_points,Caleb Martin,Under,7.5,-275,2026-02-11,2026-02-10T22:47:20Z,2026-02-10 14:47:44
Bovada,player_points,Collin Gillespie,Over,9.5,-260,2026-02-11,2026-02-10T22:47:20Z,2026-02-10 14:47:44
Bovada,player_points,Collin Gillespie,Under,9.5,190,2026-02-11,2026-02-10T22:47:20Z,2026-02-10 14:47:44
Bovada,player_points,Collin Gillespie,Over,10.5,-190,2026-02-11,2026-02-10T22:47:20Z,2026-02-10 14:47:44
Bovada,player_points,Collin Gillespie,Under,10.5,145,2026-02-11,2026-02-10T22:47:20Z,2026-02-10 14:47:44
Bovada,player_points,Collin Gillespie,Over,11.5,-135,2026-02-11,2026-02-10T22:47:20Z,2026-02-10 14:47:44
Bovada,player_points,Collin Gillespie,Under,11.5,105,2026-02-11,2026-02-10T22:47:20Z,2026-02-10 14:47:44
Bovada,player_points,Collin Gillespie,Over,12.5,-105,2026-02-11,2026-02-10T22:47:20Z,2026-02-10 14:47:44
Bovada,player_points,Collin Gillespie,Under,12.5,-125,2026-02-11,2026-02-10T22:47:20Z,2026-02-10 14:47:44
Bovada,player_points,Collin Gillespie,Over,13.5,125,2026-02-11,2026-02-10T22:47:20Z,2026-02-10 14:47:44
Bovada,player_points,Collin Gillespie,Under,13.5,-165,2026-02-11,2026-02-10T22:47:20Z,2026-02-10 14:47:44
Bovada,player_points,Collin Gillespie,Over,14.5,160,2026-02-11,2026-02-10T22:47:20Z,2026-02-10 14:47:44
Bovada,player_points,Collin Gillespie,Under,14.5,-215,2026-02-11,2026-02-10T22:47:20Z,2026-02-10 14:47:44
Bovada,player_points,Cooper Flagg,Over,18.5,-275,2026-02-11,2026-02-10T22:47:20Z,2026-02-10 14:47:44
Bovada,player_points,Cooper Flagg,Under,18.5,200,2026-02-11,2026-02-10T22:47:20Z,2026-02-10 14:47:44
Bovada,player_points,Cooper Flagg,Over,19.5,-215,2026-02-11,2026-02-10T22:47:20Z,2026-02-10 14:47:44
Bovada,player_points,Cooper Flagg,Under,19.5,160,2026-02-11,2026-02-10T22:47:20Z,2026-02-10 14:47:44
Bovada,player_points,Cooper Flagg,Over,20.5,-170,2026-02-11,2026-02-10T22:47:20Z,2026-02-10 14:47:44
Bovada,player_points,Cooper Flagg,Under,20.5,130,2026-02-11,2026-02-10T22:47:20Z,2026-02-10 14:47:44
Bovada,player_points,Cooper Flagg,Over,21.5,-135,2026-02-11,2026-02-10T22:47:20Z,2026-02-10 14:47:44
Bovada,player_points,Cooper Flagg,Under,21.5,105,2026-02-11,2026-02-10T22:47:20Z,2026-02-10 14:47:44
Bovada,player_points,Cooper Flagg,Over,22.5,-110,2026-02-11,2026-02-10T22:47:20Z,2026-02-10 14:47:44
Bovada,player_points,Cooper Flagg,Under,22.5,-120,2026-02-11,2026-02-10T22:47:20Z,2026-02-10 14:47:44
Bovada,player_points,Cooper Flagg,Over,23.5,110,2026-02-11,2026-02-10T22:47:20Z,2026-02-10 14:47:44
Bovada,player_points,Cooper Flagg,Under,23.5,-145,2026-02-11,2026-02-10T22:47:20Z,2026-02-10 14:47:44
Bovada,player_points,Cooper Flagg,Over,24.5,135,2026-02-11,2026-02-10T22:47:20Z,2026-02-10 14:47:44
Bovada,player_points,Cooper Flagg,Under,24.5,-180,2026-02-11,2026-02-10T22:47:20Z,2026-02-10 14:47:44
Bovada,player_points,Cooper Flagg,Over,25.5,165,2026-02-11,2026-02-10T22:47:20Z,2026-02-10 14:47:44
Bovada,player_points,Cooper Flagg,Under,25.5,-220,2026-02-11,2026-02-10T22:47:20Z,2026-02-10 14:47:44
Bovada,player_points,Cooper Flagg,Over,26.5,200,2026-02-11,2026-02-10T22:47:20Z,2026-02-10 14:47:44
Bovada,player_points,Cooper Flagg,Under,26.5,-275,2026-02-11,2026-02-10T22:47:20Z,2026-02-10 14:47:44
Bovada,player_points,Daniel Gafford,Over,6.5,-300,2026-02-11,2026-02-10T22:47:20Z,2026-02-10 14:47:44
Bovada,player_points,Daniel Gafford,Under,6.5,215,2026-02-11,2026-02-10T22:47:20Z,2026-02-10 14:47:44
Bovada,player_points,Daniel Gafford,Over,7.5,-200,2026-02-11,2026-02-10T22:47:20Z,2026-02-10 14:47:44
Bovada,player_points,Daniel Gafford,Under,7.5,150,2026-02-11,2026-02-10T22:47:20Z,2026-02-10 14:47:44
Bovada,player_points,Daniel Gafford,Over,8.5,-135,2026-02-11,2026-02-10T22:47:20Z,2026-02-10 14:47:44
Bovada,player_points,Daniel Gafford,Under,8.5,105,2026-02-11,2026-02-10T22:47:20Z,2026-02-10 14:47:44
Bovada,player_points,Daniel Gafford,Over,9.5,100,2026-02-11,2026-02-10T22:47:20Z,2026-02-10 14:47:44
Bovada,player_points,Daniel Gafford,Under,9.5,-130,2026-02-11,2026-02-10T22:47:20Z,2026-02-10 14:47:44
Bovada,player_points,Daniel Gafford,Over,10.5,135,2026-02-11,2026-02-10T22:47:20Z,2026-02-10 14:47:44
Bovada,player_points,Daniel Gafford,Under,10.5,-180,2026-02-11,2026-02-10T22:47:20Z,2026-02-10 14:47:44
Bovada,player_points,Daniel Gafford,Over,11.5,180,2026-02-11,2026-02-10T22:47:20Z,2026-02-10 14:47:44
Bovada,player_points,Daniel Gafford,Under,11.5,-245,2026-02-11,2026-02-10T22:47:20Z,2026-02-10 14:47:44
Bovada,player_points,Devin Booker,Over,20.5,-260,2026-02-11,2026-02-10T22:47:20Z,2026-02-10 14:47:44
Bovada,player_points,Devin Booker,Under,20.5,190,2026-02-11,2026-02-10T22:47:20Z,2026-02-10 14:47:44
Bovada,player_points,Devin Booker,Over,21.5,-210,2026-02-11,2026-02-10T22:47:20Z,2026-02-10 14:47:44
Bovada,player_points,Devin Booker,Under,21.5,155,2026-02-11,2026-02-10T22:47:20Z,2026-02-10 14:47:44
Bovada,player_points,Devin Booker,Over,22.5,-165,2026-02-11,2026-02-10T22:47:20Z,2026-02-10 14:47:44
Bovada,player_points,Devin Booker,Under,22.5,125,2026-02-11,2026-02-10T22:47:20Z,2026-02-10 14:47:44
Bovada,player_points,Devin Booker,Over,23.5,-135,2026-02-11,2026-02-10T22:47:20Z,2026-02-10 14:47:44
Bovada,player_points,Devin Booker,Under,23.5,105,2026-02-11,2026-02-10T22:47:20Z,2026-02-10 14:47:44
Bovada,player_points,Devin Booker,Over,24.5,-110,2026-02-11,2026-02-10T22:47:20Z,2026-02-10 14:47:44
Bovada,player_points,Devin Booker,Under,24.5,-120,2026-02-11,2026-02-10T22:47:20Z,2026-02-10 14:47:44
Bovada,player_points,Devin Booker,Over,25.5,110,2026-02-11,2026-02-10T22:47:20Z,2026-02-10 14:47:44
Bovada,player_points,Devin Booker,Under,25.5,-145,2026-02-11,2026-02-10T22:47:20Z,2026-02-10 14:47:44
Bovada,player_points,Devin Booker,Over,26.5,135,2026-02-11,2026-02-10T22:47:20Z,2026-02-10 14:47:44
Bovada,player_points,Devin Booker,Under,26.5,-180,2026-02-11,2026-02-10T22:47:20Z,2026-02-10 14:47:44
Bovada,player_points,Devin Booker,Over,27.5,165,2026-02-11,2026-02-10T22:47:20Z,2026-02-10 14:47:44
Bovada,player_points,Devin Booker,Under,27.5,-220,2026-02-11,2026-02-10T22:47:20Z,2026-02-10 14:47:44
Bovada,player_points,Devin Booker,Over,28.5,200,2026-02-11,2026-02-10T22:47:20Z,2026-02-10 14:47:44
Bovada,player_points,Devin Booker,Under,28.5,-275,2026-02-11,2026-02-10T22:47:20Z,2026-02-10 14:47:44
Bovada,player_points,Dillon Brooks,Over,16.5,-275,2026-02-11,2026-02-10T22:47:20Z,2026-02-10 14:47:44
Bovada,player_points,Dillon Brooks,Under,16.5,200,2026-02-11,2026-02-10T22:47:20Z,2026-02-10 14:47:44
Bovada,player_points,Dillon Brooks,Over,17.5,-215,2026-02-11,2026-02-10T22:47:20Z,2026-02-10 14:47:44
Bovada,player_points,Dillon Brooks,Under,17.5,160,2026-02-11,2026-02-10T22:47:20Z,2026-02-10 14:47:44
Bovada,player_points,Dillon Brooks,Over,18.5,-165,2026-02-11,2026-02-10T22:47:20Z,2026-02-10 14:47:44
Bovada,player_points,Dillon Brooks,Under,18.5,125,2026-02-11,2026-02-10T22:47:20Z,2026-02-10 14:47:44
Bovada,player_points,Dillon Brooks,Over,19.5,-130,2026-02-11,2026-02-10T22:47:20Z,2026-02-10 14:47:44
Bovada,player_points,Dillon Brooks,Under,19.5,100,2026-02-11,2026-02-10T22:47:20Z,2026-02-10 14:47:44
Bovada,player_points,Dillon Brooks,Over,20.5,-105,2026-02-11,2026-02-10T22:47:20Z,2026-02-10 14:47:44
Bovada,player_points,Dillon Brooks,Under,20.5,-125,2026-02-11,2026-02-10T22:47:20Z,2026-02-10 14:47:44
Bovada,player_points,Dillon Brooks,Over,21.5,120,2026-02-11,2026-02-10T22:47:20Z,2026-02-10 14:47:44
Bovada,player_points,Dillon Brooks,Under,21.5,-160,2026-02-11,2026-02-10T22:47:20Z,2026-02-10 14:47:44
Bovada,player_points,Dillon Brooks,Over,22.5,145,2026-02-11,2026-02-10T22:47:20Z,2026-02-10 14:47:44
Bovada,player_points,Dillon Brooks,Under,22.5,-190,2026-02-11,2026-02-10T22:47:20Z,2026-02-10 14:47:44
Bovada,player_points,Dillon Brooks,Over,23.5,175,2026-02-11,2026-02-10T22:47:20Z,2026-02-10 14:47:44
Bovada,player_points,Dillon Brooks,Under,23.5,-240,2026-02-11,2026-02-10T22:47:20Z,2026-02-10 14:47:44
Bovada,player_points,Jalen Green,Over,9.5,-220,2026-02-11,2026-02-10T22:47:20Z,2026-02-10 14:47:44
Bovada,player_points,Jalen Green,Under,9.5,165,2026-02-11,2026-02-10T22:47:20Z,2026-02-10 14:47:44
Bovada,player_points,Jalen Green,Over,10.5,-165,2026-02-11,2026-02-10T22:47:20Z,2026-02-10 14:47:44
Bovada,player_points,Jalen Green,Under,10.5,125,2026-02-11,2026-02-10T22:47:20Z,2026-02-10 14:47:44
Bovada,player_points,Jalen Green,Over,11.5,-120,2026-02-11,2026-02-10T22:47:20Z,2026-02-10 14:47:44
Bovada,player_points,Jalen Green,Under,11.5,-110,2026-02-11,2026-02-10T22:47:20Z,2026-02-10 14:47:44
Bovada,player_points,Jalen Green,Over,12.5,110,2026-02-11,2026-02-10T22:47:20Z,2026-02-10 14:47:44
Bovada,player_points,Jalen Green,Under,12.5,-145,2026-02-11,2026-02-10T22:47:20Z,2026-02-10 14:47:44
Bovada,player_points,Jalen Green,Over,13.5,145,2026-02-11,2026-02-10T22:47:20Z,2026-02-10 14:47:44
Bovada,player_points,Jalen Green,Under,13.5,-190,2026-02-11,2026-02-10T22:47:20Z,2026-02-10 14:47:44
Bovada,player_points,Jalen Green,Over,14.5,185,2026-02-11,2026-02-10T22:47:20Z,2026-02-10 14:47:44
Bovada,player_points,Jalen Green,Under,14.5,-250,2026-02-11,2026-02-10T22:47:20Z,2026-02-10 14:47:44
Bovada,player_points,Jordan Goodwin,Over,6.5,-260,2026-02-11,2026-02-10T22:47:20Z,2026-02-10 14:47:44
Bovada,player_points,Jordan Goodwin,Under,6.5,190,2026-02-11,2026-02-10T22:47:20Z,2026-02-10 14:47:44
Bovada,player_points,Jordan Goodwin,Over,7.5,-180,2026-02-11,2026-02-10T22:47:20Z,2026-02-10 14:47:44
Bovada,player_points,Jordan Goodwin,Under,7.5,135,2026-02-11,2026-02-10T22:47:20Z,2026-02-10 14:47:44
Bovada,player_points,Jordan Goodwin,Over,8.5,-120,2026-02-11,2026-02-10T22:47:20Z,2026-02-10 14:47:44
Bovada,player_points,Jordan Goodwin,Under,8.5,-110,2026-02-11,2026-02-10T22:47:20Z,2026-02-10 14:47:44
Bovada,player_points,Jordan Goodwin,Over,9.5,110,2026-02-11,2026-02-10T22:47:20Z,2026-02-10 14:47:44
Bovada,player_points,Jordan Goodwin,Under,9.5,-145,2026-02-11,2026-02-10T22:47:20Z,2026-02-10 14:47:44
Bovada,player_points,Jordan Goodwin,Over,10.5,150,2026-02-11,2026-02-10T22:47:20Z,2026-02-10 14:47:44
Bovada,player_points,Jordan Goodwin,Under,10.5,-200,2026-02-11,2026-02-10T22:47:20Z,2026-02-10 14:47:44
Bovada,player_points,Jordan Goodwin,Over,11.5,200,2026-02-11,2026-02-10T22:47:20Z,2026-02-10 14:47:44
Bovada,player_points,Jordan Goodwin,Under,11.5,-275,2026-02-11,2026-02-10T22:47:20Z,2026-02-10 14:47:44
Bovada,player_points,Klay Thompson,Over,6.5,-240,2026-02-11,2026-02-10T22:47:20Z,2026-02-10 14:47:44
Bovada,player_points,Klay Thompson,Under,6.5,175,2026-02-11,2026-02-10T22:47:20Z,2026-02-10 14:47:44
Bovada,player_points,Klay Thompson,Over,7.5,-165,2026-02-11,2026-02-10T22:47:20Z,2026-02-10 14:47:44
Bovada,player_points,Klay Thompson,Under,7.5,125,2026-02-11,2026-02-10T22:47:20Z,2026-02-10 14:47:44
Bovada,player_points,Klay Thompson,Over,8.5,-110,2026-02-11,2026-02-10T22:47:20Z,2026-02-10 14:47:44
Bovada,player_points,Klay Thompson,Under,8.5,-120,2026-02-11,2026-02-10T22:47:20Z,2026-02-10 14:47:44
Bovada,player_points,Klay Thompson,Over,9.5,120,2026-02-11,2026-02-10T22:47:20Z,2026-02-10 14:47:44
Bovada,player_points,Klay Thompson,Under,9.5,-160,2026-02-11,2026-02-10T22:47:20Z,2026-02-10 14:47:44
Bovada,player_points,Klay Thompson,Over,10.5,160,2026-02-11,2026-02-10T22:47:20Z,2026-02-10 14:47:44
Bovada,player_points,Klay Thompson,Under,10.5,-215,2026-02-11,2026-02-10T22:47:20Z,2026-02-10 14:47:44
Bovada,player_points,Mark Williams,Over,10.5,-230,2026-02-11,2026-02-10T22:47:20Z,2026-02-10 14:47:44
Bovada,player_points,Mark Williams,Under,10.5,170,2026-02-11,2026-02-10T22:47:20Z,2026-02-10 14:47:44
Bovada,player_points,Mark Williams,Over,11.5,-165,2026-02-11,2026-02-10T22:47:20Z,2026-02-10 14:47:44
Bovada,player_points,Mark Williams,Under,11.5,125,2026-02-11,2026-02-10T22:47:20Z,2026-02-10 14:47:44
Bovada,player_points,Mark Williams,Over,12.5,-125,2026-02-11,2026-02-10T22:47:20Z,2026-02-10 14:47:44
Bovada,player_points,Mark Williams,Under,12.5,-105,2026-02-11,2026-02-10T22:47:20Z,2026-02-10 14:47:44
Bovada,player_points,Mark Williams,Over,13.5,105,2026-02-11,2026-02-10T22:47:20Z,2026-02-10 14:47:44
Bovada,player_points,Mark Williams,Under,13.5,-135,2026-02-11,2026-02-10T22:47:20Z,2026-02-10 14:47:44
Bovada,player_points,Mark Williams,Over,14.5,135,2026-02-11,2026-02-10T22:47:20Z,2026-02-10 14:47:44
Bovada,player_points,Mark Williams,Under,14.5,-180,2026-02-11,2026-02-10T22:47:20Z,2026-02-10 14:47:44
Bovada,player_points,Mark Williams,Over,15.5,170,2026-02-11,2026-02-10T22:47:20Z,2026-02-10 14:47:44
Bovada,player_points,Mark Williams,Under,15.5,-230,2026-02-11,2026-02-10T22:47:20Z,2026-02-10 14:47:44
Bovada,player_points,Max Christie,Over,10.5,-220,2026-02-11,2026-02-10T22:47:20Z,2026-02-10 14:47:44
Bovada,player_points,Max Christie,Under,10.5,165,2026-02-11,2026-02-10T22:47:20Z,2026-02-10 14:47:44
Bovada,player_points,Max Christie,Over,11.5,-160,2026-02-11,2026-02-10T22:47:20Z,2026-02-10 14:47:44
Bovada,player_points,Max Christie,Under,11.5,120,2026-02-11,2026-02-10T22:47:20Z,2026-02-10 14:47:44
Bovada,player_points,Max Christie,Over,12.5,-110,2026-02-11,2026-02-10T22:47:20Z,2026-02-10 14:47:44
Bovada,player_points,Max Christie,Under,12.5,-120,2026-02-11,2026-02-10T22:47:20Z,2026-02-10 14:47:44
Bovada,player_points,Max Christie,Over,13.5,110,2026-02-11,2026-02-10T22:47:20Z,2026-02-10 14:47:44
Bovada,player_points,Max Christie,Under,13.5,-145,2026-02-11,2026-02-10T22:47:20Z,2026-02-10 14:47:44
Bovada,player_points,Max Christie,Over,14.5,140,2026-02-11,2026-02-10T22:47:20Z,2026-02-10 14:47:44
Bovada,player_points,Max Christie,Under,14.5,-185,2026-02-11,2026-02-10T22:47:20Z,2026-02-10 14:47:44
Bovada,player_points,Max Christie,Over,15.5,180,2026-02-11,2026-02-10T22:47:20Z,2026-02-10 14:47:44
Bovada,player_points,Max Christie,Under,15.5,-245,2026-02-11,2026-02-10T22:47:20Z,2026-02-10 14:47:44
Bovada,player_points,Naji Marshall,Over,12.5,-230,2026-02-11,2026-02-10T22:47:20Z,2026-02-10 14:47:44
Bovada,player_points,Naji Marshall,Under,12.5,170,2026-02-11,2026-02-10T22:47:20Z,2026-02-10 14:47:44
Bovada,player_points,Naji Marshall,Over,13.5,-170,2026-02-11,2026-02-10T22:47:20Z,2026-02-10 14:47:44
Bovada,player_points,Naji Marshall,Under,13.5,130,2026-02-11,2026-02-10T22:47:20Z,2026-02-10 14:47:44
Bovada,player_points,Naji Marshall,Over,14.5,-130,2026-02-11,2026-02-10T22:47:20Z,2026-02-10 14:47:44
Bovada,player_points,Naji Marshall,Under,14.5,100,2026-02-11,2026-02-10T22:47:20Z,2026-02-10 14:47:44
Bovada,player_points,Naji Marshall,Over,15.5,100,2026-02-11,2026-02-10T22:47:20Z,2026-02-10 14:47:44
Bovada,player_points,Naji Marshall,Under,15.5,-130,2026-02-11,2026-02-10T22:47:20Z,2026-02-10 14:47:44
Bovada,player_points,Naji Marshall,Over,16.5,125,2026-02-11,2026-02-10T22:47:20Z,2026-02-10 14:47:44
Bovada,player_points,Naji Marshall,Under,16.5,-165,2026-02-11,2026-02-10T22:47:20Z,2026-02-10 14:47:44
Bovada,player_points,Naji Marshall,Over,17.5,160,2026-02-11,2026-02-10T22:47:20Z,2026-02-10 14:47:44
Bovada,player_points,Naji Marshall,Under,17.5,-215,2026-02-11,2026-02-10T22:47:20Z,2026-02-10 14:47:44
Bovada,player_points,Naji Marshall,Over,18.5,200,2026-02-11,2026-02-10T22:47:20Z,2026-02-10 14:47:44
Bovada,player_points,Naji Marshall,Under,18.5,-275,2026-02-11,2026-02-10T22:47:20Z,2026-02-10 14:47:44
Bovada,player_points,Oso Ighodaro,Over,3.5,-215,2026-02-11,2026-02-10T22:47:20Z,2026-02-10 14:47:44
Bovada,player_points,Oso Ighodaro,Under,3.5,160,2026-02-11,2026-02-10T22:47:20Z,2026-02-10 14:47:44
Bovada,player_points,Oso Ighodaro,Over,4.5,-130,2026-02-11,2026-02-10T22:47:20Z,2026-02-10 14:47:44
Bovada,player_points,Oso Ighodaro,Under,4.5,100,2026-02-11,2026-02-10T22:47:20Z,2026-02-10 14:47:44
Bovada,player_points,Oso Ighodaro,Over,5.5,115,2026-02-11,2026-02-10T22:47:20Z,2026-02-10 14:47:44
Bovada,player_points,Oso Ighodaro,Under,5.5,-150,2026-02-11,2026-02-10T22:47:20Z,2026-02-10 14:47:44
Bovada,player_points,Oso Ighodaro,Over,6.5,170,2026-02-11,2026-02-10T22:47:20Z,2026-02-10 14:47:44
Bovada,player_points,Oso Ighodaro,Under,6.5,-230,2026-02-11,2026-02-10T22:47:20Z,2026-02-10 14:47:44
Bovada,player_points,P.J. Washington,Over,8.5,-245,2026-02-11,2026-02-10T22:47:20Z,2026-02-10 14:47:44
Bovada,player_points,P.J. Washington,Under,8.5,180,2026-02-11,2026-02-10T22:47:20Z,2026-02-10 14:47:44
Bovada,player_points,P.J. Washington,Over,9.5,-170,2026-02-11,2026-02-10T22:47:20Z,2026-02-10 14:47:44
Bovada,player_points,P.J. Washington,Under,9.5,130,2026-02-11,2026-02-10T22:47:20Z,2026-02-10 14:47:44
Bovada,player_points,P.J. Washington,Over,10.5,-125,2026-02-11,2026-02-10T22:47:20Z,2026-02-10 14:47:44
Bovada,player_points,P.J. Washington,Under,10.5,-105,2026-02-11,2026-02-10T22:47:20Z,2026-02-10 14:47:44
Bovada,player_points,P.J. Washington,Over,11.5,105,2026-02-11,2026-02-10T22:47:20Z,2026-02-10 14:47:44
Bovada,player_points,P.J. Washington,Under,11.5,-135,2026-02-11,2026-02-10T22:47:20Z,2026-02-10 14:47:44
Bovada,player_points,P.J. Washington,Over,12.5,140,2026-02-11,2026-02-10T22:47:20Z,2026-02-10 14:47:44
Bovada,player_points,P.J. Washington,Under,12.5,-185,2026-02-11,2026-02-10T22:47:20Z,2026-02-10 14:47:44
Bovada,player_points,P.J. Washington,Over,13.5,180,2026-02-11,2026-02-10T22:47:20Z,2026-02-10 14:47:44
Bovada,player_points,P.J. Washington,Under,13.5,-245,2026-02-11,2026-02-10T22:47:20Z,2026-02-10 14:47:44
Bovada,player_points,Royce O'Neale,Over,7.5,-280,2026-02-11,2026-02-10T22:47:20Z,2026-02-10 14:47:44
Bovada,player_points,Royce O'Neale,Under,7.5,205,2026-02-11,2026-02-10T22:47:20Z,2026-02-10 14:47:44
Bovada,player_points,Royce O'Neale,Over,8.5,-190,2026-02-11,2026-02-10T22:47:20Z,2026-02-10 14:47:44
Bovada,player_points,Royce O'Neale,Under,8.5,145,2026-02-11,2026-02-10T22:47:20Z,2026-02-10 14:47:44
Bovada,player_points,Royce O'Neale,Over,9.5,-135,2026-02-11,2026-02-10T22:47:20Z,2026-02-10 14:47:44
Bovada,player_points,Royce O'Neale,Under,9.5,105,2026-02-11,2026-02-10T22:47:20Z,2026-02-10 14:47:44
Bovada,player_points,Royce O'Neale,Over,10.5,100,2026-02-11,2026-02-10T22:47:20Z,2026-02-10 14:47:44
Bovada,player_points,Royce O'Neale,Under,10.5,-130,2026-02-11,2026-02-10T22:47:20Z,2026-02-10 14:47:44
Bovada,player_points,Royce O'Neale,Over,11.5,130,2026-02-11,2026-02-10T22:47:20Z,2026-02-10 14:47:44
Bovada,player_points,Royce O'Neale,Under,11.5,-170,2026-02-11,2026-02-10T22:47:20Z,2026-02-10 14:47:44
Bovada,player_points,Royce O'Neale,Over,12.5,175,2026-02-11,2026-02-10T22:47:20Z,2026-02-10 14:47:44
Bovada,player_points,Royce O'Neale,Under,12.5,-240,2026-02-11,2026-02-10T22:47:20Z,2026-02-10 14:47:44
Bovada,player_points,Brandon Williams,Over,8.5,-260,2026-02-11,2026-02-10T22:47:20Z,2026-02-10 14:47:44
Bovada,player_points,Brandon Williams,Under,8.5,190,2026-02-11,2026-02-10T22:47:20Z,2026-02-10 14:47:44
Bovada,player_points,Brandon Williams,Over,9.5,-180,2026-02-11,2026-02-10T22:47:20Z,2026-02-10 14:47:44
Bovada,player_points,Brandon Williams,Under,9.5,135,2026-02-11,2026-02-10T22:47:20Z,2026-02-10 14:47:44
Bovada,player_points,Brandon Williams,Over,10.5,-130,2026-02-11,2026-02-10T22:47:20Z,2026-02-10 14:47:44
Bovada,player_points,Brandon Williams,Under,10.5,100,2026-02-11,2026-02-10T22:47:20Z,2026-02-10 14:47:44
Bovada,player_points,Brandon Williams,Over,11.5,105,2026-02-11,2026-02-10T22:47:20Z,2026-02-10 14:47:44
Bovada,player_points,Brandon Williams,Under,11.5,-135,2026-02-11,2026-02-10T22:47:20Z,2026-02-10 14:47:44
Bovada,player_points,Brandon Williams,Over,12.5,135,2026-02-11,2026-02-10T22:47:20Z,2026-02-10 14:47:44
Bovada,player_points,Brandon Williams,Under,12.5,-180,2026-02-11,2026-02-10T22:47:20Z,2026-02-10 14:47:44
Bovada,player_points,Brandon Williams,Over,13.5,175,2026-02-11,2026-02-10T22:47:20Z,2026-02-10 14:47:44
Bovada,player_points,Brandon Williams,Under,13.5,-240,2026-02-11,2026-02-10T22:47:20Z,2026-02-10 14:47:44
Bovada,player_points,De'Aaron Fox,Over,14.5,-240,2026-02-11,2026-02-10T22:47:38Z,2026-02-10 14:47:44
Bovada,player_points,De'Aaron Fox,Under,14.5,175,2026-02-11,2026-02-10T22:47:38Z,2026-02-10 14:47:44
Bovada,player_points,De'Aaron Fox,Over,15.5,-180,2026-02-11,2026-02-10T22:47:38Z,2026-02-10 14:47:44
Bovada,player_points,De'Aaron Fox,Under,15.5,135,2026-02-11,2026-02-10T22:47:38Z,2026-02-10 14:47:44
Bovada,player_points,De'Aaron Fox,Over,16.5,-135,2026-02-11,2026-02-10T22:47:38Z,2026-02-10 14:47:44
Bovada,player_points,De'Aaron Fox,Under,16.5,105,2026-02-11,2026-02-10T22:47:38Z,2026-02-10 14:47:44
Bovada,player_points,De'Aaron Fox,Over,17.5,-110,2026-02-11,2026-02-10T22:47:38Z,2026-02-10 14:47:44
Bovada,player_points,De'Aaron Fox,Under,17.5,-120,2026-02-11,2026-02-10T22:47:38Z,2026-02-10 14:47:44
Bovada,player_points,De'Aaron Fox,Over,18.5,115,2026-02-11,2026-02-10T22:47:38Z,2026-02-10 14:47:44
Bovada,player_points,De'Aaron Fox,Under,18.5,-150,2026-02-11,2026-02-10T22:47:38Z,2026-02-10 14:47:44
Bovada,player_points,De'Aaron Fox,Over,19.5,145,2026-02-11,2026-02-10T22:47:38Z,2026-02-10 14:47:44
Bovada,player_points,De'Aaron Fox,Under,19.5,-190,2026-02-11,2026-02-10T22:47:38Z,2026-02-10 14:47:44
Bovada,player_points,De'Aaron Fox,Over,20.5,175,2026-02-11,2026-02-10T22:47:38Z,2026-02-10 14:47:44
Bovada,player_points,De'Aaron Fox,Under,20.5,-240,2026-02-11,2026-02-10T22:47:38Z,2026-02-10 14:47:44
Bovada,player_points,Devin Vassell,Over,9.5,-300,2026-02-11,2026-02-10T22:47:38Z,2026-02-10 14:47:44
Bovada,player_points,Devin Vassell,Under,9.5,215,2026-02-11,2026-02-10T22:47:38Z,2026-02-10 14:47:44
Bovada,player_points,Devin Vassell,Over,10.5,-210,2026-02-11,2026-02-10T22:47:38Z,2026-02-10 14:47:44
Bovada,player_points,Devin Vassell,Under,10.5,155,2026-02-11,2026-02-10T22:47:38Z,2026-02-10 14:47:44
Bovada,player_points,Devin Vassell,Over,11.5,-150,2026-02-11,2026-02-10T22:47:38Z,2026-02-10 14:47:44
Bovada,player_points,Devin Vassell,Under,11.5,115,2026-02-11,2026-02-10T22:47:38Z,2026-02-10 14:47:44
Bovada,player_points,Devin Vassell,Over,12.5,-115,2026-02-11,2026-02-10T22:47:38Z,2026-02-10 14:47:44
Bovada,player_points,Devin Vassell,Under,12.5,-115,2026-02-11,2026-02-10T22:47:38Z,2026-02-10 14:47:44
Bovada,player_points,Devin Vassell,Over,13.5,115,2026-02-11,2026-02-10T22:47:38Z,2026-02-10 14:47:44
Bovada,player_points,Devin Vassell,Under,13.5,-150,2026-02-11,2026-02-10T22:47:38Z,2026-02-10 14:47:44
Bovada,player_points,Devin Vassell,Over,14.5,150,2026-02-11,2026-02-10T22:47:38Z,2026-02-10 14:47:44
Bovada,player_points,Devin Vassell,Under,14.5,-200,2026-02-11,2026-02-10T22:47:38Z,2026-02-10 14:47:44
Bovada,player_points,Devin Vassell,Over,15.5,190,2026-02-11,2026-02-10T22:47:38Z,2026-02-10 14:47:44
Bovada,player_points,Devin Vassell,Under,15.5,-260,2026-02-11,2026-02-10T22:47:38Z,2026-02-10 14:47:44
Bovada,player_points,Dylan Harper,Over,7.5,-260,2026-02-11,2026-02-10T22:47:38Z,2026-02-10 14:47:44
Bovada,player_points,Dylan Harper,Under,7.5,190,2026-02-11,2026-02-10T22:47:38Z,2026-02-10 14:47:44
Bovada,player_points,Dylan Harper,Over,8.5,-185,2026-02-11,2026-02-10T22:47:38Z,2026-02-10 14:47:44
Bovada,player_points,Dylan Harper,Under,8.5,140,2026-02-11,2026-02-10T22:47:38Z,2026-02-10 14:47:44
Bovada,player_points,Dylan Harper,Over,9.5,-130,2026-02-11,2026-02-10T22:47:38Z,2026-02-10 14:47:44
Bovada,player_points,Dylan Harper,Under,9.5,100,2026-02-11,2026-02-10T22:47:38Z,2026-02-10 14:47:44
Bovada,player_points,Dylan Harper,Over,10.5,105,2026-02-11,2026-02-10T22:47:38Z,2026-02-10 14:47:44
Bovada,player_points,Dylan Harper,Under,10.5,-135,2026-02-11,2026-02-10T22:47:38Z,2026-02-10 14:47:44
Bovada,player_points,Dylan Harper,Over,11.5,140,2026-02-11,2026-02-10T22:47:38Z,2026-02-10 14:47:44
Bovada,player_points,Dylan Harper,Under,11.5,-185,2026-02-11,2026-02-10T22:47:38Z,2026-02-10 14:47:44
Bovada,player_points,Dylan Harper,Over,12.5,180,2026-02-11,2026-02-10T22:47:38Z,2026-02-10 14:47:44
Bovada,player_points,Dylan Harper,Under,12.5,-245,2026-02-11,2026-02-10T22:47:38Z,2026-02-10 14:47:44
Bovada,player_points,Harrison Barnes,Over,6.5,-215,2026-02-11,2026-02-10T22:47:38Z,2026-02-10 14:47:44
Bovada,player_points,Harrison Barnes,Under,6.5,160,2026-02-11,2026-02-10T22:47:38Z,2026-02-10 14:47:44
Bovada,player_points,Harrison Barnes,Over,7.5,-145,2026-02-11,2026-02-10T22:47:38Z,2026-02-10 14:47:44
Bovada,player_points,Harrison Barnes,Under,7.5,110,2026-02-11,2026-02-10T22:47:38Z,2026-02-10 14:47:44
Bovada,player_points,Harrison Barnes,Over,8.5,-105,2026-02-11,2026-02-10T22:47:38Z,2026-02-10 14:47:44
Bovada,player_points,Harrison Barnes,Under,8.5,-125,2026-02-11,2026-02-10T22:47:38Z,2026-02-10 14:47:44
Bovada,player_points,Harrison Barnes,Over,9.5,130,2026-02-11,2026-02-10T22:47:38Z,2026-02-10 14:47:44
Bovada,player_points,Harrison Barnes,Under,9.5,-170,2026-02-11,2026-02-10T22:47:38Z,2026-02-10 14:47:44
Bovada,player_points,Harrison Barnes,Over,10.5,175,2026-02-11,2026-02-10T22:47:38Z,2026-02-10 14:47:44
Bovada,player_points,Harrison Barnes,Under,10.5,-240,2026-02-11,2026-02-10T22:47:38Z,2026-02-10 14:47:44
Bovada,player_points,Julian Champagnie,Over,6.5,-260,2026-02-11,2026-02-10T22:47:38Z,2026-02-10 14:47:44
Bovada,player_points,Julian Champagnie,Under,6.5,190,2026-02-11,2026-02-10T22:47:38Z,2026-02-10 14:47:44
Bovada,player_points,Julian Champagnie,Over,7.5,-180,2026-02-11,2026-02-10T22:47:38Z,2026-02-10 14:47:44
Bovada,player_points,Julian Champagnie,Under,7.5,135,2026-02-11,2026-02-10T22:47:38Z,2026-02-10 14:47:44
Bovada,player_points,Julian Champagnie,Over,8.5,-125,2026-02-11,2026-02-10T22:47:38Z,2026-02-10 14:47:44
Bovada,player_points,Julian Champagnie,Under,8.5,-105,2026-02-11,2026-02-10T22:47:38Z,2026-02-10 14:47:44
Bovada,player_points,Julian Champagnie,Over,9.5,110,2026-02-11,2026-02-10T22:47:38Z,2026-02-10 14:47:44
Bovada,player_points,Julian Champagnie,Under,9.5,-145,2026-02-11,2026-02-10T22:47:38Z,2026-02-10 14:47:44
Bovada,player_points,Julian Champagnie,Over,10.5,150,2026-02-11,2026-02-10T22:47:38Z,2026-02-10 14:47:44
Bovada,player_points,Julian Champagnie,Under,10.5,-200,2026-02-11,2026-02-10T22:47:38Z,2026-02-10 14:47:44
Bovada,player_points,Julian Champagnie,Over,11.5,200,2026-02-11,2026-02-10T22:47:38Z,2026-02-10 14:47:44
Bovada,player_points,Julian Champagnie,Under,11.5,-275,2026-02-11,2026-02-10T22:47:38Z,2026-02-10 14:47:44
Bovada,player_points,Keldon Johnson,Over,8.5,-210,2026-02-11,2026-02-10T22:47:38Z,2026-02-10 14:47:44
Bovada,player_points,Keldon Johnson,Under,8.5,155,2026-02-11,2026-02-10T22:47:38Z,2026-02-10 14:47:44
Bovada,player_points,Keldon Johnson,Over,9.5,-150,2026-02-11,2026-02-10T22:47:38Z,2026-02-10 14:47:44
Bovada,player_points,Keldon Johnson,Under,9.5,115,2026-02-11,2026-02-10T22:47:38Z,2026-02-10 14:47:44
Bovada,player_points,Keldon Johnson,Over,10.5,-110,2026-02-11,2026-02-10T22:47:38Z,2026-02-10 14:47:44
Bovada,player_points,Keldon Johnson,Under,10.5,-120,2026-02-11,2026-02-10T22:47:38Z,2026-02-10 14:47:44
Bovada,player_points,Keldon Johnson,Over,11.5,120,2026-02-11,2026-02-10T22:47:38Z,2026-02-10 14:47:44
Bovada,player_points,Keldon Johnson,Under,11.5,-160,2026-02-11,2026-02-10T22:47:38Z,2026-02-10 14:47:44
Bovada,player_points,Keldon Johnson,Over,12.5,160,2026-02-11,2026-02-10T22:47:38Z,2026-02-10 14:47:44
Bovada,player_points,Keldon Johnson,Under,12.5,-215,2026-02-11,2026-02-10T22:47:38Z,2026-02-10 14:47:44
Bovada,player_points,Keldon Johnson,Over,13.5,210,2026-02-11,2026-02-10T22:47:38Z,2026-02-10 14:47:44
Bovada,player_points,Keldon Johnson,Under,13.5,-290,2026-02-11,2026-02-10T22:47:38Z,2026-02-10 14:47:44
Bovada,player_points,Stephon Castle,Over,14.5,-230,2026-02-11,2026-02-10T22:47:38Z,2026-02-10 14:47:44
Bovada,player_points,Stephon Castle,Under,14.5,170,2026-02-11,2026-02-10T22:47:38Z,2026-02-10 14:47:44
Bovada,player_points,Stephon Castle,Over,15.5,-170,2026-02-11,2026-02-10T22:47:38Z,2026-02-10 14:47:44
Bovada,player_points,Stephon Castle,Under,15.5,130,2026-02-11,2026-02-10T22:47:38Z,2026-02-10 14:47:44
Bovada,player_points,Stephon Castle,Over,16.5,-130,2026-02-11,2026-02-10T22:47:38Z,2026-02-10 14:47:44
Bovada,player_points,Stephon Castle,Under,16.5,100,2026-02-11,2026-02-10T22:47:38Z,2026-02-10 14:47:44
Bovada,player_points,Stephon Castle,Over,17.5,-105,2026-02-11,2026-02-10T22:47:38Z,2026-02-10 14:47:44
Bovada,player_points,Stephon Castle,Under,17.5,-125,2026-02-11,2026-02-10T22:47:38Z,2026-02-10 14:47:44
Bovada,player_points,Stephon Castle,Over,18.5,120,2026-02-11,2026-02-10T22:47:38Z,2026-02-10 14:47:44
Bovada,player_points,Stephon Castle,Under,18.5,-160,2026-02-11,2026-02-10T22:47:38Z,2026-02-10 14:47:44
Bovada,player_points,Stephon Castle,Over,19.5,150,2026-02-11,2026-02-10T22:47:38Z,2026-02-10 14:47:44
Bovada,player_points,Stephon Castle,Under,19.5,-200,2026-02-11,2026-02-10T22:47:38Z,2026-02-10 14:47:44
Bovada,player_points,Stephon Castle,Over,20.5,185,2026-02-11,2026-02-10T22:47:38Z,2026-02-10 14:47:44
Bovada,player_points,Stephon Castle,Under,20.5,-250,2026-02-11,2026-02-10T22:47:38Z,2026-02-10 14:47:44
Bovada,player_points,Victor Wembanyama,Over,19.5,-240,2026-02-11,2026-02-10T22:47:38Z,2026-02-10 14:47:44
Bovada,player_points,Victor Wembanyama,Under,19.5,175,2026-02-11,2026-02-10T22:47:38Z,2026-02-10 14:47:44
Bovada,player_points,Victor Wembanyama,Over,20.5,-185,2026-02-11,2026-02-10T22:47:38Z,2026-02-10 14:47:44
Bovada,player_points,Victor Wembanyama,Under,20.5,140,2026-02-11,2026-02-10T22:47:38Z,2026-02-10 14:47:44
Bovada,player_points,Victor Wembanyama,Over,21.5,-150,2026-02-11,2026-02-10T22:47:38Z,2026-02-10 14:47:44
Bovada,player_points,Victor Wembanyama,Under,21.5,115,2026-02-11,2026-02-10T22:47:38Z,2026-02-10 14:47:44
Bovada,player_points,Victor Wembanyama,Over,22.5,-120,2026-02-11,2026-02-10T22:47:38Z,2026-02-10 14:47:44
Bovada,player_points,Victor Wembanyama,Under,22.5,-110,2026-02-11,2026-02-10T22:47:38Z,2026-02-10 14:47:44
Bovada,player_points,Victor Wembanyama,Over,23.5,105,2026-02-11,2026-02-10T22:47:38Z,2026-02-10 14:47:44
Bovada,player_points,Victor Wembanyama,Under,23.5,-135,2026-02-11,2026-02-10T22:47:38Z,2026-02-10 14:47:44
Bovada,player_points,Victor Wembanyama,Over,24.5,125,2026-02-11,2026-02-10T22:47:38Z,2026-02-10 14:47:44
Bovada,player_points,Victor Wembanyama,Under,24.5,-165,2026-02-11,2026-02-10T22:47:38Z,2026-02-10 14:47:44
Bovada,player_points,Victor Wembanyama,Over,25.5,150,2026-02-11,2026-02-10T22:47:38Z,2026-02-10 14:47:44
Bovada,player_points,Victor Wembanyama,Under,25.5,-200,2026-02-11,2026-02-10T22:47:38Z,2026-02-10 14:47:44
Bovada,player_points,Victor Wembanyama,Over,26.5,185,2026-02-11,2026-02-10T22:47:38Z,2026-02-10 14:47:44
Bovada,player_points,Victor Wembanyama,Under,26.5,-250,2026-02-11,2026-02-10T22:47:38Z,2026-02-10 14:47:44
FanDuel,player_rebounds,Jay Huff,Over,4.5,-142,2026-02-11,2026-02-10T22:46:47Z,2026-02-10 14:47:44
FanDuel,player_rebounds,Jay Huff,Under,4.5,112,2026-02-11,2026-02-10T22:46:47Z,2026-02-10 14:47:44
FanDuel,player_rebounds,Andrew Nembhard,Over,2.5,-146,2026-02-11,2026-02-10T22:46:47Z,2026-02-10 14:47:44
FanDuel,player_rebounds,Andrew Nembhard,Under,2.5,114,2026-02-11,2026-02-10T22:46:47Z,2026-02-10 14:47:44
FanDuel,player_rebounds,Josh Hart,Over,8.5,-106,2026-02-11,2026-02-10T22:46:47Z,2026-02-10 14:47:44
FanDuel,player_rebounds,Josh Hart,Under,8.5,-120,2026-02-11,2026-02-10T22:46:47Z,2026-02-10 14:47:44
FanDuel,player_rebounds,Karl-Anthony Towns,Over,12.5,-113,2026-02-11,2026-02-10T22:46:47Z,2026-02-10 14:47:44
FanDuel,player_rebounds,Karl-Anthony Towns,Under,12.5,-113,2026-02-11,2026-02-10T22:46:47Z,2026-02-10 14:47:44
FanDuel,player_rebounds,Mikal Bridges,Over,4.5,130,2026-02-11,2026-02-10T22:46:47Z,2026-02-10 14:47:44
FanDuel,player_rebounds,Mikal Bridges,Under,4.5,-166,2026-02-11,2026-02-10T22:46:47Z,2026-02-10 14:47:44
FanDuel,player_rebounds,Aaron Nesmith,Over,3.5,-160,2026-02-11,2026-02-10T22:46:47Z,2026-02-10 14:47:44
FanDuel,player_rebounds,Aaron Nesmith,Under,3.5,124,2026-02-11,2026-02-10T22:46:47Z,2026-02-10 14:47:44
FanDuel,player_rebounds,Ben Sheppard,Over,3.5,-122,2026-02-11,2026-02-10T22:46:47Z,2026-02-10 14:47:44
FanDuel,player_rebounds,Ben Sheppard,Under,3.5,-104,2026-02-11,2026-02-10T22:46:47Z,2026-02-10 14:47:44
FanDuel,player_rebounds,Jalen Brunson,Over,3.5,-113,2026-02-11,2026-02-10T22:46:47Z,2026-02-10 14:47:44
FanDuel,player_rebounds,Jalen Brunson,Under,3.5,-113,2026-02-11,2026-02-10T22:46:47Z,2026-02-10 14:47:44
FanDuel,player_rebounds,OG Anunoby,Over,5.5,-118,2026-02-11,2026-02-10T22:46:47Z,2026-02-10 14:47:44
FanDuel,player_rebounds,OG Anunoby,Under,5.5,-108,2026-02-11,2026-02-10T22:46:47Z,2026-02-10 14:47:44
FanDuel,player_rebounds,Pascal Siakam,Over,6.5,102,2026-02-11,2026-02-10T22:46:47Z,2026-02-10 14:47:44
FanDuel,player_rebounds,Pascal Siakam,Under,6.5,-130,2026-02-11,2026-02-10T22:46:47Z,2026-02-10 14:47:44
FanDuel,player_rebounds,Amen Thompson,Over,6.5,-140,2026-02-11,2026-02-10T22:47:01Z,2026-02-10 14:47:44
FanDuel,player_rebounds,Amen Thompson,Under,6.5,112,2026-02-11,2026-02-10T22:47:01Z,2026-02-10 14:47:44
FanDuel,player_rebounds,Derrick Jones,Over,3.5,136,2026-02-11,2026-02-10T22:47:01Z,2026-02-10 14:47:44
FanDuel,player_rebounds,Derrick Jones,Under,3.5,-174,2026-02-11,2026-02-10T22:47:01Z,2026-02-10 14:47:44
FanDuel,player_rebounds,Brook Lopez,Over,3.5,-125,2026-02-11,2026-02-10T22:47:01Z,2026-02-10 14:47:44
FanDuel,player_rebounds,Brook Lopez,Under,3.5,-102,2026-02-11,2026-02-10T22:47:01Z,2026-02-10 14:47:44
FanDuel,player_rebounds,Yanic Konan Niederhauser,Over,3.5,-140,2026-02-11,2026-02-10T22:47:01Z,2026-02-10 14:47:44
FanDuel,player_rebounds,Yanic Konan Niederhauser,Under,3.5,110,2026-02-11,2026-02-10T22:47:01Z,2026-02-10 14:47:44
FanDuel,player_rebounds,Kawhi Leonard,Over,6.5,-111,2026-02-11,2026-02-10T22:47:01Z,2026-02-10 14:47:44
FanDuel,player_rebounds,Kawhi Leonard,Under,6.5,-115,2026-02-11,2026-02-10T22:47:01Z,2026-02-10 14:47:44
FanDuel,player_rebounds,Tari Eason,Over,6.5,-125,2026-02-11,2026-02-10T22:47:01Z,2026-02-10 14:47:44
FanDuel,player_rebounds,Tari Eason,Under,6.5,-102,2026-02-11,2026-02-10T22:47:01Z,2026-02-10 14:47:44
FanDuel,player_rebounds,John Collins,Over,5.5,-122,2026-02-11,2026-02-10T22:47:01Z,2026-02-10 14:47:44
FanDuel,player_rebounds,John Collins,Under,5.5,-104,2026-02-11,2026-02-10T22:47:01Z,2026-02-10 14:47:44
FanDuel,player_rebounds,Jabari Smith Jr,Over,6.5,-102,2026-02-11,2026-02-10T22:47:01Z,2026-02-10 14:47:44
FanDuel,player_rebounds,Jabari Smith Jr,Under,6.5,-125,2026-02-11,2026-02-10T22:47:01Z,2026-02-10 14:47:44
FanDuel,player_rebounds,Alperen Sengun,Over,9.5,100,2026-02-11,2026-02-10T22:47:01Z,2026-02-10 14:47:44
FanDuel,player_rebounds,Alperen Sengun,Under,9.5,-128,2026-02-11,2026-02-10T22:47:01Z,2026-02-10 14:47:44
FanDuel,player_rebounds,Kevin Durant,Over,4.5,-142,2026-02-11,2026-02-10T22:47:01Z,2026-02-10 14:47:44
FanDuel,player_rebounds,Kevin Durant,Under,4.5,112,2026-02-11,2026-02-10T22:47:01Z,2026-02-10 14:47:44
FanDuel,player_rebounds,Collin Gillespie,Over,3.5,-160,2026-02-11,2026-02-10T22:47:39Z,2026-02-10 14:47:44
FanDuel,player_rebounds,Collin Gillespie,Under,3.5,124,2026-02-11,2026-02-10T22:47:39Z,2026-02-10 14:47:44
FanDuel,player_rebounds,Cooper Flagg,Over,6.5,-128,2026-02-11,2026-02-10T22:47:39Z,2026-02-10 14:47:44
FanDuel,player_rebounds,Cooper Flagg,Under,6.5,100,2026-02-11,2026-02-10T22:47:39Z,2026-02-10 14:47:44
FanDuel,player_rebounds,Max Christie,Over,3.5,130,2026-02-11,2026-02-10T22:47:39Z,2026-02-10 14:47:44
FanDuel,player_rebounds,Max Christie,Under,3.5,-166,2026-02-11,2026-02-10T22:47:39Z,2026-02-10 14:47:44
FanDuel,player_rebounds,Jordan Goodwin,Over,4.5,-156,2026-02-11,2026-02-10T22:47:39Z,2026-02-10 14:47:44
FanDuel,player_rebounds,Jordan Goodwin,Under,4.5,122,2026-02-11,2026-02-10T22:47:39Z,2026-02-10 14:47:44
FanDuel,player_rebounds,Royce O'Neale,Over,4.5,-142,2026-02-11,2026-02-10T22:47:39Z,2026-02-10 14:47:44
FanDuel,player_rebounds,Royce O'Neale,Under,4.5,112,2026-02-11,2026-02-10T22:47:39Z,2026-02-10 14:47:44
FanDuel,player_rebounds,Oso Ighodaro,Over,4.5,-118,2026-02-11,2026-02-10T22:47:39Z,2026-02-10 14:47:44
FanDuel,player_rebounds,Oso Ighodaro,Under,4.5,-108,2026-02-11,2026-02-10T22:47:39Z,2026-02-10 14:47:44
FanDuel,player_rebounds,Brandon Williams,Over,2.5,-125,2026-02-11,2026-02-10T22:47:39Z,2026-02-10 14:47:44
FanDuel,player_rebounds,Brandon Williams,Under,2.5,-102,2026-02-11,2026-02-10T22:47:39Z,2026-02-10 14:47:44
FanDuel,player_rebounds,Daniel Gafford,Over,6.5,-154,2026-02-11,2026-02-10T22:47:39Z,2026-02-10 14:47:44
FanDuel,player_rebounds,Daniel Gafford,Under,6.5,120,2026-02-11,2026-02-10T22:47:39Z,2026-02-10 14:47:44
FanDuel,player_rebounds,Mark Williams,Over,9.5,114,2026-02-11,2026-02-10T22:47:39Z,2026-02-10 14:47:44
FanDuel,player_rebounds,Mark Williams,Under,9.5,-146,2026-02-11,2026-02-10T22:47:39Z,2026-02-10 14:47:44
FanDuel,player_rebounds,Naji Marshall,Over,5.5,130,2026-02-11,2026-02-10T22:47:39Z,2026-02-10 14:47:44
FanDuel,player_rebounds,Naji Marshall,Under,5.5,-166,2026-02-11,2026-02-10T22:47:39Z,2026-02-10 14:47:44
FanDuel,player_rebounds,Caleb Martin,Over,3.5,102,2026-02-11,2026-02-10T22:47:39Z,2026-02-10 14:47:44
FanDuel,player_rebounds,Caleb Martin,Under,3.5,-130,2026-02-11,2026-02-10T22:47:39Z,2026-02-10 14:47:44
FanDuel,player_rebounds,P.J. Washington,Over,5.5,-130,2026-02-11,2026-02-10T22:47:39Z,2026-02-10 14:47:44
FanDuel,player_rebounds,P.J. Washington,Under,5.5,102,2026-02-11,2026-02-10T22:47:39Z,2026-02-10 14:47:44
FanDuel,player_rebounds,Devin Booker,Over,3.5,-132,2026-02-11,2026-02-10T22:47:39Z,2026-02-10 14:47:44
FanDuel,player_rebounds,Devin Booker,Under,3.5,104,2026-02-11,2026-02-10T22:47:39Z,2026-02-10 14:47:44
FanDuel,player_rebounds,Dillon Brooks,Over,3.5,-154,2026-02-11,2026-02-10T22:47:39Z,2026-02-10 14:47:44
FanDuel,player_rebounds,Dillon Brooks,Under,3.5,120,2026-02-11,2026-02-10T22:47:39Z,2026-02-10 14:47:44
FanDuel,player_rebounds,Victor Wembanyama,Over,10.5,-146,2026-02-11,2026-02-10T22:47:19Z,2026-02-10 14:47:44
FanDuel,player_rebounds,Victor Wembanyama,Under,10.5,110,2026-02-11,2026-02-10T22:47:19Z,2026-02-10 14:47:44
FanDuel,player_rebounds,Jaxson Hayes,Over,3.5,-172,2026-02-11,2026-02-10T22:47:19Z,2026-02-10 14:47:44
FanDuel,player_rebounds,Jaxson Hayes,Under,3.5,128,2026-02-11,2026-02-10T22:47:19Z,2026-02-10 14:47:44
FanDuel,player_rebounds,De'Aaron Fox,Over,3.5,-104,2026-02-11,2026-02-10T22:47:19Z,2026-02-10 14:47:44
FanDuel,player_rebounds,De'Aaron Fox,Under,3.5,-128,2026-02-11,2026-02-10T22:47:19Z,2026-02-10 14:47:44
FanDuel,player_rebounds,Julian Champagnie,Over,5.5,110,2026-02-11,2026-02-10T22:47:19Z,2026-02-10 14:47:44
FanDuel,player_rebounds,Julian Champagnie,Under,5.5,-146,2026-02-11,2026-02-10T22:47:19Z,2026-02-10 14:47:44
FanDuel,player_rebounds,Jake LaRavia,Over,4.5,102,2026-02-11,2026-02-10T22:47:19Z,2026-02-10 14:47:44
FanDuel,player_rebounds,Jake LaRavia,Under,4.5,-136,2026-02-11,2026-02-10T22:47:19Z,2026-02-10 14:47:44
FanDuel,player_rebounds,Dylan Harper,Over,3.5,-104,2026-02-11,2026-02-10T22:47:19Z,2026-02-10 14:47:44
FanDuel,player_rebounds,Dylan Harper,Under,3.5,-128,2026-02-11,2026-02-10T22:47:19Z,2026-02-10 14:47:44
FanDuel,player_rebounds,Maxi Kleber,Over,3.5,-158,2026-02-11,2026-02-10T22:47:19Z,2026-02-10 14:47:44
FanDuel,player_rebounds,Maxi Kleber,Under,3.5,118,2026-02-11,2026-02-10T22:47:19Z,2026-02-10 14:47:44
FanDuel,player_rebounds,Stephon Castle,Over,5.5,128,2026-02-11,2026-02-10T22:47:19Z,2026-02-10 14:47:44
FanDuel,player_rebounds,Stephon Castle,Under,5.5,-172,2026-02-11,2026-02-10T22:47:19Z,2026-02-10 14:47:44
FanDuel,player_rebounds,Deandre Ayton,Over,8.5,104,2026-02-11,2026-02-10T22:47:19Z,2026-02-10 14:47:44
FanDuel,player_rebounds,Deandre Ayton,Under,8.5,-138,2026-02-11,2026-02-10T22:47:19Z,2026-02-10 14:47:44
FanDuel,player_rebounds,Devin Vassell,Over,3.5,-104,2026-02-11,2026-02-10T22:47:19Z,2026-02-10 14:47:44
FanDuel,player_rebounds,Devin Vassell,Under,3.5,-128,2026-02-11,2026-02-10T22:47:19Z,2026-02-10 14:47:44
FanDuel,player_rebounds,Keldon Johnson,Over,4.5,108,2026-02-11,2026-02-10T22:47:19Z,2026-02-10 14:47:44
FanDuel,player_rebounds,Keldon Johnson,Under,4.5,-144,2026-02-11,2026-02-10T22:47:19Z,2026-02-10 14:47:44
FanDuel,player_rebounds,A.J. Green,Over,2.5,-182,2026-02-12,2026-02-10T22:46:58Z,2026-02-10 14:47:44
FanDuel,player_rebounds,A.J. Green,Under,2.5,134,2026-02-12,2026-02-10T22:46:58Z,2026-02-10 14:47:44
FanDuel,player_rebounds,Anthony Black,Over,4.5,108,2026-02-12,2026-02-10T22:46:58Z,2026-02-10 14:47:44
FanDuel,player_rebounds,Anthony Black,Under,4.5,-144,2026-02-12,2026-02-10T22:46:58Z,2026-02-10 14:47:44
FanDuel,player_rebounds,Myles Turner,Over,5.5,104,2026-02-12,2026-02-10T22:46:58Z,2026-02-10 14:47:44
FanDuel,player_rebounds,Myles Turner,Under,5.5,-138,2026-02-12,2026-02-10T22:46:58Z,2026-02-10 14:47:44
FanDuel,player_rebounds,Franz Wagner,Over,3.5,-114,2026-02-12,2026-02-10T22:46:58Z,2026-02-10 14:47:44
FanDuel,player_rebounds,Franz Wagner,Under,3.5,-114,2026-02-12,2026-02-10T22:46:58Z,2026-02-10 14:47:44
FanDuel,player_rebounds,Ryan Rollins,Over,4.5,-146,2026-02-12,2026-02-10T22:46:58Z,2026-02-10 14:47:44
FanDuel,player_rebounds,Ryan Rollins,Under,4.5,110,2026-02-12,2026-02-10T22:46:58Z,2026-02-10 14:47:44
FanDuel,player_rebounds,Kevin Porter Jr.,Over,5.5,118,2026-02-12,2026-02-10T22:46:58Z,2026-02-10 14:47:44
FanDuel,player_rebounds,Kevin Porter Jr.,Under,5.5,-158,2026-02-12,2026-02-10T22:46:58Z,2026-02-10 14:47:44
FanDuel,player_rebounds,Jalen Suggs,Over,4.5,102,2026-02-12,2026-02-10T22:46:58Z,2026-02-10 14:47:44
FanDuel,player_rebounds,Jalen Suggs,Under,4.5,-136,2026-02-12,2026-02-10T22:46:58Z,2026-02-10 14:47:44
FanDuel,player_rebounds,Bobby Portis,Over,6.5,100,2026-02-12,2026-02-10T22:46:58Z,2026-02-10 14:47:44
FanDuel,player_rebounds,Bobby Portis,Under,6.5,-132,2026-02-12,2026-02-10T22:46:58Z,2026-02-10 14:47:44
FanDuel,player_rebounds,Wendell Carter Jr,Over,6.5,-146,2026-02-12,2026-02-10T22:46:58Z,2026-02-10 14:47:44
FanDuel,player_rebounds,Wendell Carter Jr,Under,6.5,110,2026-02-12,2026-02-10T22:46:58Z,2026-02-10 14:47:44
FanDuel,player_rebounds,Paolo Banchero,Over,8.5,112,2026-02-12,2026-02-10T22:46:58Z,2026-02-10 14:47:44
FanDuel,player_rebounds,Paolo Banchero,Under,8.5,-148,2026-02-12,2026-02-10T22:46:58Z,2026-02-10 14:47:44
FanDuel,player_rebounds,Desmond Bane,Over,4.5,102,2026-02-12,2026-02-10T22:46:58Z,2026-02-10 14:47:44
FanDuel,player_rebounds,Desmond Bane,Under,4.5,-136,2026-02-12,2026-02-10T22:46:58Z,2026-02-10 14:47:44
FanDuel,player_rebounds,Kyle Kuzma,Over,4.5,-152,2026-02-12,2026-02-10T22:46:58Z,2026-02-10 14:47:44
FanDuel,player_rebounds,Kyle Kuzma,Under,4.5,114,2026-02-12,2026-02-10T22:46:58Z,2026-02-10 14:47:44
FanDuel,player_rebounds,Isaiah Hartenstein,Over,8.5,102,2026-02-12,2026-02-10T22:48:18Z,2026-02-10 14:47:44
FanDuel,player_rebounds,Isaiah Hartenstein,Under,8.5,-136,2026-02-12,2026-02-10T22:48:18Z,2026-02-10 14:47:44
FanDuel,player_rebounds,Chet Holmgren,Over,8.5,-108,2026-02-12,2026-02-10T22:48:18Z,2026-02-10 14:47:44
FanDuel,player_rebounds,Chet Holmgren,Under,8.5,-122,2026-02-12,2026-02-10T22:48:18Z,2026-02-10 14:47:44
FanDuel,player_rebounds,Jalen Williams,Over,4.5,128,2026-02-12,2026-02-10T22:48:18Z,2026-02-10 14:47:44
FanDuel,player_rebounds,Jalen Williams,Under,4.5,-172,2026-02-12,2026-02-10T22:48:18Z,2026-02-10 14:47:44
FanDuel,player_rebounds,Cason Wallace,Over,3.5,134,2026-02-12,2026-02-10T22:48:18Z,2026-02-10 14:47:44
FanDuel,player_rebounds,Cason Wallace,Under,3.5,-180,2026-02-12,2026-02-10T22:48:18Z,2026-02-10 14:47:44
FanDuel,player_rebounds,Luguentz Dort,Over,3.5,-136,2026-02-12,2026-02-10T22:48:18Z,2026-02-10 14:47:44
FanDuel,player_rebounds,Luguentz Dort,Under,3.5,102,2026-02-12,2026-02-10T22:48:18Z,2026-02-10 14:47:44
DraftKings,player_rebounds,Karl-Anthony Towns,Over,12.5,-122,2026-02-11,2026-02-10T22:46:45Z,2026-02-10 14:47:44
DraftKings,player_rebounds,Karl-Anthony Towns,Under,12.5,-108,2026-02-11,2026-02-10T22:46:45Z,2026-02-10 14:47:44
DraftKings,player_rebounds,Josh Hart,Over,8.5,-115,2026-02-11,2026-02-10T22:46:45Z,2026-02-10 14:47:44
DraftKings,player_rebounds,Josh Hart,Under,8.5,-115,2026-02-11,2026-02-10T22:46:45Z,2026-02-10 14:47:44
DraftKings,player_rebounds,Pascal Siakam,Over,6.5,-107,2026-02-11,2026-02-10T22:46:45Z,2026-02-10 14:47:44
DraftKings,player_rebounds,Pascal Siakam,Under,6.5,-122,2026-02-11,2026-02-10T22:46:45Z,2026-02-10 14:47:44
DraftKings,player_rebounds,OG Anunoby,Over,5.5,-103,2026-02-11,2026-02-10T22:46:45Z,2026-02-10 14:47:44
DraftKings,player_rebounds,OG Anunoby,Under,5.5,-128,2026-02-11,2026-02-10T22:46:45Z,2026-02-10 14:47:44
DraftKings,player_rebounds,Jay Huff,Over,4.5,-143,2026-02-11,2026-02-10T22:46:45Z,2026-02-10 14:47:44
DraftKings,player_rebounds,Jay Huff,Under,4.5,108,2026-02-11,2026-02-10T22:46:45Z,2026-02-10 14:47:44
DraftKings,player_rebounds,Mikal Bridges,Over,4.5,120,2026-02-11,2026-02-10T22:46:45Z,2026-02-10 14:47:44
DraftKings,player_rebounds,Mikal Bridges,Under,4.5,-158,2026-02-11,2026-02-10T22:46:45Z,2026-02-10 14:47:44
DraftKings,player_rebounds,Aaron Nesmith,Over,4.5,122,2026-02-11,2026-02-10T22:46:45Z,2026-02-10 14:47:44
DraftKings,player_rebounds,Aaron Nesmith,Under,4.5,-161,2026-02-11,2026-02-10T22:46:45Z,2026-02-10 14:47:44
DraftKings,player_rebounds,Ben Sheppard,Over,3.5,-119,2026-02-11,2026-02-10T22:46:45Z,2026-02-10 14:47:44
DraftKings,player_rebounds,Ben Sheppard,Under,3.5,-110,2026-02-11,2026-02-10T22:46:45Z,2026-02-10 14:47:44
DraftKings,player_rebounds,Jalen Brunson,Over,3.5,-108,2026-02-11,2026-02-10T22:46:45Z,2026-02-10 14:47:44
DraftKings,player_rebounds,Jalen Brunson,Under,3.5,-122,2026-02-11,2026-02-10T22:46:45Z,2026-02-10 14:47:44
DraftKings,player_rebounds,Andrew Nembhard,Over,2.5,-159,2026-02-11,2026-02-10T22:46:45Z,2026-02-10 14:47:44
DraftKings,player_rebounds,Andrew Nembhard,Under,2.5,120,2026-02-11,2026-02-10T22:46:45Z,2026-02-10 14:47:44
DraftKings,player_rebounds,Alperen Sengun,Over,9.5,-108,2026-02-11,2026-02-10T22:47:10Z,2026-02-10 14:47:44
DraftKings,player_rebounds,Alperen Sengun,Under,9.5,-122,2026-02-11,2026-02-10T22:47:10Z,2026-02-10 14:47:44
DraftKings,player_rebounds,Amen Thompson,Over,6.5,-148,2026-02-11,2026-02-10T22:47:10Z,2026-02-10 14:47:44
DraftKings,player_rebounds,Amen Thompson,Under,6.5,112,2026-02-11,2026-02-10T22:47:10Z,2026-02-10 14:47:44
DraftKings,player_rebounds,Tari Eason,Over,6.5,-129,2026-02-11,2026-02-10T22:47:10Z,2026-02-10 14:47:44
DraftKings,player_rebounds,Tari Eason,Under,6.5,-102,2026-02-11,2026-02-10T22:47:10Z,2026-02-10 14:47:44
DraftKings,player_rebounds,Jabari Smith Jr,Over,6.5,-111,2026-02-11,2026-02-10T22:47:10Z,2026-02-10 14:47:44
DraftKings,player_rebounds,Jabari Smith Jr,Under,6.5,-119,2026-02-11,2026-02-10T22:47:10Z,2026-02-10 14:47:44
DraftKings,player_rebounds,Kawhi Leonard,Over,6.5,-102,2026-02-11,2026-02-10T22:47:10Z,2026-02-10 14:47:44
DraftKings,player_rebounds,Kawhi Leonard,Under,6.5,-129,2026-02-11,2026-02-10T22:47:10Z,2026-02-10 14:47:44
DraftKings,player_rebounds,John Collins,Over,5.5,-108,2026-02-11,2026-02-10T22:47:10Z,2026-02-10 14:47:44
DraftKings,player_rebounds,John Collins,Under,5.5,-121,2026-02-11,2026-02-10T22:47:10Z,2026-02-10 14:47:44
DraftKings,player_rebounds,Kevin Durant,Over,5.5,120,2026-02-11,2026-02-10T22:47:10Z,2026-02-10 14:47:44
DraftKings,player_rebounds,Kevin Durant,Under,5.5,-159,2026-02-11,2026-02-10T22:47:10Z,2026-02-10 14:47:44
DraftKings,player_rebounds,Brook Lopez,Over,3.5,-126,2026-02-11,2026-02-10T22:47:10Z,2026-02-10 14:47:44
DraftKings,player_rebounds,Brook Lopez,Under,3.5,-104,2026-02-11,2026-02-10T22:47:10Z,2026-02-10 14:47:44
DraftKings,player_rebounds,Derrick Jones,Over,3.5,118,2026-02-11,2026-02-10T22:47:10Z,2026-02-10 14:47:44
DraftKings,player_rebounds,Derrick Jones,Under,3.5,-156,2026-02-11,2026-02-10T22:47:10Z,2026-02-10 14:47:44
DraftKings,player_rebounds,Kris Dunn,Over,2.5,-135,2026-02-11,2026-02-10T22:47:10Z,2026-02-10 14:47:44
DraftKings,player_rebounds,Kris Dunn,Under,2.5,103,2026-02-11,2026-02-10T22:47:10Z,2026-02-10 14:47:44
DraftKings,player_rebounds,Dorian Finney-Smith,Over,2.5,-106,2026-02-11,2026-02-10T22:47:10Z,2026-02-10 14:47:44
DraftKings,player_rebounds,Dorian Finney-Smith,Under,2.5,-124,2026-02-11,2026-02-10T22:47:10Z,2026-02-10 14:47:44
DraftKings,player_rebounds,Mark Williams,Over,8.5,-137,2026-02-11,2026-02-10T22:47:24Z,2026-02-10 14:47:44
DraftKings,player_rebounds,Mark Williams,Under,8.5,104,2026-02-11,2026-02-10T22:47:24Z,2026-02-10 14:47:44
DraftKings,player_rebounds,Daniel Gafford,Over,6.5,-146,2026-02-11,2026-02-10T22:47:24Z,2026-02-10 14:47:44
DraftKings,player_rebounds,Daniel Gafford,Under,6.5,111,2026-02-11,2026-02-10T22:47:24Z,2026-02-10 14:47:44
DraftKings,player_rebounds,Cooper Flagg,Over,6.5,-145,2026-02-11,2026-02-10T22:47:24Z,2026-02-10 14:47:44
DraftKings,player_rebounds,Cooper Flagg,Under,6.5,110,2026-02-11,2026-02-10T22:47:24Z,2026-02-10 14:47:44
DraftKings,player_rebounds,P.J. Washington,Over,5.5,-125,2026-02-11,2026-02-10T22:47:24Z,2026-02-10 14:47:44
DraftKings,player_rebounds,P.J. Washington,Under,5.5,-105,2026-02-11,2026-02-10T22:47:24Z,2026-02-10 14:47:44
DraftKings,player_rebounds,Royce O'Neale,Over,4.5,-159,2026-02-11,2026-02-10T22:47:24Z,2026-02-10 14:47:44
DraftKings,player_rebounds,Royce O'Neale,Under,4.5,120,2026-02-11,2026-02-10T22:47:24Z,2026-02-10 14:47:44
DraftKings,player_rebounds,Naji Marshall,Over,4.5,-157,2026-02-11,2026-02-10T22:47:24Z,2026-02-10 14:47:44
DraftKings,player_rebounds,Naji Marshall,Under,4.5,119,2026-02-11,2026-02-10T22:47:24Z,2026-02-10 14:47:44
DraftKings,player_rebounds,Jordan Goodwin,Over,4.5,-148,2026-02-11,2026-02-10T22:47:24Z,2026-02-10 14:47:44
DraftKings,player_rebounds,Jordan Goodwin,Under,4.5,112,2026-02-11,2026-02-10T22:47:24Z,2026-02-10 14:47:44
DraftKings,player_rebounds,Oso Ighodaro,Over,4.5,-112,2026-02-11,2026-02-10T22:47:24Z,2026-02-10 14:47:44
DraftKings,player_rebounds,Oso Ighodaro,Under,4.5,-117,2026-02-11,2026-02-10T22:47:24Z,2026-02-10 14:47:44
DraftKings,player_rebounds,Collin Gillespie,Over,3.5,-165,2026-02-11,2026-02-10T22:47:24Z,2026-02-10 14:47:44
DraftKings,player_rebounds,Collin Gillespie,Under,3.5,125,2026-02-11,2026-02-10T22:47:24Z,2026-02-10 14:47:44
DraftKings,player_rebounds,Dillon Brooks,Over,3.5,-158,2026-02-11,2026-02-10T22:47:24Z,2026-02-10 14:47:44
DraftKings,player_rebounds,Dillon Brooks,Under,3.5,119,2026-02-11,2026-02-10T22:47:24Z,2026-02-10 14:47:44
DraftKings,player_rebounds,Devin Booker,Over,3.5,-141,2026-02-11,2026-02-10T22:47:24Z,2026-02-10 14:47:44
DraftKings,player_rebounds,Devin Booker,Under,3.5,107,2026-02-11,2026-02-10T22:47:24Z,2026-02-10 14:47:44
DraftKings,player_rebounds,Caleb Martin,Over,3.5,-108,2026-02-11,2026-02-10T22:47:24Z,2026-02-10 14:47:44
DraftKings,player_rebounds,Caleb Martin,Under,3.5,-122,2026-02-11,2026-02-10T22:47:24Z,2026-02-10 14:47:44
DraftKings,player_rebounds,Max Christie,Over,3.5,114,2026-02-11,2026-02-10T22:47:24Z,2026-02-10 14:47:44
DraftKings,player_rebounds,Max Christie,Under,3.5,-151,2026-02-11,2026-02-10T22:47:24Z,2026-02-10 14:47:44
DraftKings,player_rebounds,Brandon Williams,Over,2.5,-123,2026-02-11,2026-02-10T22:47:24Z,2026-02-10 14:47:44
DraftKings,player_rebounds,Brandon Williams,Under,2.5,-107,2026-02-11,2026-02-10T22:47:24Z,2026-02-10 14:47:44
DraftKings,player_rebounds,Jalen Green,Over,2.5,-108,2026-02-11,2026-02-10T22:47:24Z,2026-02-10 14:47:44
DraftKings,player_rebounds,Jalen Green,Under,2.5,-122,2026-02-11,2026-02-10T22:47:24Z,2026-02-10 14:47:44
DraftKings,player_rebounds,Victor Wembanyama,Over,11.5,104,2026-02-11,2026-02-10T22:46:33Z,2026-02-10 14:47:44
DraftKings,player_rebounds,Victor Wembanyama,Under,11.5,-137,2026-02-11,2026-02-10T22:46:33Z,2026-02-10 14:47:44
DraftKings,player_rebounds,Deandre Ayton,Over,8.5,104,2026-02-11,2026-02-10T22:46:33Z,2026-02-10 14:47:44
DraftKings,player_rebounds,Deandre Ayton,Under,8.5,-136,2026-02-11,2026-02-10T22:46:33Z,2026-02-10 14:47:44
DraftKings,player_rebounds,Julian Champagnie,Over,5.5,117,2026-02-11,2026-02-10T22:46:33Z,2026-02-10 14:47:44
DraftKings,player_rebounds,Julian Champagnie,Under,5.5,-155,2026-02-11,2026-02-10T22:46:33Z,2026-02-10 14:47:44
DraftKings,player_rebounds,Stephon Castle,Over,5.5,117,2026-02-11,2026-02-10T22:46:33Z,2026-02-10 14:47:44
DraftKings,player_rebounds,Stephon Castle,Under,5.5,-154,2026-02-11,2026-02-10T22:46:33Z,2026-02-10 14:47:44
DraftKings,player_rebounds,Jake LaRavia,Over,4.5,-113,2026-02-11,2026-02-10T22:46:33Z,2026-02-10 14:47:44
DraftKings,player_rebounds,Jake LaRavia,Under,4.5,-116,2026-02-11,2026-02-10T22:46:33Z,2026-02-10 14:47:44
DraftKings,player_rebounds,Keldon Johnson,Over,4.5,103,2026-02-11,2026-02-10T22:46:33Z,2026-02-10 14:47:44
DraftKings,player_rebounds,Keldon Johnson,Under,4.5,-135,2026-02-11,2026-02-10T22:46:33Z,2026-02-10 14:47:44
DraftKings,player_rebounds,Rui Hachimura,Over,4.5,104,2026-02-11,2026-02-10T22:46:33Z,2026-02-10 14:47:44
DraftKings,player_rebounds,Rui Hachimura,Under,4.5,-137,2026-02-11,2026-02-10T22:46:33Z,2026-02-10 14:47:44
DraftKings,player_rebounds,Jaxson Hayes,Over,4.5,118,2026-02-11,2026-02-10T22:46:33Z,2026-02-10 14:47:44
DraftKings,player_rebounds,Jaxson Hayes,Under,4.5,-155,2026-02-11,2026-02-10T22:46:33Z,2026-02-10 14:47:44
DraftKings,player_rebounds,Devin Vassell,Over,3.5,-112,2026-02-11,2026-02-10T22:46:33Z,2026-02-10 14:47:44
DraftKings,player_rebounds,Devin Vassell,Under,3.5,-118,2026-02-11,2026-02-10T22:46:33Z,2026-02-10 14:47:44
DraftKings,player_rebounds,De'Aaron Fox,Over,3.5,-107,2026-02-11,2026-02-10T22:46:33Z,2026-02-10 14:47:44
DraftKings,player_rebounds,De'Aaron Fox,Under,3.5,-122,2026-02-11,2026-02-10T22:46:33Z,2026-02-10 14:47:44
DraftKings,player_rebounds,Dylan Harper,Over,3.5,115,2026-02-11,2026-02-10T22:46:33Z,2026-02-10 14:47:44
DraftKings,player_rebounds,Dylan Harper,Under,3.5,-151,2026-02-11,2026-02-10T22:46:33Z,2026-02-10 14:47:44
DraftKings,player_rebounds,Harrison Barnes,Over,2.5,-101,2026-02-11,2026-02-10T22:46:33Z,2026-02-10 14:47:44
DraftKings,player_rebounds,Harrison Barnes,Under,2.5,-130,2026-02-11,2026-02-10T22:46:33Z,2026-02-10 14:47:44
BetOnline.ag,player_rebounds,Jalen Brunson,Over,3.5,-109,2026-02-11,2026-02-10T22:46:54Z,2026-02-10 14:47:44
BetOnline.ag,player_rebounds,Jalen Brunson,Under,3.5,-119,2026-02-11,2026-02-10T22:46:54Z,2026-02-10 14:47:44
BetOnline.ag,player_rebounds,Aaron Nesmith,Over,4.5,124,2026-02-11,2026-02-10T22:46:54Z,2026-02-10 14:47:44
BetOnline.ag,player_rebounds,Aaron Nesmith,Under,4.5,-161,2026-02-11,2026-02-10T22:46:54Z,2026-02-10 14:47:44
BetOnline.ag,player_rebounds,Josh Hart,Over,8.5,-109,2026-02-11,2026-02-10T22:46:54Z,2026-02-10 14:47:44
BetOnline.ag,player_rebounds,Josh Hart,Under,8.5,-119,2026-02-11,2026-02-10T22:46:54Z,2026-02-10 14:47:44
BetOnline.ag,player_rebounds,Karl-Anthony Towns,Over,12.5,-130,2026-02-11,2026-02-10T22:46:54Z,2026-02-10 14:47:44
BetOnline.ag,player_rebounds,Karl-Anthony Towns,Under,12.5,100,2026-02-11,2026-02-10T22:46:54Z,2026-02-10 14:47:44
BetOnline.ag,player_rebounds,OG Anunoby,Over,5.5,-111,2026-02-11,2026-02-10T22:46:54Z,2026-02-10 14:47:44
BetOnline.ag,player_rebounds,OG Anunoby,Under,5.5,-116,2026-02-11,2026-02-10T22:46:54Z,2026-02-10 14:47:44
BetOnline.ag,player_rebounds,Pascal Siakam,Over,6.5,-105,2026-02-11,2026-02-10T22:46:54Z,2026-02-10 14:47:44
BetOnline.ag,player_rebounds,Pascal Siakam,Under,6.5,-123,2026-02-11,2026-02-10T22:46:54Z,2026-02-10 14:47:44
BetOnline.ag,player_rebounds,Mikal Bridges,Over,4.5,124,2026-02-11,2026-02-10T22:46:54Z,2026-02-10 14:47:44
BetOnline.ag,player_rebounds,Mikal Bridges,Under,4.5,-161,2026-02-11,2026-02-10T22:46:54Z,2026-02-10 14:47:44
BetOnline.ag,player_rebounds,Andrew Nembhard,Over,2.5,-154,2026-02-11,2026-02-10T22:46:54Z,2026-02-10 14:47:44
BetOnline.ag,player_rebounds,Andrew Nembhard,Under,2.5,118,2026-02-11,2026-02-10T22:46:54Z,2026-02-10 14:47:44
BetOnline.ag,player_rebounds,Jay Huff,Over,4.5,-143,2026-02-11,2026-02-10T22:46:54Z,2026-02-10 14:47:44
BetOnline.ag,player_rebounds,Jay Huff,Under,4.5,110,2026-02-11,2026-02-10T22:46:54Z,2026-02-10 14:47:44
BetOnline.ag,player_rebounds,Landry Shamet,Over,2.5,115,2026-02-11,2026-02-10T22:46:54Z,2026-02-10 14:47:44
BetOnline.ag,player_rebounds,Landry Shamet,Under,2.5,-149,2026-02-11,2026-02-10T22:46:54Z,2026-02-10 14:47:44
BetOnline.ag,player_rebounds,Ben Sheppard,Over,3.5,-119,2026-02-11,2026-02-10T22:46:54Z,2026-02-10 14:47:44
BetOnline.ag,player_rebounds,Ben Sheppard,Under,3.5,-109,2026-02-11,2026-02-10T22:46:54Z,2026-02-10 14:47:44
BetOnline.ag,player_rebounds,Jabari Smith Jr,Over,6.5,-103,2026-02-11,2026-02-10T22:47:08Z,2026-02-10 14:47:44
BetOnline.ag,player_rebounds,Jabari Smith Jr,Under,6.5,-125,2026-02-11,2026-02-10T22:47:08Z,2026-02-10 14:47:44
BetOnline.ag,player_rebounds,Alperen Sengun,Over,9.5,-102,2026-02-11,2026-02-10T22:47:08Z,2026-02-10 14:47:44
BetOnline.ag,player_rebounds,Alperen Sengun,Under,9.5,-127,2026-02-11,2026-02-10T22:47:08Z,2026-02-10 14:47:44
BetOnline.ag,player_rebounds,Kawhi Leonard,Over,6.5,-108,2026-02-11,2026-02-10T22:47:08Z,2026-02-10 14:47:44
BetOnline.ag,player_rebounds,Kawhi Leonard,Under,6.5,-120,2026-02-11,2026-02-10T22:47:08Z,2026-02-10 14:47:44
BetOnline.ag,player_rebounds,Tari Eason,Over,6.5,-122,2026-02-11,2026-02-10T22:47:08Z,2026-02-10 14:47:44
BetOnline.ag,player_rebounds,Tari Eason,Under,6.5,-106,2026-02-11,2026-02-10T22:47:08Z,2026-02-10 14:47:44
BetOnline.ag,player_rebounds,Derrick Jones,Over,3.5,124,2026-02-11,2026-02-10T22:47:08Z,2026-02-10 14:47:44
BetOnline.ag,player_rebounds,Derrick Jones,Under,3.5,-161,2026-02-11,2026-02-10T22:47:08Z,2026-02-10 14:47:44
BetOnline.ag,player_rebounds,Kevin Durant,Over,5.5,124,2026-02-11,2026-02-10T22:47:08Z,2026-02-10 14:47:44
BetOnline.ag,player_rebounds,Kevin Durant,Under,5.5,-161,2026-02-11,2026-02-10T22:47:08Z,2026-02-10 14:47:44
BetOnline.ag,player_rebounds,Yanic Konan Niederhauser,Over,4.5,115,2026-02-11,2026-02-10T22:47:08Z,2026-02-10 14:47:44
BetOnline.ag,player_rebounds,Yanic Konan Niederhauser,Under,4.5,-149,2026-02-11,2026-02-10T22:47:08Z,2026-02-10 14:47:44
BetOnline.ag,player_rebounds,John Collins,Over,5.5,-110,2026-02-11,2026-02-10T22:47:08Z,2026-02-10 14:47:44
BetOnline.ag,player_rebounds,John Collins,Under,5.5,-118,2026-02-11,2026-02-10T22:47:08Z,2026-02-10 14:47:44
BetOnline.ag,player_rebounds,Brook Lopez,Over,3.5,-108,2026-02-11,2026-02-10T22:47:08Z,2026-02-10 14:47:44
BetOnline.ag,player_rebounds,Brook Lopez,Under,3.5,-120,2026-02-11,2026-02-10T22:47:08Z,2026-02-10 14:47:44
BetOnline.ag,player_rebounds,Kris Dunn,Over,2.5,-130,2026-02-11,2026-02-10T22:47:08Z,2026-02-10 14:47:44
BetOnline.ag,player_rebounds,Kris Dunn,Under,2.5,101,2026-02-11,2026-02-10T22:47:08Z,2026-02-10 14:47:44
BetOnline.ag,player_rebounds,Amen Thompson,Over,7.5,115,2026-02-11,2026-02-10T22:47:08Z,2026-02-10 14:47:44
BetOnline.ag,player_rebounds,Amen Thompson,Under,7.5,-149,2026-02-11,2026-02-10T22:47:08Z,2026-02-10 14:47:44
BetOnline.ag,player_rebounds,Reed Sheppard,Over,1.5,-175,2026-02-11,2026-02-10T22:47:08Z,2026-02-10 14:47:44
BetOnline.ag,player_rebounds,Reed Sheppard,Under,1.5,135,2026-02-11,2026-02-10T22:47:08Z,2026-02-10 14:47:44
BetOnline.ag,player_rebounds,Daniel Gafford,Over,7.5,117,2026-02-11,2026-02-10T22:46:51Z,2026-02-10 14:47:44
BetOnline.ag,player_rebounds,Daniel Gafford,Under,7.5,-152,2026-02-11,2026-02-10T22:46:51Z,2026-02-10 14:47:44
BetOnline.ag,player_rebounds,Jordan Goodwin,Over,4.5,-149,2026-02-11,2026-02-10T22:46:51Z,2026-02-10 14:47:44
BetOnline.ag,player_rebounds,Jordan Goodwin,Under,4.5,115,2026-02-11,2026-02-10T22:46:51Z,2026-02-10 14:47:44
BetOnline.ag,player_rebounds,Devin Booker,Over,3.5,-139,2026-02-11,2026-02-10T22:46:51Z,2026-02-10 14:47:44
BetOnline.ag,player_rebounds,Devin Booker,Under,3.5,107,2026-02-11,2026-02-10T22:46:51Z,2026-02-10 14:47:44
BetOnline.ag,player_rebounds,Naji Marshall,Over,5.5,122,2026-02-11,2026-02-10T22:46:51Z,2026-02-10 14:47:44
BetOnline.ag,player_rebounds,Naji Marshall,Under,5.5,-159,2026-02-11,2026-02-10T22:46:51Z,2026-02-10 14:47:44
BetOnline.ag,player_rebounds,P.J. Washington,Over,5.5,-125,2026-02-11,2026-02-10T22:46:51Z,2026-02-10 14:47:44
BetOnline.ag,player_rebounds,P.J. Washington,Under,5.5,-103,2026-02-11,2026-02-10T22:46:51Z,2026-02-10 14:47:44
BetOnline.ag,player_rebounds,Max Christie,Over,3.5,120,2026-02-11,2026-02-10T22:46:51Z,2026-02-10 14:47:44
BetOnline.ag,player_rebounds,Max Christie,Under,3.5,-156,2026-02-11,2026-02-10T22:46:51Z,2026-02-10 14:47:44
BetOnline.ag,player_rebounds,Caleb Martin,Over,3.5,-102,2026-02-11,2026-02-10T22:46:51Z,2026-02-10 14:47:44
BetOnline.ag,player_rebounds,Caleb Martin,Under,3.5,-127,2026-02-11,2026-02-10T22:46:51Z,2026-02-10 14:47:44
BetOnline.ag,player_rebounds,Dillon Brooks,Over,3.5,-152,2026-02-11,2026-02-10T22:46:51Z,2026-02-10 14:47:44
BetOnline.ag,player_rebounds,Dillon Brooks,Under,3.5,117,2026-02-11,2026-02-10T22:46:51Z,2026-02-10 14:47:44
BetOnline.ag,player_rebounds,Cooper Flagg,Over,6.5,-130,2026-02-11,2026-02-10T22:46:51Z,2026-02-10 14:47:44
BetOnline.ag,player_rebounds,Cooper Flagg,Under,6.5,100,2026-02-11,2026-02-10T22:46:51Z,2026-02-10 14:47:44
BetOnline.ag,player_rebounds,Jalen Green,Over,2.5,-120,2026-02-11,2026-02-10T22:46:51Z,2026-02-10 14:47:44
BetOnline.ag,player_rebounds,Jalen Green,Under,2.5,-108,2026-02-11,2026-02-10T22:46:51Z,2026-02-10 14:47:44
BetOnline.ag,player_rebounds,Brandon Williams,Over,2.5,-122,2026-02-11,2026-02-10T22:46:51Z,2026-02-10 14:47:44
BetOnline.ag,player_rebounds,Brandon Williams,Under,2.5,-106,2026-02-11,2026-02-10T22:46:51Z,2026-02-10 14:47:44
BetOnline.ag,player_rebounds,Oso Ighodaro,Over,4.5,-114,2026-02-11,2026-02-10T22:46:51Z,2026-02-10 14:47:44
BetOnline.ag,player_rebounds,Oso Ighodaro,Under,4.5,-114,2026-02-11,2026-02-10T22:46:51Z,2026-02-10 14:47:44
BetOnline.ag,player_rebounds,Mark Williams,Over,8.5,-130,2026-02-11,2026-02-10T22:46:51Z,2026-02-10 14:47:44
BetOnline.ag,player_rebounds,Mark Williams,Under,8.5,101,2026-02-11,2026-02-10T22:46:51Z,2026-02-10 14:47:44
BetOnline.ag,player_rebounds,Collin Gillespie,Over,4.5,124,2026-02-11,2026-02-10T22:46:51Z,2026-02-10 14:47:44
BetOnline.ag,player_rebounds,Collin Gillespie,Under,4.5,-161,2026-02-11,2026-02-10T22:46:51Z,2026-02-10 14:47:44
BetOnline.ag,player_rebounds,Royce O'Neale,Over,5.5,122,2026-02-11,2026-02-10T22:46:51Z,2026-02-10 14:47:44
BetOnline.ag,player_rebounds,Royce O'Neale,Under,5.5,-159,2026-02-11,2026-02-10T22:46:51Z,2026-02-10 14:47:44
BetOnline.ag,player_rebounds,Keldon Johnson,Over,4.5,112,2026-02-11,2026-02-10T22:47:39Z,2026-02-10 14:47:44
BetOnline.ag,player_rebounds,Keldon Johnson,Under,4.5,-145,2026-02-11,2026-02-10T22:47:39Z,2026-02-10 14:47:44
BetOnline.ag,player_rebounds,Devin Vassell,Over,3.5,-105,2026-02-11,2026-02-10T22:47:39Z,2026-02-10 14:47:44
BetOnline.ag,player_rebounds,Devin Vassell,Under,3.5,-123,2026-02-11,2026-02-10T22:47:39Z,2026-02-10 14:47:44
BetOnline.ag,player_rebounds,Julian Champagnie,Over,5.5,117,2026-02-11,2026-02-10T22:47:39Z,2026-02-10 14:47:44
BetOnline.ag,player_rebounds,Julian Champagnie,Under,5.5,-152,2026-02-11,2026-02-10T22:47:39Z,2026-02-10 14:47:44
BetOnline.ag,player_rebounds,Victor Wembanyama,Over,10.5,-130,2026-02-11,2026-02-10T22:47:39Z,2026-02-10 14:47:44
BetOnline.ag,player_rebounds,Victor Wembanyama,Under,10.5,100,2026-02-11,2026-02-10T22:47:39Z,2026-02-10 14:47:44
BetOnline.ag,player_rebounds,Harrison Barnes,Over,2.5,125,2026-02-11,2026-02-10T22:47:39Z,2026-02-10 14:47:44
BetOnline.ag,player_rebounds,Harrison Barnes,Under,2.5,-164,2026-02-11,2026-02-10T22:47:39Z,2026-02-10 14:47:44
BetOnline.ag,player_rebounds,Stephon Castle,Over,5.5,122,2026-02-11,2026-02-10T22:47:39Z,2026-02-10 14:47:44
BetOnline.ag,player_rebounds,Stephon Castle,Under,5.5,-159,2026-02-11,2026-02-10T22:47:39Z,2026-02-10 14:47:44
BetOnline.ag,player_rebounds,De'Aaron Fox,Over,3.5,-101,2026-02-11,2026-02-10T22:47:39Z,2026-02-10 14:47:44
BetOnline.ag,player_rebounds,De'Aaron Fox,Under,3.5,-128,2026-02-11,2026-02-10T22:47:39Z,2026-02-10 14:47:44
BetOnline.ag,player_rebounds,Dylan Harper,Over,3.5,110,2026-02-11,2026-02-10T22:47:39Z,2026-02-10 14:47:44
BetOnline.ag,player_rebounds,Dylan Harper,Under,3.5,-143,2026-02-11,2026-02-10T22:47:39Z,2026-02-10 14:47:44
BetOnline.ag,player_rebounds,Deandre Ayton,Over,8.5,109,2026-02-11,2026-02-10T22:47:39Z,2026-02-10 14:47:44
BetOnline.ag,player_rebounds,Deandre Ayton,Under,8.5,-141,2026-02-11,2026-02-10T22:47:39Z,2026-02-10 14:47:44
BetOnline.ag,player_rebounds,Jake LaRavia,Over,4.5,104,2026-02-11,2026-02-10T22:47:39Z,2026-02-10 14:47:44
BetOnline.ag,player_rebounds,Jake LaRavia,Under,4.5,-135,2026-02-11,2026-02-10T22:47:39Z,2026-02-10 14:47:44
BetOnline.ag,player_rebounds,Luke Kornet,Over,4.5,-123,2026-02-11,2026-02-10T22:47:39Z,2026-02-10 14:47:44
BetOnline.ag,player_rebounds,Luke Kornet,Under,4.5,-105,2026-02-11,2026-02-10T22:47:39Z,2026-02-10 14:47:44
BetOnline.ag,player_rebounds,Jaxson Hayes,Over,4.5,122,2026-02-11,2026-02-10T22:47:39Z,2026-02-10 14:47:44
BetOnline.ag,player_rebounds,Jaxson Hayes,Under,4.5,-159,2026-02-11,2026-02-10T22:47:39Z,2026-02-10 14:47:44
BetMGM,player_rebounds,OG Anunoby,Over,5.5,-135,2026-02-11,2026-02-10T22:47:05Z,2026-02-10 14:47:44
BetMGM,player_rebounds,OG Anunoby,Under,5.5,100,2026-02-11,2026-02-10T22:47:05Z,2026-02-10 14:47:44
BetMGM,player_rebounds,Josh Hart,Over,8.5,-110,2026-02-11,2026-02-10T22:47:05Z,2026-02-10 14:47:44
BetMGM,player_rebounds,Josh Hart,Under,8.5,-118,2026-02-11,2026-02-10T22:47:05Z,2026-02-10 14:47:44
BetMGM,player_rebounds,Pascal Siakam,Over,6.5,-110,2026-02-11,2026-02-10T22:47:05Z,2026-02-10 14:47:44
BetMGM,player_rebounds,Pascal Siakam,Under,6.5,-118,2026-02-11,2026-02-10T22:47:05Z,2026-02-10 14:47:44
BetMGM,player_rebounds,Karl-Anthony Towns,Over,12.5,-115,2026-02-11,2026-02-10T22:47:05Z,2026-02-10 14:47:44
BetMGM,player_rebounds,Karl-Anthony Towns,Under,12.5,-115,2026-02-11,2026-02-10T22:47:05Z,2026-02-10 14:47:44
BetMGM,player_rebounds,Mikal Bridges,Over,4.5,120,2026-02-11,2026-02-10T22:47:05Z,2026-02-10 14:47:44
BetMGM,player_rebounds,Mikal Bridges,Under,4.5,-155,2026-02-11,2026-02-10T22:47:05Z,2026-02-10 14:47:44
BetMGM,player_rebounds,Aaron Nesmith,Over,4.5,110,2026-02-11,2026-02-10T22:47:05Z,2026-02-10 14:47:44
BetMGM,player_rebounds,Aaron Nesmith,Under,4.5,-150,2026-02-11,2026-02-10T22:47:05Z,2026-02-10 14:47:44
BetMGM,player_rebounds,Andrew Nembhard,Over,3.5,145,2026-02-11,2026-02-10T22:47:05Z,2026-02-10 14:47:44
BetMGM,player_rebounds,Andrew Nembhard,Under,3.5,-200,2026-02-11,2026-02-10T22:47:05Z,2026-02-10 14:47:44
BetMGM,player_rebounds,Jalen Brunson,Over,3.5,-110,2026-02-11,2026-02-10T22:47:05Z,2026-02-10 14:47:44
BetMGM,player_rebounds,Jalen Brunson,Under,3.5,-120,2026-02-11,2026-02-10T22:47:05Z,2026-02-10 14:47:44
BetMGM,player_rebounds,Jay Huff,Over,4.5,-155,2026-02-11,2026-02-10T22:47:05Z,2026-02-10 14:47:44
BetMGM,player_rebounds,Jay Huff,Under,4.5,115,2026-02-11,2026-02-10T22:47:05Z,2026-02-10 14:47:44
BetMGM,player_rebounds,Landry Shamet,Over,2.5,115,2026-02-11,2026-02-10T22:47:05Z,2026-02-10 14:47:44
BetMGM,player_rebounds,Landry Shamet,Under,2.5,-155,2026-02-11,2026-02-10T22:47:05Z,2026-02-10 14:47:44
BetMGM,player_rebounds,T.J. McConnell,Over,2.5,105,2026-02-11,2026-02-10T22:47:05Z,2026-02-10 14:47:44
BetMGM,player_rebounds,T.J. McConnell,Under,2.5,-140,2026-02-11,2026-02-10T22:47:05Z,2026-02-10 14:47:44
BetMGM,player_rebounds,Ben Sheppard,Over,3.5,-120,2026-02-11,2026-02-10T22:47:05Z,2026-02-10 14:47:44
BetMGM,player_rebounds,Ben Sheppard,Under,3.5,-110,2026-02-11,2026-02-10T22:47:05Z,2026-02-10 14:47:44
BetMGM,player_rebounds,Alperen Sengun,Over,9.5,-110,2026-02-11,2026-02-10T22:47:09Z,2026-02-10 14:47:44
BetMGM,player_rebounds,Alperen Sengun,Under,9.5,-120,2026-02-11,2026-02-10T22:47:09Z,2026-02-10 14:47:44
BetMGM,player_rebounds,Kawhi Leonard,Over,6.5,100,2026-02-11,2026-02-10T22:47:09Z,2026-02-10 14:47:44
BetMGM,player_rebounds,Kawhi Leonard,Under,6.5,-135,2026-02-11,2026-02-10T22:47:09Z,2026-02-10 14:47:44
BetMGM,player_rebounds,Clint Capela,Over,3.5,-140,2026-02-11,2026-02-10T22:47:09Z,2026-02-10 14:47:44
BetMGM,player_rebounds,Clint Capela,Under,3.5,105,2026-02-11,2026-02-10T22:47:09Z,2026-02-10 14:47:44
BetMGM,player_rebounds,Brook Lopez,Over,3.5,-125,2026-02-11,2026-02-10T22:47:09Z,2026-02-10 14:47:44
BetMGM,player_rebounds,Brook Lopez,Under,3.5,-105,2026-02-11,2026-02-10T22:47:09Z,2026-02-10 14:47:44
BetMGM,player_rebounds,Amen Thompson,Over,6.5,-165,2026-02-11,2026-02-10T22:47:09Z,2026-02-10 14:47:44
BetMGM,player_rebounds,Amen Thompson,Under,6.5,125,2026-02-11,2026-02-10T22:47:09Z,2026-02-10 14:47:44
BetMGM,player_rebounds,Tari Eason,Over,6.5,-140,2026-02-11,2026-02-10T22:47:09Z,2026-02-10 14:47:44
BetMGM,player_rebounds,Tari Eason,Under,6.5,105,2026-02-11,2026-02-10T22:47:09Z,2026-02-10 14:47:44
BetMGM,player_rebounds,Derrick Jones,Over,2.5,-155,2026-02-11,2026-02-10T22:47:09Z,2026-02-10 14:47:44
BetMGM,player_rebounds,Derrick Jones,Under,2.5,115,2026-02-11,2026-02-10T22:47:09Z,2026-02-10 14:47:44
BetMGM,player_rebounds,Jabari Smith Jr,Over,6.5,-115,2026-02-11,2026-02-10T22:47:09Z,2026-02-10 14:47:44
BetMGM,player_rebounds,Jabari Smith Jr,Under,6.5,-115,2026-02-11,2026-02-10T22:47:09Z,2026-02-10 14:47:44
BetMGM,player_rebounds,Josh Okogie,Over,1.5,-135,2026-02-11,2026-02-10T22:47:09Z,2026-02-10 14:47:44
BetMGM,player_rebounds,Josh Okogie,Under,1.5,100,2026-02-11,2026-02-10T22:47:09Z,2026-02-10 14:47:44
BetMGM,player_rebounds,Kris Dunn,Over,2.5,-130,2026-02-11,2026-02-10T22:47:09Z,2026-02-10 14:47:44
BetMGM,player_rebounds,Kris Dunn,Under,2.5,100,2026-02-11,2026-02-10T22:47:09Z,2026-02-10 14:47:44
BetMGM,player_rebounds,Kevin Durant,Over,4.5,-150,2026-02-11,2026-02-10T22:47:09Z,2026-02-10 14:47:44
BetMGM,player_rebounds,Kevin Durant,Under,4.5,110,2026-02-11,2026-02-10T22:47:09Z,2026-02-10 14:47:44
BetMGM,player_rebounds,Dorian Finney-Smith,Over,2.5,100,2026-02-11,2026-02-10T22:47:09Z,2026-02-10 14:47:44
BetMGM,player_rebounds,Dorian Finney-Smith,Under,2.5,-130,2026-02-11,2026-02-10T22:47:09Z,2026-02-10 14:47:44
BetMGM,player_rebounds,Reed Sheppard,Over,1.5,-190,2026-02-11,2026-02-10T22:47:09Z,2026-02-10 14:47:44
BetMGM,player_rebounds,Reed Sheppard,Under,1.5,140,2026-02-11,2026-02-10T22:47:09Z,2026-02-10 14:47:44
BetMGM,player_rebounds,John Collins,Over,5.5,100,2026-02-11,2026-02-10T22:47:09Z,2026-02-10 14:47:44
BetMGM,player_rebounds,John Collins,Under,5.5,-135,2026-02-11,2026-02-10T22:47:09Z,2026-02-10 14:47:44
BetMGM,player_rebounds,Daniel Gafford,Over,7.5,115,2026-02-11,2026-02-10T22:47:49Z,2026-02-10 14:47:44
BetMGM,player_rebounds,Daniel Gafford,Under,7.5,-155,2026-02-11,2026-02-10T22:47:49Z,2026-02-10 14:47:44
BetMGM,player_rebounds,Max Christie,Over,3.5,120,2026-02-11,2026-02-10T22:47:49Z,2026-02-10 14:47:44
BetMGM,player_rebounds,Max Christie,Under,3.5,-160,2026-02-11,2026-02-10T22:47:49Z,2026-02-10 14:47:44
BetMGM,player_rebounds,Oso Ighodaro,Over,4.5,-118,2026-02-11,2026-02-10T22:47:49Z,2026-02-10 14:47:44
BetMGM,player_rebounds,Oso Ighodaro,Under,4.5,-115,2026-02-11,2026-02-10T22:47:49Z,2026-02-10 14:47:44
BetMGM,player_rebounds,Mark Williams,Over,9.5,100,2026-02-11,2026-02-10T22:47:49Z,2026-02-10 14:47:44
BetMGM,player_rebounds,Mark Williams,Under,9.5,-135,2026-02-11,2026-02-10T22:47:49Z,2026-02-10 14:47:44
BetMGM,player_rebounds,Naji Marshall,Over,5.5,115,2026-02-11,2026-02-10T22:47:49Z,2026-02-10 14:47:44
BetMGM,player_rebounds,Naji Marshall,Under,5.5,-155,2026-02-11,2026-02-10T22:47:49Z,2026-02-10 14:47:44
BetMGM,player_rebounds,Caleb Martin,Over,3.5,100,2026-02-11,2026-02-10T22:47:49Z,2026-02-10 14:47:44
BetMGM,player_rebounds,Caleb Martin,Under,3.5,-135,2026-02-11,2026-02-10T22:47:49Z,2026-02-10 14:47:44
BetMGM,player_rebounds,Jordan Goodwin,Over,4.5,-145,2026-02-11,2026-02-10T22:47:49Z,2026-02-10 14:47:44
BetMGM,player_rebounds,Jordan Goodwin,Under,4.5,105,2026-02-11,2026-02-10T22:47:49Z,2026-02-10 14:47:44
BetMGM,player_rebounds,Royce O'Neale,Over,4.5,-160,2026-02-11,2026-02-10T22:47:49Z,2026-02-10 14:47:44
BetMGM,player_rebounds,Royce O'Neale,Under,4.5,120,2026-02-11,2026-02-10T22:47:49Z,2026-02-10 14:47:44
BetMGM,player_rebounds,Collin Gillespie,Over,3.5,-165,2026-02-11,2026-02-10T22:47:49Z,2026-02-10 14:47:44
BetMGM,player_rebounds,Collin Gillespie,Under,3.5,125,2026-02-11,2026-02-10T22:47:49Z,2026-02-10 14:47:44
BetMGM,player_rebounds,Devin Booker,Over,3.5,-135,2026-02-11,2026-02-10T22:47:49Z,2026-02-10 14:47:44
BetMGM,player_rebounds,Devin Booker,Under,3.5,100,2026-02-11,2026-02-10T22:47:49Z,2026-02-10 14:47:44
BetMGM,player_rebounds,P.J. Washington,Over,5.5,-130,2026-02-11,2026-02-10T22:47:49Z,2026-02-10 14:47:44
BetMGM,player_rebounds,P.J. Washington,Under,5.5,-105,2026-02-11,2026-02-10T22:47:49Z,2026-02-10 14:47:44
BetMGM,player_rebounds,Cooper Flagg,Over,6.5,-120,2026-02-11,2026-02-10T22:47:49Z,2026-02-10 14:47:44
BetMGM,player_rebounds,Cooper Flagg,Under,6.5,-110,2026-02-11,2026-02-10T22:47:49Z,2026-02-10 14:47:44
BetMGM,player_rebounds,Dillon Brooks,Over,3.5,-155,2026-02-11,2026-02-10T22:47:49Z,2026-02-10 14:47:44
BetMGM,player_rebounds,Dillon Brooks,Under,3.5,115,2026-02-11,2026-02-10T22:47:49Z,2026-02-10 14:47:44
BetMGM,player_rebounds,Jalen Green,Over,2.5,-110,2026-02-11,2026-02-10T22:47:49Z,2026-02-10 14:47:44
BetMGM,player_rebounds,Jalen Green,Under,2.5,-120,2026-02-11,2026-02-10T22:47:49Z,2026-02-10 14:47:44
BetMGM,player_rebounds,Klay Thompson,Over,1.5,-190,2026-02-11,2026-02-10T22:47:49Z,2026-02-10 14:47:44
BetMGM,player_rebounds,Klay Thompson,Under,1.5,140,2026-02-11,2026-02-10T22:47:49Z,2026-02-10 14:47:44
BetMGM,player_rebounds,Keldon Johnson,Over,4.5,100,2026-02-11,2026-02-10T22:47:20Z,2026-02-10 14:47:44
BetMGM,player_rebounds,Keldon Johnson,Under,4.5,-135,2026-02-11,2026-02-10T22:47:20Z,2026-02-10 14:47:44
BetMGM,player_rebounds,De'Aaron Fox,Over,3.5,-110,2026-02-11,2026-02-10T22:47:20Z,2026-02-10 14:47:44
BetMGM,player_rebounds,De'Aaron Fox,Under,3.5,-120,2026-02-11,2026-02-10T22:47:20Z,2026-02-10 14:47:44
BetMGM,player_rebounds,Julian Champagnie,Over,4.5,-160,2026-02-11,2026-02-10T22:47:20Z,2026-02-10 14:47:44
BetMGM,player_rebounds,Julian Champagnie,Under,4.5,120,2026-02-11,2026-02-10T22:47:20Z,2026-02-10 14:47:44
BetMGM,player_rebounds,Dylan Harper,Over,3.5,120,2026-02-11,2026-02-10T22:47:20Z,2026-02-10 14:47:44
BetMGM,player_rebounds,Dylan Harper,Under,3.5,-160,2026-02-11,2026-02-10T22:47:20Z,2026-02-10 14:47:44
BetMGM,player_rebounds,Harrison Barnes,Over,2.5,100,2026-02-11,2026-02-10T22:47:20Z,2026-02-10 14:47:44
BetMGM,player_rebounds,Harrison Barnes,Under,2.5,-135,2026-02-11,2026-02-10T22:47:20Z,2026-02-10 14:47:44
BetMGM,player_rebounds,Devin Vassell,Over,3.5,-115,2026-02-11,2026-02-10T22:47:20Z,2026-02-10 14:47:44
BetMGM,player_rebounds,Devin Vassell,Under,3.5,-115,2026-02-11,2026-02-10T22:47:20Z,2026-02-10 14:47:44
BetMGM,player_rebounds,Luke Kornet,Over,4.5,-130,2026-02-11,2026-02-10T22:47:20Z,2026-02-10 14:47:44
BetMGM,player_rebounds,Luke Kornet,Under,4.5,-105,2026-02-11,2026-02-10T22:47:20Z,2026-02-10 14:47:44
BetMGM,player_rebounds,Jake LaRavia,Over,4.5,105,2026-02-11,2026-02-10T22:47:20Z,2026-02-10 14:47:44
BetMGM,player_rebounds,Jake LaRavia,Under,4.5,-140,2026-02-11,2026-02-10T22:47:20Z,2026-02-10 14:47:44
BetMGM,player_rebounds,Rui Hachimura,Over,4.5,110,2026-02-11,2026-02-10T22:47:20Z,2026-02-10 14:47:44
BetMGM,player_rebounds,Rui Hachimura,Under,4.5,-145,2026-02-11,2026-02-10T22:47:20Z,2026-02-10 14:47:44
BetMGM,player_rebounds,Stephon Castle,Over,5.5,125,2026-02-11,2026-02-10T22:47:20Z,2026-02-10 14:47:44
BetMGM,player_rebounds,Stephon Castle,Under,5.5,-160,2026-02-11,2026-02-10T22:47:20Z,2026-02-10 14:47:44
BetMGM,player_rebounds,Victor Wembanyama,Over,11.5,105,2026-02-11,2026-02-10T22:47:20Z,2026-02-10 14:47:44
BetMGM,player_rebounds,Victor Wembanyama,Under,11.5,-140,2026-02-11,2026-02-10T22:47:20Z,2026-02-10 14:47:44
BetMGM,player_rebounds,Deandre Ayton,Over,7.5,-145,2026-02-11,2026-02-10T22:47:20Z,2026-02-10 14:47:44
BetMGM,player_rebounds,Deandre Ayton,Under,7.5,105,2026-02-11,2026-02-10T22:47:20Z,2026-02-10 14:47:44
BetMGM,player_rebounds,Jarred Vanderbilt,Over,6.5,-115,2026-02-11,2026-02-10T22:47:20Z,2026-02-10 14:47:44
BetMGM,player_rebounds,Jarred Vanderbilt,Under,6.5,-118,2026-02-11,2026-02-10T22:47:20Z,2026-02-10 14:47:44
BetRivers,player_rebounds,Josh Hart,Over,8.5,-115,2026-02-11,2026-02-10T22:47:29Z,2026-02-10 14:47:44
BetRivers,player_rebounds,Josh Hart,Under,8.5,-118,2026-02-11,2026-02-10T22:47:29Z,2026-02-10 14:47:44
BetRivers,player_rebounds,OG Anunoby,Over,5.5,-105,2026-02-11,2026-02-10T22:47:29Z,2026-02-10 14:47:44
BetRivers,player_rebounds,OG Anunoby,Under,5.5,-130,2026-02-11,2026-02-10T22:47:29Z,2026-02-10 14:47:44
BetRivers,player_rebounds,Aaron Nesmith,Over,4.5,120,2026-02-11,2026-02-10T22:47:29Z,2026-02-10 14:47:44
BetRivers,player_rebounds,Aaron Nesmith,Under,4.5,-165,2026-02-11,2026-02-10T22:47:29Z,2026-02-10 14:47:44
BetRivers,player_rebounds,Karl-Anthony Towns,Over,12.5,-127,2026-02-11,2026-02-10T22:47:29Z,2026-02-10 14:47:44
BetRivers,player_rebounds,Karl-Anthony Towns,Under,12.5,-107,2026-02-11,2026-02-10T22:47:29Z,2026-02-10 14:47:44
BetRivers,player_rebounds,Pascal Siakam,Over,6.5,-107,2026-02-11,2026-02-10T22:47:29Z,2026-02-10 14:47:44
BetRivers,player_rebounds,Pascal Siakam,Under,6.5,-127,2026-02-11,2026-02-10T22:47:29Z,2026-02-10 14:47:44
BetRivers,player_rebounds,Mikal Bridges,Over,4.5,123,2026-02-11,2026-02-10T22:47:29Z,2026-02-10 14:47:44
BetRivers,player_rebounds,Mikal Bridges,Under,4.5,-167,2026-02-11,2026-02-10T22:47:29Z,2026-02-10 14:47:44
BetRivers,player_rebounds,Andrew Nembhard,Over,2.5,-167,2026-02-11,2026-02-10T22:47:29Z,2026-02-10 14:47:44
BetRivers,player_rebounds,Andrew Nembhard,Under,2.5,123,2026-02-11,2026-02-10T22:47:29Z,2026-02-10 14:47:44
BetRivers,player_rebounds,Jalen Brunson,Over,3.5,-120,2026-02-11,2026-02-10T22:47:29Z,2026-02-10 14:47:44
BetRivers,player_rebounds,Jalen Brunson,Under,3.5,-114,2026-02-11,2026-02-10T22:47:29Z,2026-02-10 14:47:44
BetRivers,player_rebounds,Jay Huff,Over,4.5,-132,2026-02-11,2026-02-10T22:47:29Z,2026-02-10 14:47:44
BetRivers,player_rebounds,Jay Huff,Under,4.5,-104,2026-02-11,2026-02-10T22:47:29Z,2026-02-10 14:47:44
BetRivers,player_rebounds,Kawhi Leonard,Over,6.5,104,2026-02-11,2026-02-10T22:47:39Z,2026-02-10 14:47:44
BetRivers,player_rebounds,Kawhi Leonard,Under,6.5,-141,2026-02-11,2026-02-10T22:47:39Z,2026-02-10 14:47:44
BetRivers,player_rebounds,Jabari Smith Jr,Over,6.5,-118,2026-02-11,2026-02-10T22:47:39Z,2026-02-10 14:47:44
BetRivers,player_rebounds,Jabari Smith Jr,Under,6.5,-114,2026-02-11,2026-02-10T22:47:39Z,2026-02-10 14:47:44
BetRivers,player_rebounds,Alperen Sengun,Over,9.5,-112,2026-02-11,2026-02-10T22:47:39Z,2026-02-10 14:47:44
BetRivers,player_rebounds,Alperen Sengun,Under,9.5,-122,2026-02-11,2026-02-10T22:47:39Z,2026-02-10 14:47:44
BetRivers,player_rebounds,John Collins,Over,5.5,-125,2026-02-11,2026-02-10T22:47:39Z,2026-02-10 14:47:44
BetRivers,player_rebounds,John Collins,Under,5.5,-109,2026-02-11,2026-02-10T22:47:39Z,2026-02-10 14:47:44
BetRivers,player_rebounds,Kris Dunn,Over,2.5,-165,2026-02-11,2026-02-10T22:47:39Z,2026-02-10 14:47:44
BetRivers,player_rebounds,Kris Dunn,Under,2.5,120,2026-02-11,2026-02-10T22:47:39Z,2026-02-10 14:47:44
BetRivers,player_rebounds,Derrick Jones,Over,3.5,123,2026-02-11,2026-02-10T22:47:39Z,2026-02-10 14:47:44
BetRivers,player_rebounds,Derrick Jones,Under,3.5,-167,2026-02-11,2026-02-10T22:47:39Z,2026-02-10 14:47:44
BetRivers,player_rebounds,Kevin Durant,Over,4.5,-150,2026-02-11,2026-02-10T22:47:39Z,2026-02-10 14:47:44
BetRivers,player_rebounds,Kevin Durant,Under,4.5,110,2026-02-11,2026-02-10T22:47:39Z,2026-02-10 14:47:44
BetRivers,player_rebounds,Amen Thompson,Over,6.5,-134,2026-02-11,2026-02-10T22:47:39Z,2026-02-10 14:47:44
BetRivers,player_rebounds,Amen Thompson,Under,6.5,-103,2026-02-11,2026-02-10T22:47:39Z,2026-02-10 14:47:44
BetRivers,player_rebounds,Tari Eason,Over,6.5,-136,2026-02-11,2026-02-10T22:47:39Z,2026-02-10 14:47:44
BetRivers,player_rebounds,Tari Eason,Under,6.5,100,2026-02-11,2026-02-10T22:47:39Z,2026-02-10 14:47:44
BetRivers,player_rebounds,Brook Lopez,Over,3.5,-129,2026-02-11,2026-02-10T22:47:39Z,2026-02-10 14:47:44
BetRivers,player_rebounds,Brook Lopez,Under,3.5,-106,2026-02-11,2026-02-10T22:47:39Z,2026-02-10 14:47:44
BetRivers,player_rebounds,Mark Williams,Over,9.5,106,2026-02-11,2026-02-10T22:47:32Z,2026-02-10 14:47:44
BetRivers,player_rebounds,Mark Williams,Under,9.5,-143,2026-02-11,2026-02-10T22:47:32Z,2026-02-10 14:47:44
BetRivers,player_rebounds,Jordan Goodwin,Over,4.5,-141,2026-02-11,2026-02-10T22:47:32Z,2026-02-10 14:47:44
BetRivers,player_rebounds,Jordan Goodwin,Under,4.5,104,2026-02-11,2026-02-10T22:47:32Z,2026-02-10 14:47:44
BetRivers,player_rebounds,Caleb Martin,Over,3.5,100,2026-02-11,2026-02-10T22:47:32Z,2026-02-10 14:47:44
BetRivers,player_rebounds,Caleb Martin,Under,3.5,-136,2026-02-11,2026-02-10T22:47:32Z,2026-02-10 14:47:44
BetRivers,player_rebounds,Max Christie,Over,3.5,115,2026-02-11,2026-02-10T22:47:32Z,2026-02-10 14:47:44
BetRivers,player_rebounds,Max Christie,Under,3.5,-157,2026-02-11,2026-02-10T22:47:32Z,2026-02-10 14:47:44
BetRivers,player_rebounds,Collin Gillespie,Over,3.5,-150,2026-02-11,2026-02-10T22:47:32Z,2026-02-10 14:47:44
BetRivers,player_rebounds,Collin Gillespie,Under,3.5,110,2026-02-11,2026-02-10T22:47:32Z,2026-02-10 14:47:44
BetRivers,player_rebounds,Cooper Flagg,Over,6.5,-148,2026-02-11,2026-02-10T22:47:32Z,2026-02-10 14:47:44
BetRivers,player_rebounds,Cooper Flagg,Under,6.5,108,2026-02-11,2026-02-10T22:47:32Z,2026-02-10 14:47:44
BetRivers,player_rebounds,Naji Marshall,Over,5.5,110,2026-02-11,2026-02-10T22:47:32Z,2026-02-10 14:47:44
BetRivers,player_rebounds,Naji Marshall,Under,5.5,-150,2026-02-11,2026-02-10T22:47:32Z,2026-02-10 14:47:44
BetRivers,player_rebounds,P.J. Washington,Over,5.5,-130,2026-02-11,2026-02-10T22:47:32Z,2026-02-10 14:47:44
BetRivers,player_rebounds,P.J. Washington,Under,5.5,-105,2026-02-11,2026-02-10T22:47:32Z,2026-02-10 14:47:44
BetRivers,player_rebounds,Devin Booker,Over,3.5,-125,2026-02-11,2026-02-10T22:47:32Z,2026-02-10 14:47:44
BetRivers,player_rebounds,Devin Booker,Under,3.5,-109,2026-02-11,2026-02-10T22:47:32Z,2026-02-10 14:47:44
BetRivers,player_rebounds,Dillon Brooks,Over,3.5,-139,2026-02-11,2026-02-10T22:47:32Z,2026-02-10 14:47:44
BetRivers,player_rebounds,Dillon Brooks,Under,3.5,102,2026-02-11,2026-02-10T22:47:32Z,2026-02-10 14:47:44
BetRivers,player_rebounds,Royce O'Neale,Over,4.5,-132,2026-02-11,2026-02-10T22:47:32Z,2026-02-10 14:47:44
BetRivers,player_rebounds,Royce O'Neale,Under,4.5,-104,2026-02-11,2026-02-10T22:47:32Z,2026-02-10 14:47:44
BetRivers,player_rebounds,Daniel Gafford,Over,7.5,106,2026-02-11,2026-02-10T22:47:32Z,2026-02-10 14:47:44
BetRivers,player_rebounds,Daniel Gafford,Under,7.5,-143,2026-02-11,2026-02-10T22:47:32Z,2026-02-10 14:47:44
BetRivers,player_rebounds,Jake LaRavia,Over,4.5,-103,2026-02-11,2026-02-10T22:46:44Z,2026-02-10 14:47:44
BetRivers,player_rebounds,Jake LaRavia,Under,4.5,-134,2026-02-11,2026-02-10T22:46:44Z,2026-02-10 14:47:44
BetRivers,player_rebounds,Keldon Johnson,Over,4.5,102,2026-02-11,2026-02-10T22:46:44Z,2026-02-10 14:47:44
BetRivers,player_rebounds,Keldon Johnson,Under,4.5,-139,2026-02-11,2026-02-10T22:46:44Z,2026-02-10 14:47:44
BetRivers,player_rebounds,Victor Wembanyama,Over,10.5,-134,2026-02-11,2026-02-10T22:46:44Z,2026-02-10 14:47:44
BetRivers,player_rebounds,Victor Wembanyama,Under,10.5,-103,2026-02-11,2026-02-10T22:46:44Z,2026-02-10 14:47:44
BetRivers,player_rebounds,Dylan Harper,Over,3.5,108,2026-02-11,2026-02-10T22:46:44Z,2026-02-10 14:47:44
BetRivers,player_rebounds,Dylan Harper,Under,3.5,-148,2026-02-11,2026-02-10T22:46:44Z,2026-02-10 14:47:44
BetRivers,player_rebounds,Stephon Castle,Over,5.5,108,2026-02-11,2026-02-10T22:46:44Z,2026-02-10 14:47:44
BetRivers,player_rebounds,Stephon Castle,Under,5.5,-148,2026-02-11,2026-02-10T22:46:44Z,2026-02-10 14:47:44
BetRivers,player_rebounds,Devin Vassell,Over,3.5,-113,2026-02-11,2026-02-10T22:46:44Z,2026-02-10 14:47:44
BetRivers,player_rebounds,Devin Vassell,Under,3.5,-121,2026-02-11,2026-02-10T22:46:44Z,2026-02-10 14:47:44
BetRivers,player_rebounds,Julian Champagnie,Over,5.5,114,2026-02-11,2026-02-10T22:46:44Z,2026-02-10 14:47:44
BetRivers,player_rebounds,Julian Champagnie,Under,5.5,-155,2026-02-11,2026-02-10T22:46:44Z,2026-02-10 14:47:44
BetRivers,player_rebounds,De'Aaron Fox,Over,3.5,-103,2026-02-11,2026-02-10T22:46:44Z,2026-02-10 14:47:44
BetRivers,player_rebounds,De'Aaron Fox,Under,3.5,-134,2026-02-11,2026-02-10T22:46:44Z,2026-02-10 14:47:44
BetRivers,player_rebounds,Rui Hachimura,Over,4.5,107,2026-02-11,2026-02-10T22:46:44Z,2026-02-10 14:47:44
BetRivers,player_rebounds,Rui Hachimura,Under,4.5,-143,2026-02-11,2026-02-10T22:46:44Z,2026-02-10 14:47:44
BetRivers,player_rebounds,Deandre Ayton,Over,8.5,100,2026-02-11,2026-02-10T22:46:44Z,2026-02-10 14:47:44
BetRivers,player_rebounds,Deandre Ayton,Under,8.5,-136,2026-02-11,2026-02-10T22:46:44Z,2026-02-10 14:47:44
Bovada,player_rebounds,Aaron Nesmith,Over,3.5,-160,2026-02-11,2026-02-10T22:47:30Z,2026-02-10 14:47:44
Bovada,player_rebounds,Aaron Nesmith,Under,3.5,120,2026-02-11,2026-02-10T22:47:30Z,2026-02-10 14:47:44
Bovada,player_rebounds,Aaron Nesmith,Over,4.5,130,2026-02-11,2026-02-10T22:47:30Z,2026-02-10 14:47:44
Bovada,player_rebounds,Aaron Nesmith,Under,4.5,-170,2026-02-11,2026-02-10T22:47:30Z,2026-02-10 14:47:44
Bovada,player_rebounds,Andrew Nembhard,Over,2.5,-145,2026-02-11,2026-02-10T22:47:30Z,2026-02-10 14:47:44
Bovada,player_rebounds,Andrew Nembhard,Under,2.5,110,2026-02-11,2026-02-10T22:47:30Z,2026-02-10 14:47:44
Bovada,player_rebounds,Andrew Nembhard,Over,3.5,155,2026-02-11,2026-02-10T22:47:30Z,2026-02-10 14:47:44
Bovada,player_rebounds,Andrew Nembhard,Under,3.5,-210,2026-02-11,2026-02-10T22:47:30Z,2026-02-10 14:47:44
Bovada,player_rebounds,Jalen Brunson,Over,2.5,-275,2026-02-11,2026-02-10T22:47:30Z,2026-02-10 14:47:44
Bovada,player_rebounds,Jalen Brunson,Under,2.5,200,2026-02-11,2026-02-10T22:47:30Z,2026-02-10 14:47:44
Bovada,player_rebounds,Jalen Brunson,Over,3.5,-115,2026-02-11,2026-02-10T22:47:30Z,2026-02-10 14:47:44
Bovada,player_rebounds,Jalen Brunson,Under,3.5,-115,2026-02-11,2026-02-10T22:47:30Z,2026-02-10 14:47:44
Bovada,player_rebounds,Jalen Brunson,Over,4.5,175,2026-02-11,2026-02-10T22:47:30Z,2026-02-10 14:47:44
Bovada,player_rebounds,Jalen Brunson,Under,4.5,-240,2026-02-11,2026-02-10T22:47:30Z,2026-02-10 14:47:44
Bovada,player_rebounds,Jarace Walker,Over,4.5,-200,2026-02-11,2026-02-10T22:47:30Z,2026-02-10 14:47:44
Bovada,player_rebounds,Jarace Walker,Under,4.5,150,2026-02-11,2026-02-10T22:47:30Z,2026-02-10 14:47:44
Bovada,player_rebounds,Jarace Walker,Over,5.5,-105,2026-02-11,2026-02-10T22:47:30Z,2026-02-10 14:47:44
Bovada,player_rebounds,Jarace Walker,Under,5.5,-125,2026-02-11,2026-02-10T22:47:30Z,2026-02-10 14:47:44
Bovada,player_rebounds,Jarace Walker,Over,6.5,170,2026-02-11,2026-02-10T22:47:30Z,2026-02-10 14:47:44
Bovada,player_rebounds,Jarace Walker,Under,6.5,-230,2026-02-11,2026-02-10T22:47:30Z,2026-02-10 14:47:44
Bovada,player_rebounds,Jay Huff,Over,3.5,-280,2026-02-11,2026-02-10T22:47:30Z,2026-02-10 14:47:44
Bovada,player_rebounds,Jay Huff,Under,3.5,205,2026-02-11,2026-02-10T22:47:30Z,2026-02-10 14:47:44
Bovada,player_rebounds,Jay Huff,Over,4.5,-130,2026-02-11,2026-02-10T22:47:30Z,2026-02-10 14:47:44
Bovada,player_rebounds,Jay Huff,Under,4.5,100,2026-02-11,2026-02-10T22:47:30Z,2026-02-10 14:47:44
Bovada,player_rebounds,Jay Huff,Over,5.5,145,2026-02-11,2026-02-10T22:47:30Z,2026-02-10 14:47:44
Bovada,player_rebounds,Jay Huff,Under,5.5,-190,2026-02-11,2026-02-10T22:47:30Z,2026-02-10 14:47:44
Bovada,player_rebounds,Josh Hart,Over,7.5,-200,2026-02-11,2026-02-10T22:47:30Z,2026-02-10 14:47:44
Bovada,player_rebounds,Josh Hart,Under,7.5,150,2026-02-11,2026-02-10T22:47:30Z,2026-02-10 14:47:44
Bovada,player_rebounds,Josh Hart,Over,8.5,-120,2026-02-11,2026-02-10T22:47:30Z,2026-02-10 14:47:44
Bovada,player_rebounds,Josh Hart,Under,8.5,-110,2026-02-11,2026-02-10T22:47:30Z,2026-02-10 14:47:44
Bovada,player_rebounds,Josh Hart,Over,9.5,135,2026-02-11,2026-02-10T22:47:30Z,2026-02-10 14:47:44
Bovada,player_rebounds,Josh Hart,Under,9.5,-180,2026-02-11,2026-02-10T22:47:30Z,2026-02-10 14:47:44
Bovada,player_rebounds,Josh Hart,Over,10.5,215,2026-02-11,2026-02-10T22:47:30Z,2026-02-10 14:47:44
Bovada,player_rebounds,Josh Hart,Under,10.5,-300,2026-02-11,2026-02-10T22:47:30Z,2026-02-10 14:47:44
Bovada,player_rebounds,Karl-Anthony Towns,Over,11.5,-210,2026-02-11,2026-02-10T22:47:30Z,2026-02-10 14:47:44
Bovada,player_rebounds,Karl-Anthony Towns,Under,11.5,155,2026-02-11,2026-02-10T22:47:30Z,2026-02-10 14:47:44
Bovada,player_rebounds,Karl-Anthony Towns,Over,12.5,-135,2026-02-11,2026-02-10T22:47:30Z,2026-02-10 14:47:44
Bovada,player_rebounds,Karl-Anthony Towns,Under,12.5,105,2026-02-11,2026-02-10T22:47:30Z,2026-02-10 14:47:44
Bovada,player_rebounds,Karl-Anthony Towns,Over,13.5,110,2026-02-11,2026-02-10T22:47:30Z,2026-02-10 14:47:44
Bovada,player_rebounds,Karl-Anthony Towns,Under,13.5,-145,2026-02-11,2026-02-10T22:47:30Z,2026-02-10 14:47:44
Bovada,player_rebounds,Karl-Anthony Towns,Over,14.5,160,2026-02-11,2026-02-10T22:47:30Z,2026-02-10 14:47:44
Bovada,player_rebounds,Karl-Anthony Towns,Under,14.5,-215,2026-02-11,2026-02-10T22:47:30Z,2026-02-10 14:47:44
Bovada,player_rebounds,Mikal Bridges,Over,3.5,-180,2026-02-11,2026-02-10T22:47:30Z,2026-02-10 14:47:44
Bovada,player_rebounds,Mikal Bridges,Under,3.5,135,2026-02-11,2026-02-10T22:47:30Z,2026-02-10 14:47:44
Bovada,player_rebounds,Mikal Bridges,Over,4.5,115,2026-02-11,2026-02-10T22:47:30Z,2026-02-10 14:47:44
Bovada,player_rebounds,Mikal Bridges,Under,4.5,-150,2026-02-11,2026-02-10T22:47:30Z,2026-02-10 14:47:44
Bovada,player_rebounds,OG Anunoby,Over,4.5,-215,2026-02-11,2026-02-10T22:47:30Z,2026-02-10 14:47:44
Bovada,player_rebounds,OG Anunoby,Under,4.5,160,2026-02-11,2026-02-10T22:47:30Z,2026-02-10 14:47:44
Bovada,player_rebounds,OG Anunoby,Over,5.5,-110,2026-02-11,2026-02-10T22:47:30Z,2026-02-10 14:47:44
Bovada,player_rebounds,OG Anunoby,Under,5.5,-120,2026-02-11,2026-02-10T22:47:30Z,2026-02-10 14:47:44
Bovada,player_rebounds,OG Anunoby,Over,6.5,165,2026-02-11,2026-02-10T22:47:30Z,2026-02-10 14:47:44
Bovada,player_rebounds,OG Anunoby,Under,6.5,-220,2026-02-11,2026-02-10T22:47:30Z,2026-02-10 14:47:44
Bovada,player_rebounds,Pascal Siakam,Over,5.5,-200,2026-02-11,2026-02-10T22:47:30Z,2026-02-10 14:47:44
Bovada,player_rebounds,Pascal Siakam,Under,5.5,150,2026-02-11,2026-02-10T22:47:30Z,2026-02-10 14:47:44
Bovada,player_rebounds,Pascal Siakam,Over,6.5,-110,2026-02-11,2026-02-10T22:47:30Z,2026-02-10 14:47:44
Bovada,player_rebounds,Pascal Siakam,Under,6.5,-120,2026-02-11,2026-02-10T22:47:30Z,2026-02-10 14:47:44
Bovada,player_rebounds,Pascal Siakam,Over,7.5,155,2026-02-11,2026-02-10T22:47:30Z,2026-02-10 14:47:44
Bovada,player_rebounds,Pascal Siakam,Under,7.5,-210,2026-02-11,2026-02-10T22:47:30Z,2026-02-10 14:47:44
Bovada,player_rebounds,Alperen Sengun,Over,8.5,-180,2026-02-11,2026-02-10T22:47:39Z,2026-02-10 14:47:44
Bovada,player_rebounds,Alperen Sengun,Under,8.5,135,2026-02-11,2026-02-10T22:47:39Z,2026-02-10 14:47:44
Bovada,player_rebounds,Alperen Sengun,Over,9.5,-110,2026-02-11,2026-02-10T22:47:39Z,2026-02-10 14:47:44
Bovada,player_rebounds,Alperen Sengun,Under,9.5,-120,2026-02-11,2026-02-10T22:47:39Z,2026-02-10 14:47:44
Bovada,player_rebounds,Alperen Sengun,Over,10.5,145,2026-02-11,2026-02-10T22:47:39Z,2026-02-10 14:47:44
Bovada,player_rebounds,Alperen Sengun,Under,10.5,-190,2026-02-11,2026-02-10T22:47:39Z,2026-02-10 14:47:44
Bovada,player_rebounds,Amen Thompson,Over,5.5,-300,2026-02-11,2026-02-10T22:47:39Z,2026-02-10 14:47:44
Bovada,player_rebounds,Amen Thompson,Under,5.5,215,2026-02-11,2026-02-10T22:47:39Z,2026-02-10 14:47:44
Bovada,player_rebounds,Amen Thompson,Over,6.5,-160,2026-02-11,2026-02-10T22:47:39Z,2026-02-10 14:47:44
Bovada,player_rebounds,Amen Thompson,Under,6.5,120,2026-02-11,2026-02-10T22:47:39Z,2026-02-10 14:47:44
Bovada,player_rebounds,Amen Thompson,Over,7.5,110,2026-02-11,2026-02-10T22:47:39Z,2026-02-10 14:47:44
Bovada,player_rebounds,Amen Thompson,Under,7.5,-145,2026-02-11,2026-02-10T22:47:39Z,2026-02-10 14:47:44
Bovada,player_rebounds,Amen Thompson,Over,8.5,185,2026-02-11,2026-02-10T22:47:39Z,2026-02-10 14:47:44
Bovada,player_rebounds,Amen Thompson,Under,8.5,-250,2026-02-11,2026-02-10T22:47:39Z,2026-02-10 14:47:44
Bovada,player_rebounds,Brook Lopez,Over,2.5,-280,2026-02-11,2026-02-10T22:47:39Z,2026-02-10 14:47:44
Bovada,player_rebounds,Brook Lopez,Under,2.5,205,2026-02-11,2026-02-10T22:47:39Z,2026-02-10 14:47:44
Bovada,player_rebounds,Brook Lopez,Over,3.5,-120,2026-02-11,2026-02-10T22:47:39Z,2026-02-10 14:47:44
Bovada,player_rebounds,Brook Lopez,Under,3.5,-110,2026-02-11,2026-02-10T22:47:39Z,2026-02-10 14:47:44
Bovada,player_rebounds,Brook Lopez,Over,4.5,170,2026-02-11,2026-02-10T22:47:39Z,2026-02-10 14:47:44
Bovada,player_rebounds,Brook Lopez,Under,4.5,-230,2026-02-11,2026-02-10T22:47:39Z,2026-02-10 14:47:44
Bovada,player_rebounds,Derrick Jones,Over,2.5,-200,2026-02-11,2026-02-10T22:47:39Z,2026-02-10 14:47:44
Bovada,player_rebounds,Derrick Jones,Under,2.5,150,2026-02-11,2026-02-10T22:47:39Z,2026-02-10 14:47:44
Bovada,player_rebounds,Derrick Jones,Over,3.5,115,2026-02-11,2026-02-10T22:47:39Z,2026-02-10 14:47:44
Bovada,player_rebounds,Derrick Jones,Under,3.5,-150,2026-02-11,2026-02-10T22:47:39Z,2026-02-10 14:47:44
Bovada,player_rebounds,Dorian Finney-Smith,Over,2.5,-105,2026-02-11,2026-02-10T22:47:39Z,2026-02-10 14:47:44
Bovada,player_rebounds,Dorian Finney-Smith,Under,2.5,-125,2026-02-11,2026-02-10T22:47:39Z,2026-02-10 14:47:44
Bovada,player_rebounds,Jabari Smith Jr,Over,5.5,-200,2026-02-11,2026-02-10T22:47:39Z,2026-02-10 14:47:44
Bovada,player_rebounds,Jabari Smith Jr,Under,5.5,150,2026-02-11,2026-02-10T22:47:39Z,2026-02-10 14:47:44
Bovada,player_rebounds,Jabari Smith Jr,Over,6.5,-110,2026-02-11,2026-02-10T22:47:39Z,2026-02-10 14:47:44
Bovada,player_rebounds,Jabari Smith Jr,Under,6.5,-120,2026-02-11,2026-02-10T22:47:39Z,2026-02-10 14:47:44
Bovada,player_rebounds,Jabari Smith Jr,Over,7.5,155,2026-02-11,2026-02-10T22:47:39Z,2026-02-10 14:47:44
Bovada,player_rebounds,Jabari Smith Jr,Under,7.5,-210,2026-02-11,2026-02-10T22:47:39Z,2026-02-10 14:47:44
Bovada,player_rebounds,John Collins,Over,4.5,-215,2026-02-11,2026-02-10T22:47:39Z,2026-02-10 14:47:44
Bovada,player_rebounds,John Collins,Under,4.5,160,2026-02-11,2026-02-10T22:47:39Z,2026-02-10 14:47:44
Bovada,player_rebounds,John Collins,Over,5.5,-110,2026-02-11,2026-02-10T22:47:39Z,2026-02-10 14:47:44
Bovada,player_rebounds,John Collins,Under,5.5,-120,2026-02-11,2026-02-10T22:47:39Z,2026-02-10 14:47:44
Bovada,player_rebounds,John Collins,Over,6.5,165,2026-02-11,2026-02-10T22:47:39Z,2026-02-10 14:47:44
Bovada,player_rebounds,John Collins,Under,6.5,-220,2026-02-11,2026-02-10T22:47:39Z,2026-02-10 14:47:44
Bovada,player_rebounds,Kawhi Leonard,Over,5.5,-180,2026-02-11,2026-02-10T22:47:39Z,2026-02-10 14:47:44
Bovada,player_rebounds,Kawhi Leonard,Under,5.5,135,2026-02-11,2026-02-10T22:47:39Z,2026-02-10 14:47:44
Bovada,player_rebounds,Kawhi Leonard,Over,6.5,100,2026-02-11,2026-02-10T22:47:39Z,2026-02-10 14:47:44
Bovada,player_rebounds,Kawhi Leonard,Under,6.5,-130,2026-02-11,2026-02-10T22:47:39Z,2026-02-10 14:47:44
Bovada,player_rebounds,Kawhi Leonard,Over,7.5,170,2026-02-11,2026-02-10T22:47:39Z,2026-02-10 14:47:44
Bovada,player_rebounds,Kawhi Leonard,Under,7.5,-230,2026-02-11,2026-02-10T22:47:39Z,2026-02-10 14:47:44
Bovada,player_rebounds,Kevin Durant,Over,4.5,-160,2026-02-11,2026-02-10T22:47:39Z,2026-02-10 14:47:44
Bovada,player_rebounds,Kevin Durant,Under,4.5,120,2026-02-11,2026-02-10T22:47:39Z,2026-02-10 14:47:44
Bovada,player_rebounds,Kevin Durant,Over,5.5,120,2026-02-11,2026-02-10T22:47:39Z,2026-02-10 14:47:44
Bovada,player_rebounds,Kevin Durant,Under,5.5,-160,2026-02-11,2026-02-10T22:47:39Z,2026-02-10 14:47:44
Bovada,player_rebounds,Kris Dunn,Over,2.5,-135,2026-02-11,2026-02-10T22:47:39Z,2026-02-10 14:47:44
Bovada,player_rebounds,Kris Dunn,Under,2.5,105,2026-02-11,2026-02-10T22:47:39Z,2026-02-10 14:47:44
Bovada,player_rebounds,Kris Dunn,Over,3.5,165,2026-02-11,2026-02-10T22:47:39Z,2026-02-10 14:47:44
Bovada,player_rebounds,Kris Dunn,Under,3.5,-220,2026-02-11,2026-02-10T22:47:39Z,2026-02-10 14:47:44
Bovada,player_rebounds,Tari Eason,Over,5.5,-230,2026-02-11,2026-02-10T22:47:39Z,2026-02-10 14:47:44
Bovada,player_rebounds,Tari Eason,Under,5.5,170,2026-02-11,2026-02-10T22:47:39Z,2026-02-10 14:47:44
Bovada,player_rebounds,Tari Eason,Over,6.5,-125,2026-02-11,2026-02-10T22:47:39Z,2026-02-10 14:47:44
Bovada,player_rebounds,Tari Eason,Under,6.5,-105,2026-02-11,2026-02-10T22:47:39Z,2026-02-10 14:47:44
Bovada,player_rebounds,Tari Eason,Over,7.5,140,2026-02-11,2026-02-10T22:47:39Z,2026-02-10 14:47:44
Bovada,player_rebounds,Tari Eason,Under,7.5,-185,2026-02-11,2026-02-10T22:47:39Z,2026-02-10 14:47:44
Bovada,player_rebounds,Caleb Martin,Over,2.5,-220,2026-02-11,2026-02-10T22:47:20Z,2026-02-10 14:47:44
Bovada,player_rebounds,Caleb Martin,Under,2.5,165,2026-02-11,2026-02-10T22:47:20Z,2026-02-10 14:47:44
Bovada,player_rebounds,Caleb Martin,Over,3.5,105,2026-02-11,2026-02-10T22:47:20Z,2026-02-10 14:47:44
Bovada,player_rebounds,Caleb Martin,Under,3.5,-135,2026-02-11,2026-02-10T22:47:20Z,2026-02-10 14:47:44
Bovada,player_rebounds,Caleb Martin,Over,4.5,215,2026-02-11,2026-02-10T22:47:20Z,2026-02-10 14:47:44
Bovada,player_rebounds,Caleb Martin,Under,4.5,-300,2026-02-11,2026-02-10T22:47:20Z,2026-02-10 14:47:44
Bovada,player_rebounds,Collin Gillespie,Over,3.5,-150,2026-02-11,2026-02-10T22:47:20Z,2026-02-10 14:47:44
Bovada,player_rebounds,Collin Gillespie,Under,3.5,115,2026-02-11,2026-02-10T22:47:20Z,2026-02-10 14:47:44
Bovada,player_rebounds,Collin Gillespie,Over,4.5,135,2026-02-11,2026-02-10T22:47:20Z,2026-02-10 14:47:44
Bovada,player_rebounds,Collin Gillespie,Under,4.5,-180,2026-02-11,2026-02-10T22:47:20Z,2026-02-10 14:47:44
Bovada,player_rebounds,Cooper Flagg,Over,5.5,-300,2026-02-11,2026-02-10T22:47:20Z,2026-02-10 14:47:44
Bovada,player_rebounds,Cooper Flagg,Under,5.5,215,2026-02-11,2026-02-10T22:47:20Z,2026-02-10 14:47:44
Bovada,player_rebounds,Cooper Flagg,Over,6.5,-160,2026-02-11,2026-02-10T22:47:20Z,2026-02-10 14:47:44
Bovada,player_rebounds,Cooper Flagg,Under,6.5,120,2026-02-11,2026-02-10T22:47:20Z,2026-02-10 14:47:44
Bovada,player_rebounds,Cooper Flagg,Over,7.5,110,2026-02-11,2026-02-10T22:47:20Z,2026-02-10 14:47:44
Bovada,player_rebounds,Cooper Flagg,Under,7.5,-145,2026-02-11,2026-02-10T22:47:20Z,2026-02-10 14:47:44
Bovada,player_rebounds,Cooper Flagg,Over,8.5,185,2026-02-11,2026-02-10T22:47:20Z,2026-02-10 14:47:44
Bovada,player_rebounds,Cooper Flagg,Under,8.5,-250,2026-02-11,2026-02-10T22:47:20Z,2026-02-10 14:47:44
Bovada,player_rebounds,Daniel Gafford,Over,5.5,-300,2026-02-11,2026-02-10T22:47:20Z,2026-02-10 14:47:44
Bovada,player_rebounds,Daniel Gafford,Under,5.5,215,2026-02-11,2026-02-10T22:47:20Z,2026-02-10 14:47:44
Bovada,player_rebounds,Daniel Gafford,Over,6.5,-160,2026-02-11,2026-02-10T22:47:20Z,2026-02-10 14:47:44
Bovada,player_rebounds,Daniel Gafford,Under,6.5,120,2026-02-11,2026-02-10T22:47:20Z,2026-02-10 14:47:44
Bovada,player_rebounds,Daniel Gafford,Over,7.5,110,2026-02-11,2026-02-10T22:47:20Z,2026-02-10 14:47:44
Bovada,player_rebounds,Daniel Gafford,Under,7.5,-145,2026-02-11,2026-02-10T22:47:20Z,2026-02-10 14:47:44
Bovada,player_rebounds,Daniel Gafford,Over,8.5,185,2026-02-11,2026-02-10T22:47:20Z,2026-02-10 14:47:44
Bovada,player_rebounds,Daniel Gafford,Under,8.5,-250,2026-02-11,2026-02-10T22:47:20Z,2026-02-10 14:47:44
Bovada,player_rebounds,Devin Booker,Over,3.5,-125,2026-02-11,2026-02-10T22:47:20Z,2026-02-10 14:47:44
Bovada,player_rebounds,Devin Booker,Under,3.5,-105,2026-02-11,2026-02-10T22:47:20Z,2026-02-10 14:47:44
Bovada,player_rebounds,Devin Booker,Over,4.5,165,2026-02-11,2026-02-10T22:47:20Z,2026-02-10 14:47:44
Bovada,player_rebounds,Devin Booker,Under,4.5,-220,2026-02-11,2026-02-10T22:47:20Z,2026-02-10 14:47:44
Bovada,player_rebounds,Dillon Brooks,Over,3.5,-125,2026-02-11,2026-02-10T22:47:20Z,2026-02-10 14:47:44
Bovada,player_rebounds,Dillon Brooks,Under,3.5,-105,2026-02-11,2026-02-10T22:47:20Z,2026-02-10 14:47:44
Bovada,player_rebounds,Dillon Brooks,Over,4.5,165,2026-02-11,2026-02-10T22:47:20Z,2026-02-10 14:47:44
Bovada,player_rebounds,Dillon Brooks,Under,4.5,-220,2026-02-11,2026-02-10T22:47:20Z,2026-02-10 14:47:44
Bovada,player_rebounds,Jordan Goodwin,Over,4.5,-135,2026-02-11,2026-02-10T22:47:20Z,2026-02-10 14:47:44
Bovada,player_rebounds,Jordan Goodwin,Under,4.5,105,2026-02-11,2026-02-10T22:47:20Z,2026-02-10 14:47:44
Bovada,player_rebounds,Jordan Goodwin,Over,5.5,140,2026-02-11,2026-02-10T22:47:20Z,2026-02-10 14:47:44
Bovada,player_rebounds,Jordan Goodwin,Under,5.5,-185,2026-02-11,2026-02-10T22:47:20Z,2026-02-10 14:47:44
Bovada,player_rebounds,Mark Williams,Over,7.5,-220,2026-02-11,2026-02-10T22:47:20Z,2026-02-10 14:47:44
Bovada,player_rebounds,Mark Williams,Under,7.5,165,2026-02-11,2026-02-10T22:47:20Z,2026-02-10 14:47:44
Bovada,player_rebounds,Mark Williams,Over,8.5,-130,2026-02-11,2026-02-10T22:47:20Z,2026-02-10 14:47:44
Bovada,player_rebounds,Mark Williams,Under,8.5,100,2026-02-11,2026-02-10T22:47:20Z,2026-02-10 14:47:44
Bovada,player_rebounds,Mark Williams,Over,9.5,125,2026-02-11,2026-02-10T22:47:20Z,2026-02-10 14:47:44
Bovada,player_rebounds,Mark Williams,Under,9.5,-165,2026-02-11,2026-02-10T22:47:20Z,2026-02-10 14:47:44
Bovada,player_rebounds,Mark Williams,Over,10.5,200,2026-02-11,2026-02-10T22:47:20Z,2026-02-10 14:47:44
Bovada,player_rebounds,Mark Williams,Under,10.5,-275,2026-02-11,2026-02-10T22:47:20Z,2026-02-10 14:47:44
Bovada,player_rebounds,Max Christie,Over,2.5,-220,2026-02-11,2026-02-10T22:47:20Z,2026-02-10 14:47:44
Bovada,player_rebounds,Max Christie,Under,2.5,165,2026-02-11,2026-02-10T22:47:20Z,2026-02-10 14:47:44
Bovada,player_rebounds,Max Christie,Over,3.5,105,2026-02-11,2026-02-10T22:47:20Z,2026-02-10 14:47:44
Bovada,player_rebounds,Max Christie,Under,3.5,-135,2026-02-11,2026-02-10T22:47:20Z,2026-02-10 14:47:44
Bovada,player_rebounds,Max Christie,Over,4.5,215,2026-02-11,2026-02-10T22:47:20Z,2026-02-10 14:47:44
Bovada,player_rebounds,Max Christie,Under,4.5,-300,2026-02-11,2026-02-10T22:47:20Z,2026-02-10 14:47:44
Bovada,player_rebounds,Naji Marshall,Over,4.5,-160,2026-02-11,2026-02-10T22:47:20Z,2026-02-10 14:47:44
Bovada,player_rebounds,Naji Marshall,Under,4.5,120,2026-02-11,2026-02-10T22:47:20Z,2026-02-10 14:47:44
Bovada,player_rebounds,Naji Marshall,Over,5.5,120,2026-02-11,2026-02-10T22:47:20Z,2026-02-10 14:47:44
Bovada,player_rebounds,Naji Marshall,Under,5.5,-160,2026-02-11,2026-02-10T22:47:20Z,2026-02-10 14:47:44
Bovada,player_rebounds,Oso Ighodaro,Over,3.5,-240,2026-02-11,2026-02-10T22:47:20Z,2026-02-10 14:47:44
Bovada,player_rebounds,Oso Ighodaro,Under,3.5,175,2026-02-11,2026-02-10T22:47:20Z,2026-02-10 14:47:44
Bovada,player_rebounds,Oso Ighodaro,Over,4.5,-115,2026-02-11,2026-02-10T22:47:20Z,2026-02-10 14:47:44
Bovada,player_rebounds,Oso Ighodaro,Under,4.5,-115,2026-02-11,2026-02-10T22:47:20Z,2026-02-10 14:47:44
Bovada,player_rebounds,Oso Ighodaro,Over,5.5,165,2026-02-11,2026-02-10T22:47:20Z,2026-02-10 14:47:44
Bovada,player_rebounds,Oso Ighodaro,Under,5.5,-220,2026-02-11,2026-02-10T22:47:20Z,2026-02-10 14:47:44
Bovada,player_rebounds,P.J. Washington,Over,4.5,-260,2026-02-11,2026-02-10T22:47:20Z,2026-02-10 14:47:44
Bovada,player_rebounds,P.J. Washington,Under,4.5,190,2026-02-11,2026-02-10T22:47:20Z,2026-02-10 14:47:44
Bovada,player_rebounds,P.J. Washington,Over,5.5,-130,2026-02-11,2026-02-10T22:47:20Z,2026-02-10 14:47:44
Bovada,player_rebounds,P.J. Washington,Under,5.5,100,2026-02-11,2026-02-10T22:47:20Z,2026-02-10 14:47:44
Bovada,player_rebounds,P.J. Washington,Over,6.5,135,2026-02-11,2026-02-10T22:47:20Z,2026-02-10 14:47:44
Bovada,player_rebounds,P.J. Washington,Under,6.5,-180,2026-02-11,2026-02-10T22:47:20Z,2026-02-10 14:47:44
Bovada,player_rebounds,Royce O'Neale,Over,3.5,-300,2026-02-11,2026-02-10T22:47:20Z,2026-02-10 14:47:44
Bovada,player_rebounds,Royce O'Neale,Under,3.5,215,2026-02-11,2026-02-10T22:47:20Z,2026-02-10 14:47:44
Bovada,player_rebounds,Royce O'Neale,Over,4.5,-135,2026-02-11,2026-02-10T22:47:20Z,2026-02-10 14:47:44
Bovada,player_rebounds,Royce O'Neale,Under,4.5,105,2026-02-11,2026-02-10T22:47:20Z,2026-02-10 14:47:44
Bovada,player_rebounds,Royce O'Neale,Over,5.5,140,2026-02-11,2026-02-10T22:47:20Z,2026-02-10 14:47:44
Bovada,player_rebounds,Royce O'Neale,Under,5.5,-185,2026-02-11,2026-02-10T22:47:20Z,2026-02-10 14:47:44
Bovada,player_rebounds,Brandon Williams,Over,2.5,-120,2026-02-11,2026-02-10T22:47:20Z,2026-02-10 14:47:44
Bovada,player_rebounds,Brandon Williams,Under,2.5,-110,2026-02-11,2026-02-10T22:47:20Z,2026-02-10 14:47:44
Bovada,player_rebounds,Brandon Williams,Over,3.5,190,2026-02-11,2026-02-10T22:47:20Z,2026-02-10 14:47:44
Bovada,player_rebounds,Brandon Williams,Under,3.5,-260,2026-02-11,2026-02-10T22:47:20Z,2026-02-10 14:47:44
Bovada,player_rebounds,De'Aaron Fox,Over,2.5,-245,2026-02-11,2026-02-10T22:47:38Z,2026-02-10 14:47:44
Bovada,player_rebounds,De'Aaron Fox,Under,2.5,180,2026-02-11,2026-02-10T22:47:38Z,2026-02-10 14:47:44
Bovada,player_rebounds,De'Aaron Fox,Over,3.5,-105,2026-02-11,2026-02-10T22:47:38Z,2026-02-10 14:47:44
Bovada,player_rebounds,De'Aaron Fox,Under,3.5,-125,2026-02-11,2026-02-10T22:47:38Z,2026-02-10 14:47:44
Bovada,player_rebounds,De'Aaron Fox,Over,4.5,200,2026-02-11,2026-02-10T22:47:38Z,2026-02-10 14:47:44
Bovada,player_rebounds,De'Aaron Fox,Under,4.5,-275,2026-02-11,2026-02-10T22:47:38Z,2026-02-10 14:47:44
Bovada,player_rebounds,Devin Vassell,Over,2.5,-230,2026-02-11,2026-02-10T22:47:38Z,2026-02-10 14:47:44
Bovada,player_rebounds,Devin Vassell,Under,2.5,170,2026-02-11,2026-02-10T22:47:38Z,2026-02-10 14:47:44
Bovada,player_rebounds,Devin Vassell,Over,3.5,100,2026-02-11,2026-02-10T22:47:38Z,2026-02-10 14:47:44
Bovada,player_rebounds,Devin Vassell,Under,3.5,-130,2026-02-11,2026-02-10T22:47:38Z,2026-02-10 14:47:44
Bovada,player_rebounds,Devin Vassell,Over,4.5,205,2026-02-11,2026-02-10T22:47:38Z,2026-02-10 14:47:44
Bovada,player_rebounds,Devin Vassell,Under,4.5,-280,2026-02-11,2026-02-10T22:47:38Z,2026-02-10 14:47:44
Bovada,player_rebounds,Dylan Harper,Over,2.5,-200,2026-02-11,2026-02-10T22:47:38Z,2026-02-10 14:47:44
Bovada,player_rebounds,Dylan Harper,Under,2.5,150,2026-02-11,2026-02-10T22:47:38Z,2026-02-10 14:47:44
Bovada,player_rebounds,Dylan Harper,Over,3.5,115,2026-02-11,2026-02-10T22:47:38Z,2026-02-10 14:47:44
Bovada,player_rebounds,Dylan Harper,Under,3.5,-150,2026-02-11,2026-02-10T22:47:38Z,2026-02-10 14:47:44
Bovada,player_rebounds,Harrison Barnes,Over,2.5,-110,2026-02-11,2026-02-10T22:47:38Z,2026-02-10 14:47:44
Bovada,player_rebounds,Harrison Barnes,Under,2.5,-120,2026-02-11,2026-02-10T22:47:38Z,2026-02-10 14:47:44
Bovada,player_rebounds,Harrison Barnes,Over,3.5,200,2026-02-11,2026-02-10T22:47:38Z,2026-02-10 14:47:44
Bovada,player_rebounds,Harrison Barnes,Under,3.5,-275,2026-02-11,2026-02-10T22:47:38Z,2026-02-10 14:47:44
Bovada,player_rebounds,Julian Champagnie,Over,4.5,-145,2026-02-11,2026-02-10T22:47:38Z,2026-02-10 14:47:44
Bovada,player_rebounds,Julian Champagnie,Under,4.5,110,2026-02-11,2026-02-10T22:47:38Z,2026-02-10 14:47:44
Bovada,player_rebounds,Julian Champagnie,Over,5.5,130,2026-02-11,2026-02-10T22:47:38Z,2026-02-10 14:47:44
Bovada,player_rebounds,Julian Champagnie,Under,5.5,-170,2026-02-11,2026-02-10T22:47:38Z,2026-02-10 14:47:44
Bovada,player_rebounds,Keldon Johnson,Over,3.5,-180,2026-02-11,2026-02-10T22:47:38Z,2026-02-10 14:47:44
Bovada,player_rebounds,Keldon Johnson,Under,3.5,135,2026-02-11,2026-02-10T22:47:38Z,2026-02-10 14:47:44
Bovada,player_rebounds,Keldon Johnson,Over,4.5,115,2026-02-11,2026-02-10T22:47:38Z,2026-02-10 14:47:44
Bovada,player_rebounds,Keldon Johnson,Under,4.5,-150,2026-02-11,2026-02-10T22:47:38Z,2026-02-10 14:47:44
Bovada,player_rebounds,Stephon Castle,Over,4.5,-165,2026-02-11,2026-02-10T22:47:38Z,2026-02-10 14:47:44
Bovada,player_rebounds,Stephon Castle,Under,4.5,125,2026-02-11,2026-02-10T22:47:38Z,2026-02-10 14:47:44
Bovada,player_rebounds,Stephon Castle,Over,5.5,115,2026-02-11,2026-02-10T22:47:38Z,2026-02-10 14:47:44
Bovada,player_rebounds,Stephon Castle,Under,5.5,-150,2026-02-11,2026-02-10T22:47:38Z,2026-02-10 14:47:44
Bovada,player_rebounds,Stephon Castle,Over,6.5,205,2026-02-11,2026-02-10T22:47:38Z,2026-02-10 14:47:44
Bovada,player_rebounds,Stephon Castle,Under,6.5,-280,2026-02-11,2026-02-10T22:47:38Z,2026-02-10 14:47:44
Bovada,player_rebounds,Victor Wembanyama,Over,9.5,-220,2026-02-11,2026-02-10T22:47:38Z,2026-02-10 14:47:44
Bovada,player_rebounds,Victor Wembanyama,Under,9.5,165,2026-02-11,2026-02-10T22:47:38Z,2026-02-10 14:47:44
Bovada,player_rebounds,Victor Wembanyama,Over,10.5,-145,2026-02-11,2026-02-10T22:47:38Z,2026-02-10 14:47:44
Bovada,player_rebounds,Victor Wembanyama,Under,10.5,110,2026-02-11,2026-02-10T22:47:38Z,2026-02-10 14:47:44
Bovada,player_rebounds,Victor Wembanyama,Over,11.5,115,2026-02-11,2026-02-10T22:47:38Z,2026-02-10 14:47:44
Bovada,player_rebounds,Victor Wembanyama,Under,11.5,-150,2026-02-11,2026-02-10T22:47:38Z,2026-02-10 14:47:44
Bovada,player_rebounds,Victor Wembanyama,Over,12.5,170,2026-02-11,2026-02-10T22:47:38Z,2026-02-10 14:47:44
Bovada,player_rebounds,Victor Wembanyama,Under,12.5,-230,2026-02-11,2026-02-10T22:47:38Z,2026-02-10 14:47:44
FanDuel,player_assists,Mikal Bridges,Over,3.5,102,2026-02-11,2026-02-10T22:46:47Z,2026-02-10 14:47:44
FanDuel,player_assists,Mikal Bridges,Under,3.5,-130,2026-02-11,2026-02-10T22:46:47Z,2026-02-10 14:47:44
FanDuel,player_assists,Andrew Nembhard,Over,6.5,-120,2026-02-11,2026-02-10T22:46:47Z,2026-02-10 14:47:44
FanDuel,player_assists,Andrew Nembhard,Under,6.5,-106,2026-02-11,2026-02-10T22:46:47Z,2026-02-10 14:47:44
FanDuel,player_assists,Pascal Siakam,Over,3.5,-102,2026-02-11,2026-02-10T22:46:47Z,2026-02-10 14:47:44
FanDuel,player_assists,Pascal Siakam,Under,3.5,-125,2026-02-11,2026-02-10T22:46:47Z,2026-02-10 14:47:44
FanDuel,player_assists,Jalen Brunson,Over,5.5,-148,2026-02-11,2026-02-10T22:46:47Z,2026-02-10 14:47:44
FanDuel,player_assists,Jalen Brunson,Under,5.5,116,2026-02-11,2026-02-10T22:46:47Z,2026-02-10 14:47:44
FanDuel,player_assists,Josh Hart,Over,4.5,-130,2026-02-11,2026-02-10T22:46:47Z,2026-02-10 14:47:44
FanDuel,player_assists,Josh Hart,Under,4.5,102,2026-02-11,2026-02-10T22:46:47Z,2026-02-10 14:47:44
FanDuel,player_assists,Karl-Anthony Towns,Over,2.5,112,2026-02-11,2026-02-10T22:46:47Z,2026-02-10 14:47:44
FanDuel,player_assists,Karl-Anthony Towns,Under,2.5,-142,2026-02-11,2026-02-10T22:46:47Z,2026-02-10 14:47:44
FanDuel,player_assists,Brook Lopez,Over,1.5,-128,2026-02-11,2026-02-10T22:47:01Z,2026-02-10 14:47:44
FanDuel,player_assists,Brook Lopez,Under,1.5,100,2026-02-11,2026-02-10T22:47:01Z,2026-02-10 14:47:44
FanDuel,player_assists,Amen Thompson,Over,5.5,100,2026-02-11,2026-02-10T22:47:01Z,2026-02-10 14:47:44
FanDuel,player_assists,Amen Thompson,Under,5.5,-128,2026-02-11,2026-02-10T22:47:01Z,2026-02-10 14:47:44
FanDuel,player_assists,Kris Dunn,Over,4.5,110,2026-02-11,2026-02-10T22:47:01Z,2026-02-10 14:47:44
FanDuel,player_assists,Kris Dunn,Under,4.5,-140,2026-02-11,2026-02-10T22:47:01Z,2026-02-10 14:47:44
FanDuel,player_assists,Alperen Sengun,Over,6.5,120,2026-02-11,2026-02-10T22:47:01Z,2026-02-10 14:47:44
FanDuel,player_assists,Alperen Sengun,Under,6.5,-154,2026-02-11,2026-02-10T22:47:01Z,2026-02-10 14:47:44
FanDuel,player_assists,Kevin Durant,Over,4.5,114,2026-02-11,2026-02-10T22:47:01Z,2026-02-10 14:47:44
FanDuel,player_assists,Kevin Durant,Under,4.5,-146,2026-02-11,2026-02-10T22:47:01Z,2026-02-10 14:47:44
FanDuel,player_assists,Kawhi Leonard,Over,4.5,-113,2026-02-11,2026-02-10T22:47:01Z,2026-02-10 14:47:44
FanDuel,player_assists,Kawhi Leonard,Under,4.5,-113,2026-02-11,2026-02-10T22:47:01Z,2026-02-10 14:47:44
FanDuel,player_assists,Brandon Williams,Over,3.5,118,2026-02-11,2026-02-10T22:47:39Z,2026-02-10 14:47:44
FanDuel,player_assists,Brandon Williams,Under,3.5,-150,2026-02-11,2026-02-10T22:47:39Z,2026-02-10 14:47:44
FanDuel,player_assists,Naji Marshall,Over,3.5,130,2026-02-11,2026-02-10T22:47:39Z,2026-02-10 14:47:44
FanDuel,player_assists,Naji Marshall,Under,3.5,-166,2026-02-11,2026-02-10T22:47:39Z,2026-02-10 14:47:44
FanDuel,player_assists,Caleb Martin,Over,2.5,132,2026-02-11,2026-02-10T22:47:39Z,2026-02-10 14:47:44
FanDuel,player_assists,Caleb Martin,Under,2.5,-170,2026-02-11,2026-02-10T22:47:39Z,2026-02-10 14:47:44
FanDuel,player_assists,Cooper Flagg,Over,4.5,-128,2026-02-11,2026-02-10T22:47:39Z,2026-02-10 14:47:44
FanDuel,player_assists,Cooper Flagg,Under,4.5,100,2026-02-11,2026-02-10T22:47:39Z,2026-02-10 14:47:44
FanDuel,player_assists,Devin Booker,Over,6.5,110,2026-02-11,2026-02-10T22:47:39Z,2026-02-10 14:47:44
FanDuel,player_assists,Devin Booker,Under,6.5,-140,2026-02-11,2026-02-10T22:47:39Z,2026-02-10 14:47:44
FanDuel,player_assists,Jordan Goodwin,Over,2.5,112,2026-02-11,2026-02-10T22:47:39Z,2026-02-10 14:47:44
FanDuel,player_assists,Jordan Goodwin,Under,2.5,-142,2026-02-11,2026-02-10T22:47:39Z,2026-02-10 14:47:44
FanDuel,player_assists,Max Christie,Over,2.5,132,2026-02-11,2026-02-10T22:47:39Z,2026-02-10 14:47:44
FanDuel,player_assists,Max Christie,Under,2.5,-170,2026-02-11,2026-02-10T22:47:39Z,2026-02-10 14:47:44
FanDuel,player_assists,Collin Gillespie,Over,4.5,-136,2026-02-11,2026-02-10T22:47:39Z,2026-02-10 14:47:44
FanDuel,player_assists,Collin Gillespie,Under,4.5,106,2026-02-11,2026-02-10T22:47:39Z,2026-02-10 14:47:44
FanDuel,player_assists,Royce O'Neale,Over,2.5,-142,2026-02-11,2026-02-10T22:47:39Z,2026-02-10 14:47:44
FanDuel,player_assists,Royce O'Neale,Under,2.5,112,2026-02-11,2026-02-10T22:47:39Z,2026-02-10 14:47:44
FanDuel,player_assists,Dylan Harper,Over,3.5,-108,2026-02-11,2026-02-10T22:47:19Z,2026-02-10 14:47:44
FanDuel,player_assists,Dylan Harper,Under,3.5,-122,2026-02-11,2026-02-10T22:47:19Z,2026-02-10 14:47:44
FanDuel,player_assists,De'Aaron Fox,Over,5.5,-144,2026-02-11,2026-02-10T22:47:19Z,2026-02-10 14:47:44
FanDuel,player_assists,De'Aaron Fox,Under,5.5,108,2026-02-11,2026-02-10T22:47:19Z,2026-02-10 14:47:44
FanDuel,player_assists,Jake LaRavia,Over,3.5,104,2026-02-11,2026-02-10T22:47:19Z,2026-02-10 14:47:44
FanDuel,player_assists,Jake LaRavia,Under,3.5,-138,2026-02-11,2026-02-10T22:47:19Z,2026-02-10 14:47:44
FanDuel,player_assists,Victor Wembanyama,Over,2.5,-146,2026-02-11,2026-02-10T22:47:19Z,2026-02-10 14:47:44
FanDuel,player_assists,Victor Wembanyama,Under,2.5,110,2026-02-11,2026-02-10T22:47:19Z,2026-02-10 14:47:44
FanDuel,player_assists,Stephon Castle,Over,6.5,-140,2026-02-11,2026-02-10T22:47:19Z,2026-02-10 14:47:44
FanDuel,player_assists,Stephon Castle,Under,6.5,106,2026-02-11,2026-02-10T22:47:19Z,2026-02-10 14:47:44
FanDuel,player_assists,Ryan Rollins,Over,5.5,-106,2026-02-12,2026-02-10T22:46:58Z,2026-02-10 14:47:44
FanDuel,player_assists,Ryan Rollins,Under,5.5,-125,2026-02-12,2026-02-10T22:46:58Z,2026-02-10 14:47:44
FanDuel,player_assists,Anthony Black,Over,4.5,122,2026-02-12,2026-02-10T22:46:58Z,2026-02-10 14:47:44
FanDuel,player_assists,Anthony Black,Under,4.5,-162,2026-02-12,2026-02-10T22:46:58Z,2026-02-10 14:47:44
FanDuel,player_assists,Franz Wagner,Over,2.5,-182,2026-02-12,2026-02-10T22:46:58Z,2026-02-10 14:47:44
FanDuel,player_assists,Franz Wagner,Under,2.5,136,2026-02-12,2026-02-10T22:46:58Z,2026-02-10 14:47:44
FanDuel,player_assists,Desmond Bane,Over,3.5,-128,2026-02-12,2026-02-10T22:46:58Z,2026-02-10 14:47:44
FanDuel,player_assists,Desmond Bane,Under,3.5,-104,2026-02-12,2026-02-10T22:46:58Z,2026-02-10 14:47:44
FanDuel,player_assists,Myles Turner,Over,1.5,-130,2026-02-12,2026-02-10T22:46:58Z,2026-02-10 14:47:44
FanDuel,player_assists,Myles Turner,Under,1.5,-102,2026-02-12,2026-02-10T22:46:58Z,2026-02-10 14:47:44
FanDuel,player_assists,Jalen Suggs,Over,5.5,-114,2026-02-12,2026-02-10T22:46:58Z,2026-02-10 14:47:44
FanDuel,player_assists,Jalen Suggs,Under,5.5,-114,2026-02-12,2026-02-10T22:46:58Z,2026-02-10 14:47:44
FanDuel,player_assists,Paolo Banchero,Over,4.5,102,2026-02-12,2026-02-10T22:46:58Z,2026-02-10 14:47:44
FanDuel,player_assists,Paolo Banchero,Under,4.5,-136,2026-02-12,2026-02-10T22:46:58Z,2026-02-10 14:47:44
FanDuel,player_assists,Kyle Kuzma,Over,2.5,116,2026-02-12,2026-02-10T22:46:58Z,2026-02-10 14:47:44
FanDuel,player_assists,Kyle Kuzma,Under,2.5,-154,2026-02-12,2026-02-10T22:46:58Z,2026-02-10 14:47:44
FanDuel,player_assists,Kevin Porter Jr.,Over,6.5,-136,2026-02-12,2026-02-10T22:46:58Z,2026-02-10 14:47:44
FanDuel,player_assists,Kevin Porter Jr.,Under,6.5,102,2026-02-12,2026-02-10T22:46:58Z,2026-02-10 14:47:44
FanDuel,player_assists,Isaiah Hartenstein,Over,4.5,128,2026-02-12,2026-02-10T22:48:18Z,2026-02-10 14:47:44
FanDuel,player_assists,Isaiah Hartenstein,Under,4.5,-172,2026-02-12,2026-02-10T22:48:18Z,2026-02-10 14:47:44
FanDuel,player_assists,Chet Holmgren,Over,2.5,158,2026-02-12,2026-02-10T22:48:18Z,2026-02-10 14:47:44
FanDuel,player_assists,Chet Holmgren,Under,2.5,-215,2026-02-12,2026-02-10T22:48:18Z,2026-02-10 14:47:44
FanDuel,player_assists,Jalen Williams,Over,5.5,100,2026-02-12,2026-02-10T22:48:18Z,2026-02-10 14:47:44
FanDuel,player_assists,Jalen Williams,Under,5.5,-132,2026-02-12,2026-02-10T22:48:18Z,2026-02-10 14:47:44
FanDuel,player_assists,Cason Wallace,Over,3.5,118,2026-02-12,2026-02-10T22:48:18Z,2026-02-10 14:47:44
FanDuel,player_assists,Cason Wallace,Under,3.5,-158,2026-02-12,2026-02-10T22:48:18Z,2026-02-10 14:47:44
DraftKings,player_assists,Andrew Nembhard,Over,6.5,-109,2026-02-11,2026-02-10T22:46:45Z,2026-02-10 14:47:44
DraftKings,player_assists,Andrew Nembhard,Under,6.5,-121,2026-02-11,2026-02-10T22:46:45Z,2026-02-10 14:47:44
DraftKings,player_assists,Jalen Brunson,Over,5.5,-135,2026-02-11,2026-02-10T22:46:45Z,2026-02-10 14:47:44
DraftKings,player_assists,Jalen Brunson,Under,5.5,102,2026-02-11,2026-02-10T22:46:45Z,2026-02-10 14:47:44
DraftKings,player_assists,Josh Hart,Over,4.5,-147,2026-02-11,2026-02-10T22:46:45Z,2026-02-10 14:47:44
DraftKings,player_assists,Josh Hart,Under,4.5,111,2026-02-11,2026-02-10T22:46:45Z,2026-02-10 14:47:44
DraftKings,player_assists,Pascal Siakam,Over,3.5,-112,2026-02-11,2026-02-10T22:46:45Z,2026-02-10 14:47:44
DraftKings,player_assists,Pascal Siakam,Under,3.5,-118,2026-02-11,2026-02-10T22:46:45Z,2026-02-10 14:47:44
DraftKings,player_assists,Mikal Bridges,Over,3.5,110,2026-02-11,2026-02-10T22:46:45Z,2026-02-10 14:47:44
DraftKings,player_assists,Mikal Bridges,Under,3.5,-145,2026-02-11,2026-02-10T22:46:45Z,2026-02-10 14:47:44
DraftKings,player_assists,Karl-Anthony Towns,Over,2.5,109,2026-02-11,2026-02-10T22:46:45Z,2026-02-10 14:47:44
DraftKings,player_assists,Karl-Anthony Towns,Under,2.5,-144,2026-02-11,2026-02-10T22:46:45Z,2026-02-10 14:47:44
DraftKings,player_assists,OG Anunoby,Over,2.5,111,2026-02-11,2026-02-10T22:46:45Z,2026-02-10 14:47:44
DraftKings,player_assists,OG Anunoby,Under,2.5,-147,2026-02-11,2026-02-10T22:46:45Z,2026-02-10 14:47:44
DraftKings,player_assists,Alperen Sengun,Over,6.5,108,2026-02-11,2026-02-10T22:47:10Z,2026-02-10 14:47:44
DraftKings,player_assists,Alperen Sengun,Under,6.5,-142,2026-02-11,2026-02-10T22:47:10Z,2026-02-10 14:47:44
DraftKings,player_assists,Amen Thompson,Over,5.5,102,2026-02-11,2026-02-10T22:47:10Z,2026-02-10 14:47:44
DraftKings,player_assists,Amen Thompson,Under,5.5,-134,2026-02-11,2026-02-10T22:47:10Z,2026-02-10 14:47:44
DraftKings,player_assists,Kawhi Leonard,Over,4.5,-119,2026-02-11,2026-02-10T22:47:10Z,2026-02-10 14:47:44
DraftKings,player_assists,Kawhi Leonard,Under,4.5,-111,2026-02-11,2026-02-10T22:47:10Z,2026-02-10 14:47:44
DraftKings,player_assists,Kris Dunn,Over,4.5,110,2026-02-11,2026-02-10T22:47:10Z,2026-02-10 14:47:44
DraftKings,player_assists,Kris Dunn,Under,4.5,-144,2026-02-11,2026-02-10T22:47:10Z,2026-02-10 14:47:44
DraftKings,player_assists,Kevin Durant,Over,4.5,113,2026-02-11,2026-02-10T22:47:10Z,2026-02-10 14:47:44
DraftKings,player_assists,Kevin Durant,Under,4.5,-148,2026-02-11,2026-02-10T22:47:10Z,2026-02-10 14:47:44
DraftKings,player_assists,Reed Sheppard,Over,2.5,106,2026-02-11,2026-02-10T22:47:10Z,2026-02-10 14:47:44
DraftKings,player_assists,Reed Sheppard,Under,2.5,-140,2026-02-11,2026-02-10T22:47:10Z,2026-02-10 14:47:44
DraftKings,player_assists,Devin Booker,Over,6.5,104,2026-02-11,2026-02-10T22:47:24Z,2026-02-10 14:47:44
DraftKings,player_assists,Devin Booker,Under,6.5,-136,2026-02-11,2026-02-10T22:47:24Z,2026-02-10 14:47:44
DraftKings,player_assists,Collin Gillespie,Over,4.5,-143,2026-02-11,2026-02-10T22:47:24Z,2026-02-10 14:47:44
DraftKings,player_assists,Collin Gillespie,Under,4.5,108,2026-02-11,2026-02-10T22:47:24Z,2026-02-10 14:47:44
DraftKings,player_assists,Cooper Flagg,Over,4.5,-128,2026-02-11,2026-02-10T22:47:24Z,2026-02-10 14:47:44
DraftKings,player_assists,Cooper Flagg,Under,4.5,-103,2026-02-11,2026-02-10T22:47:24Z,2026-02-10 14:47:44
DraftKings,player_assists,Naji Marshall,Over,3.5,113,2026-02-11,2026-02-10T22:47:24Z,2026-02-10 14:47:44
DraftKings,player_assists,Naji Marshall,Under,3.5,-148,2026-02-11,2026-02-10T22:47:24Z,2026-02-10 14:47:44
DraftKings,player_assists,Brandon Williams,Over,3.5,125,2026-02-11,2026-02-10T22:47:24Z,2026-02-10 14:47:44
DraftKings,player_assists,Brandon Williams,Under,3.5,-165,2026-02-11,2026-02-10T22:47:24Z,2026-02-10 14:47:44
DraftKings,player_assists,Royce O'Neale,Over,2.5,-156,2026-02-11,2026-02-10T22:47:24Z,2026-02-10 14:47:44
DraftKings,player_assists,Royce O'Neale,Under,2.5,118,2026-02-11,2026-02-10T22:47:24Z,2026-02-10 14:47:44
DraftKings,player_assists,Jordan Goodwin,Over,2.5,-103,2026-02-11,2026-02-10T22:47:24Z,2026-02-10 14:47:44
DraftKings,player_assists,Jordan Goodwin,Under,2.5,-128,2026-02-11,2026-02-10T22:47:24Z,2026-02-10 14:47:44
DraftKings,player_assists,Jalen Green,Over,2.5,132,2026-02-11,2026-02-10T22:47:24Z,2026-02-10 14:47:44
DraftKings,player_assists,Jalen Green,Under,2.5,-174,2026-02-11,2026-02-10T22:47:24Z,2026-02-10 14:47:44
DraftKings,player_assists,Max Christie,Over,2.5,134,2026-02-11,2026-02-10T22:47:24Z,2026-02-10 14:47:44
DraftKings,player_assists,Max Christie,Under,2.5,-178,2026-02-11,2026-02-10T22:47:24Z,2026-02-10 14:47:44
DraftKings,player_assists,Caleb Martin,Over,1.5,-168,2026-02-11,2026-02-10T22:47:24Z,2026-02-10 14:47:44
DraftKings,player_assists,Caleb Martin,Under,1.5,127,2026-02-11,2026-02-10T22:47:24Z,2026-02-10 14:47:44
DraftKings,player_assists,Dillon Brooks,Over,1.5,-163,2026-02-11,2026-02-10T22:47:24Z,2026-02-10 14:47:44
DraftKings,player_assists,Dillon Brooks,Under,1.5,123,2026-02-11,2026-02-10T22:47:24Z,2026-02-10 14:47:44
DraftKings,player_assists,Oso Ighodaro,Over,1.5,-155,2026-02-11,2026-02-10T22:47:24Z,2026-02-10 14:47:44
DraftKings,player_assists,Oso Ighodaro,Under,1.5,118,2026-02-11,2026-02-10T22:47:24Z,2026-02-10 14:47:44
DraftKings,player_assists,P.J. Washington,Over,1.5,-104,2026-02-11,2026-02-10T22:47:24Z,2026-02-10 14:47:44
DraftKings,player_assists,P.J. Washington,Under,1.5,-127,2026-02-11,2026-02-10T22:47:24Z,2026-02-10 14:47:44
DraftKings,player_assists,Stephon Castle,Over,7.5,113,2026-02-11,2026-02-10T22:47:41Z,2026-02-10 14:47:44
DraftKings,player_assists,Stephon Castle,Under,7.5,-149,2026-02-11,2026-02-10T22:47:41Z,2026-02-10 14:47:44
DraftKings,player_assists,De'Aaron Fox,Over,5.5,-153,2026-02-11,2026-02-10T22:47:41Z,2026-02-10 14:47:44
DraftKings,player_assists,De'Aaron Fox,Under,5.5,116,2026-02-11,2026-02-10T22:47:41Z,2026-02-10 14:47:44
DraftKings,player_assists,Jake LaRavia,Over,3.5,107,2026-02-11,2026-02-10T22:47:41Z,2026-02-10 14:47:44
DraftKings,player_assists,Jake LaRavia,Under,3.5,-141,2026-02-11,2026-02-10T22:47:41Z,2026-02-10 14:47:44
DraftKings,player_assists,Dylan Harper,Over,3.5,109,2026-02-11,2026-02-10T22:47:41Z,2026-02-10 14:47:44
DraftKings,player_assists,Dylan Harper,Under,3.5,-144,2026-02-11,2026-02-10T22:47:41Z,2026-02-10 14:47:44
DraftKings,player_assists,Victor Wembanyama,Over,2.5,-147,2026-02-11,2026-02-10T22:47:41Z,2026-02-10 14:47:44
DraftKings,player_assists,Victor Wembanyama,Under,2.5,112,2026-02-11,2026-02-10T22:47:41Z,2026-02-10 14:47:44
BetOnline.ag,player_assists,Jalen Brunson,Over,5.5,-139,2026-02-11,2026-02-10T22:46:54Z,2026-02-10 14:47:44
BetOnline.ag,player_assists,Jalen Brunson,Under,5.5,107,2026-02-11,2026-02-10T22:46:54Z,2026-02-10 14:47:44
BetOnline.ag,player_assists,Karl-Anthony Towns,Over,2.5,110,2026-02-11,2026-02-10T22:46:54Z,2026-02-10 14:47:44
BetOnline.ag,player_assists,Karl-Anthony Towns,Under,2.5,-143,2026-02-11,2026-02-10T22:46:54Z,2026-02-10 14:47:44
BetOnline.ag,player_assists,Pascal Siakam,Over,3.5,-109,2026-02-11,2026-02-10T22:46:54Z,2026-02-10 14:47:44
BetOnline.ag,player_assists,Pascal Siakam,Under,3.5,-119,2026-02-11,2026-02-10T22:46:54Z,2026-02-10 14:47:44
BetOnline.ag,player_assists,Mikal Bridges,Over,3.5,107,2026-02-11,2026-02-10T22:46:54Z,2026-02-10 14:47:44
BetOnline.ag,player_assists,Mikal Bridges,Under,3.5,-139,2026-02-11,2026-02-10T22:46:54Z,2026-02-10 14:47:44
BetOnline.ag,player_assists,Josh Hart,Over,4.5,-135,2026-02-11,2026-02-10T22:46:54Z,2026-02-10 14:47:44
BetOnline.ag,player_assists,Josh Hart,Under,4.5,105,2026-02-11,2026-02-10T22:46:54Z,2026-02-10 14:47:44
BetOnline.ag,player_assists,Andrew Nembhard,Over,6.5,-114,2026-02-11,2026-02-10T22:46:54Z,2026-02-10 14:47:44
BetOnline.ag,player_assists,Andrew Nembhard,Under,6.5,-114,2026-02-11,2026-02-10T22:46:54Z,2026-02-10 14:47:44
BetOnline.ag,player_assists,OG Anunoby,Over,2.5,110,2026-02-11,2026-02-10T22:46:54Z,2026-02-10 14:47:44
BetOnline.ag,player_assists,OG Anunoby,Under,2.5,-143,2026-02-11,2026-02-10T22:46:54Z,2026-02-10 14:47:44
BetOnline.ag,player_assists,Aaron Nesmith,Over,1.5,-175,2026-02-11,2026-02-10T22:46:54Z,2026-02-10 14:47:44
BetOnline.ag,player_assists,Aaron Nesmith,Under,1.5,135,2026-02-11,2026-02-10T22:46:54Z,2026-02-10 14:47:44
BetOnline.ag,player_assists,Alperen Sengun,Over,5.5,-156,2026-02-11,2026-02-10T22:47:08Z,2026-02-10 14:47:44
BetOnline.ag,player_assists,Alperen Sengun,Under,5.5,120,2026-02-11,2026-02-10T22:47:08Z,2026-02-10 14:47:44
BetOnline.ag,player_assists,Amen Thompson,Over,5.5,102,2026-02-11,2026-02-10T22:47:08Z,2026-02-10 14:47:44
BetOnline.ag,player_assists,Amen Thompson,Under,5.5,-132,2026-02-11,2026-02-10T22:47:08Z,2026-02-10 14:47:44
BetOnline.ag,player_assists,Reed Sheppard,Over,2.5,100,2026-02-11,2026-02-10T22:47:08Z,2026-02-10 14:47:44
BetOnline.ag,player_assists,Reed Sheppard,Under,2.5,-130,2026-02-11,2026-02-10T22:47:08Z,2026-02-10 14:47:44
BetOnline.ag,player_assists,Kris Dunn,Over,4.5,106,2026-02-11,2026-02-10T22:47:08Z,2026-02-10 14:47:44
BetOnline.ag,player_assists,Kris Dunn,Under,4.5,-137,2026-02-11,2026-02-10T22:47:08Z,2026-02-10 14:47:44
BetOnline.ag,player_assists,Kevin Durant,Over,4.5,125,2026-02-11,2026-02-10T22:47:08Z,2026-02-10 14:47:44
BetOnline.ag,player_assists,Kevin Durant,Under,4.5,-164,2026-02-11,2026-02-10T22:47:08Z,2026-02-10 14:47:44
BetOnline.ag,player_assists,Kawhi Leonard,Over,4.5,-116,2026-02-11,2026-02-10T22:47:08Z,2026-02-10 14:47:44
BetOnline.ag,player_assists,Kawhi Leonard,Under,4.5,-111,2026-02-11,2026-02-10T22:47:08Z,2026-02-10 14:47:44
BetOnline.ag,player_assists,Jordan Goodwin,Over,2.5,-102,2026-02-11,2026-02-10T22:46:51Z,2026-02-10 14:47:44
BetOnline.ag,player_assists,Jordan Goodwin,Under,2.5,-127,2026-02-11,2026-02-10T22:46:51Z,2026-02-10 14:47:44
BetOnline.ag,player_assists,Royce O'Neale,Over,2.5,-154,2026-02-11,2026-02-10T22:46:51Z,2026-02-10 14:47:44
BetOnline.ag,player_assists,Royce O'Neale,Under,2.5,119,2026-02-11,2026-02-10T22:46:51Z,2026-02-10 14:47:44
BetOnline.ag,player_assists,Naji Marshall,Over,3.5,118,2026-02-11,2026-02-10T22:46:51Z,2026-02-10 14:47:44
BetOnline.ag,player_assists,Naji Marshall,Under,3.5,-154,2026-02-11,2026-02-10T22:46:51Z,2026-02-10 14:47:44
BetOnline.ag,player_assists,Max Christie,Over,2.5,134,2026-02-11,2026-02-10T22:46:51Z,2026-02-10 14:47:44
BetOnline.ag,player_assists,Max Christie,Under,2.5,-175,2026-02-11,2026-02-10T22:46:51Z,2026-02-10 14:47:44
BetOnline.ag,player_assists,Collin Gillespie,Over,4.5,-137,2026-02-11,2026-02-10T22:46:51Z,2026-02-10 14:47:44
BetOnline.ag,player_assists,Collin Gillespie,Under,4.5,106,2026-02-11,2026-02-10T22:46:51Z,2026-02-10 14:47:44
BetOnline.ag,player_assists,Caleb Martin,Over,2.5,128,2026-02-11,2026-02-10T22:46:51Z,2026-02-10 14:47:44
BetOnline.ag,player_assists,Caleb Martin,Under,2.5,-167,2026-02-11,2026-02-10T22:46:51Z,2026-02-10 14:47:44
BetOnline.ag,player_assists,Jalen Green,Over,2.5,132,2026-02-11,2026-02-10T22:46:51Z,2026-02-10 14:47:44
BetOnline.ag,player_assists,Jalen Green,Under,2.5,-172,2026-02-11,2026-02-10T22:46:51Z,2026-02-10 14:47:44
BetOnline.ag,player_assists,Cooper Flagg,Over,4.5,-128,2026-02-11,2026-02-10T22:46:51Z,2026-02-10 14:47:44
BetOnline.ag,player_assists,Cooper Flagg,Under,4.5,-101,2026-02-11,2026-02-10T22:46:51Z,2026-02-10 14:47:44
BetOnline.ag,player_assists,Devin Booker,Over,6.5,109,2026-02-11,2026-02-10T22:46:51Z,2026-02-10 14:47:44
BetOnline.ag,player_assists,Devin Booker,Under,6.5,-141,2026-02-11,2026-02-10T22:46:51Z,2026-02-10 14:47:44
BetOnline.ag,player_assists,Brandon Williams,Over,3.5,118,2026-02-11,2026-02-10T22:46:51Z,2026-02-10 14:47:44
BetOnline.ag,player_assists,Brandon Williams,Under,3.5,-154,2026-02-11,2026-02-10T22:46:51Z,2026-02-10 14:47:44
BetOnline.ag,player_assists,Dillon Brooks,Over,2.5,158,2026-02-11,2026-02-10T22:46:51Z,2026-02-10 14:47:44
BetOnline.ag,player_assists,Dillon Brooks,Under,2.5,-208,2026-02-11,2026-02-10T22:46:51Z,2026-02-10 14:47:44
BetOnline.ag,player_assists,Victor Wembanyama,Over,2.5,-145,2026-02-11,2026-02-10T22:47:39Z,2026-02-10 14:47:44
BetOnline.ag,player_assists,Victor Wembanyama,Under,2.5,111,2026-02-11,2026-02-10T22:47:39Z,2026-02-10 14:47:44
BetOnline.ag,player_assists,Stephon Castle,Over,7.5,120,2026-02-11,2026-02-10T22:47:39Z,2026-02-10 14:47:44
BetOnline.ag,player_assists,Stephon Castle,Under,7.5,-156,2026-02-11,2026-02-10T22:47:39Z,2026-02-10 14:47:44
BetOnline.ag,player_assists,Dylan Harper,Over,3.5,104,2026-02-11,2026-02-10T22:47:39Z,2026-02-10 14:47:44
BetOnline.ag,player_assists,Dylan Harper,Under,3.5,-135,2026-02-11,2026-02-10T22:47:39Z,2026-02-10 14:47:44
BetOnline.ag,player_assists,De'Aaron Fox,Over,5.5,-143,2026-02-11,2026-02-10T22:47:39Z,2026-02-10 14:47:44
BetOnline.ag,player_assists,De'Aaron Fox,Under,5.5,110,2026-02-11,2026-02-10T22:47:39Z,2026-02-10 14:47:44
BetOnline.ag,player_assists,Devin Vassell,Over,2.5,125,2026-02-11,2026-02-10T22:47:39Z,2026-02-10 14:47:44
BetOnline.ag,player_assists,Devin Vassell,Under,2.5,-164,2026-02-11,2026-02-10T22:47:39Z,2026-02-10 14:47:44
BetOnline.ag,player_assists,Jake LaRavia,Over,3.5,107,2026-02-11,2026-02-10T22:47:39Z,2026-02-10 14:47:44
BetOnline.ag,player_assists,Jake LaRavia,Under,3.5,-139,2026-02-11,2026-02-10T22:47:39Z,2026-02-10 14:47:44
BetMGM,player_assists,OG Anunoby,Over,2.5,-110,2026-02-11,2026-02-10T22:47:05Z,2026-02-10 14:47:44
BetMGM,player_assists,OG Anunoby,Under,2.5,-120,2026-02-11,2026-02-10T22:47:05Z,2026-02-10 14:47:44
BetMGM,player_assists,Josh Hart,Over,4.5,-135,2026-02-11,2026-02-10T22:47:05Z,2026-02-10 14:47:44
BetMGM,player_assists,Josh Hart,Under,4.5,100,2026-02-11,2026-02-10T22:47:05Z,2026-02-10 14:47:44
BetMGM,player_assists,Pascal Siakam,Over,3.5,-115,2026-02-11,2026-02-10T22:47:05Z,2026-02-10 14:47:44
BetMGM,player_assists,Pascal Siakam,Under,3.5,-115,2026-02-11,2026-02-10T22:47:05Z,2026-02-10 14:47:44
BetMGM,player_assists,Karl-Anthony Towns,Over,2.5,105,2026-02-11,2026-02-10T22:47:05Z,2026-02-10 14:47:44
BetMGM,player_assists,Karl-Anthony Towns,Under,2.5,-140,2026-02-11,2026-02-10T22:47:05Z,2026-02-10 14:47:44
BetMGM,player_assists,Mikal Bridges,Over,3.5,115,2026-02-11,2026-02-10T22:47:05Z,2026-02-10 14:47:44
BetMGM,player_assists,Mikal Bridges,Under,3.5,-155,2026-02-11,2026-02-10T22:47:05Z,2026-02-10 14:47:44
BetMGM,player_assists,Jalen Brunson,Over,5.5,-145,2026-02-11,2026-02-10T22:47:05Z,2026-02-10 14:47:44
BetMGM,player_assists,Jalen Brunson,Under,5.5,105,2026-02-11,2026-02-10T22:47:05Z,2026-02-10 14:47:44
BetMGM,player_assists,Aaron Nesmith,Over,2.5,145,2026-02-11,2026-02-10T22:47:05Z,2026-02-10 14:47:44
BetMGM,player_assists,Aaron Nesmith,Under,2.5,-190,2026-02-11,2026-02-10T22:47:05Z,2026-02-10 14:47:44
BetMGM,player_assists,Andrew Nembhard,Over,6.5,-130,2026-02-11,2026-02-10T22:47:05Z,2026-02-10 14:47:44
BetMGM,player_assists,Andrew Nembhard,Under,6.5,-105,2026-02-11,2026-02-10T22:47:05Z,2026-02-10 14:47:44
BetMGM,player_assists,Jay Huff,Over,1.5,120,2026-02-11,2026-02-10T22:47:05Z,2026-02-10 14:47:44
BetMGM,player_assists,Jay Huff,Under,1.5,-160,2026-02-11,2026-02-10T22:47:05Z,2026-02-10 14:47:44
BetMGM,player_assists,Landry Shamet,Over,1.5,-120,2026-02-11,2026-02-10T22:47:05Z,2026-02-10 14:47:44
BetMGM,player_assists,Landry Shamet,Under,1.5,-110,2026-02-11,2026-02-10T22:47:05Z,2026-02-10 14:47:44
BetMGM,player_assists,T.J. McConnell,Over,4.5,105,2026-02-11,2026-02-10T22:47:05Z,2026-02-10 14:47:44
BetMGM,player_assists,T.J. McConnell,Under,4.5,-140,2026-02-11,2026-02-10T22:47:05Z,2026-02-10 14:47:44
BetMGM,player_assists,Ben Sheppard,Over,1.5,-185,2026-02-11,2026-02-10T22:47:05Z,2026-02-10 14:47:44
BetMGM,player_assists,Ben Sheppard,Under,1.5,135,2026-02-11,2026-02-10T22:47:05Z,2026-02-10 14:47:44
BetMGM,player_assists,Alperen Sengun,Over,6.5,135,2026-02-11,2026-02-10T22:47:09Z,2026-02-10 14:47:44
BetMGM,player_assists,Alperen Sengun,Under,6.5,-175,2026-02-11,2026-02-10T22:47:09Z,2026-02-10 14:47:44
BetMGM,player_assists,Kawhi Leonard,Over,4.5,-115,2026-02-11,2026-02-10T22:47:09Z,2026-02-10 14:47:44
BetMGM,player_assists,Kawhi Leonard,Under,4.5,-115,2026-02-11,2026-02-10T22:47:09Z,2026-02-10 14:47:44
BetMGM,player_assists,Clint Capela,Over,0.5,125,2026-02-11,2026-02-10T22:47:09Z,2026-02-10 14:47:44
BetMGM,player_assists,Clint Capela,Under,0.5,-165,2026-02-11,2026-02-10T22:47:09Z,2026-02-10 14:47:44
BetMGM,player_assists,Brook Lopez,Over,1.5,-110,2026-02-11,2026-02-10T22:47:09Z,2026-02-10 14:47:44
BetMGM,player_assists,Brook Lopez,Under,1.5,-120,2026-02-11,2026-02-10T22:47:09Z,2026-02-10 14:47:44
BetMGM,player_assists,Amen Thompson,Over,5.5,110,2026-02-11,2026-02-10T22:47:09Z,2026-02-10 14:47:44
BetMGM,player_assists,Amen Thompson,Under,5.5,-145,2026-02-11,2026-02-10T22:47:09Z,2026-02-10 14:47:44
BetMGM,player_assists,Tari Eason,Over,1.5,105,2026-02-11,2026-02-10T22:47:09Z,2026-02-10 14:47:44
BetMGM,player_assists,Tari Eason,Under,1.5,-140,2026-02-11,2026-02-10T22:47:09Z,2026-02-10 14:47:44
BetMGM,player_assists,Jabari Smith Jr,Over,1.5,-135,2026-02-11,2026-02-10T22:47:09Z,2026-02-10 14:47:44
BetMGM,player_assists,Jabari Smith Jr,Under,1.5,100,2026-02-11,2026-02-10T22:47:09Z,2026-02-10 14:47:44
BetMGM,player_assists,Josh Okogie,Over,0.5,100,2026-02-11,2026-02-10T22:47:09Z,2026-02-10 14:47:44
BetMGM,player_assists,Josh Okogie,Under,0.5,-135,2026-02-11,2026-02-10T22:47:09Z,2026-02-10 14:47:44
BetMGM,player_assists,Kris Dunn,Over,4.5,-105,2026-02-11,2026-02-10T22:47:09Z,2026-02-10 14:47:44
BetMGM,player_assists,Kris Dunn,Under,4.5,-130,2026-02-11,2026-02-10T22:47:09Z,2026-02-10 14:47:44
BetMGM,player_assists,Kevin Durant,Over,4.5,115,2026-02-11,2026-02-10T22:47:09Z,2026-02-10 14:47:44
BetMGM,player_assists,Kevin Durant,Under,4.5,-155,2026-02-11,2026-02-10T22:47:09Z,2026-02-10 14:47:44
BetMGM,player_assists,Dorian Finney-Smith,Over,0.5,-135,2026-02-11,2026-02-10T22:47:09Z,2026-02-10 14:47:44
BetMGM,player_assists,Dorian Finney-Smith,Under,0.5,100,2026-02-11,2026-02-10T22:47:09Z,2026-02-10 14:47:44
BetMGM,player_assists,John Collins,Over,1.5,145,2026-02-11,2026-02-10T22:47:09Z,2026-02-10 14:47:44
BetMGM,player_assists,John Collins,Under,1.5,-200,2026-02-11,2026-02-10T22:47:09Z,2026-02-10 14:47:44
BetMGM,player_assists,Reed Sheppard,Over,2.5,-115,2026-02-11,2026-02-10T22:47:09Z,2026-02-10 14:47:44
BetMGM,player_assists,Reed Sheppard,Under,2.5,-115,2026-02-11,2026-02-10T22:47:09Z,2026-02-10 14:47:44
BetMGM,player_assists,Derrick Jones,Over,1.5,180,2026-02-11,2026-02-10T22:47:09Z,2026-02-10 14:47:44
BetMGM,player_assists,Derrick Jones,Under,1.5,-250,2026-02-11,2026-02-10T22:47:09Z,2026-02-10 14:47:44
BetMGM,player_assists,Daniel Gafford,Over,0.5,-200,2026-02-11,2026-02-10T22:47:49Z,2026-02-10 14:47:44
BetMGM,player_assists,Daniel Gafford,Under,0.5,145,2026-02-11,2026-02-10T22:47:49Z,2026-02-10 14:47:44
BetMGM,player_assists,Max Christie,Over,2.5,130,2026-02-11,2026-02-10T22:47:49Z,2026-02-10 14:47:44
BetMGM,player_assists,Max Christie,Under,2.5,-175,2026-02-11,2026-02-10T22:47:49Z,2026-02-10 14:47:44
BetMGM,player_assists,Oso Ighodaro,Over,1.5,-105,2026-02-11,2026-02-10T22:47:49Z,2026-02-10 14:47:44
BetMGM,player_assists,Oso Ighodaro,Under,1.5,-125,2026-02-11,2026-02-10T22:47:49Z,2026-02-10 14:47:44
BetMGM,player_assists,Mark Williams,Over,0.5,-235,2026-02-11,2026-02-10T22:47:49Z,2026-02-10 14:47:44
BetMGM,player_assists,Mark Williams,Under,0.5,170,2026-02-11,2026-02-10T22:47:49Z,2026-02-10 14:47:44
BetMGM,player_assists,Naji Marshall,Over,3.5,125,2026-02-11,2026-02-10T22:47:49Z,2026-02-10 14:47:44
BetMGM,player_assists,Naji Marshall,Under,3.5,-160,2026-02-11,2026-02-10T22:47:49Z,2026-02-10 14:47:44
BetMGM,player_assists,Caleb Martin,Over,2.5,145,2026-02-11,2026-02-10T22:47:49Z,2026-02-10 14:47:44
BetMGM,player_assists,Caleb Martin,Under,2.5,-190,2026-02-11,2026-02-10T22:47:49Z,2026-02-10 14:47:44
BetMGM,player_assists,Jordan Goodwin,Over,2.5,105,2026-02-11,2026-02-10T22:47:49Z,2026-02-10 14:47:44
BetMGM,player_assists,Jordan Goodwin,Under,2.5,-140,2026-02-11,2026-02-10T22:47:49Z,2026-02-10 14:47:44
BetMGM,player_assists,Royce O'Neale,Over,3.5,160,2026-02-11,2026-02-10T22:47:49Z,2026-02-10 14:47:44
BetMGM,player_assists,Royce O'Neale,Under,3.5,-220,2026-02-11,2026-02-10T22:47:49Z,2026-02-10 14:47:44
BetMGM,player_assists,Klay Thompson,Over,0.5,-225,2026-02-11,2026-02-10T22:47:49Z,2026-02-10 14:47:44
BetMGM,player_assists,Klay Thompson,Under,0.5,170,2026-02-11,2026-02-10T22:47:49Z,2026-02-10 14:47:44
BetMGM,player_assists,Collin Gillespie,Over,4.5,-135,2026-02-11,2026-02-10T22:47:49Z,2026-02-10 14:47:44
BetMGM,player_assists,Collin Gillespie,Under,4.5,100,2026-02-11,2026-02-10T22:47:49Z,2026-02-10 14:47:44
BetMGM,player_assists,Devin Booker,Over,5.5,-165,2026-02-11,2026-02-10T22:47:49Z,2026-02-10 14:47:44
BetMGM,player_assists,Devin Booker,Under,5.5,125,2026-02-11,2026-02-10T22:47:49Z,2026-02-10 14:47:44
BetMGM,player_assists,P.J. Washington,Over,1.5,115,2026-02-11,2026-02-10T22:47:49Z,2026-02-10 14:47:44
BetMGM,player_assists,P.J. Washington,Under,1.5,-150,2026-02-11,2026-02-10T22:47:49Z,2026-02-10 14:47:44
BetMGM,player_assists,Cooper Flagg,Over,4.5,-130,2026-02-11,2026-02-10T22:47:49Z,2026-02-10 14:47:44
BetMGM,player_assists,Cooper Flagg,Under,4.5,-105,2026-02-11,2026-02-10T22:47:49Z,2026-02-10 14:47:44
BetMGM,player_assists,Dillon Brooks,Over,1.5,-165,2026-02-11,2026-02-10T22:47:49Z,2026-02-10 14:47:44
BetMGM,player_assists,Dillon Brooks,Under,1.5,125,2026-02-11,2026-02-10T22:47:49Z,2026-02-10 14:47:44
BetMGM,player_assists,Jalen Green,Over,1.5,-185,2026-02-11,2026-02-10T22:47:49Z,2026-02-10 14:47:44
BetMGM,player_assists,Jalen Green,Under,1.5,135,2026-02-11,2026-02-10T22:47:49Z,2026-02-10 14:47:44
BetMGM,player_assists,Victor Wembanyama,Over,2.5,-125,2026-02-11,2026-02-10T22:47:20Z,2026-02-10 14:47:44
BetMGM,player_assists,Victor Wembanyama,Under,2.5,-110,2026-02-11,2026-02-10T22:47:20Z,2026-02-10 14:47:44
BetMGM,player_assists,Keldon Johnson,Over,0.5,-210,2026-02-11,2026-02-10T22:47:20Z,2026-02-10 14:47:44
BetMGM,player_assists,Keldon Johnson,Under,0.5,155,2026-02-11,2026-02-10T22:47:20Z,2026-02-10 14:47:44
BetMGM,player_assists,De'Aaron Fox,Over,5.5,-135,2026-02-11,2026-02-10T22:47:20Z,2026-02-10 14:47:44
BetMGM,player_assists,De'Aaron Fox,Under,5.5,100,2026-02-11,2026-02-10T22:47:20Z,2026-02-10 14:47:44
BetMGM,player_assists,Stephon Castle,Over,6.5,-155,2026-02-11,2026-02-10T22:47:20Z,2026-02-10 14:47:44
BetMGM,player_assists,Stephon Castle,Under,6.5,115,2026-02-11,2026-02-10T22:47:20Z,2026-02-10 14:47:44
BetMGM,player_assists,Julian Champagnie,Over,1.5,155,2026-02-11,2026-02-10T22:47:20Z,2026-02-10 14:47:44
BetMGM,player_assists,Julian Champagnie,Under,1.5,-210,2026-02-11,2026-02-10T22:47:20Z,2026-02-10 14:47:44
BetMGM,player_assists,Dylan Harper,Over,3.5,115,2026-02-11,2026-02-10T22:47:20Z,2026-02-10 14:47:44
BetMGM,player_assists,Dylan Harper,Under,3.5,-155,2026-02-11,2026-02-10T22:47:20Z,2026-02-10 14:47:44
BetMGM,player_assists,Harrison Barnes,Over,1.5,-115,2026-02-11,2026-02-10T22:47:20Z,2026-02-10 14:47:44
BetMGM,player_assists,Harrison Barnes,Under,1.5,-115,2026-02-11,2026-02-10T22:47:20Z,2026-02-10 14:47:44
BetMGM,player_assists,Devin Vassell,Over,1.5,-200,2026-02-11,2026-02-10T22:47:20Z,2026-02-10 14:47:44
BetMGM,player_assists,Devin Vassell,Under,1.5,145,2026-02-11,2026-02-10T22:47:20Z,2026-02-10 14:47:44
BetMGM,player_assists,Luke Kornet,Over,1.5,145,2026-02-11,2026-02-10T22:47:20Z,2026-02-10 14:47:44
BetMGM,player_assists,Luke Kornet,Under,1.5,-200,2026-02-11,2026-02-10T22:47:20Z,2026-02-10 14:47:44
BetMGM,player_assists,Deandre Ayton,Over,1.5,-125,2026-02-11,2026-02-10T22:47:20Z,2026-02-10 14:47:44
BetMGM,player_assists,Deandre Ayton,Under,1.5,-105,2026-02-11,2026-02-10T22:47:20Z,2026-02-10 14:47:44
BetMGM,player_assists,Rui Hachimura,Over,1.5,-150,2026-02-11,2026-02-10T22:47:20Z,2026-02-10 14:47:44
BetMGM,player_assists,Rui Hachimura,Under,1.5,115,2026-02-11,2026-02-10T22:47:20Z,2026-02-10 14:47:44
BetMGM,player_assists,Jake LaRavia,Over,3.5,-105,2026-02-11,2026-02-10T22:47:20Z,2026-02-10 14:47:44
BetMGM,player_assists,Jake LaRavia,Under,3.5,-125,2026-02-11,2026-02-10T22:47:20Z,2026-02-10 14:47:44
BetMGM,player_assists,Jarred Vanderbilt,Over,3.5,120,2026-02-11,2026-02-10T22:47:20Z,2026-02-10 14:47:44
BetMGM,player_assists,Jarred Vanderbilt,Under,3.5,-160,2026-02-11,2026-02-10T22:47:20Z,2026-02-10 14:47:44
BetRivers,player_assists,Pascal Siakam,Over,3.5,-114,2026-02-11,2026-02-10T22:47:29Z,2026-02-10 14:47:44
BetRivers,player_assists,Pascal Siakam,Under,3.5,-120,2026-02-11,2026-02-10T22:47:29Z,2026-02-10 14:47:44
BetRivers,player_assists,Mikal Bridges,Over,3.5,112,2026-02-11,2026-02-10T22:47:29Z,2026-02-10 14:47:44
BetRivers,player_assists,Mikal Bridges,Under,3.5,-152,2026-02-11,2026-02-10T22:47:29Z,2026-02-10 14:47:44
BetRivers,player_assists,Jalen Brunson,Over,5.5,-136,2026-02-11,2026-02-10T22:47:29Z,2026-02-10 14:47:44
BetRivers,player_assists,Jalen Brunson,Under,5.5,100,2026-02-11,2026-02-10T22:47:29Z,2026-02-10 14:47:44
BetRivers,player_assists,Josh Hart,Over,4.5,-136,2026-02-11,2026-02-10T22:47:29Z,2026-02-10 14:47:44
BetRivers,player_assists,Josh Hart,Under,4.5,100,2026-02-11,2026-02-10T22:47:29Z,2026-02-10 14:47:44
BetRivers,player_assists,Andrew Nembhard,Over,6.5,-115,2026-02-11,2026-02-10T22:47:29Z,2026-02-10 14:47:44
BetRivers,player_assists,Andrew Nembhard,Under,6.5,-118,2026-02-11,2026-02-10T22:47:29Z,2026-02-10 14:47:44
BetRivers,player_assists,Karl-Anthony Towns,Over,2.5,102,2026-02-11,2026-02-10T22:47:29Z,2026-02-10 14:47:44
BetRivers,player_assists,Karl-Anthony Towns,Under,2.5,-139,2026-02-11,2026-02-10T22:47:29Z,2026-02-10 14:47:44
BetRivers,player_assists,Kris Dunn,Over,4.5,104,2026-02-11,2026-02-10T22:47:39Z,2026-02-10 14:47:44
BetRivers,player_assists,Kris Dunn,Under,4.5,-139,2026-02-11,2026-02-10T22:47:39Z,2026-02-10 14:47:44
BetRivers,player_assists,Alperen Sengun,Over,5.5,-155,2026-02-11,2026-02-10T22:47:39Z,2026-02-10 14:47:44
BetRivers,player_assists,Alperen Sengun,Under,5.5,112,2026-02-11,2026-02-10T22:47:39Z,2026-02-10 14:47:44
BetRivers,player_assists,Amen Thompson,Over,5.5,105,2026-02-11,2026-02-10T22:47:39Z,2026-02-10 14:47:44
BetRivers,player_assists,Amen Thompson,Under,5.5,-143,2026-02-11,2026-02-10T22:47:39Z,2026-02-10 14:47:44
BetRivers,player_assists,Reed Sheppard,Over,2.5,-113,2026-02-11,2026-02-10T22:47:39Z,2026-02-10 14:47:44
BetRivers,player_assists,Reed Sheppard,Under,2.5,-121,2026-02-11,2026-02-10T22:47:39Z,2026-02-10 14:47:44
BetRivers,player_assists,Kawhi Leonard,Over,4.5,-120,2026-02-11,2026-02-10T22:47:39Z,2026-02-10 14:47:44
BetRivers,player_assists,Kawhi Leonard,Under,4.5,-113,2026-02-11,2026-02-10T22:47:39Z,2026-02-10 14:47:44
BetRivers,player_assists,Kevin Durant,Over,4.5,123,2026-02-11,2026-02-10T22:47:39Z,2026-02-10 14:47:44
BetRivers,player_assists,Kevin Durant,Under,4.5,-167,2026-02-11,2026-02-10T22:47:39Z,2026-02-10 14:47:44
BetRivers,player_assists,Cooper Flagg,Over,4.5,-124,2026-02-11,2026-02-10T22:47:32Z,2026-02-10 14:47:44
BetRivers,player_assists,Cooper Flagg,Under,4.5,-110,2026-02-11,2026-02-10T22:47:32Z,2026-02-10 14:47:44
BetRivers,player_assists,Naji Marshall,Over,3.5,128,2026-02-11,2026-02-10T22:47:32Z,2026-02-10 14:47:44
BetRivers,player_assists,Naji Marshall,Under,3.5,-177,2026-02-11,2026-02-10T22:47:32Z,2026-02-10 14:47:44
BetRivers,player_assists,Devin Booker,Over,6.5,105,2026-02-11,2026-02-10T22:47:32Z,2026-02-10 14:47:44
BetRivers,player_assists,Devin Booker,Under,6.5,-143,2026-02-11,2026-02-10T22:47:32Z,2026-02-10 14:47:44
BetRivers,player_assists,Royce O'Neale,Over,2.5,-152,2026-02-11,2026-02-10T22:47:32Z,2026-02-10 14:47:44
BetRivers,player_assists,Royce O'Neale,Under,2.5,112,2026-02-11,2026-02-10T22:47:32Z,2026-02-10 14:47:44
BetRivers,player_assists,Collin Gillespie,Over,4.5,-134,2026-02-11,2026-02-10T22:47:32Z,2026-02-10 14:47:44
BetRivers,player_assists,Collin Gillespie,Under,4.5,-104,2026-02-11,2026-02-10T22:47:32Z,2026-02-10 14:47:44
BetRivers,player_assists,Jake LaRavia,Over,3.5,-104,2026-02-11,2026-02-10T22:46:44Z,2026-02-10 14:47:44
BetRivers,player_assists,Jake LaRavia,Under,3.5,-132,2026-02-11,2026-02-10T22:46:44Z,2026-02-10 14:47:44
BetRivers,player_assists,Stephon Castle,Over,7.5,102,2026-02-11,2026-02-10T22:46:44Z,2026-02-10 14:47:44
BetRivers,player_assists,Stephon Castle,Under,7.5,-139,2026-02-11,2026-02-10T22:46:44Z,2026-02-10 14:47:44
BetRivers,player_assists,De'Aaron Fox,Over,5.5,-143,2026-02-11,2026-02-10T22:46:44Z,2026-02-10 14:47:44
BetRivers,player_assists,De'Aaron Fox,Under,5.5,104,2026-02-11,2026-02-10T22:46:44Z,2026-02-10 14:47:44
BetRivers,player_assists,Victor Wembanyama,Over,2.5,-148,2026-02-11,2026-02-10T22:46:44Z,2026-02-10 14:47:44
BetRivers,player_assists,Victor Wembanyama,Under,2.5,107,2026-02-11,2026-02-10T22:46:44Z,2026-02-10 14:47:44
BetRivers,player_assists,Dylan Harper,Over,3.5,-103,2026-02-11,2026-02-10T22:46:44Z,2026-02-10 14:47:44
BetRivers,player_assists,Dylan Harper,Under,3.5,-134,2026-02-11,2026-02-10T22:46:44Z,2026-02-10 14:47:44
Bovada,player_assists,Andrew Nembhard,Over,5.5,-250,2026-02-11,2026-02-10T22:47:30Z,2026-02-10 14:47:44
Bovada,player_assists,Andrew Nembhard,Under,5.5,185,2026-02-11,2026-02-10T22:47:30Z,2026-02-10 14:47:44
Bovada,player_assists,Andrew Nembhard,Over,6.5,-130,2026-02-11,2026-02-10T22:47:30Z,2026-02-10 14:47:44
Bovada,player_assists,Andrew Nembhard,Under,6.5,100,2026-02-11,2026-02-10T22:47:30Z,2026-02-10 14:47:44
Bovada,player_assists,Andrew Nembhard,Over,7.5,135,2026-02-11,2026-02-10T22:47:30Z,2026-02-10 14:47:44
Bovada,player_assists,Andrew Nembhard,Under,7.5,-180,2026-02-11,2026-02-10T22:47:30Z,2026-02-10 14:47:44
Bovada,player_assists,Jalen Brunson,Over,4.5,-280,2026-02-11,2026-02-10T22:47:30Z,2026-02-10 14:47:44
Bovada,player_assists,Jalen Brunson,Under,4.5,205,2026-02-11,2026-02-10T22:47:30Z,2026-02-10 14:47:44
Bovada,player_assists,Jalen Brunson,Over,5.5,-135,2026-02-11,2026-02-10T22:47:30Z,2026-02-10 14:47:44
Bovada,player_assists,Jalen Brunson,Under,5.5,105,2026-02-11,2026-02-10T22:47:30Z,2026-02-10 14:47:44
Bovada,player_assists,Jalen Brunson,Over,6.5,135,2026-02-11,2026-02-10T22:47:30Z,2026-02-10 14:47:44
Bovada,player_assists,Jalen Brunson,Under,6.5,-180,2026-02-11,2026-02-10T22:47:30Z,2026-02-10 14:47:44
Bovada,player_assists,Josh Hart,Over,4.5,-145,2026-02-11,2026-02-10T22:47:30Z,2026-02-10 14:47:44
Bovada,player_assists,Josh Hart,Under,4.5,110,2026-02-11,2026-02-10T22:47:30Z,2026-02-10 14:47:44
Bovada,player_assists,Josh Hart,Over,5.5,135,2026-02-11,2026-02-10T22:47:30Z,2026-02-10 14:47:44
Bovada,player_assists,Josh Hart,Under,5.5,-180,2026-02-11,2026-02-10T22:47:30Z,2026-02-10 14:47:44
Bovada,player_assists,Karl-Anthony Towns,Over,1.5,-260,2026-02-11,2026-02-10T22:47:30Z,2026-02-10 14:47:44
Bovada,player_assists,Karl-Anthony Towns,Under,1.5,190,2026-02-11,2026-02-10T22:47:30Z,2026-02-10 14:47:44
Bovada,player_assists,Karl-Anthony Towns,Over,2.5,115,2026-02-11,2026-02-10T22:47:30Z,2026-02-10 14:47:44
Bovada,player_assists,Karl-Anthony Towns,Under,2.5,-150,2026-02-11,2026-02-10T22:47:30Z,2026-02-10 14:47:44
Bovada,player_assists,Mikal Bridges,Over,2.5,-220,2026-02-11,2026-02-10T22:47:30Z,2026-02-10 14:47:44
Bovada,player_assists,Mikal Bridges,Under,2.5,165,2026-02-11,2026-02-10T22:47:30Z,2026-02-10 14:47:44
Bovada,player_assists,Mikal Bridges,Over,3.5,110,2026-02-11,2026-02-10T22:47:30Z,2026-02-10 14:47:44
Bovada,player_assists,Mikal Bridges,Under,3.5,-145,2026-02-11,2026-02-10T22:47:30Z,2026-02-10 14:47:44
Bovada,player_assists,OG Anunoby,Over,1.5,-290,2026-02-11,2026-02-10T22:47:30Z,2026-02-10 14:47:44
Bovada,player_assists,OG Anunoby,Under,1.5,210,2026-02-11,2026-02-10T22:47:30Z,2026-02-10 14:47:44
Bovada,player_assists,OG Anunoby,Over,2.5,105,2026-02-11,2026-02-10T22:47:30Z,2026-02-10 14:47:44
Bovada,player_assists,OG Anunoby,Under,2.5,-135,2026-02-11,2026-02-10T22:47:30Z,2026-02-10 14:47:44
Bovada,player_assists,Pascal Siakam,Over,3.5,-130,2026-02-11,2026-02-10T22:47:30Z,2026-02-10 14:47:44
Bovada,player_assists,Pascal Siakam,Under,3.5,100,2026-02-11,2026-02-10T22:47:30Z,2026-02-10 14:47:44
Bovada,player_assists,Pascal Siakam,Over,4.5,165,2026-02-11,2026-02-10T22:47:30Z,2026-02-10 14:47:44
Bovada,player_assists,Pascal Siakam,Under,4.5,-220,2026-02-11,2026-02-10T22:47:30Z,2026-02-10 14:47:44
Bovada,player_assists,Alperen Sengun,Over,5.5,-170,2026-02-11,2026-02-10T22:47:39Z,2026-02-10 14:47:44
Bovada,player_assists,Alperen Sengun,Under,5.5,130,2026-02-11,2026-02-10T22:47:39Z,2026-02-10 14:47:44
Bovada,player_assists,Alperen Sengun,Over,6.5,110,2026-02-11,2026-02-10T22:47:39Z,2026-02-10 14:47:44
Bovada,player_assists,Alperen Sengun,Under,6.5,-145,2026-02-11,2026-02-10T22:47:39Z,2026-02-10 14:47:44
Bovada,player_assists,Alperen Sengun,Over,7.5,200,2026-02-11,2026-02-10T22:47:39Z,2026-02-10 14:47:44
Bovada,player_assists,Alperen Sengun,Under,7.5,-275,2026-02-11,2026-02-10T22:47:39Z,2026-02-10 14:47:44
Bovada,player_assists,Amen Thompson,Over,4.5,-190,2026-02-11,2026-02-10T22:47:39Z,2026-02-10 14:47:44
Bovada,player_assists,Amen Thompson,Under,4.5,145,2026-02-11,2026-02-10T22:47:39Z,2026-02-10 14:47:44
Bovada,player_assists,Amen Thompson,Over,5.5,105,2026-02-11,2026-02-10T22:47:39Z,2026-02-10 14:47:44
Bovada,player_assists,Amen Thompson,Under,5.5,-135,2026-02-11,2026-02-10T22:47:39Z,2026-02-10 14:47:44
Bovada,player_assists,Amen Thompson,Over,6.5,200,2026-02-11,2026-02-10T22:47:39Z,2026-02-10 14:47:44
Bovada,player_assists,Amen Thompson,Under,6.5,-275,2026-02-11,2026-02-10T22:47:39Z,2026-02-10 14:47:44
Bovada,player_assists,Kawhi Leonard,Over,3.5,-260,2026-02-11,2026-02-10T22:47:39Z,2026-02-10 14:47:44
Bovada,player_assists,Kawhi Leonard,Under,3.5,190,2026-02-11,2026-02-10T22:47:39Z,2026-02-10 14:47:44
Bovada,player_assists,Kawhi Leonard,Over,4.5,-120,2026-02-11,2026-02-10T22:47:39Z,2026-02-10 14:47:44
Bovada,player_assists,Kawhi Leonard,Under,4.5,-110,2026-02-11,2026-02-10T22:47:39Z,2026-02-10 14:47:44
Bovada,player_assists,Kawhi Leonard,Over,5.5,165,2026-02-11,2026-02-10T22:47:39Z,2026-02-10 14:47:44
Bovada,player_assists,Kawhi Leonard,Under,5.5,-220,2026-02-11,2026-02-10T22:47:39Z,2026-02-10 14:47:44
Bovada,player_assists,Kevin Durant,Over,3.5,-190,2026-02-11,2026-02-10T22:47:39Z,2026-02-10 14:47:44
Bovada,player_assists,Kevin Durant,Under,3.5,145,2026-02-11,2026-02-10T22:47:39Z,2026-02-10 14:47:44
Bovada,player_assists,Kevin Durant,Over,4.5,115,2026-02-11,2026-02-10T22:47:39Z,2026-02-10 14:47:44
Bovada,player_assists,Kevin Durant,Under,4.5,-150,2026-02-11,2026-02-10T22:47:39Z,2026-02-10 14:47:44
Bovada,player_assists,Kris Dunn,Over,3.5,-200,2026-02-11,2026-02-10T22:47:39Z,2026-02-10 14:47:44
Bovada,player_assists,Kris Dunn,Under,3.5,150,2026-02-11,2026-02-10T22:47:39Z,2026-02-10 14:47:44
Bovada,player_assists,Kris Dunn,Over,4.5,110,2026-02-11,2026-02-10T22:47:39Z,2026-02-10 14:47:44
Bovada,player_assists,Kris Dunn,Under,4.5,-145,2026-02-11,2026-02-10T22:47:39Z,2026-02-10 14:47:44
Bovada,player_assists,Reed Sheppard,Over,1.5,-290,2026-02-11,2026-02-10T22:47:39Z,2026-02-10 14:47:44
Bovada,player_assists,Reed Sheppard,Under,1.5,210,2026-02-11,2026-02-10T22:47:39Z,2026-02-10 14:47:44
Bovada,player_assists,Reed Sheppard,Over,2.5,105,2026-02-11,2026-02-10T22:47:39Z,2026-02-10 14:47:44
Bovada,player_assists,Reed Sheppard,Under,2.5,-135,2026-02-11,2026-02-10T22:47:39Z,2026-02-10 14:47:44
Bovada,player_assists,Caleb Martin,Over,1.5,-240,2026-02-11,2026-02-10T22:47:20Z,2026-02-10 14:47:44
Bovada,player_assists,Caleb Martin,Under,1.5,175,2026-02-11,2026-02-10T22:47:20Z,2026-02-10 14:47:44
Bovada,player_assists,Caleb Martin,Over,2.5,125,2026-02-11,2026-02-10T22:47:20Z,2026-02-10 14:47:44
Bovada,player_assists,Caleb Martin,Under,2.5,-165,2026-02-11,2026-02-10T22:47:20Z,2026-02-10 14:47:44
Bovada,player_assists,Collin Gillespie,Over,4.5,-135,2026-02-11,2026-02-10T22:47:20Z,2026-02-10 14:47:44
Bovada,player_assists,Collin Gillespie,Under,4.5,105,2026-02-11,2026-02-10T22:47:20Z,2026-02-10 14:47:44
Bovada,player_assists,Collin Gillespie,Over,5.5,145,2026-02-11,2026-02-10T22:47:20Z,2026-02-10 14:47:44
Bovada,player_assists,Collin Gillespie,Under,5.5,-190,2026-02-11,2026-02-10T22:47:20Z,2026-02-10 14:47:44
Bovada,player_assists,Cooper Flagg,Over,3.5,-290,2026-02-11,2026-02-10T22:47:20Z,2026-02-10 14:47:44
Bovada,player_assists,Cooper Flagg,Under,3.5,210,2026-02-11,2026-02-10T22:47:20Z,2026-02-10 14:47:44
Bovada,player_assists,Cooper Flagg,Over,4.5,-125,2026-02-11,2026-02-10T22:47:20Z,2026-02-10 14:47:44
Bovada,player_assists,Cooper Flagg,Under,4.5,-105,2026-02-11,2026-02-10T22:47:20Z,2026-02-10 14:47:44
Bovada,player_assists,Cooper Flagg,Over,5.5,150,2026-02-11,2026-02-10T22:47:20Z,2026-02-10 14:47:44
Bovada,player_assists,Cooper Flagg,Under,5.5,-200,2026-02-11,2026-02-10T22:47:20Z,2026-02-10 14:47:44
Bovada,player_assists,Devin Booker,Over,5.5,-185,2026-02-11,2026-02-10T22:47:20Z,2026-02-10 14:47:44
Bovada,player_assists,Devin Booker,Under,5.5,140,2026-02-11,2026-02-10T22:47:20Z,2026-02-10 14:47:44
Bovada,player_assists,Devin Booker,Over,6.5,105,2026-02-11,2026-02-10T22:47:20Z,2026-02-10 14:47:44
Bovada,player_assists,Devin Booker,Under,6.5,-135,2026-02-11,2026-02-10T22:47:20Z,2026-02-10 14:47:44
Bovada,player_assists,Devin Booker,Over,7.5,185,2026-02-11,2026-02-10T22:47:20Z,2026-02-10 14:47:44
Bovada,player_assists,Devin Booker,Under,7.5,-250,2026-02-11,2026-02-10T22:47:20Z,2026-02-10 14:47:44
Bovada,player_assists,Dillon Brooks,Over,2.5,165,2026-02-11,2026-02-10T22:47:20Z,2026-02-10 14:47:44
Bovada,player_assists,Dillon Brooks,Under,2.5,-220,2026-02-11,2026-02-10T22:47:20Z,2026-02-10 14:47:44
Bovada,player_assists,Jordan Goodwin,Over,1.5,-260,2026-02-11,2026-02-10T22:47:20Z,2026-02-10 14:47:44
Bovada,player_assists,Jordan Goodwin,Under,1.5,190,2026-02-11,2026-02-10T22:47:20Z,2026-02-10 14:47:44
Bovada,player_assists,Jordan Goodwin,Over,2.5,115,2026-02-11,2026-02-10T22:47:20Z,2026-02-10 14:47:44
Bovada,player_assists,Jordan Goodwin,Under,2.5,-150,2026-02-11,2026-02-10T22:47:20Z,2026-02-10 14:47:44
Bovada,player_assists,Max Christie,Over,1.5,-240,2026-02-11,2026-02-10T22:47:20Z,2026-02-10 14:47:44
Bovada,player_assists,Max Christie,Under,1.5,175,2026-02-11,2026-02-10T22:47:20Z,2026-02-10 14:47:44
Bovada,player_assists,Max Christie,Over,2.5,125,2026-02-11,2026-02-10T22:47:20Z,2026-02-10 14:47:44
Bovada,player_assists,Max Christie,Under,2.5,-165,2026-02-11,2026-02-10T22:47:20Z,2026-02-10 14:47:44
Bovada,player_assists,Naji Marshall,Over,2.5,-215,2026-02-11,2026-02-10T22:47:20Z,2026-02-10 14:47:44
Bovada,player_assists,Naji Marshall,Under,2.5,160,2026-02-11,2026-02-10T22:47:20Z,2026-02-10 14:47:44
Bovada,player_assists,Naji Marshall,Over,3.5,115,2026-02-11,2026-02-10T22:47:20Z,2026-02-10 14:47:44
Bovada,player_assists,Naji Marshall,Under,3.5,-150,2026-02-11,2026-02-10T22:47:20Z,2026-02-10 14:47:44
Bovada,player_assists,Royce O'Neale,Over,2.5,-130,2026-02-11,2026-02-10T22:47:20Z,2026-02-10 14:47:44
Bovada,player_assists,Royce O'Neale,Under,2.5,100,2026-02-11,2026-02-10T22:47:20Z,2026-02-10 14:47:44
Bovada,player_assists,Royce O'Neale,Over,3.5,185,2026-02-11,2026-02-10T22:47:20Z,2026-02-10 14:47:44
Bovada,player_assists,Royce O'Neale,Under,3.5,-250,2026-02-11,2026-02-10T22:47:20Z,2026-02-10 14:47:44
Bovada,player_assists,Brandon Williams,Over,2.5,-240,2026-02-11,2026-02-10T22:47:20Z,2026-02-10 14:47:44
Bovada,player_assists,Brandon Williams,Under,2.5,175,2026-02-11,2026-02-10T22:47:20Z,2026-02-10 14:47:44
Bovada,player_assists,Brandon Williams,Over,3.5,105,2026-02-11,2026-02-10T22:47:20Z,2026-02-10 14:47:44
Bovada,player_assists,Brandon Williams,Under,3.5,-135,2026-02-11,2026-02-10T22:47:20Z,2026-02-10 14:47:44
Bovada,player_assists,De'Aaron Fox,Over,5.5,-150,2026-02-11,2026-02-10T22:47:38Z,2026-02-10 14:47:44
Bovada,player_assists,De'Aaron Fox,Under,5.5,115,2026-02-11,2026-02-10T22:47:38Z,2026-02-10 14:47:44
Bovada,player_assists,De'Aaron Fox,Over,6.5,125,2026-02-11,2026-02-10T22:47:38Z,2026-02-10 14:47:44
Bovada,player_assists,De'Aaron Fox,Under,6.5,-165,2026-02-11,2026-02-10T22:47:38Z,2026-02-10 14:47:44
Bovada,player_assists,Dylan Harper,Over,2.5,-220,2026-02-11,2026-02-10T22:47:38Z,2026-02-10 14:47:44
Bovada,player_assists,Dylan Harper,Under,2.5,165,2026-02-11,2026-02-10T22:47:38Z,2026-02-10 14:47:44
Bovada,player_assists,Dylan Harper,Over,3.5,110,2026-02-11,2026-02-10T22:47:38Z,2026-02-10 14:47:44
Bovada,player_assists,Dylan Harper,Under,3.5,-145,2026-02-11,2026-02-10T22:47:38Z,2026-02-10 14:47:44
Bovada,player_assists,Stephon Castle,Over,6.5,-170,2026-02-11,2026-02-10T22:47:38Z,2026-02-10 14:47:44
Bovada,player_assists,Stephon Castle,Under,6.5,130,2026-02-11,2026-02-10T22:47:38Z,2026-02-10 14:47:44
Bovada,player_assists,Stephon Castle,Over,7.5,105,2026-02-11,2026-02-10T22:47:38Z,2026-02-10 14:47:44
Bovada,player_assists,Stephon Castle,Under,7.5,-135,2026-02-11,2026-02-10T22:47:38Z,2026-02-10 14:47:44
Bovada,player_assists,Stephon Castle,Over,8.5,180,2026-02-11,2026-02-10T22:47:38Z,2026-02-10 14:47:44
Bovada,player_assists,Stephon Castle,Under,8.5,-245,2026-02-11,2026-02-10T22:47:38Z,2026-02-10 14:47:44
Bovada,player_assists,Victor Wembanyama,Over,2.5,-150,2026-02-11,2026-02-10T22:47:38Z,2026-02-10 14:47:44
Bovada,player_assists,Victor Wembanyama,Under,2.5,115,2026-02-11,2026-02-10T22:47:38Z,2026-02-10 14:47:44
Bovada,player_assists,Victor Wembanyama,Over,3.5,160,2026-02-11,2026-02-10T22:47:38Z,2026-02-10 14:47:44
Bovada,player_assists,Victor Wembanyama,Under,3.5,-215,2026-02-11,2026-02-10T22:47:38Z,2026-02-10 14:47:44
FanDuel,player_threes,Jay Huff,Over,1.5,-118,2026-02-11,2026-02-10T22:46:47Z,2026-02-10 14:47:44
FanDuel,player_threes,Jay Huff,Under,1.5,-108,2026-02-11,2026-02-10T22:46:47Z,2026-02-10 14:47:44
FanDuel,player_threes,Karl-Anthony Towns,Over,1.5,126,2026-02-11,2026-02-10T22:46:47Z,2026-02-10 14:47:44
FanDuel,player_threes,Karl-Anthony Towns,Under,1.5,-162,2026-02-11,2026-02-10T22:46:47Z,2026-02-10 14:47:44
FanDuel,player_threes,Landry Shamet,Over,1.5,-146,2026-02-11,2026-02-10T22:46:47Z,2026-02-10 14:47:44
FanDuel,player_threes,Landry Shamet,Under,1.5,114,2026-02-11,2026-02-10T22:46:47Z,2026-02-10 14:47:44
FanDuel,player_threes,Jalen Brunson,Over,2.5,-115,2026-02-11,2026-02-10T22:46:47Z,2026-02-10 14:47:44
FanDuel,player_threes,Jalen Brunson,Under,2.5,-111,2026-02-11,2026-02-10T22:46:47Z,2026-02-10 14:47:44
FanDuel,player_threes,Ben Sheppard,Over,1.5,-125,2026-02-11,2026-02-10T22:46:47Z,2026-02-10 14:47:44
FanDuel,player_threes,Ben Sheppard,Under,1.5,-102,2026-02-11,2026-02-10T22:46:47Z,2026-02-10 14:47:44
FanDuel,player_threes,Aaron Nesmith,Over,2.5,114,2026-02-11,2026-02-10T22:46:47Z,2026-02-10 14:47:44
FanDuel,player_threes,Aaron Nesmith,Under,2.5,-146,2026-02-11,2026-02-10T22:46:47Z,2026-02-10 14:47:44
FanDuel,player_threes,OG Anunoby,Over,1.5,-146,2026-02-11,2026-02-10T22:46:47Z,2026-02-10 14:47:44
FanDuel,player_threes,OG Anunoby,Under,1.5,114,2026-02-11,2026-02-10T22:46:47Z,2026-02-10 14:47:44
FanDuel,player_threes,Andrew Nembhard,Over,1.5,-170,2026-02-11,2026-02-10T22:46:47Z,2026-02-10 14:47:44
FanDuel,player_threes,Andrew Nembhard,Under,1.5,132,2026-02-11,2026-02-10T22:46:47Z,2026-02-10 14:47:44
FanDuel,player_threes,Pascal Siakam,Over,1.5,-122,2026-02-11,2026-02-10T22:46:47Z,2026-02-10 14:47:44
FanDuel,player_threes,Pascal Siakam,Under,1.5,-104,2026-02-11,2026-02-10T22:46:47Z,2026-02-10 14:47:44
FanDuel,player_threes,Mikal Bridges,Over,1.5,-158,2026-02-11,2026-02-10T22:46:47Z,2026-02-10 14:47:44
FanDuel,player_threes,Mikal Bridges,Under,1.5,124,2026-02-11,2026-02-10T22:46:47Z,2026-02-10 14:47:44
FanDuel,player_threes,Brook Lopez,Over,1.5,-128,2026-02-11,2026-02-10T22:47:01Z,2026-02-10 14:47:44
FanDuel,player_threes,Brook Lopez,Under,1.5,100,2026-02-11,2026-02-10T22:47:01Z,2026-02-10 14:47:44
FanDuel,player_threes,Kevin Durant,Over,2.5,116,2026-02-11,2026-02-10T22:47:01Z,2026-02-10 14:47:44
FanDuel,player_threes,Kevin Durant,Under,2.5,-148,2026-02-11,2026-02-10T22:47:01Z,2026-02-10 14:47:44
FanDuel,player_threes,Reed Sheppard,Over,2.5,138,2026-02-11,2026-02-10T22:47:01Z,2026-02-10 14:47:44
FanDuel,player_threes,Reed Sheppard,Under,2.5,-178,2026-02-11,2026-02-10T22:47:01Z,2026-02-10 14:47:44
FanDuel,player_threes,Tari Eason,Over,1.5,-180,2026-02-11,2026-02-10T22:47:01Z,2026-02-10 14:47:44
FanDuel,player_threes,Tari Eason,Under,1.5,140,2026-02-11,2026-02-10T22:47:01Z,2026-02-10 14:47:44
FanDuel,player_threes,John Collins,Over,1.5,180,2026-02-11,2026-02-10T22:47:01Z,2026-02-10 14:47:44
FanDuel,player_threes,John Collins,Under,1.5,-235,2026-02-11,2026-02-10T22:47:01Z,2026-02-10 14:47:44
FanDuel,player_threes,Jabari Smith Jr,Over,1.5,-186,2026-02-11,2026-02-10T22:47:01Z,2026-02-10 14:47:44
FanDuel,player_threes,Jabari Smith Jr,Under,1.5,144,2026-02-11,2026-02-10T22:47:01Z,2026-02-10 14:47:44
FanDuel,player_threes,Kawhi Leonard,Over,2.5,-113,2026-02-11,2026-02-10T22:47:01Z,2026-02-10 14:47:44
FanDuel,player_threes,Kawhi Leonard,Under,2.5,-113,2026-02-11,2026-02-10T22:47:01Z,2026-02-10 14:47:44
FanDuel,player_threes,Kris Dunn,Over,1.5,150,2026-02-11,2026-02-10T22:47:01Z,2026-02-10 14:47:44
FanDuel,player_threes,Kris Dunn,Under,1.5,-194,2026-02-11,2026-02-10T22:47:01Z,2026-02-10 14:47:44
FanDuel,player_threes,Dillon Brooks,Over,2.5,112,2026-02-11,2026-02-10T22:47:39Z,2026-02-10 14:47:44
FanDuel,player_threes,Dillon Brooks,Under,2.5,-142,2026-02-11,2026-02-10T22:47:39Z,2026-02-10 14:47:44
FanDuel,player_threes,Jalen Green,Over,1.5,-120,2026-02-11,2026-02-10T22:47:39Z,2026-02-10 14:47:44
FanDuel,player_threes,Jalen Green,Under,1.5,-106,2026-02-11,2026-02-10T22:47:39Z,2026-02-10 14:47:44
FanDuel,player_threes,Max Christie,Over,2.5,122,2026-02-11,2026-02-10T22:47:39Z,2026-02-10 14:47:44
FanDuel,player_threes,Max Christie,Under,2.5,-156,2026-02-11,2026-02-10T22:47:39Z,2026-02-10 14:47:44
FanDuel,player_threes,Naji Marshall,Over,1.5,200,2026-02-11,2026-02-10T22:47:39Z,2026-02-10 14:47:44
FanDuel,player_threes,Naji Marshall,Under,1.5,-265,2026-02-11,2026-02-10T22:47:39Z,2026-02-10 14:47:44
FanDuel,player_threes,Royce O'Neale,Over,2.5,124,2026-02-11,2026-02-10T22:47:39Z,2026-02-10 14:47:44
FanDuel,player_threes,Royce O'Neale,Under,2.5,-160,2026-02-11,2026-02-10T22:47:39Z,2026-02-10 14:47:44
FanDuel,player_threes,Cooper Flagg,Over,1.5,144,2026-02-11,2026-02-10T22:47:39Z,2026-02-10 14:47:44
FanDuel,player_threes,Cooper Flagg,Under,1.5,-186,2026-02-11,2026-02-10T22:47:39Z,2026-02-10 14:47:44
FanDuel,player_threes,Klay Thompson,Over,1.5,-166,2026-02-11,2026-02-10T22:47:39Z,2026-02-10 14:47:44
FanDuel,player_threes,Klay Thompson,Under,1.5,130,2026-02-11,2026-02-10T22:47:39Z,2026-02-10 14:47:44
FanDuel,player_threes,Devin Booker,Over,1.5,-106,2026-02-11,2026-02-10T22:47:39Z,2026-02-10 14:47:44
FanDuel,player_threes,Devin Booker,Under,1.5,-120,2026-02-11,2026-02-10T22:47:39Z,2026-02-10 14:47:44
FanDuel,player_threes,Collin Gillespie,Over,2.5,-154,2026-02-11,2026-02-10T22:47:39Z,2026-02-10 14:47:44
FanDuel,player_threes,Collin Gillespie,Under,2.5,120,2026-02-11,2026-02-10T22:47:39Z,2026-02-10 14:47:44
FanDuel,player_threes,Jordan Goodwin,Over,1.5,120,2026-02-11,2026-02-10T22:47:39Z,2026-02-10 14:47:44
FanDuel,player_threes,Jordan Goodwin,Under,1.5,-154,2026-02-11,2026-02-10T22:47:39Z,2026-02-10 14:47:44
FanDuel,player_threes,Dalton Knecht,Over,1.5,100,2026-02-11,2026-02-10T22:47:19Z,2026-02-10 14:47:44
FanDuel,player_threes,Dalton Knecht,Under,1.5,-132,2026-02-11,2026-02-10T22:47:19Z,2026-02-10 14:47:44
FanDuel,player_threes,Jake LaRavia,Over,1.5,-130,2026-02-11,2026-02-10T22:47:19Z,2026-02-10 14:47:44
FanDuel,player_threes,Jake LaRavia,Under,1.5,-102,2026-02-11,2026-02-10T22:47:19Z,2026-02-10 14:47:44
FanDuel,player_threes,Harrison Barnes,Over,1.5,-112,2026-02-11,2026-02-10T22:47:19Z,2026-02-10 14:47:44
FanDuel,player_threes,Harrison Barnes,Under,1.5,-118,2026-02-11,2026-02-10T22:47:19Z,2026-02-10 14:47:44
FanDuel,player_threes,Julian Champagnie,Over,2.5,114,2026-02-11,2026-02-10T22:47:19Z,2026-02-10 14:47:44
FanDuel,player_threes,Julian Champagnie,Under,2.5,-152,2026-02-11,2026-02-10T22:47:19Z,2026-02-10 14:47:44
FanDuel,player_threes,De'Aaron Fox,Over,1.5,-132,2026-02-11,2026-02-10T22:47:19Z,2026-02-10 14:47:44
FanDuel,player_threes,De'Aaron Fox,Under,1.5,100,2026-02-11,2026-02-10T22:47:19Z,2026-02-10 14:47:44
FanDuel,player_threes,Keldon Johnson,Over,1.5,188,2026-02-11,2026-02-10T22:47:19Z,2026-02-10 14:47:44
FanDuel,player_threes,Keldon Johnson,Under,1.5,-260,2026-02-11,2026-02-10T22:47:19Z,2026-02-10 14:47:44
FanDuel,player_threes,Victor Wembanyama,Over,1.5,-136,2026-02-11,2026-02-10T22:47:19Z,2026-02-10 14:47:44
FanDuel,player_threes,Victor Wembanyama,Under,1.5,102,2026-02-11,2026-02-10T22:47:19Z,2026-02-10 14:47:44
FanDuel,player_threes,Devin Vassell,Over,1.5,-192,2026-02-11,2026-02-10T22:47:19Z,2026-02-10 14:47:44
FanDuel,player_threes,Devin Vassell,Under,1.5,142,2026-02-11,2026-02-10T22:47:19Z,2026-02-10 14:47:44
FanDuel,player_threes,Bobby Portis,Over,1.5,126,2026-02-12,2026-02-10T22:46:58Z,2026-02-10 14:47:44
FanDuel,player_threes,Bobby Portis,Under,1.5,-172,2026-02-12,2026-02-10T22:46:58Z,2026-02-10 14:47:44
FanDuel,player_threes,Paolo Banchero,Over,1.5,162,2026-02-12,2026-02-10T22:46:58Z,2026-02-10 14:47:44
FanDuel,player_threes,Paolo Banchero,Under,1.5,-220,2026-02-12,2026-02-10T22:46:58Z,2026-02-10 14:47:44
FanDuel,player_threes,Desmond Bane,Over,2.5,158,2026-02-12,2026-02-10T22:46:58Z,2026-02-10 14:47:44
FanDuel,player_threes,Desmond Bane,Under,2.5,-215,2026-02-12,2026-02-10T22:46:58Z,2026-02-10 14:47:44
FanDuel,player_threes,Anthony Black,Over,1.5,-138,2026-02-12,2026-02-10T22:46:58Z,2026-02-10 14:47:44
FanDuel,player_threes,Anthony Black,Under,1.5,104,2026-02-12,2026-02-10T22:46:58Z,2026-02-10 14:47:44
FanDuel,player_threes,Ryan Rollins,Over,2.5,132,2026-02-12,2026-02-10T22:46:58Z,2026-02-10 14:47:44
FanDuel,player_threes,Ryan Rollins,Under,2.5,-178,2026-02-12,2026-02-10T22:46:58Z,2026-02-10 14:47:44
FanDuel,player_threes,Kevin Porter Jr.,Over,1.5,110,2026-02-12,2026-02-10T22:46:58Z,2026-02-10 14:47:44
FanDuel,player_threes,Kevin Porter Jr.,Under,1.5,-146,2026-02-12,2026-02-10T22:46:58Z,2026-02-10 14:47:44
FanDuel,player_threes,Franz Wagner,Over,1.5,178,2026-02-12,2026-02-10T22:46:58Z,2026-02-10 14:47:44
FanDuel,player_threes,Franz Wagner,Under,1.5,-245,2026-02-12,2026-02-10T22:46:58Z,2026-02-10 14:47:44
FanDuel,player_threes,Myles Turner,Over,1.5,-146,2026-02-12,2026-02-10T22:46:58Z,2026-02-10 14:47:44
FanDuel,player_threes,Myles Turner,Under,1.5,110,2026-02-12,2026-02-10T22:46:58Z,2026-02-10 14:47:44
FanDuel,player_threes,Jalen Suggs,Over,2.5,154,2026-02-12,2026-02-10T22:46:58Z,2026-02-10 14:47:44
FanDuel,player_threes,Jalen Suggs,Under,2.5,-210,2026-02-12,2026-02-10T22:46:58Z,2026-02-10 14:47:44
FanDuel,player_threes,A.J. Green,Over,2.5,-140,2026-02-12,2026-02-10T22:46:58Z,2026-02-10 14:47:44
FanDuel,player_threes,A.J. Green,Under,2.5,106,2026-02-12,2026-02-10T22:46:58Z,2026-02-10 14:47:44
FanDuel,player_threes,Jalen Williams,Over,1.5,194,2026-02-12,2026-02-10T22:48:18Z,2026-02-10 14:47:44
FanDuel,player_threes,Jalen Williams,Under,1.5,-270,2026-02-12,2026-02-10T22:48:18Z,2026-02-10 14:47:44
FanDuel,player_threes,Cason Wallace,Over,1.5,118,2026-02-12,2026-02-10T22:48:18Z,2026-02-10 14:47:44
FanDuel,player_threes,Cason Wallace,Under,1.5,-158,2026-02-12,2026-02-10T22:48:18Z,2026-02-10 14:47:44
FanDuel,player_threes,Luguentz Dort,Over,1.5,-158,2026-02-12,2026-02-10T22:48:18Z,2026-02-10 14:47:44
FanDuel,player_threes,Luguentz Dort,Under,1.5,118,2026-02-12,2026-02-10T22:48:18Z,2026-02-10 14:47:44
FanDuel,player_threes,Chet Holmgren,Over,1.5,162,2026-02-12,2026-02-10T22:48:18Z,2026-02-10 14:47:44
FanDuel,player_threes,Chet Holmgren,Under,1.5,-220,2026-02-12,2026-02-10T22:48:18Z,2026-02-10 14:47:44
DraftKings,player_threes,Jalen Brunson,Over,2.5,-115,2026-02-11,2026-02-10T22:46:45Z,2026-02-10 14:47:44
DraftKings,player_threes,Jalen Brunson,Under,2.5,-115,2026-02-11,2026-02-10T22:46:45Z,2026-02-10 14:47:44
DraftKings,player_threes,Aaron Nesmith,Over,2.5,107,2026-02-11,2026-02-10T22:46:45Z,2026-02-10 14:47:44
DraftKings,player_threes,Aaron Nesmith,Under,2.5,-140,2026-02-11,2026-02-10T22:46:45Z,2026-02-10 14:47:44
DraftKings,player_threes,Andrew Nembhard,Over,1.5,-173,2026-02-11,2026-02-10T22:46:45Z,2026-02-10 14:47:44
DraftKings,player_threes,Andrew Nembhard,Under,1.5,131,2026-02-11,2026-02-10T22:46:45Z,2026-02-10 14:47:44
DraftKings,player_threes,Landry Shamet,Over,1.5,-156,2026-02-11,2026-02-10T22:46:45Z,2026-02-10 14:47:44
DraftKings,player_threes,Landry Shamet,Under,1.5,118,2026-02-11,2026-02-10T22:46:45Z,2026-02-10 14:47:44
DraftKings,player_threes,Mikal Bridges,Over,1.5,-144,2026-02-11,2026-02-10T22:46:45Z,2026-02-10 14:47:44
DraftKings,player_threes,Mikal Bridges,Under,1.5,109,2026-02-11,2026-02-10T22:46:45Z,2026-02-10 14:47:44
DraftKings,player_threes,OG Anunoby,Over,1.5,-141,2026-02-11,2026-02-10T22:46:45Z,2026-02-10 14:47:44
DraftKings,player_threes,OG Anunoby,Under,1.5,107,2026-02-11,2026-02-10T22:46:45Z,2026-02-10 14:47:44
DraftKings,player_threes,Pascal Siakam,Over,1.5,-132,2026-02-11,2026-02-10T22:46:45Z,2026-02-10 14:47:44
DraftKings,player_threes,Pascal Siakam,Under,1.5,100,2026-02-11,2026-02-10T22:46:45Z,2026-02-10 14:47:44
DraftKings,player_threes,Ben Sheppard,Over,1.5,-121,2026-02-11,2026-02-10T22:46:45Z,2026-02-10 14:47:44
DraftKings,player_threes,Ben Sheppard,Under,1.5,-109,2026-02-11,2026-02-10T22:46:45Z,2026-02-10 14:47:44
DraftKings,player_threes,Jay Huff,Over,1.5,-113,2026-02-11,2026-02-10T22:46:45Z,2026-02-10 14:47:44
DraftKings,player_threes,Jay Huff,Under,1.5,-116,2026-02-11,2026-02-10T22:46:45Z,2026-02-10 14:47:44
DraftKings,player_threes,Karl-Anthony Towns,Over,1.5,123,2026-02-11,2026-02-10T22:46:45Z,2026-02-10 14:47:44
DraftKings,player_threes,Karl-Anthony Towns,Under,1.5,-163,2026-02-11,2026-02-10T22:46:45Z,2026-02-10 14:47:44
DraftKings,player_threes,Kawhi Leonard,Over,2.5,-113,2026-02-11,2026-02-10T22:47:10Z,2026-02-10 14:47:44
DraftKings,player_threes,Kawhi Leonard,Under,2.5,-116,2026-02-11,2026-02-10T22:47:10Z,2026-02-10 14:47:44
DraftKings,player_threes,Kevin Durant,Over,2.5,116,2026-02-11,2026-02-10T22:47:10Z,2026-02-10 14:47:44
DraftKings,player_threes,Kevin Durant,Under,2.5,-153,2026-02-11,2026-02-10T22:47:10Z,2026-02-10 14:47:44
DraftKings,player_threes,Reed Sheppard,Over,2.5,117,2026-02-11,2026-02-10T22:47:10Z,2026-02-10 14:47:44
DraftKings,player_threes,Reed Sheppard,Under,2.5,-154,2026-02-11,2026-02-10T22:47:10Z,2026-02-10 14:47:44
DraftKings,player_threes,Jabari Smith Jr,Over,1.5,-194,2026-02-11,2026-02-10T22:47:10Z,2026-02-10 14:47:44
DraftKings,player_threes,Jabari Smith Jr,Under,1.5,146,2026-02-11,2026-02-10T22:47:10Z,2026-02-10 14:47:44
DraftKings,player_threes,Tari Eason,Over,1.5,-170,2026-02-11,2026-02-10T22:47:10Z,2026-02-10 14:47:44
DraftKings,player_threes,Tari Eason,Under,1.5,129,2026-02-11,2026-02-10T22:47:10Z,2026-02-10 14:47:44
DraftKings,player_threes,Brook Lopez,Over,1.5,-133,2026-02-11,2026-02-10T22:47:10Z,2026-02-10 14:47:44
DraftKings,player_threes,Brook Lopez,Under,1.5,101,2026-02-11,2026-02-10T22:47:10Z,2026-02-10 14:47:44
DraftKings,player_threes,Kris Dunn,Over,1.5,144,2026-02-11,2026-02-10T22:47:10Z,2026-02-10 14:47:44
DraftKings,player_threes,Kris Dunn,Under,1.5,-191,2026-02-11,2026-02-10T22:47:10Z,2026-02-10 14:47:44
DraftKings,player_threes,John Collins,Over,1.5,154,2026-02-11,2026-02-10T22:47:10Z,2026-02-10 14:47:44
DraftKings,player_threes,John Collins,Under,1.5,-204,2026-02-11,2026-02-10T22:47:10Z,2026-02-10 14:47:44
DraftKings,player_threes,Collin Gillespie,Over,2.5,-131,2026-02-11,2026-02-10T22:47:24Z,2026-02-10 14:47:44
DraftKings,player_threes,Collin Gillespie,Under,2.5,-101,2026-02-11,2026-02-10T22:47:24Z,2026-02-10 14:47:44
DraftKings,player_threes,Royce O'Neale,Over,2.5,107,2026-02-11,2026-02-10T22:47:24Z,2026-02-10 14:47:44
DraftKings,player_threes,Royce O'Neale,Under,2.5,-142,2026-02-11,2026-02-10T22:47:24Z,2026-02-10 14:47:44
DraftKings,player_threes,Dillon Brooks,Over,2.5,112,2026-02-11,2026-02-10T22:47:24Z,2026-02-10 14:47:44
DraftKings,player_threes,Dillon Brooks,Under,2.5,-148,2026-02-11,2026-02-10T22:47:24Z,2026-02-10 14:47:44
DraftKings,player_threes,Max Christie,Over,2.5,114,2026-02-11,2026-02-10T22:47:24Z,2026-02-10 14:47:44
DraftKings,player_threes,Max Christie,Under,2.5,-151,2026-02-11,2026-02-10T22:47:24Z,2026-02-10 14:47:44
DraftKings,player_threes,Devin Booker,Over,1.5,-118,2026-02-11,2026-02-10T22:47:24Z,2026-02-10 14:47:44
DraftKings,player_threes,Devin Booker,Under,1.5,-112,2026-02-11,2026-02-10T22:47:24Z,2026-02-10 14:47:44
DraftKings,player_threes,Jalen Green,Over,1.5,-113,2026-02-11,2026-02-10T22:47:24Z,2026-02-10 14:47:44
DraftKings,player_threes,Jalen Green,Under,1.5,-117,2026-02-11,2026-02-10T22:47:24Z,2026-02-10 14:47:44
DraftKings,player_threes,Cooper Flagg,Over,1.5,119,2026-02-11,2026-02-10T22:47:24Z,2026-02-10 14:47:44
DraftKings,player_threes,Cooper Flagg,Under,1.5,-157,2026-02-11,2026-02-10T22:47:24Z,2026-02-10 14:47:44
DraftKings,player_threes,Jordan Goodwin,Over,1.5,120,2026-02-11,2026-02-10T22:47:24Z,2026-02-10 14:47:44
DraftKings,player_threes,Jordan Goodwin,Under,1.5,-159,2026-02-11,2026-02-10T22:47:24Z,2026-02-10 14:47:44
DraftKings,player_threes,Naji Marshall,Over,0.5,-185,2026-02-11,2026-02-10T22:47:24Z,2026-02-10 14:47:44
DraftKings,player_threes,Naji Marshall,Under,0.5,140,2026-02-11,2026-02-10T22:47:24Z,2026-02-10 14:47:44
DraftKings,player_threes,Julian Champagnie,Over,2.5,115,2026-02-11,2026-02-10T22:47:41Z,2026-02-10 14:47:44
DraftKings,player_threes,Julian Champagnie,Under,2.5,-151,2026-02-11,2026-02-10T22:47:41Z,2026-02-10 14:47:44
DraftKings,player_threes,Rui Hachimura,Over,2.5,140,2026-02-11,2026-02-10T22:47:41Z,2026-02-10 14:47:44
DraftKings,player_threes,Rui Hachimura,Under,2.5,-185,2026-02-11,2026-02-10T22:47:41Z,2026-02-10 14:47:44
DraftKings,player_threes,Devin Vassell,Over,1.5,-189,2026-02-11,2026-02-10T22:47:41Z,2026-02-10 14:47:44
DraftKings,player_threes,Devin Vassell,Under,1.5,143,2026-02-11,2026-02-10T22:47:41Z,2026-02-10 14:47:44
DraftKings,player_threes,De'Aaron Fox,Over,1.5,-135,2026-02-11,2026-02-10T22:47:41Z,2026-02-10 14:47:44
DraftKings,player_threes,De'Aaron Fox,Under,1.5,103,2026-02-11,2026-02-10T22:47:41Z,2026-02-10 14:47:44
DraftKings,player_threes,Jake LaRavia,Over,1.5,-133,2026-02-11,2026-02-10T22:47:41Z,2026-02-10 14:47:44
DraftKings,player_threes,Jake LaRavia,Under,1.5,101,2026-02-11,2026-02-10T22:47:41Z,2026-02-10 14:47:44
DraftKings,player_threes,Victor Wembanyama,Over,1.5,-125,2026-02-11,2026-02-10T22:47:41Z,2026-02-10 14:47:44
DraftKings,player_threes,Victor Wembanyama,Under,1.5,-105,2026-02-11,2026-02-10T22:47:41Z,2026-02-10 14:47:44
DraftKings,player_threes,Harrison Barnes,Over,1.5,101,2026-02-11,2026-02-10T22:47:41Z,2026-02-10 14:47:44
DraftKings,player_threes,Harrison Barnes,Under,1.5,-133,2026-02-11,2026-02-10T22:47:41Z,2026-02-10 14:47:44
DraftKings,player_threes,Keldon Johnson,Over,1.5,171,2026-02-11,2026-02-10T22:47:41Z,2026-02-10 14:47:44
DraftKings,player_threes,Keldon Johnson,Under,1.5,-229,2026-02-11,2026-02-10T22:47:41Z,2026-02-10 14:47:44
BetOnline.ag,player_threes,Jalen Brunson,Over,2.5,-114,2026-02-11,2026-02-10T22:46:54Z,2026-02-10 14:47:44
BetOnline.ag,player_threes,Jalen Brunson,Under,2.5,-114,2026-02-11,2026-02-10T22:46:54Z,2026-02-10 14:47:44
BetOnline.ag,player_threes,Andrew Nembhard,Over,1.5,-169,2026-02-11,2026-02-10T22:46:54Z,2026-02-10 14:47:44
BetOnline.ag,player_threes,Andrew Nembhard,Under,1.5,130,2026-02-11,2026-02-10T22:46:54Z,2026-02-10 14:47:44
BetOnline.ag,player_threes,Aaron Nesmith,Over,2.5,109,2026-02-11,2026-02-10T22:46:54Z,2026-02-10 14:47:44
BetOnline.ag,player_threes,Aaron Nesmith,Under,2.5,-141,2026-02-11,2026-02-10T22:46:54Z,2026-02-10 14:47:44
BetOnline.ag,player_threes,Karl-Anthony Towns,Over,1.5,124,2026-02-11,2026-02-10T22:46:54Z,2026-02-10 14:47:44
BetOnline.ag,player_threes,Karl-Anthony Towns,Under,1.5,-161,2026-02-11,2026-02-10T22:46:54Z,2026-02-10 14:47:44
BetOnline.ag,player_threes,Pascal Siakam,Over,1.5,-125,2026-02-11,2026-02-10T22:46:54Z,2026-02-10 14:47:44
BetOnline.ag,player_threes,Pascal Siakam,Under,1.5,-103,2026-02-11,2026-02-10T22:46:54Z,2026-02-10 14:47:44
BetOnline.ag,player_threes,Mikal Bridges,Over,1.5,-147,2026-02-11,2026-02-10T22:46:54Z,2026-02-10 14:47:44
BetOnline.ag,player_threes,Mikal Bridges,Under,1.5,113,2026-02-11,2026-02-10T22:46:54Z,2026-02-10 14:47:44
BetOnline.ag,player_threes,Landry Shamet,Over,1.5,-149,2026-02-11,2026-02-10T22:46:54Z,2026-02-10 14:47:44
BetOnline.ag,player_threes,Landry Shamet,Under,1.5,115,2026-02-11,2026-02-10T22:46:54Z,2026-02-10 14:47:44
BetOnline.ag,player_threes,OG Anunoby,Over,1.5,-145,2026-02-11,2026-02-10T22:46:54Z,2026-02-10 14:47:44
BetOnline.ag,player_threes,OG Anunoby,Under,1.5,112,2026-02-11,2026-02-10T22:46:54Z,2026-02-10 14:47:44
BetOnline.ag,player_threes,Josh Hart,Over,1.5,155,2026-02-11,2026-02-10T22:46:54Z,2026-02-10 14:47:44
BetOnline.ag,player_threes,Josh Hart,Under,1.5,-204,2026-02-11,2026-02-10T22:46:54Z,2026-02-10 14:47:44
BetOnline.ag,player_threes,Jay Huff,Over,1.5,-120,2026-02-11,2026-02-10T22:46:54Z,2026-02-10 14:47:44
BetOnline.ag,player_threes,Jay Huff,Under,1.5,-108,2026-02-11,2026-02-10T22:46:54Z,2026-02-10 14:47:44
BetOnline.ag,player_threes,Ben Sheppard,Over,1.5,-120,2026-02-11,2026-02-10T22:46:54Z,2026-02-10 14:47:44
BetOnline.ag,player_threes,Ben Sheppard,Under,1.5,-108,2026-02-11,2026-02-10T22:46:54Z,2026-02-10 14:47:44
BetOnline.ag,player_threes,Kawhi Leonard,Over,2.5,-109,2026-02-11,2026-02-10T22:47:08Z,2026-02-10 14:47:44
BetOnline.ag,player_threes,Kawhi Leonard,Under,2.5,-119,2026-02-11,2026-02-10T22:47:08Z,2026-02-10 14:47:44
BetOnline.ag,player_threes,Reed Sheppard,Over,2.5,124,2026-02-11,2026-02-10T22:47:08Z,2026-02-10 14:47:44
BetOnline.ag,player_threes,Reed Sheppard,Under,2.5,-161,2026-02-11,2026-02-10T22:47:08Z,2026-02-10 14:47:44
BetOnline.ag,player_threes,Kris Dunn,Over,1.5,150,2026-02-11,2026-02-10T22:47:08Z,2026-02-10 14:47:44
BetOnline.ag,player_threes,Kris Dunn,Under,1.5,-196,2026-02-11,2026-02-10T22:47:08Z,2026-02-10 14:47:44
BetOnline.ag,player_threes,Kevin Durant,Over,2.5,117,2026-02-11,2026-02-10T22:47:08Z,2026-02-10 14:47:44
BetOnline.ag,player_threes,Kevin Durant,Under,2.5,-152,2026-02-11,2026-02-10T22:47:08Z,2026-02-10 14:47:44
BetOnline.ag,player_threes,John Collins,Over,1.5,158,2026-02-11,2026-02-10T22:47:08Z,2026-02-10 14:47:44
BetOnline.ag,player_threes,John Collins,Under,1.5,-208,2026-02-11,2026-02-10T22:47:08Z,2026-02-10 14:47:44
BetOnline.ag,player_threes,Tari Eason,Over,1.5,-172,2026-02-11,2026-02-10T22:47:08Z,2026-02-10 14:47:44
BetOnline.ag,player_threes,Tari Eason,Under,1.5,133,2026-02-11,2026-02-10T22:47:08Z,2026-02-10 14:47:44
BetOnline.ag,player_threes,Jabari Smith Jr,Over,1.5,-192,2026-02-11,2026-02-10T22:47:08Z,2026-02-10 14:47:44
BetOnline.ag,player_threes,Jabari Smith Jr,Under,1.5,145,2026-02-11,2026-02-10T22:47:08Z,2026-02-10 14:47:44
BetOnline.ag,player_threes,Brook Lopez,Over,1.5,-128,2026-02-11,2026-02-10T22:47:08Z,2026-02-10 14:47:44
BetOnline.ag,player_threes,Brook Lopez,Under,1.5,-101,2026-02-11,2026-02-10T22:47:08Z,2026-02-10 14:47:44
BetOnline.ag,player_threes,Devin Booker,Over,1.5,-114,2026-02-11,2026-02-10T22:46:51Z,2026-02-10 14:47:44
BetOnline.ag,player_threes,Devin Booker,Under,1.5,-114,2026-02-11,2026-02-10T22:46:51Z,2026-02-10 14:47:44
BetOnline.ag,player_threes,Jordan Goodwin,Over,1.5,120,2026-02-11,2026-02-10T22:46:51Z,2026-02-10 14:47:44
BetOnline.ag,player_threes,Jordan Goodwin,Under,1.5,-156,2026-02-11,2026-02-10T22:46:51Z,2026-02-10 14:47:44
BetOnline.ag,player_threes,Royce O'Neale,Over,2.5,100,2026-02-11,2026-02-10T22:46:51Z,2026-02-10 14:47:44
BetOnline.ag,player_threes,Royce O'Neale,Under,2.5,-130,2026-02-11,2026-02-10T22:46:51Z,2026-02-10 14:47:44
BetOnline.ag,player_threes,Naji Marshall,Over,0.5,-185,2026-02-11,2026-02-10T22:46:51Z,2026-02-10 14:47:44
BetOnline.ag,player_threes,Naji Marshall,Under,0.5,140,2026-02-11,2026-02-10T22:46:51Z,2026-02-10 14:47:44
BetOnline.ag,player_threes,Collin Gillespie,Over,2.5,-139,2026-02-11,2026-02-10T22:46:51Z,2026-02-10 14:47:44
BetOnline.ag,player_threes,Collin Gillespie,Under,2.5,107,2026-02-11,2026-02-10T22:46:51Z,2026-02-10 14:47:44
BetOnline.ag,player_threes,Max Christie,Over,2.5,118,2026-02-11,2026-02-10T22:46:51Z,2026-02-10 14:47:44
BetOnline.ag,player_threes,Max Christie,Under,2.5,-154,2026-02-11,2026-02-10T22:46:51Z,2026-02-10 14:47:44
BetOnline.ag,player_threes,Dillon Brooks,Over,2.5,113,2026-02-11,2026-02-10T22:46:51Z,2026-02-10 14:47:44
BetOnline.ag,player_threes,Dillon Brooks,Under,2.5,-147,2026-02-11,2026-02-10T22:46:51Z,2026-02-10 14:47:44
BetOnline.ag,player_threes,Jalen Green,Over,1.5,-114,2026-02-11,2026-02-10T22:46:51Z,2026-02-10 14:47:44
BetOnline.ag,player_threes,Jalen Green,Under,1.5,-114,2026-02-11,2026-02-10T22:46:51Z,2026-02-10 14:47:44
BetOnline.ag,player_threes,Cooper Flagg,Over,1.5,130,2026-02-11,2026-02-10T22:46:51Z,2026-02-10 14:47:44
BetOnline.ag,player_threes,Cooper Flagg,Under,1.5,-169,2026-02-11,2026-02-10T22:46:51Z,2026-02-10 14:47:44
BetOnline.ag,player_threes,Klay Thompson,Over,1.5,-169,2026-02-11,2026-02-10T22:46:51Z,2026-02-10 14:47:44
BetOnline.ag,player_threes,Klay Thompson,Under,1.5,130,2026-02-11,2026-02-10T22:46:51Z,2026-02-10 14:47:44
BetOnline.ag,player_threes,P.J. Washington,Over,1.5,174,2026-02-11,2026-02-10T22:46:51Z,2026-02-10 14:47:44
BetOnline.ag,player_threes,P.J. Washington,Under,1.5,-233,2026-02-11,2026-02-10T22:46:51Z,2026-02-10 14:47:44
BetOnline.ag,player_threes,Caleb Martin,Over,0.5,109,2026-02-11,2026-02-10T22:46:51Z,2026-02-10 14:47:44
BetOnline.ag,player_threes,Caleb Martin,Under,0.5,-141,2026-02-11,2026-02-10T22:46:51Z,2026-02-10 14:47:44
BetOnline.ag,player_threes,Devin Vassell,Over,1.5,-185,2026-02-11,2026-02-10T22:47:39Z,2026-02-10 14:47:44
BetOnline.ag,player_threes,Devin Vassell,Under,1.5,140,2026-02-11,2026-02-10T22:47:39Z,2026-02-10 14:47:44
BetOnline.ag,player_threes,Keldon Johnson,Over,1.5,174,2026-02-11,2026-02-10T22:47:39Z,2026-02-10 14:47:44
BetOnline.ag,player_threes,Keldon Johnson,Under,1.5,-233,2026-02-11,2026-02-10T22:47:39Z,2026-02-10 14:47:44
BetOnline.ag,player_threes,Julian Champagnie,Over,2.5,118,2026-02-11,2026-02-10T22:47:39Z,2026-02-10 14:47:44
BetOnline.ag,player_threes,Julian Champagnie,Under,2.5,-154,2026-02-11,2026-02-10T22:47:39Z,2026-02-10 14:47:44
BetOnline.ag,player_threes,Victor Wembanyama,Over,1.5,-120,2026-02-11,2026-02-10T22:47:39Z,2026-02-10 14:47:44
BetOnline.ag,player_threes,Victor Wembanyama,Under,1.5,-108,2026-02-11,2026-02-10T22:47:39Z,2026-02-10 14:47:44
BetOnline.ag,player_threes,Harrison Barnes,Over,1.5,-101,2026-02-11,2026-02-10T22:47:39Z,2026-02-10 14:47:44
BetOnline.ag,player_threes,Harrison Barnes,Under,1.5,-128,2026-02-11,2026-02-10T22:47:39Z,2026-02-10 14:47:44
BetOnline.ag,player_threes,De'Aaron Fox,Over,1.5,-130,2026-02-11,2026-02-10T22:47:39Z,2026-02-10 14:47:44
BetOnline.ag,player_threes,De'Aaron Fox,Under,1.5,101,2026-02-11,2026-02-10T22:47:39Z,2026-02-10 14:47:44
BetOnline.ag,player_threes,Jake LaRavia,Over,1.5,-127,2026-02-11,2026-02-10T22:47:39Z,2026-02-10 14:47:44
BetOnline.ag,player_threes,Jake LaRavia,Under,1.5,-102,2026-02-11,2026-02-10T22:47:39Z,2026-02-10 14:47:44
BetOnline.ag,player_threes,Stephon Castle,Over,1.5,174,2026-02-11,2026-02-10T22:47:39Z,2026-02-10 14:47:44
BetOnline.ag,player_threes,Stephon Castle,Under,1.5,-233,2026-02-11,2026-02-10T22:47:39Z,2026-02-10 14:47:44
BetOnline.ag,player_threes,Dylan Harper,Over,0.5,-152,2026-02-11,2026-02-10T22:47:39Z,2026-02-10 14:47:44
BetOnline.ag,player_threes,Dylan Harper,Under,0.5,116,2026-02-11,2026-02-10T22:47:39Z,2026-02-10 14:47:44
BetMGM,player_threes,OG Anunoby,Over,1.5,-150,2026-02-11,2026-02-10T22:47:05Z,2026-02-10 14:47:44
BetMGM,player_threes,OG Anunoby,Under,1.5,110,2026-02-11,2026-02-10T22:47:05Z,2026-02-10 14:47:44
BetMGM,player_threes,Josh Hart,Over,1.5,160,2026-02-11,2026-02-10T22:47:05Z,2026-02-10 14:47:44
BetMGM,player_threes,Josh Hart,Under,1.5,-220,2026-02-11,2026-02-10T22:47:05Z,2026-02-10 14:47:44
BetMGM,player_threes,Pascal Siakam,Over,1.5,-140,2026-02-11,2026-02-10T22:47:05Z,2026-02-10 14:47:44
BetMGM,player_threes,Pascal Siakam,Under,1.5,105,2026-02-11,2026-02-10T22:47:05Z,2026-02-10 14:47:44
BetMGM,player_threes,Karl-Anthony Towns,Over,1.5,115,2026-02-11,2026-02-10T22:47:05Z,2026-02-10 14:47:44
BetMGM,player_threes,Karl-Anthony Towns,Under,1.5,-150,2026-02-11,2026-02-10T22:47:05Z,2026-02-10 14:47:44
BetMGM,player_threes,Mikal Bridges,Over,1.5,-145,2026-02-11,2026-02-10T22:47:05Z,2026-02-10 14:47:44
BetMGM,player_threes,Mikal Bridges,Under,1.5,105,2026-02-11,2026-02-10T22:47:05Z,2026-02-10 14:47:44
BetMGM,player_threes,Aaron Nesmith,Over,2.5,-110,2026-02-11,2026-02-10T22:47:05Z,2026-02-10 14:47:44
BetMGM,player_threes,Aaron Nesmith,Under,2.5,-120,2026-02-11,2026-02-10T22:47:05Z,2026-02-10 14:47:44
BetMGM,player_threes,Jalen Brunson,Over,2.5,-110,2026-02-11,2026-02-10T22:47:05Z,2026-02-10 14:47:44
BetMGM,player_threes,Jalen Brunson,Under,2.5,-118,2026-02-11,2026-02-10T22:47:05Z,2026-02-10 14:47:44
BetMGM,player_threes,Andrew Nembhard,Over,2.5,145,2026-02-11,2026-02-10T22:47:05Z,2026-02-10 14:47:44
BetMGM,player_threes,Andrew Nembhard,Under,2.5,-200,2026-02-11,2026-02-10T22:47:05Z,2026-02-10 14:47:44
BetMGM,player_threes,Jay Huff,Over,1.5,100,2026-02-11,2026-02-10T22:47:05Z,2026-02-10 14:47:44
BetMGM,player_threes,Jay Huff,Under,1.5,-135,2026-02-11,2026-02-10T22:47:05Z,2026-02-10 14:47:44
BetMGM,player_threes,Landry Shamet,Over,1.5,-150,2026-02-11,2026-02-10T22:47:05Z,2026-02-10 14:47:44
BetMGM,player_threes,Landry Shamet,Under,1.5,110,2026-02-11,2026-02-10T22:47:05Z,2026-02-10 14:47:44
BetMGM,player_threes,T.J. McConnell,Over,0.5,240,2026-02-11,2026-02-10T22:47:05Z,2026-02-10 14:47:44
BetMGM,player_threes,T.J. McConnell,Under,0.5,-350,2026-02-11,2026-02-10T22:47:05Z,2026-02-10 14:47:44
BetMGM,player_threes,Ben Sheppard,Over,1.5,-110,2026-02-11,2026-02-10T22:47:05Z,2026-02-10 14:47:44
BetMGM,player_threes,Ben Sheppard,Under,1.5,-118,2026-02-11,2026-02-10T22:47:05Z,2026-02-10 14:47:44
BetMGM,player_threes,Alperen Sengun,Over,0.5,190,2026-02-11,2026-02-10T22:47:09Z,2026-02-10 14:47:44
BetMGM,player_threes,Alperen Sengun,Under,0.5,-275,2026-02-11,2026-02-10T22:47:09Z,2026-02-10 14:47:44
BetMGM,player_threes,Kawhi Leonard,Over,2.5,-105,2026-02-11,2026-02-10T22:47:09Z,2026-02-10 14:47:44
BetMGM,player_threes,Kawhi Leonard,Under,2.5,-130,2026-02-11,2026-02-10T22:47:09Z,2026-02-10 14:47:44
BetMGM,player_threes,Brook Lopez,Over,1.5,-125,2026-02-11,2026-02-10T22:47:09Z,2026-02-10 14:47:44
BetMGM,player_threes,Brook Lopez,Under,1.5,-105,2026-02-11,2026-02-10T22:47:09Z,2026-02-10 14:47:44
BetMGM,player_threes,Amen Thompson,Over,0.5,270,2026-02-11,2026-02-10T22:47:09Z,2026-02-10 14:47:44
BetMGM,player_threes,Amen Thompson,Under,0.5,-375,2026-02-11,2026-02-10T22:47:09Z,2026-02-10 14:47:44
BetMGM,player_threes,Tari Eason,Over,1.5,-185,2026-02-11,2026-02-10T22:47:09Z,2026-02-10 14:47:44
BetMGM,player_threes,Tari Eason,Under,1.5,135,2026-02-11,2026-02-10T22:47:09Z,2026-02-10 14:47:44
BetMGM,player_threes,Derrick Jones,Over,0.5,-155,2026-02-11,2026-02-10T22:47:09Z,2026-02-10 14:47:44
BetMGM,player_threes,Derrick Jones,Under,0.5,120,2026-02-11,2026-02-10T22:47:09Z,2026-02-10 14:47:44
BetMGM,player_threes,Jabari Smith Jr,Over,1.5,-190,2026-02-11,2026-02-10T22:47:09Z,2026-02-10 14:47:44
BetMGM,player_threes,Jabari Smith Jr,Under,1.5,140,2026-02-11,2026-02-10T22:47:09Z,2026-02-10 14:47:44
BetMGM,player_threes,Josh Okogie,Over,0.5,145,2026-02-11,2026-02-10T22:47:09Z,2026-02-10 14:47:44
BetMGM,player_threes,Josh Okogie,Under,0.5,-200,2026-02-11,2026-02-10T22:47:09Z,2026-02-10 14:47:44
BetMGM,player_threes,Kevin Durant,Over,2.5,115,2026-02-11,2026-02-10T22:47:09Z,2026-02-10 14:47:44
BetMGM,player_threes,Kevin Durant,Under,2.5,-150,2026-02-11,2026-02-10T22:47:09Z,2026-02-10 14:47:44
BetMGM,player_threes,Dorian Finney-Smith,Over,0.5,-200,2026-02-11,2026-02-10T22:47:09Z,2026-02-10 14:47:44
BetMGM,player_threes,Dorian Finney-Smith,Under,0.5,150,2026-02-11,2026-02-10T22:47:09Z,2026-02-10 14:47:44
BetMGM,player_threes,John Collins,Over,1.5,165,2026-02-11,2026-02-10T22:47:09Z,2026-02-10 14:47:44
BetMGM,player_threes,John Collins,Under,1.5,-225,2026-02-11,2026-02-10T22:47:09Z,2026-02-10 14:47:44
BetMGM,player_threes,Kris Dunn,Over,1.5,175,2026-02-11,2026-02-10T22:47:09Z,2026-02-10 14:47:44
BetMGM,player_threes,Kris Dunn,Under,1.5,-235,2026-02-11,2026-02-10T22:47:09Z,2026-02-10 14:47:44
BetMGM,player_threes,Reed Sheppard,Over,1.5,-250,2026-02-11,2026-02-10T22:47:09Z,2026-02-10 14:47:44
BetMGM,player_threes,Reed Sheppard,Under,1.5,180,2026-02-11,2026-02-10T22:47:09Z,2026-02-10 14:47:44
BetMGM,player_threes,Max Christie,Over,2.5,130,2026-02-11,2026-02-10T22:47:49Z,2026-02-10 14:47:44
BetMGM,player_threes,Max Christie,Under,2.5,-175,2026-02-11,2026-02-10T22:47:49Z,2026-02-10 14:47:44
BetMGM,player_threes,Naji Marshall,Over,0.5,-220,2026-02-11,2026-02-10T22:47:49Z,2026-02-10 14:47:44
BetMGM,player_threes,Naji Marshall,Under,0.5,160,2026-02-11,2026-02-10T22:47:49Z,2026-02-10 14:47:44
BetMGM,player_threes,Caleb Martin,Over,0.5,125,2026-02-11,2026-02-10T22:47:49Z,2026-02-10 14:47:44
BetMGM,player_threes,Caleb Martin,Under,0.5,-165,2026-02-11,2026-02-10T22:47:49Z,2026-02-10 14:47:44
BetMGM,player_threes,Jordan Goodwin,Over,1.5,100,2026-02-11,2026-02-10T22:47:49Z,2026-02-10 14:47:44
BetMGM,player_threes,Jordan Goodwin,Under,1.5,-135,2026-02-11,2026-02-10T22:47:49Z,2026-02-10 14:47:44
BetMGM,player_threes,Royce O'Neale,Over,2.5,100,2026-02-11,2026-02-10T22:47:49Z,2026-02-10 14:47:44
BetMGM,player_threes,Royce O'Neale,Under,2.5,-135,2026-02-11,2026-02-10T22:47:49Z,2026-02-10 14:47:44
BetMGM,player_threes,Klay Thompson,Over,2.5,140,2026-02-11,2026-02-10T22:47:49Z,2026-02-10 14:47:44
BetMGM,player_threes,Klay Thompson,Under,2.5,-190,2026-02-11,2026-02-10T22:47:49Z,2026-02-10 14:47:44
BetMGM,player_threes,Collin Gillespie,Over,2.5,-145,2026-02-11,2026-02-10T22:47:49Z,2026-02-10 14:47:44
BetMGM,player_threes,Collin Gillespie,Under,2.5,110,2026-02-11,2026-02-10T22:47:49Z,2026-02-10 14:47:44
BetMGM,player_threes,Devin Booker,Over,1.5,-115,2026-02-11,2026-02-10T22:47:49Z,2026-02-10 14:47:44
BetMGM,player_threes,Devin Booker,Under,1.5,-118,2026-02-11,2026-02-10T22:47:49Z,2026-02-10 14:47:44
BetMGM,player_threes,Cooper Flagg,Over,1.5,130,2026-02-11,2026-02-10T22:47:49Z,2026-02-10 14:47:44
BetMGM,player_threes,Cooper Flagg,Under,1.5,-175,2026-02-11,2026-02-10T22:47:49Z,2026-02-10 14:47:44
BetMGM,player_threes,Dillon Brooks,Over,2.5,115,2026-02-11,2026-02-10T22:47:49Z,2026-02-10 14:47:44
BetMGM,player_threes,Dillon Brooks,Under,2.5,-155,2026-02-11,2026-02-10T22:47:49Z,2026-02-10 14:47:44
BetMGM,player_threes,Jalen Green,Over,1.5,-105,2026-02-11,2026-02-10T22:47:49Z,2026-02-10 14:47:44
BetMGM,player_threes,Jalen Green,Under,1.5,-125,2026-02-11,2026-02-10T22:47:49Z,2026-02-10 14:47:44
BetMGM,player_threes,P.J. Washington,Over,1.5,185,2026-02-11,2026-02-10T22:47:49Z,2026-02-10 14:47:44
BetMGM,player_threes,P.J. Washington,Under,1.5,-250,2026-02-11,2026-02-10T22:47:49Z,2026-02-10 14:47:44
BetMGM,player_threes,Victor Wembanyama,Over,1.5,-130,2026-02-11,2026-02-10T22:47:20Z,2026-02-10 14:47:44
BetMGM,player_threes,Victor Wembanyama,Under,1.5,100,2026-02-11,2026-02-10T22:47:20Z,2026-02-10 14:47:44
BetMGM,player_threes,De'Aaron Fox,Over,1.5,-118,2026-02-11,2026-02-10T22:47:20Z,2026-02-10 14:47:44
BetMGM,player_threes,De'Aaron Fox,Under,1.5,-110,2026-02-11,2026-02-10T22:47:20Z,2026-02-10 14:47:44
BetMGM,player_threes,Stephon Castle,Over,0.5,-235,2026-02-11,2026-02-10T22:47:20Z,2026-02-10 14:47:44
BetMGM,player_threes,Stephon Castle,Under,0.5,170,2026-02-11,2026-02-10T22:47:20Z,2026-02-10 14:47:44
BetMGM,player_threes,Julian Champagnie,Over,2.5,135,2026-02-11,2026-02-10T22:47:20Z,2026-02-10 14:47:44
BetMGM,player_threes,Julian Champagnie,Under,2.5,-185,2026-02-11,2026-02-10T22:47:20Z,2026-02-10 14:47:44
BetMGM,player_threes,Dylan Harper,Over,0.5,-160,2026-02-11,2026-02-10T22:47:20Z,2026-02-10 14:47:44
BetMGM,player_threes,Dylan Harper,Under,0.5,120,2026-02-11,2026-02-10T22:47:20Z,2026-02-10 14:47:44
BetMGM,player_threes,Harrison Barnes,Over,1.5,105,2026-02-11,2026-02-10T22:47:20Z,2026-02-10 14:47:44
BetMGM,player_threes,Harrison Barnes,Under,1.5,-140,2026-02-11,2026-02-10T22:47:20Z,2026-02-10 14:47:44
BetMGM,player_threes,Jake LaRavia,Over,1.5,-160,2026-02-11,2026-02-10T22:47:20Z,2026-02-10 14:47:44
BetMGM,player_threes,Jake LaRavia,Under,1.5,120,2026-02-11,2026-02-10T22:47:20Z,2026-02-10 14:47:44
BetMGM,player_threes,Rui Hachimura,Over,2.5,110,2026-02-11,2026-02-10T22:47:20Z,2026-02-10 14:47:44
BetMGM,player_threes,Rui Hachimura,Under,2.5,-145,2026-02-11,2026-02-10T22:47:20Z,2026-02-10 14:47:44
BetMGM,player_threes,Jarred Vanderbilt,Over,0.5,-165,2026-02-11,2026-02-10T22:47:20Z,2026-02-10 14:47:44
BetMGM,player_threes,Jarred Vanderbilt,Under,0.5,125,2026-02-11,2026-02-10T22:47:20Z,2026-02-10 14:47:44
BetMGM,player_threes,Devin Vassell,Over,1.5,-200,2026-02-11,2026-02-10T22:47:20Z,2026-02-10 14:47:44
BetMGM,player_threes,Devin Vassell,Under,1.5,145,2026-02-11,2026-02-10T22:47:20Z,2026-02-10 14:47:44
BetMGM,player_threes,Keldon Johnson,Over,1.5,155,2026-02-11,2026-02-10T22:47:20Z,2026-02-10 14:47:44
BetMGM,player_threes,Keldon Johnson,Under,1.5,-210,2026-02-11,2026-02-10T22:47:20Z,2026-02-10 14:47:44
BetRivers,player_threes,Pascal Siakam,Over,1.5,-136,2026-02-11,2026-02-10T22:47:29Z,2026-02-10 14:47:44
BetRivers,player_threes,Pascal Siakam,Under,1.5,100,2026-02-11,2026-02-10T22:47:29Z,2026-02-10 14:47:44
BetRivers,player_threes,Mikal Bridges,Over,1.5,-162,2026-02-11,2026-02-10T22:47:29Z,2026-02-10 14:47:44
BetRivers,player_threes,Mikal Bridges,Under,1.5,120,2026-02-11,2026-02-10T22:47:29Z,2026-02-10 14:47:44
BetRivers,player_threes,Aaron Nesmith,Over,2.5,102,2026-02-11,2026-02-10T22:47:29Z,2026-02-10 14:47:44
BetRivers,player_threes,Aaron Nesmith,Under,2.5,-137,2026-02-11,2026-02-10T22:47:29Z,2026-02-10 14:47:44
BetRivers,player_threes,Andrew Nembhard,Over,1.5,-177,2026-02-11,2026-02-10T22:47:29Z,2026-02-10 14:47:44
BetRivers,player_threes,Andrew Nembhard,Under,1.5,128,2026-02-11,2026-02-10T22:47:29Z,2026-02-10 14:47:44
BetRivers,player_threes,OG Anunoby,Over,1.5,-157,2026-02-11,2026-02-10T22:47:29Z,2026-02-10 14:47:44
BetRivers,player_threes,OG Anunoby,Under,1.5,115,2026-02-11,2026-02-10T22:47:29Z,2026-02-10 14:47:44
BetRivers,player_threes,Jalen Brunson,Over,2.5,-113,2026-02-11,2026-02-10T22:47:29Z,2026-02-10 14:47:44
BetRivers,player_threes,Jalen Brunson,Under,2.5,-121,2026-02-11,2026-02-10T22:47:29Z,2026-02-10 14:47:44
BetRivers,player_threes,Jay Huff,Over,1.5,-107,2026-02-11,2026-02-10T22:47:29Z,2026-02-10 14:47:44
BetRivers,player_threes,Jay Huff,Under,1.5,-127,2026-02-11,2026-02-10T22:47:29Z,2026-02-10 14:47:44
BetRivers,player_threes,Landry Shamet,Over,1.5,-157,2026-02-11,2026-02-10T22:47:29Z,2026-02-10 14:47:44
BetRivers,player_threes,Landry Shamet,Under,1.5,115,2026-02-11,2026-02-10T22:47:29Z,2026-02-10 14:47:44
BetRivers,player_threes,Karl-Anthony Towns,Over,1.5,120,2026-02-11,2026-02-10T22:47:29Z,2026-02-10 14:47:44
BetRivers,player_threes,Karl-Anthony Towns,Under,1.5,-162,2026-02-11,2026-02-10T22:47:29Z,2026-02-10 14:47:44
BetRivers,player_threes,Pascal Siakam,Over,1.5,-136,2026-02-11,2026-02-10T22:47:29Z,2026-02-10 14:47:44
BetRivers,player_threes,Pascal Siakam,Under,1.5,100,2026-02-11,2026-02-10T22:47:29Z,2026-02-10 14:47:44
BetRivers,player_threes,Mikal Bridges,Over,1.5,-162,2026-02-11,2026-02-10T22:47:29Z,2026-02-10 14:47:44
BetRivers,player_threes,Mikal Bridges,Under,1.5,120,2026-02-11,2026-02-10T22:47:29Z,2026-02-10 14:47:44
BetRivers,player_threes,Aaron Nesmith,Over,2.5,102,2026-02-11,2026-02-10T22:47:29Z,2026-02-10 14:47:44
BetRivers,player_threes,Aaron Nesmith,Under,2.5,-137,2026-02-11,2026-02-10T22:47:29Z,2026-02-10 14:47:44
BetRivers,player_threes,Andrew Nembhard,Over,1.5,-177,2026-02-11,2026-02-10T22:47:29Z,2026-02-10 14:47:44
BetRivers,player_threes,Andrew Nembhard,Under,1.5,128,2026-02-11,2026-02-10T22:47:29Z,2026-02-10 14:47:44
BetRivers,player_threes,OG Anunoby,Over,1.5,-157,2026-02-11,2026-02-10T22:47:29Z,2026-02-10 14:47:44
BetRivers,player_threes,OG Anunoby,Under,1.5,115,2026-02-11,2026-02-10T22:47:29Z,2026-02-10 14:47:44
BetRivers,player_threes,Jalen Brunson,Over,2.5,-113,2026-02-11,2026-02-10T22:47:29Z,2026-02-10 14:47:44
BetRivers,player_threes,Jalen Brunson,Under,2.5,-121,2026-02-11,2026-02-10T22:47:29Z,2026-02-10 14:47:44
BetRivers,player_threes,Jay Huff,Over,1.5,-107,2026-02-11,2026-02-10T22:47:29Z,2026-02-10 14:47:44
BetRivers,player_threes,Jay Huff,Under,1.5,-127,2026-02-11,2026-02-10T22:47:29Z,2026-02-10 14:47:44
BetRivers,player_threes,Landry Shamet,Over,1.5,-157,2026-02-11,2026-02-10T22:47:29Z,2026-02-10 14:47:44
BetRivers,player_threes,Landry Shamet,Under,1.5,115,2026-02-11,2026-02-10T22:47:29Z,2026-02-10 14:47:44
BetRivers,player_threes,Karl-Anthony Towns,Over,1.5,120,2026-02-11,2026-02-10T22:47:29Z,2026-02-10 14:47:44
BetRivers,player_threes,Karl-Anthony Towns,Under,1.5,-162,2026-02-11,2026-02-10T22:47:29Z,2026-02-10 14:47:44
BetRivers,player_threes,Kris Dunn,Over,1.5,155,2026-02-11,2026-02-10T22:47:39Z,2026-02-10 14:47:44
BetRivers,player_threes,Kris Dunn,Under,1.5,-215,2026-02-11,2026-02-10T22:47:39Z,2026-02-10 14:47:44
BetRivers,player_threes,Brook Lopez,Over,1.5,-143,2026-02-11,2026-02-10T22:47:39Z,2026-02-10 14:47:44
BetRivers,player_threes,Brook Lopez,Under,1.5,106,2026-02-11,2026-02-10T22:47:39Z,2026-02-10 14:47:44
BetRivers,player_threes,Tari Eason,Over,1.5,-190,2026-02-11,2026-02-10T22:47:39Z,2026-02-10 14:47:44
BetRivers,player_threes,Tari Eason,Under,1.5,138,2026-02-11,2026-02-10T22:47:39Z,2026-02-10 14:47:44
BetRivers,player_threes,Kawhi Leonard,Over,2.5,-112,2026-02-11,2026-02-10T22:47:39Z,2026-02-10 14:47:44
BetRivers,player_threes,Kawhi Leonard,Under,2.5,-121,2026-02-11,2026-02-10T22:47:39Z,2026-02-10 14:47:44
BetRivers,player_threes,John Collins,Over,1.5,160,2026-02-11,2026-02-10T22:47:39Z,2026-02-10 14:47:44
BetRivers,player_threes,John Collins,Under,1.5,-225,2026-02-11,2026-02-10T22:47:39Z,2026-02-10 14:47:44
BetRivers,player_threes,Kevin Durant,Over,2.5,112,2026-02-11,2026-02-10T22:47:39Z,2026-02-10 14:47:44
BetRivers,player_threes,Kevin Durant,Under,2.5,-150,2026-02-11,2026-02-10T22:47:39Z,2026-02-10 14:47:44
BetRivers,player_threes,Jabari Smith Jr,Over,1.5,-210,2026-02-11,2026-02-10T22:47:39Z,2026-02-10 14:47:44
BetRivers,player_threes,Jabari Smith Jr,Under,1.5,148,2026-02-11,2026-02-10T22:47:39Z,2026-02-10 14:47:44
BetRivers,player_threes,Reed Sheppard,Over,2.5,140,2026-02-11,2026-02-10T22:47:39Z,2026-02-10 14:47:44
BetRivers,player_threes,Reed Sheppard,Under,2.5,-195,2026-02-11,2026-02-10T22:47:39Z,2026-02-10 14:47:44
BetRivers,player_threes,Kris Dunn,Over,1.5,155,2026-02-11,2026-02-10T22:47:39Z,2026-02-10 14:47:44
BetRivers,player_threes,Kris Dunn,Under,1.5,-215,2026-02-11,2026-02-10T22:47:39Z,2026-02-10 14:47:44
BetRivers,player_threes,Brook Lopez,Over,1.5,-143,2026-02-11,2026-02-10T22:47:39Z,2026-02-10 14:47:44
BetRivers,player_threes,Brook Lopez,Under,1.5,106,2026-02-11,2026-02-10T22:47:39Z,2026-02-10 14:47:44
BetRivers,player_threes,Tari Eason,Over,1.5,-190,2026-02-11,2026-02-10T22:47:39Z,2026-02-10 14:47:44
BetRivers,player_threes,Tari Eason,Under,1.5,138,2026-02-11,2026-02-10T22:47:39Z,2026-02-10 14:47:44
BetRivers,player_threes,Kawhi Leonard,Over,2.5,-112,2026-02-11,2026-02-10T22:47:39Z,2026-02-10 14:47:44
BetRivers,player_threes,Kawhi Leonard,Under,2.5,-121,2026-02-11,2026-02-10T22:47:39Z,2026-02-10 14:47:44
BetRivers,player_threes,John Collins,Over,1.5,160,2026-02-11,2026-02-10T22:47:39Z,2026-02-10 14:47:44
BetRivers,player_threes,John Collins,Under,1.5,-225,2026-02-11,2026-02-10T22:47:39Z,2026-02-10 14:47:44
BetRivers,player_threes,Kevin Durant,Over,2.5,112,2026-02-11,2026-02-10T22:47:39Z,2026-02-10 14:47:44
BetRivers,player_threes,Kevin Durant,Under,2.5,-150,2026-02-11,2026-02-10T22:47:39Z,2026-02-10 14:47:44
BetRivers,player_threes,Jabari Smith Jr,Over,1.5,-210,2026-02-11,2026-02-10T22:47:39Z,2026-02-10 14:47:44
BetRivers,player_threes,Jabari Smith Jr,Under,1.5,148,2026-02-11,2026-02-10T22:47:39Z,2026-02-10 14:47:44
BetRivers,player_threes,Reed Sheppard,Over,2.5,140,2026-02-11,2026-02-10T22:47:39Z,2026-02-10 14:47:44
BetRivers,player_threes,Reed Sheppard,Under,2.5,-195,2026-02-11,2026-02-10T22:47:39Z,2026-02-10 14:47:44
BetRivers,player_threes,Klay Thompson,Over,1.5,-190,2026-02-11,2026-02-10T22:47:32Z,2026-02-10 14:47:44
BetRivers,player_threes,Klay Thompson,Under,1.5,135,2026-02-11,2026-02-10T22:47:32Z,2026-02-10 14:47:44
BetRivers,player_threes,Max Christie,Over,2.5,117,2026-02-11,2026-02-10T22:47:32Z,2026-02-10 14:47:44
BetRivers,player_threes,Max Christie,Under,2.5,-159,2026-02-11,2026-02-10T22:47:32Z,2026-02-10 14:47:44
BetRivers,player_threes,Jalen Green,Over,1.5,-124,2026-02-11,2026-02-10T22:47:32Z,2026-02-10 14:47:44
BetRivers,player_threes,Jalen Green,Under,1.5,-110,2026-02-11,2026-02-10T22:47:32Z,2026-02-10 14:47:44
BetRivers,player_threes,Dillon Brooks,Over,2.5,114,2026-02-11,2026-02-10T22:47:32Z,2026-02-10 14:47:44
BetRivers,player_threes,Dillon Brooks,Under,2.5,-157,2026-02-11,2026-02-10T22:47:32Z,2026-02-10 14:47:44
BetRivers,player_threes,Jordan Goodwin,Over,1.5,117,2026-02-11,2026-02-10T22:47:32Z,2026-02-10 14:47:44
BetRivers,player_threes,Jordan Goodwin,Under,1.5,-159,2026-02-11,2026-02-10T22:47:32Z,2026-02-10 14:47:44
BetRivers,player_threes,Royce O'Neale,Over,2.5,125,2026-02-11,2026-02-10T22:47:32Z,2026-02-10 14:47:44
BetRivers,player_threes,Royce O'Neale,Under,2.5,-175,2026-02-11,2026-02-10T22:47:32Z,2026-02-10 14:47:44
BetRivers,player_threes,Cooper Flagg,Over,1.5,135,2026-02-11,2026-02-10T22:47:32Z,2026-02-10 14:47:44
BetRivers,player_threes,Cooper Flagg,Under,1.5,-186,2026-02-11,2026-02-10T22:47:32Z,2026-02-10 14:47:44
BetRivers,player_threes,Devin Booker,Over,1.5,-108,2026-02-11,2026-02-10T22:47:32Z,2026-02-10 14:47:44
BetRivers,player_threes,Devin Booker,Under,1.5,-127,2026-02-11,2026-02-10T22:47:32Z,2026-02-10 14:47:44
BetRivers,player_threes,Collin Gillespie,Over,2.5,-148,2026-02-11,2026-02-10T22:47:32Z,2026-02-10 14:47:44
BetRivers,player_threes,Collin Gillespie,Under,2.5,108,2026-02-11,2026-02-10T22:47:32Z,2026-02-10 14:47:44
BetRivers,player_threes,Klay Thompson,Over,1.5,-190,2026-02-11,2026-02-10T22:47:32Z,2026-02-10 14:47:44
BetRivers,player_threes,Klay Thompson,Under,1.5,135,2026-02-11,2026-02-10T22:47:32Z,2026-02-10 14:47:44
BetRivers,player_threes,Max Christie,Over,2.5,117,2026-02-11,2026-02-10T22:47:32Z,2026-02-10 14:47:44
BetRivers,player_threes,Max Christie,Under,2.5,-159,2026-02-11,2026-02-10T22:47:32Z,2026-02-10 14:47:44
BetRivers,player_threes,Jalen Green,Over,1.5,-124,2026-02-11,2026-02-10T22:47:32Z,2026-02-10 14:47:44
BetRivers,player_threes,Jalen Green,Under,1.5,-110,2026-02-11,2026-02-10T22:47:32Z,2026-02-10 14:47:44
BetRivers,player_threes,Dillon Brooks,Over,2.5,114,2026-02-11,2026-02-10T22:47:32Z,2026-02-10 14:47:44
BetRivers,player_threes,Dillon Brooks,Under,2.5,-157,2026-02-11,2026-02-10T22:47:32Z,2026-02-10 14:47:44
BetRivers,player_threes,Jordan Goodwin,Over,1.5,117,2026-02-11,2026-02-10T22:47:32Z,2026-02-10 14:47:44
BetRivers,player_threes,Jordan Goodwin,Under,1.5,-159,2026-02-11,2026-02-10T22:47:32Z,2026-02-10 14:47:44
BetRivers,player_threes,Royce O'Neale,Over,2.5,125,2026-02-11,2026-02-10T22:47:32Z,2026-02-10 14:47:44
BetRivers,player_threes,Royce O'Neale,Under,2.5,-175,2026-02-11,2026-02-10T22:47:32Z,2026-02-10 14:47:44
BetRivers,player_threes,Cooper Flagg,Over,1.5,135,2026-02-11,2026-02-10T22:47:32Z,2026-02-10 14:47:44
BetRivers,player_threes,Cooper Flagg,Under,1.5,-186,2026-02-11,2026-02-10T22:47:32Z,2026-02-10 14:47:44
BetRivers,player_threes,Devin Booker,Over,1.5,-108,2026-02-11,2026-02-10T22:47:32Z,2026-02-10 14:47:44
BetRivers,player_threes,Devin Booker,Under,1.5,-127,2026-02-11,2026-02-10T22:47:32Z,2026-02-10 14:47:44
BetRivers,player_threes,Collin Gillespie,Over,2.5,-148,2026-02-11,2026-02-10T22:47:32Z,2026-02-10 14:47:44
BetRivers,player_threes,Collin Gillespie,Under,2.5,108,2026-02-11,2026-02-10T22:47:32Z,2026-02-10 14:47:44
BetRivers,player_threes,Rui Hachimura,Over,1.5,-210,2026-02-11,2026-02-10T22:46:44Z,2026-02-10 14:47:44
BetRivers,player_threes,Rui Hachimura,Under,1.5,150,2026-02-11,2026-02-10T22:46:44Z,2026-02-10 14:47:44
BetRivers,player_threes,Jake LaRavia,Over,1.5,-125,2026-02-11,2026-02-10T22:46:44Z,2026-02-10 14:47:44
BetRivers,player_threes,Jake LaRavia,Under,1.5,-109,2026-02-11,2026-02-10T22:46:44Z,2026-02-10 14:47:44
BetRivers,player_threes,De'Aaron Fox,Over,1.5,-121,2026-02-11,2026-02-10T22:46:44Z,2026-02-10 14:47:44
BetRivers,player_threes,De'Aaron Fox,Under,1.5,-113,2026-02-11,2026-02-10T22:46:44Z,2026-02-10 14:47:44
BetRivers,player_threes,Victor Wembanyama,Over,1.5,-127,2026-02-11,2026-02-10T22:46:44Z,2026-02-10 14:47:44
BetRivers,player_threes,Victor Wembanyama,Under,1.5,-108,2026-02-11,2026-02-10T22:46:44Z,2026-02-10 14:47:44
BetRivers,player_threes,Devin Vassell,Over,1.5,-186,2026-02-11,2026-02-10T22:46:44Z,2026-02-10 14:47:44
BetRivers,player_threes,Devin Vassell,Under,1.5,133,2026-02-11,2026-02-10T22:46:44Z,2026-02-10 14:47:44
BetRivers,player_threes,Keldon Johnson,Over,1.5,195,2026-02-11,2026-02-10T22:46:44Z,2026-02-10 14:47:44
BetRivers,player_threes,Keldon Johnson,Under,1.5,-286,2026-02-11,2026-02-10T22:46:44Z,2026-02-10 14:47:44
BetRivers,player_threes,Harrison Barnes,Over,1.5,-109,2026-02-11,2026-02-10T22:46:44Z,2026-02-10 14:47:44
BetRivers,player_threes,Harrison Barnes,Under,1.5,-125,2026-02-11,2026-02-10T22:46:44Z,2026-02-10 14:47:44
BetRivers,player_threes,Julian Champagnie,Over,2.5,130,2026-02-11,2026-02-10T22:46:44Z,2026-02-10 14:47:44
BetRivers,player_threes,Julian Champagnie,Under,2.5,-180,2026-02-11,2026-02-10T22:46:44Z,2026-02-10 14:47:44
BetRivers,player_threes,Rui Hachimura,Over,1.5,-210,2026-02-11,2026-02-10T22:46:44Z,2026-02-10 14:47:44
BetRivers,player_threes,Rui Hachimura,Under,1.5,150,2026-02-11,2026-02-10T22:46:44Z,2026-02-10 14:47:44
BetRivers,player_threes,Jake LaRavia,Over,1.5,-125,2026-02-11,2026-02-10T22:46:44Z,2026-02-10 14:47:44
BetRivers,player_threes,Jake LaRavia,Under,1.5,-109,2026-02-11,2026-02-10T22:46:44Z,2026-02-10 14:47:44
BetRivers,player_threes,De'Aaron Fox,Over,1.5,-121,2026-02-11,2026-02-10T22:46:44Z,2026-02-10 14:47:44
BetRivers,player_threes,De'Aaron Fox,Under,1.5,-113,2026-02-11,2026-02-10T22:46:44Z,2026-02-10 14:47:44
BetRivers,player_threes,Victor Wembanyama,Over,1.5,-127,2026-02-11,2026-02-10T22:46:44Z,2026-02-10 14:47:44
BetRivers,player_threes,Victor Wembanyama,Under,1.5,-108,2026-02-11,2026-02-10T22:46:44Z,2026-02-10 14:47:44
BetRivers,player_threes,Devin Vassell,Over,1.5,-186,2026-02-11,2026-02-10T22:46:44Z,2026-02-10 14:47:44
BetRivers,player_threes,Devin Vassell,Under,1.5,133,2026-02-11,2026-02-10T22:46:44Z,2026-02-10 14:47:44
BetRivers,player_threes,Keldon Johnson,Over,1.5,195,2026-02-11,2026-02-10T22:46:44Z,2026-02-10 14:47:44
BetRivers,player_threes,Keldon Johnson,Under,1.5,-286,2026-02-11,2026-02-10T22:46:44Z,2026-02-10 14:47:44
BetRivers,player_threes,Harrison Barnes,Over,1.5,-109,2026-02-11,2026-02-10T22:46:44Z,2026-02-10 14:47:44
BetRivers,player_threes,Harrison Barnes,Under,1.5,-125,2026-02-11,2026-02-10T22:46:44Z,2026-02-10 14:47:44
BetRivers,player_threes,Julian Champagnie,Over,2.5,130,2026-02-11,2026-02-10T22:46:44Z,2026-02-10 14:47:44
BetRivers,player_threes,Julian Champagnie,Under,2.5,-180,2026-02-11,2026-02-10T22:46:44Z,2026-02-10 14:47:44
Bovada,player_threes,Aaron Nesmith,Over,2.5,105,2026-02-11,2026-02-10T22:47:30Z,2026-02-10 14:47:44
Bovada,player_threes,Aaron Nesmith,Under,2.5,-135,2026-02-11,2026-02-10T22:47:30Z,2026-02-10 14:47:44
Bovada,player_threes,Andrew Nembhard,Over,1.5,-170,2026-02-11,2026-02-10T22:47:30Z,2026-02-10 14:47:44
Bovada,player_threes,Andrew Nembhard,Under,1.5,130,2026-02-11,2026-02-10T22:47:30Z,2026-02-10 14:47:44
Bovada,player_threes,Andrew Nembhard,Over,2.5,175,2026-02-11,2026-02-10T22:47:30Z,2026-02-10 14:47:44
Bovada,player_threes,Andrew Nembhard,Under,2.5,-240,2026-02-11,2026-02-10T22:47:30Z,2026-02-10 14:47:44
Bovada,player_threes,Jalen Brunson,Over,2.5,-120,2026-02-11,2026-02-10T22:47:30Z,2026-02-10 14:47:44
Bovada,player_threes,Jalen Brunson,Under,2.5,-110,2026-02-11,2026-02-10T22:47:30Z,2026-02-10 14:47:44
Bovada,player_threes,Jalen Brunson,Over,3.5,210,2026-02-11,2026-02-10T22:47:30Z,2026-02-10 14:47:44
Bovada,player_threes,Jalen Brunson,Under,3.5,-290,2026-02-11,2026-02-10T22:47:30Z,2026-02-10 14:47:44
Bovada,player_threes,Jarace Walker,Over,1.5,-160,2026-02-11,2026-02-10T22:47:30Z,2026-02-10 14:47:44
Bovada,player_threes,Jarace Walker,Under,1.5,120,2026-02-11,2026-02-10T22:47:30Z,2026-02-10 14:47:44
Bovada,player_threes,Jarace Walker,Over,2.5,190,2026-02-11,2026-02-10T22:47:30Z,2026-02-10 14:47:44
Bovada,player_threes,Jarace Walker,Under,2.5,-260,2026-02-11,2026-02-10T22:47:30Z,2026-02-10 14:47:44
Bovada,player_threes,Jay Huff,Over,1.5,105,2026-02-11,2026-02-10T22:47:30Z,2026-02-10 14:47:44
Bovada,player_threes,Jay Huff,Under,1.5,-135,2026-02-11,2026-02-10T22:47:30Z,2026-02-10 14:47:44
Bovada,player_threes,Karl-Anthony Towns,Over,1.5,120,2026-02-11,2026-02-10T22:47:30Z,2026-02-10 14:47:44
Bovada,player_threes,Karl-Anthony Towns,Under,1.5,-160,2026-02-11,2026-02-10T22:47:30Z,2026-02-10 14:47:44
Bovada,player_threes,Landry Shamet,Over,1.5,-165,2026-02-11,2026-02-10T22:47:30Z,2026-02-10 14:47:44
Bovada,player_threes,Landry Shamet,Under,1.5,125,2026-02-11,2026-02-10T22:47:30Z,2026-02-10 14:47:44
Bovada,player_threes,Landry Shamet,Over,2.5,185,2026-02-11,2026-02-10T22:47:30Z,2026-02-10 14:47:44
Bovada,player_threes,Landry Shamet,Under,2.5,-250,2026-02-11,2026-02-10T22:47:30Z,2026-02-10 14:47:44
Bovada,player_threes,Mikal Bridges,Over,1.5,-145,2026-02-11,2026-02-10T22:47:30Z,2026-02-10 14:47:44
Bovada,player_threes,Mikal Bridges,Under,1.5,110,2026-02-11,2026-02-10T22:47:30Z,2026-02-10 14:47:44
Bovada,player_threes,Mikal Bridges,Over,2.5,210,2026-02-11,2026-02-10T22:47:30Z,2026-02-10 14:47:44
Bovada,player_threes,Mikal Bridges,Under,2.5,-290,2026-02-11,2026-02-10T22:47:30Z,2026-02-10 14:47:44
Bovada,player_threes,OG Anunoby,Over,1.5,-145,2026-02-11,2026-02-10T22:47:30Z,2026-02-10 14:47:44
Bovada,player_threes,OG Anunoby,Under,1.5,110,2026-02-11,2026-02-10T22:47:30Z,2026-02-10 14:47:44
Bovada,player_threes,OG Anunoby,Over,2.5,210,2026-02-11,2026-02-10T22:47:30Z,2026-02-10 14:47:44
Bovada,player_threes,OG Anunoby,Under,2.5,-290,2026-02-11,2026-02-10T22:47:30Z,2026-02-10 14:47:44
Bovada,player_threes,Pascal Siakam,Over,1.5,-125,2026-02-11,2026-02-10T22:47:30Z,2026-02-10 14:47:44
Bovada,player_threes,Pascal Siakam,Under,1.5,-105,2026-02-11,2026-02-10T22:47:30Z,2026-02-10 14:47:44
Bovada,player_threes,Brook Lopez,Over,1.5,-125,2026-02-11,2026-02-10T22:47:39Z,2026-02-10 14:47:44
Bovada,player_threes,Brook Lopez,Under,1.5,-105,2026-02-11,2026-02-10T22:47:39Z,2026-02-10 14:47:44
Bovada,player_threes,Jabari Smith Jr,Over,1.5,-190,2026-02-11,2026-02-10T22:47:39Z,2026-02-10 14:47:44
Bovada,player_threes,Jabari Smith Jr,Under,1.5,145,2026-02-11,2026-02-10T22:47:39Z,2026-02-10 14:47:44
Bovada,player_threes,Jabari Smith Jr,Over,2.5,155,2026-02-11,2026-02-10T22:47:39Z,2026-02-10 14:47:44
Bovada,player_threes,Jabari Smith Jr,Under,2.5,-210,2026-02-11,2026-02-10T22:47:39Z,2026-02-10 14:47:44
Bovada,player_threes,John Collins,Over,1.5,140,2026-02-11,2026-02-10T22:47:39Z,2026-02-10 14:47:44
Bovada,player_threes,John Collins,Under,1.5,-185,2026-02-11,2026-02-10T22:47:39Z,2026-02-10 14:47:44
Bovada,player_threes,Kawhi Leonard,Over,2.5,-115,2026-02-11,2026-02-10T22:47:39Z,2026-02-10 14:47:44
Bovada,player_threes,Kawhi Leonard,Under,2.5,-115,2026-02-11,2026-02-10T22:47:39Z,2026-02-10 14:47:44
Bovada,player_threes,Kevin Durant,Over,1.5,-250,2026-02-11,2026-02-10T22:47:39Z,2026-02-10 14:47:44
Bovada,player_threes,Kevin Durant,Under,1.5,185,2026-02-11,2026-02-10T22:47:39Z,2026-02-10 14:47:44
Bovada,player_threes,Kevin Durant,Over,2.5,120,2026-02-11,2026-02-10T22:47:39Z,2026-02-10 14:47:44
Bovada,player_threes,Kevin Durant,Under,2.5,-160,2026-02-11,2026-02-10T22:47:39Z,2026-02-10 14:47:44
Bovada,player_threes,Kris Dunn,Over,1.5,145,2026-02-11,2026-02-10T22:47:39Z,2026-02-10 14:47:44
Bovada,player_threes,Kris Dunn,Under,1.5,-190,2026-02-11,2026-02-10T22:47:39Z,2026-02-10 14:47:44
Bovada,player_threes,Reed Sheppard,Over,1.5,-275,2026-02-11,2026-02-10T22:47:39Z,2026-02-10 14:47:44
Bovada,player_threes,Reed Sheppard,Under,1.5,200,2026-02-11,2026-02-10T22:47:39Z,2026-02-10 14:47:44
Bovada,player_threes,Reed Sheppard,Over,2.5,115,2026-02-11,2026-02-10T22:47:39Z,2026-02-10 14:47:44
Bovada,player_threes,Reed Sheppard,Under,2.5,-150,2026-02-11,2026-02-10T22:47:39Z,2026-02-10 14:47:44
Bovada,player_threes,Tari Eason,Over,1.5,-165,2026-02-11,2026-02-10T22:47:39Z,2026-02-10 14:47:44
Bovada,player_threes,Tari Eason,Under,1.5,125,2026-02-11,2026-02-10T22:47:39Z,2026-02-10 14:47:44
Bovada,player_threes,Tari Eason,Over,2.5,185,2026-02-11,2026-02-10T22:47:39Z,2026-02-10 14:47:44
Bovada,player_threes,Tari Eason,Under,2.5,-250,2026-02-11,2026-02-10T22:47:39Z,2026-02-10 14:47:44
Bovada,player_threes,Collin Gillespie,Over,2.5,-145,2026-02-11,2026-02-10T22:47:20Z,2026-02-10 14:47:44
Bovada,player_threes,Collin Gillespie,Under,2.5,110,2026-02-11,2026-02-10T22:47:20Z,2026-02-10 14:47:44
Bovada,player_threes,Collin Gillespie,Over,3.5,170,2026-02-11,2026-02-10T22:47:20Z,2026-02-10 14:47:44
Bovada,player_threes,Collin Gillespie,Under,3.5,-230,2026-02-11,2026-02-10T22:47:20Z,2026-02-10 14:47:44
Bovada,player_threes,Cooper Flagg,Over,1.5,125,2026-02-11,2026-02-10T22:47:20Z,2026-02-10 14:47:44
Bovada,player_threes,Cooper Flagg,Under,1.5,-165,2026-02-11,2026-02-10T22:47:20Z,2026-02-10 14:47:44
Bovada,player_threes,Devin Booker,Over,1.5,-110,2026-02-11,2026-02-10T22:47:20Z,2026-02-10 14:47:44
Bovada,player_threes,Devin Booker,Under,1.5,-120,2026-02-11,2026-02-10T22:47:20Z,2026-02-10 14:47:44
Bovada,player_threes,Dillon Brooks,Over,1.5,-280,2026-02-11,2026-02-10T22:47:20Z,2026-02-10 14:47:44
Bovada,player_threes,Dillon Brooks,Under,1.5,205,2026-02-11,2026-02-10T22:47:20Z,2026-02-10 14:47:44
Bovada,player_threes,Dillon Brooks,Over,2.5,110,2026-02-11,2026-02-10T22:47:20Z,2026-02-10 14:47:44
Bovada,player_threes,Dillon Brooks,Under,2.5,-145,2026-02-11,2026-02-10T22:47:20Z,2026-02-10 14:47:44
Bovada,player_threes,Jalen Green,Over,1.5,-115,2026-02-11,2026-02-10T22:47:20Z,2026-02-10 14:47:44
Bovada,player_threes,Jalen Green,Under,1.5,-115,2026-02-11,2026-02-10T22:47:20Z,2026-02-10 14:47:44
Bovada,player_threes,Jordan Goodwin,Over,1.5,120,2026-02-11,2026-02-10T22:47:20Z,2026-02-10 14:47:44
Bovada,player_threes,Jordan Goodwin,Under,1.5,-160,2026-02-11,2026-02-10T22:47:20Z,2026-02-10 14:47:44
Bovada,player_threes,Klay Thompson,Over,1.5,-220,2026-02-11,2026-02-10T22:47:20Z,2026-02-10 14:47:44
Bovada,player_threes,Klay Thompson,Under,1.5,165,2026-02-11,2026-02-10T22:47:20Z,2026-02-10 14:47:44
Bovada,player_threes,Klay Thompson,Over,2.5,140,2026-02-11,2026-02-10T22:47:20Z,2026-02-10 14:47:44
Bovada,player_threes,Klay Thompson,Under,2.5,-185,2026-02-11,2026-02-10T22:47:20Z,2026-02-10 14:47:44
Bovada,player_threes,Max Christie,Over,1.5,-275,2026-02-11,2026-02-10T22:47:20Z,2026-02-10 14:47:44
Bovada,player_threes,Max Christie,Under,1.5,200,2026-02-11,2026-02-10T22:47:20Z,2026-02-10 14:47:44
Bovada,player_threes,Max Christie,Over,2.5,105,2026-02-11,2026-02-10T22:47:20Z,2026-02-10 14:47:44
Bovada,player_threes,Max Christie,Under,2.5,-135,2026-02-11,2026-02-10T22:47:20Z,2026-02-10 14:47:44
Bovada,player_threes,Naji Marshall,Over,0.5,-215,2026-02-11,2026-02-10T22:47:20Z,2026-02-10 14:47:44
Bovada,player_threes,Naji Marshall,Under,0.5,160,2026-02-11,2026-02-10T22:47:20Z,2026-02-10 14:47:44
Bovada,player_threes,Royce O'Neale,Over,1.5,-275,2026-02-11,2026-02-10T22:47:20Z,2026-02-10 14:47:44
Bovada,player_threes,Royce O'Neale,Under,1.5,200,2026-02-11,2026-02-10T22:47:20Z,2026-02-10 14:47:44
Bovada,player_threes,Royce O'Neale,Over,2.5,115,2026-02-11,2026-02-10T22:47:20Z,2026-02-10 14:47:44
Bovada,player_threes,Royce O'Neale,Under,2.5,-150,2026-02-11,2026-02-10T22:47:20Z,2026-02-10 14:47:44
Bovada,player_threes,De'Aaron Fox,Over,1.5,-135,2026-02-11,2026-02-10T22:47:38Z,2026-02-10 14:47:44
Bovada,player_threes,De'Aaron Fox,Under,1.5,105,2026-02-11,2026-02-10T22:47:38Z,2026-02-10 14:47:44
Bovada,player_threes,Devin Vassell,Over,1.5,-190,2026-02-11,2026-02-10T22:47:38Z,2026-02-10 14:47:44
Bovada,player_threes,Devin Vassell,Under,1.5,145,2026-02-11,2026-02-10T22:47:38Z,2026-02-10 14:47:44
Bovada,player_threes,Devin Vassell,Over,2.5,155,2026-02-11,2026-02-10T22:47:38Z,2026-02-10 14:47:44
Bovada,player_threes,Devin Vassell,Under,2.5,-210,2026-02-11,2026-02-10T22:47:38Z,2026-02-10 14:47:44
Bovada,player_threes,Harrison Barnes,Over,1.5,-125,2026-02-11,2026-02-10T22:47:38Z,2026-02-10 14:47:44
Bovada,player_threes,Harrison Barnes,Under,1.5,-105,2026-02-11,2026-02-10T22:47:38Z,2026-02-10 14:47:44
Bovada,player_threes,Julian Champagnie,Over,1.5,-240,2026-02-11,2026-02-10T22:47:38Z,2026-02-10 14:47:44
Bovada,player_threes,Julian Champagnie,Under,1.5,175,2026-02-11,2026-02-10T22:47:38Z,2026-02-10 14:47:44
Bovada,player_threes,Julian Champagnie,Over,2.5,130,2026-02-11,2026-02-10T22:47:38Z,2026-02-10 14:47:44
Bovada,player_threes,Julian Champagnie,Under,2.5,-170,2026-02-11,2026-02-10T22:47:38Z,2026-02-10 14:47:44
Bovada,player_threes,Keldon Johnson,Over,0.5,-275,2026-02-11,2026-02-10T22:47:38Z,2026-02-10 14:47:44
Bovada,player_threes,Keldon Johnson,Under,0.5,200,2026-02-11,2026-02-10T22:47:38Z,2026-02-10 14:47:44
Bovada,player_threes,Keldon Johnson,Over,1.5,170,2026-02-11,2026-02-10T22:47:38Z,2026-02-10 14:47:44
Bovada,player_threes,Keldon Johnson,Under,1.5,-230,2026-02-11,2026-02-10T22:47:38Z,2026-02-10 14:47:44
Bovada,player_threes,Stephon Castle,Over,1.5,175,2026-02-11,2026-02-10T22:47:38Z,2026-02-10 14:47:44
Bovada,player_threes,Stephon Castle,Under,1.5,-240,2026-02-11,2026-02-10T22:47:38Z,2026-02-10 14:47:44
Bovada,player_threes,Victor Wembanyama,Over,1.5,-135,2026-02-11,2026-02-10T22:47:38Z,2026-02-10 14:47:44
Bovada,player_threes,Victor Wembanyama,Under,1.5,105,2026-02-11,2026-02-10T22:47:38Z,2026-02-10 14:47:44
BetMGM,player_blocks,OG Anunoby,Over,0.5,-120,2026-02-11,2026-02-10T22:47:05Z,2026-02-10 14:47:44
BetMGM,player_blocks,OG Anunoby,Under,0.5,-115,2026-02-11,2026-02-10T22:47:05Z,2026-02-10 14:47:44
BetMGM,player_blocks,Josh Hart,Over,0.5,195,2026-02-11,2026-02-10T22:47:05Z,2026-02-10 14:47:44
BetMGM,player_blocks,Josh Hart,Under,0.5,-285,2026-02-11,2026-02-10T22:47:05Z,2026-02-10 14:47:44
BetMGM,player_blocks,Pascal Siakam,Over,0.5,140,2026-02-11,2026-02-10T22:47:05Z,2026-02-10 14:47:44
BetMGM,player_blocks,Pascal Siakam,Under,0.5,-190,2026-02-11,2026-02-10T22:47:05Z,2026-02-10 14:47:44
BetMGM,player_blocks,Karl-Anthony Towns,Over,0.5,-105,2026-02-11,2026-02-10T22:47:05Z,2026-02-10 14:47:44
BetMGM,player_blocks,Karl-Anthony Towns,Under,0.5,-135,2026-02-11,2026-02-10T22:47:05Z,2026-02-10 14:47:44
BetMGM,player_blocks,Mikal Bridges,Over,0.5,-105,2026-02-11,2026-02-10T22:47:05Z,2026-02-10 14:47:44
BetMGM,player_blocks,Mikal Bridges,Under,0.5,-135,2026-02-11,2026-02-10T22:47:05Z,2026-02-10 14:47:44
BetMGM,player_blocks,Aaron Nesmith,Over,0.5,110,2026-02-11,2026-02-10T22:47:05Z,2026-02-10 14:47:44
BetMGM,player_blocks,Aaron Nesmith,Under,0.5,-155,2026-02-11,2026-02-10T22:47:05Z,2026-02-10 14:47:44
BetMGM,player_blocks,Andrew Nembhard,Over,0.5,333,2026-02-11,2026-02-10T22:47:05Z,2026-02-10 14:47:44
BetMGM,player_blocks,Andrew Nembhard,Under,0.5,-550,2026-02-11,2026-02-10T22:47:05Z,2026-02-10 14:47:44
BetMGM,player_blocks,Jalen Brunson,Over,0.5,325,2026-02-11,2026-02-10T22:47:05Z,2026-02-10 14:47:44
BetMGM,player_blocks,Jalen Brunson,Under,0.5,-550,2026-02-11,2026-02-10T22:47:05Z,2026-02-10 14:47:44
BetMGM,player_blocks,Jay Huff,Over,1.5,-120,2026-02-11,2026-02-10T22:47:05Z,2026-02-10 14:47:44
BetMGM,player_blocks,Jay Huff,Under,1.5,-115,2026-02-11,2026-02-10T22:47:05Z,2026-02-10 14:47:44
BetMGM,player_blocks,Ben Sheppard,Over,0.5,400,2026-02-11,2026-02-10T22:47:05Z,2026-02-10 14:47:44
BetMGM,player_blocks,Ben Sheppard,Under,0.5,-700,2026-02-11,2026-02-10T22:47:05Z,2026-02-10 14:47:44
BetMGM,player_blocks,Alperen Sengun,Over,0.5,-145,2026-02-11,2026-02-10T22:47:09Z,2026-02-10 14:47:44
BetMGM,player_blocks,Alperen Sengun,Under,0.5,105,2026-02-11,2026-02-10T22:47:09Z,2026-02-10 14:47:44
BetMGM,player_blocks,Kawhi Leonard,Over,0.5,155,2026-02-11,2026-02-10T22:47:09Z,2026-02-10 14:47:44
BetMGM,player_blocks,Kawhi Leonard,Under,0.5,-220,2026-02-11,2026-02-10T22:47:09Z,2026-02-10 14:47:44
BetMGM,player_blocks,Brook Lopez,Over,1.5,115,2026-02-11,2026-02-10T22:47:09Z,2026-02-10 14:47:44
BetMGM,player_blocks,Brook Lopez,Under,1.5,-160,2026-02-11,2026-02-10T22:47:09Z,2026-02-10 14:47:44
BetMGM,player_blocks,Amen Thompson,Over,0.5,125,2026-02-11,2026-02-10T22:47:09Z,2026-02-10 14:47:44
BetMGM,player_blocks,Amen Thompson,Under,0.5,-175,2026-02-11,2026-02-10T22:47:09Z,2026-02-10 14:47:44
BetMGM,player_blocks,Tari Eason,Over,0.5,-115,2026-02-11,2026-02-10T22:47:09Z,2026-02-10 14:47:44
BetMGM,player_blocks,Tari Eason,Under,0.5,-120,2026-02-11,2026-02-10T22:47:09Z,2026-02-10 14:47:44
BetMGM,player_blocks,Derrick Jones,Over,0.5,-110,2026-02-11,2026-02-10T22:47:09Z,2026-02-10 14:47:44
BetMGM,player_blocks,Derrick Jones,Under,0.5,-125,2026-02-11,2026-02-10T22:47:09Z,2026-02-10 14:47:44
BetMGM,player_blocks,Jabari Smith Jr,Over,0.5,-150,2026-02-11,2026-02-10T22:47:09Z,2026-02-10 14:47:44
BetMGM,player_blocks,Jabari Smith Jr,Under,0.5,110,2026-02-11,2026-02-10T22:47:09Z,2026-02-10 14:47:44
BetMGM,player_blocks,Kris Dunn,Over,0.5,360,2026-02-11,2026-02-10T22:47:09Z,2026-02-10 14:47:44
BetMGM,player_blocks,Kris Dunn,Under,0.5,-625,2026-02-11,2026-02-10T22:47:09Z,2026-02-10 14:47:44
BetMGM,player_blocks,Kevin Durant,Over,0.5,-125,2026-02-11,2026-02-10T22:47:09Z,2026-02-10 14:47:44
BetMGM,player_blocks,Kevin Durant,Under,0.5,-110,2026-02-11,2026-02-10T22:47:09Z,2026-02-10 14:47:44
BetMGM,player_blocks,John Collins,Over,0.5,-110,2026-02-11,2026-02-10T22:47:09Z,2026-02-10 14:47:44
BetMGM,player_blocks,John Collins,Under,0.5,-120,2026-02-11,2026-02-10T22:47:09Z,2026-02-10 14:47:44
BetMGM,player_blocks,Daniel Gafford,Over,0.5,-165,2026-02-11,2026-02-10T22:47:49Z,2026-02-10 14:47:44
BetMGM,player_blocks,Daniel Gafford,Under,0.5,120,2026-02-11,2026-02-10T22:47:49Z,2026-02-10 14:47:44
BetMGM,player_blocks,Max Christie,Over,0.5,270,2026-02-11,2026-02-10T22:47:49Z,2026-02-10 14:47:44
BetMGM,player_blocks,Max Christie,Under,0.5,-450,2026-02-11,2026-02-10T22:47:49Z,2026-02-10 14:47:44
BetMGM,player_blocks,Mark Williams,Over,1.5,155,2026-02-11,2026-02-10T22:47:49Z,2026-02-10 14:47:44
BetMGM,player_blocks,Mark Williams,Under,1.5,-220,2026-02-11,2026-02-10T22:47:49Z,2026-02-10 14:47:44
BetMGM,player_blocks,Naji Marshall,Over,0.5,400,2026-02-11,2026-02-10T22:47:49Z,2026-02-10 14:47:44
BetMGM,player_blocks,Naji Marshall,Under,0.5,-750,2026-02-11,2026-02-10T22:47:49Z,2026-02-10 14:47:44
BetMGM,player_blocks,Caleb Martin,Over,0.5,240,2026-02-11,2026-02-10T22:47:49Z,2026-02-10 14:47:44
BetMGM,player_blocks,Caleb Martin,Under,0.5,-350,2026-02-11,2026-02-10T22:47:49Z,2026-02-10 14:47:44
BetMGM,player_blocks,Royce O'Neale,Over,0.5,250,2026-02-11,2026-02-10T22:47:49Z,2026-02-10 14:47:44
BetMGM,player_blocks,Royce O'Neale,Under,0.5,-400,2026-02-11,2026-02-10T22:47:49Z,2026-02-10 14:47:44
BetMGM,player_blocks,Collin Gillespie,Over,0.5,360,2026-02-11,2026-02-10T22:47:49Z,2026-02-10 14:47:44
BetMGM,player_blocks,Collin Gillespie,Under,0.5,-625,2026-02-11,2026-02-10T22:47:49Z,2026-02-10 14:47:44
BetMGM,player_blocks,Devin Booker,Over,0.5,333,2026-02-11,2026-02-10T22:47:49Z,2026-02-10 14:47:44
BetMGM,player_blocks,Devin Booker,Under,0.5,-550,2026-02-11,2026-02-10T22:47:49Z,2026-02-10 14:47:44
BetMGM,player_blocks,Cooper Flagg,Over,0.5,-115,2026-02-11,2026-02-10T22:47:49Z,2026-02-10 14:47:44
BetMGM,player_blocks,Cooper Flagg,Under,0.5,-120,2026-02-11,2026-02-10T22:47:49Z,2026-02-10 14:47:44
BetMGM,player_blocks,Dillon Brooks,Over,0.5,260,2026-02-11,2026-02-10T22:47:49Z,2026-02-10 14:47:44
BetMGM,player_blocks,Dillon Brooks,Under,0.5,-400,2026-02-11,2026-02-10T22:47:49Z,2026-02-10 14:47:44
BetMGM,player_blocks,Victor Wembanyama,Over,2.5,-135,2026-02-11,2026-02-10T22:47:20Z,2026-02-10 14:47:44
BetMGM,player_blocks,Victor Wembanyama,Under,2.5,100,2026-02-11,2026-02-10T22:47:20Z,2026-02-10 14:47:44
BetMGM,player_blocks,De'Aaron Fox,Over,0.5,360,2026-02-11,2026-02-10T22:47:20Z,2026-02-10 14:47:44
BetMGM,player_blocks,De'Aaron Fox,Under,0.5,-625,2026-02-11,2026-02-10T22:47:20Z,2026-02-10 14:47:44
BetMGM,player_blocks,Stephon Castle,Over,0.5,260,2026-02-11,2026-02-10T22:47:20Z,2026-02-10 14:47:44
BetMGM,player_blocks,Stephon Castle,Under,0.5,-400,2026-02-11,2026-02-10T22:47:20Z,2026-02-10 14:47:44
BetMGM,player_blocks,Julian Champagnie,Over,0.5,240,2026-02-11,2026-02-10T22:47:20Z,2026-02-10 14:47:44
BetMGM,player_blocks,Julian Champagnie,Under,0.5,-350,2026-02-11,2026-02-10T22:47:20Z,2026-02-10 14:47:44
BetMGM,player_blocks,Devin Vassell,Over,0.5,250,2026-02-11,2026-02-10T22:47:20Z,2026-02-10 14:47:44
BetMGM,player_blocks,Devin Vassell,Under,0.5,-400,2026-02-11,2026-02-10T22:47:20Z,2026-02-10 14:47:44
BetMGM,player_blocks,Deandre Ayton,Over,0.5,-150,2026-02-11,2026-02-10T22:47:20Z,2026-02-10 14:47:44
BetMGM,player_blocks,Deandre Ayton,Under,0.5,110,2026-02-11,2026-02-10T22:47:20Z,2026-02-10 14:47:44
BetMGM,player_blocks,Jake LaRavia,Over,0.5,130,2026-02-11,2026-02-10T22:47:20Z,2026-02-10 14:47:44
BetMGM,player_blocks,Jake LaRavia,Under,0.5,-185,2026-02-11,2026-02-10T22:47:20Z,2026-02-10 14:47:44
BetMGM,player_blocks,Rui Hachimura,Over,0.5,240,2026-02-11,2026-02-10T22:47:20Z,2026-02-10 14:47:44
BetMGM,player_blocks,Rui Hachimura,Under,0.5,-350,2026-02-11,2026-02-10T22:47:20Z,2026-02-10 14:47:44
BetMGM,player_blocks,Jarred Vanderbilt,Over,0.5,170,2026-02-11,2026-02-10T22:47:20Z,2026-02-10 14:47:44
BetMGM,player_blocks,Jarred Vanderbilt,Under,0.5,-250,2026-02-11,2026-02-10T22:47:20Z,2026-02-10 14:47:44
FanDuel,player_blocks,Deandre Ayton,Over,0.5,-174,2026-02-11,2026-02-10T22:47:19Z,2026-02-10 14:47:44
FanDuel,player_blocks,Deandre Ayton,Under,0.5,130,2026-02-11,2026-02-10T22:47:19Z,2026-02-10 14:47:44
Bovada,player_blocks,Deandre Ayton,Over,0.5,-185,2026-02-11,2026-02-10T22:43:27Z,2026-02-10 14:47:44
Bovada,player_blocks,Deandre Ayton,Under,0.5,140,2026-02-11,2026-02-10T22:43:27Z,2026-02-10 14:47:44
Bovada,player_blocks,LeBron James,Over,0.5,115,2026-02-11,2026-02-10T22:43:27Z,2026-02-10 14:47:44
Bovada,player_blocks,LeBron James,Under,0.5,-150,2026-02-11,2026-02-10T22:43:27Z,2026-02-10 14:47:44
Bovada,player_blocks,Victor Wembanyama,Over,1.5,-280,2026-02-11,2026-02-10T22:43:27Z,2026-02-10 14:47:44
Bovada,player_blocks,Victor Wembanyama,Under,1.5,205,2026-02-11,2026-02-10T22:43:27Z,2026-02-10 14:47:44
Bovada,player_blocks,Victor Wembanyama,Over,2.5,105,2026-02-11,2026-02-10T22:43:27Z,2026-02-10 14:47:44
Bovada,player_blocks,Victor Wembanyama,Under,2.5,-135,2026-02-11,2026-02-10T22:43:27Z,2026-02-10 14:47:44
FanDuel,player_steals,OG Anunoby,Over,1.5,116,2026-02-11,2026-02-10T22:46:47Z,2026-02-10 14:47:44
FanDuel,player_steals,OG Anunoby,Under,1.5,-154,2026-02-11,2026-02-10T22:46:47Z,2026-02-10 14:47:44
FanDuel,player_steals,Josh Hart,Over,1.5,162,2026-02-11,2026-02-10T22:46:47Z,2026-02-10 14:47:44
FanDuel,player_steals,Josh Hart,Under,1.5,-220,2026-02-11,2026-02-10T22:46:47Z,2026-02-10 14:47:44
FanDuel,player_steals,Alperen Sengun,Over,1.5,138,2026-02-11,2026-02-10T22:47:01Z,2026-02-10 14:47:44
FanDuel,player_steals,Alperen Sengun,Under,1.5,-186,2026-02-11,2026-02-10T22:47:01Z,2026-02-10 14:47:44
FanDuel,player_steals,Amen Thompson,Over,1.5,100,2026-02-11,2026-02-10T22:47:01Z,2026-02-10 14:47:44
FanDuel,player_steals,Amen Thompson,Under,1.5,-132,2026-02-11,2026-02-10T22:47:01Z,2026-02-10 14:47:44
FanDuel,player_steals,Kris Dunn,Over,1.5,116,2026-02-11,2026-02-10T22:47:01Z,2026-02-10 14:47:44
FanDuel,player_steals,Kris Dunn,Under,1.5,-154,2026-02-11,2026-02-10T22:47:01Z,2026-02-10 14:47:44
FanDuel,player_steals,Reed Sheppard,Over,1.5,116,2026-02-11,2026-02-10T22:47:01Z,2026-02-10 14:47:44
FanDuel,player_steals,Reed Sheppard,Under,1.5,-154,2026-02-11,2026-02-10T22:47:01Z,2026-02-10 14:47:44
FanDuel,player_steals,Kawhi Leonard,Over,1.5,-122,2026-02-11,2026-02-10T22:47:01Z,2026-02-10 14:47:44
FanDuel,player_steals,Kawhi Leonard,Under,1.5,-108,2026-02-11,2026-02-10T22:47:01Z,2026-02-10 14:47:44
FanDuel,player_steals,Tari Eason,Over,1.5,100,2026-02-11,2026-02-10T22:47:01Z,2026-02-10 14:47:44
FanDuel,player_steals,Tari Eason,Under,1.5,-132,2026-02-11,2026-02-10T22:47:01Z,2026-02-10 14:47:44
FanDuel,player_steals,Deandre Ayton,Over,0.5,-125,2026-02-11,2026-02-10T22:47:19Z,2026-02-10 14:47:44
FanDuel,player_steals,Deandre Ayton,Under,0.5,-106,2026-02-11,2026-02-10T22:47:19Z,2026-02-10 14:47:44
FanDuel,player_steals,Stephon Castle,Over,1.5,118,2026-02-11,2026-02-10T22:47:19Z,2026-02-10 14:47:44
FanDuel,player_steals,Stephon Castle,Under,1.5,-158,2026-02-11,2026-02-10T22:47:19Z,2026-02-10 14:47:44
FanDuel,player_steals,De'Aaron Fox,Over,1.5,138,2026-02-11,2026-02-10T22:47:19Z,2026-02-10 14:47:44
FanDuel,player_steals,De'Aaron Fox,Under,1.5,-186,2026-02-11,2026-02-10T22:47:19Z,2026-02-10 14:47:44
FanDuel,player_steals,Jake LaRavia,Over,1.5,138,2026-02-11,2026-02-10T22:47:19Z,2026-02-10 14:47:44
FanDuel,player_steals,Jake LaRavia,Under,1.5,-186,2026-02-11,2026-02-10T22:47:19Z,2026-02-10 14:47:44
DraftKings,player_steals,Josh Hart,Over,1.5,168,2026-02-11,2026-02-10T22:46:45Z,2026-02-10 14:47:44
DraftKings,player_steals,Josh Hart,Under,1.5,-226,2026-02-11,2026-02-10T22:46:45Z,2026-02-10 14:47:44
DraftKings,player_steals,Kawhi Leonard,Over,1.5,-117,2026-02-11,2026-02-10T22:47:10Z,2026-02-10 14:47:44
DraftKings,player_steals,Kawhi Leonard,Under,1.5,-113,2026-02-11,2026-02-10T22:47:10Z,2026-02-10 14:47:44
DraftKings,player_steals,Tari Eason,Over,1.5,-105,2026-02-11,2026-02-10T22:47:10Z,2026-02-10 14:47:44
DraftKings,player_steals,Tari Eason,Under,1.5,-126,2026-02-11,2026-02-10T22:47:10Z,2026-02-10 14:47:44
DraftKings,player_steals,Amen Thompson,Over,1.5,-104,2026-02-11,2026-02-10T22:47:10Z,2026-02-10 14:47:44
DraftKings,player_steals,Amen Thompson,Under,1.5,-127,2026-02-11,2026-02-10T22:47:10Z,2026-02-10 14:47:44
DraftKings,player_steals,Kris Dunn,Over,1.5,-104,2026-02-11,2026-02-10T22:47:10Z,2026-02-10 14:47:44
DraftKings,player_steals,Kris Dunn,Under,1.5,-127,2026-02-11,2026-02-10T22:47:10Z,2026-02-10 14:47:44
DraftKings,player_steals,Reed Sheppard,Over,1.5,113,2026-02-11,2026-02-10T22:47:10Z,2026-02-10 14:47:44
DraftKings,player_steals,Reed Sheppard,Under,1.5,-150,2026-02-11,2026-02-10T22:47:10Z,2026-02-10 14:47:44
DraftKings,player_steals,Alperen Sengun,Over,1.5,128,2026-02-11,2026-02-10T22:47:10Z,2026-02-10 14:47:44
DraftKings,player_steals,Alperen Sengun,Under,1.5,-171,2026-02-11,2026-02-10T22:47:10Z,2026-02-10 14:47:44
DraftKings,player_steals,Stephon Castle,Over,1.5,125,2026-02-11,2026-02-10T22:47:41Z,2026-02-10 14:47:44
DraftKings,player_steals,Stephon Castle,Under,1.5,-167,2026-02-11,2026-02-10T22:47:41Z,2026-02-10 14:47:44
DraftKings,player_steals,De'Aaron Fox,Over,1.5,136,2026-02-11,2026-02-10T22:47:41Z,2026-02-10 14:47:44
DraftKings,player_steals,De'Aaron Fox,Under,1.5,-182,2026-02-11,2026-02-10T22:47:41Z,2026-02-10 14:47:44
Bovada,player_steals,Alperen Sengun,Over,1.5,140,2026-02-11,2026-02-10T22:47:39Z,2026-02-10 14:47:44
Bovada,player_steals,Alperen Sengun,Under,1.5,-185,2026-02-11,2026-02-10T22:47:39Z,2026-02-10 14:47:44
Bovada,player_steals,Amen Thompson,Over,1.5,110,2026-02-11,2026-02-10T22:47:39Z,2026-02-10 14:47:44
Bovada,player_steals,Amen Thompson,Under,1.5,-145,2026-02-11,2026-02-10T22:47:39Z,2026-02-10 14:47:44
Bovada,player_steals,Kawhi Leonard,Over,1.5,-115,2026-02-11,2026-02-10T22:47:39Z,2026-02-10 14:47:44
Bovada,player_steals,Kawhi Leonard,Under,1.5,-115,2026-02-11,2026-02-10T22:47:39Z,2026-02-10 14:47:44
Bovada,player_steals,Kris Dunn,Over,1.5,105,2026-02-11,2026-02-10T22:47:39Z,2026-02-10 14:47:44
Bovada,player_steals,Kris Dunn,Under,1.5,-135,2026-02-11,2026-02-10T22:47:39Z,2026-02-10 14:47:44
Bovada,player_steals,Reed Sheppard,Over,1.5,115,2026-02-11,2026-02-10T22:47:39Z,2026-02-10 14:47:44
Bovada,player_steals,Reed Sheppard,Under,1.5,-150,2026-02-11,2026-02-10T22:47:39Z,2026-02-10 14:47:44
Bovada,player_steals,Tari Eason,Over,1.5,105,2026-02-11,2026-02-10T22:47:39Z,2026-02-10 14:47:44
Bovada,player_steals,Tari Eason,Under,1.5,-135,2026-02-11,2026-02-10T22:47:39Z,2026-02-10 14:47:44
Bovada,player_steals,De'Aaron Fox,Over,0.5,-240,2026-02-11,2026-02-10T22:47:38Z,2026-02-10 14:47:44
Bovada,player_steals,De'Aaron Fox,Under,0.5,175,2026-02-11,2026-02-10T22:47:38Z,2026-02-10 14:47:44
Bovada,player_steals,De'Aaron Fox,Over,1.5,215,2026-02-11,2026-02-10T22:47:38Z,2026-02-10 14:47:44
Bovada,player_steals,De'Aaron Fox,Under,1.5,-300,2026-02-11,2026-02-10T22:47:38Z,2026-02-10 14:47:44
Bovada,player_steals,Stephon Castle,Over,1.5,120,2026-02-11,2026-02-10T22:47:38Z,2026-02-10 14:47:44
Bovada,player_steals,Stephon Castle,Under,1.5,-160,2026-02-11,2026-02-10T22:47:38Z,2026-02-10 14:47:44
FanDuel,player_points_rebounds_assists,Karl-Anthony Towns,Over,35.5,-104,2026-02-11,2026-02-10T22:46:47Z,2026-02-10 14:47:44
FanDuel,player_points_rebounds_assists,Karl-Anthony Towns,Under,35.5,-122,2026-02-11,2026-02-10T22:46:47Z,2026-02-10 14:47:44
FanDuel,player_points_rebounds_assists,Andrew Nembhard,Over,26.5,-120,2026-02-11,2026-02-10T22:46:47Z,2026-02-10 14:47:44
FanDuel,player_points_rebounds_assists,Andrew Nembhard,Under,26.5,-106,2026-02-11,2026-02-10T22:46:47Z,2026-02-10 14:47:44
FanDuel,player_points_rebounds_assists,Ben Sheppard,Over,14.5,100,2026-02-11,2026-02-10T22:46:47Z,2026-02-10 14:47:44
FanDuel,player_points_rebounds_assists,Ben Sheppard,Under,14.5,-128,2026-02-11,2026-02-10T22:46:47Z,2026-02-10 14:47:44
FanDuel,player_points_rebounds_assists,Jalen Brunson,Over,36.5,-120,2026-02-11,2026-02-10T22:46:47Z,2026-02-10 14:47:44
FanDuel,player_points_rebounds_assists,Jalen Brunson,Under,36.5,-106,2026-02-11,2026-02-10T22:46:47Z,2026-02-10 14:47:44
FanDuel,player_points_rebounds_assists,Josh Hart,Over,26.5,-104,2026-02-11,2026-02-10T22:46:47Z,2026-02-10 14:47:44
FanDuel,player_points_rebounds_assists,Josh Hart,Under,26.5,-122,2026-02-11,2026-02-10T22:46:47Z,2026-02-10 14:47:44
FanDuel,player_points_rebounds_assists,Aaron Nesmith,Over,20.5,100,2026-02-11,2026-02-10T22:46:47Z,2026-02-10 14:47:44
FanDuel,player_points_rebounds_assists,Aaron Nesmith,Under,20.5,-128,2026-02-11,2026-02-10T22:46:47Z,2026-02-10 14:47:44
FanDuel,player_points_rebounds_assists,OG Anunoby,Over,23.5,-106,2026-02-11,2026-02-10T22:46:47Z,2026-02-10 14:47:44
FanDuel,player_points_rebounds_assists,OG Anunoby,Under,23.5,-120,2026-02-11,2026-02-10T22:46:47Z,2026-02-10 14:47:44
FanDuel,player_points_rebounds_assists,Pascal Siakam,Over,32.5,-111,2026-02-11,2026-02-10T22:46:47Z,2026-02-10 14:47:44
FanDuel,player_points_rebounds_assists,Pascal Siakam,Under,32.5,-115,2026-02-11,2026-02-10T22:46:47Z,2026-02-10 14:47:44
FanDuel,player_points_rebounds_assists,Mikal Bridges,Over,23.5,-111,2026-02-11,2026-02-10T22:46:47Z,2026-02-10 14:47:44
FanDuel,player_points_rebounds_assists,Mikal Bridges,Under,23.5,-115,2026-02-11,2026-02-10T22:46:47Z,2026-02-10 14:47:44
FanDuel,player_points_rebounds_assists,Kawhi Leonard,Over,39.5,-111,2026-02-11,2026-02-10T22:47:01Z,2026-02-10 14:47:44
FanDuel,player_points_rebounds_assists,Kawhi Leonard,Under,39.5,-115,2026-02-11,2026-02-10T22:47:01Z,2026-02-10 14:47:44
FanDuel,player_points_rebounds_assists,Kris Dunn,Over,14.5,-125,2026-02-11,2026-02-10T22:47:01Z,2026-02-10 14:47:44
FanDuel,player_points_rebounds_assists,Kris Dunn,Under,14.5,-102,2026-02-11,2026-02-10T22:47:01Z,2026-02-10 14:47:44
FanDuel,player_points_rebounds_assists,Amen Thompson,Over,28.5,-102,2026-02-11,2026-02-10T22:47:01Z,2026-02-10 14:47:44
FanDuel,player_points_rebounds_assists,Amen Thompson,Under,28.5,-125,2026-02-11,2026-02-10T22:47:01Z,2026-02-10 14:47:44
FanDuel,player_points_rebounds_assists,Brook Lopez,Over,14.5,100,2026-02-11,2026-02-10T22:47:01Z,2026-02-10 14:47:44
FanDuel,player_points_rebounds_assists,Brook Lopez,Under,14.5,-128,2026-02-11,2026-02-10T22:47:01Z,2026-02-10 14:47:44
FanDuel,player_points_rebounds_assists,Jabari Smith Jr,Over,22.5,-102,2026-02-11,2026-02-10T22:47:01Z,2026-02-10 14:47:44
FanDuel,player_points_rebounds_assists,Jabari Smith Jr,Under,22.5,-125,2026-02-11,2026-02-10T22:47:01Z,2026-02-10 14:47:44
FanDuel,player_points_rebounds_assists,Alperen Sengun,Over,34.5,-118,2026-02-11,2026-02-10T22:47:01Z,2026-02-10 14:47:44
FanDuel,player_points_rebounds_assists,Alperen Sengun,Under,34.5,-108,2026-02-11,2026-02-10T22:47:01Z,2026-02-10 14:47:44
FanDuel,player_points_rebounds_assists,Reed Sheppard,Over,14.5,-120,2026-02-11,2026-02-10T22:47:01Z,2026-02-10 14:47:44
FanDuel,player_points_rebounds_assists,Reed Sheppard,Under,14.5,-106,2026-02-11,2026-02-10T22:47:01Z,2026-02-10 14:47:44
FanDuel,player_points_rebounds_assists,Kevin Durant,Over,34.5,-102,2026-02-11,2026-02-10T22:47:01Z,2026-02-10 14:47:44
FanDuel,player_points_rebounds_assists,Kevin Durant,Under,34.5,-125,2026-02-11,2026-02-10T22:47:01Z,2026-02-10 14:47:44
FanDuel,player_points_rebounds_assists,Max Christie,Over,17.5,-125,2026-02-11,2026-02-10T22:47:39Z,2026-02-10 14:47:44
FanDuel,player_points_rebounds_assists,Max Christie,Under,17.5,-102,2026-02-11,2026-02-10T22:47:39Z,2026-02-10 14:47:44
FanDuel,player_points_rebounds_assists,Royce O'Neale,Over,17.5,-122,2026-02-11,2026-02-10T22:47:39Z,2026-02-10 14:47:44
FanDuel,player_points_rebounds_assists,Royce O'Neale,Under,17.5,-104,2026-02-11,2026-02-10T22:47:39Z,2026-02-10 14:47:44
FanDuel,player_points_rebounds_assists,Brandon Williams,Over,17.5,-113,2026-02-11,2026-02-10T22:47:39Z,2026-02-10 14:47:44
FanDuel,player_points_rebounds_assists,Brandon Williams,Under,17.5,-113,2026-02-11,2026-02-10T22:47:39Z,2026-02-10 14:47:44
FanDuel,player_points_rebounds_assists,Cooper Flagg,Over,34.5,-104,2026-02-11,2026-02-10T22:47:39Z,2026-02-10 14:47:44
FanDuel,player_points_rebounds_assists,Cooper Flagg,Under,34.5,-122,2026-02-11,2026-02-10T22:47:39Z,2026-02-10 14:47:44
FanDuel,player_points_rebounds_assists,Naji Marshall,Over,22.5,-122,2026-02-11,2026-02-10T22:47:39Z,2026-02-10 14:47:44
FanDuel,player_points_rebounds_assists,Naji Marshall,Under,22.5,-104,2026-02-11,2026-02-10T22:47:39Z,2026-02-10 14:47:44
FanDuel,player_points_rebounds_assists,Dillon Brooks,Over,26.5,-118,2026-02-11,2026-02-10T22:47:39Z,2026-02-10 14:47:44
FanDuel,player_points_rebounds_assists,Dillon Brooks,Under,26.5,-108,2026-02-11,2026-02-10T22:47:39Z,2026-02-10 14:47:44
FanDuel,player_points_rebounds_assists,Collin Gillespie,Over,21.5,-115,2026-02-11,2026-02-10T22:47:39Z,2026-02-10 14:47:44
FanDuel,player_points_rebounds_assists,Collin Gillespie,Under,21.5,-111,2026-02-11,2026-02-10T22:47:39Z,2026-02-10 14:47:44
FanDuel,player_points_rebounds_assists,Jalen Green,Over,16.5,-108,2026-02-11,2026-02-10T22:47:39Z,2026-02-10 14:47:44
FanDuel,player_points_rebounds_assists,Jalen Green,Under,16.5,-118,2026-02-11,2026-02-10T22:47:39Z,2026-02-10 14:47:44
FanDuel,player_points_rebounds_assists,Caleb Martin,Over,11.5,-106,2026-02-11,2026-02-10T22:47:39Z,2026-02-10 14:47:44
FanDuel,player_points_rebounds_assists,Caleb Martin,Under,11.5,-120,2026-02-11,2026-02-10T22:47:39Z,2026-02-10 14:47:44
FanDuel,player_points_rebounds_assists,Mark Williams,Over,22.5,-115,2026-02-11,2026-02-10T22:47:39Z,2026-02-10 14:47:44
FanDuel,player_points_rebounds_assists,Mark Williams,Under,22.5,-111,2026-02-11,2026-02-10T22:47:39Z,2026-02-10 14:47:44
FanDuel,player_points_rebounds_assists,P.J. Washington,Over,19.5,100,2026-02-11,2026-02-10T22:47:39Z,2026-02-10 14:47:44
FanDuel,player_points_rebounds_assists,P.J. Washington,Under,19.5,-128,2026-02-11,2026-02-10T22:47:39Z,2026-02-10 14:47:44
FanDuel,player_points_rebounds_assists,Jordan Goodwin,Over,16.5,-113,2026-02-11,2026-02-10T22:47:39Z,2026-02-10 14:47:44
FanDuel,player_points_rebounds_assists,Jordan Goodwin,Under,16.5,-115,2026-02-11,2026-02-10T22:47:39Z,2026-02-10 14:47:44
FanDuel,player_points_rebounds_assists,Devin Booker,Over,34.5,-118,2026-02-11,2026-02-10T22:47:39Z,2026-02-10 14:47:44
FanDuel,player_points_rebounds_assists,Devin Booker,Under,34.5,-108,2026-02-11,2026-02-10T22:47:39Z,2026-02-10 14:47:44
FanDuel,player_points_rebounds_assists,Jake LaRavia,Over,21.5,-108,2026-02-11,2026-02-10T22:47:19Z,2026-02-10 14:47:44
FanDuel,player_points_rebounds_assists,Jake LaRavia,Under,21.5,-122,2026-02-11,2026-02-10T22:47:19Z,2026-02-10 14:47:44
FanDuel,player_points_rebounds_assists,Stephon Castle,Over,28.5,-130,2026-02-11,2026-02-10T22:47:19Z,2026-02-10 14:47:44
FanDuel,player_points_rebounds_assists,Stephon Castle,Under,28.5,-102,2026-02-11,2026-02-10T22:47:19Z,2026-02-10 14:47:44
FanDuel,player_points_rebounds_assists,Victor Wembanyama,Over,36.5,-122,2026-02-11,2026-02-10T22:47:19Z,2026-02-10 14:47:44
FanDuel,player_points_rebounds_assists,Victor Wembanyama,Under,36.5,-108,2026-02-11,2026-02-10T22:47:19Z,2026-02-10 14:47:44
FanDuel,player_points_rebounds_assists,Dylan Harper,Over,17.5,-118,2026-02-11,2026-02-10T22:47:19Z,2026-02-10 14:47:44
FanDuel,player_points_rebounds_assists,Dylan Harper,Under,17.5,-112,2026-02-11,2026-02-10T22:47:19Z,2026-02-10 14:47:44
FanDuel,player_points_rebounds_assists,De'Aaron Fox,Over,26.5,-128,2026-02-11,2026-02-10T22:47:19Z,2026-02-10 14:47:44
FanDuel,player_points_rebounds_assists,De'Aaron Fox,Under,26.5,-104,2026-02-11,2026-02-10T22:47:19Z,2026-02-10 14:47:44
FanDuel,player_points_rebounds_assists,Kevin Porter Jr.,Over,30.5,-114,2026-02-12,2026-02-10T22:46:58Z,2026-02-10 14:47:44
FanDuel,player_points_rebounds_assists,Kevin Porter Jr.,Under,30.5,-114,2026-02-12,2026-02-10T22:46:58Z,2026-02-10 14:47:44
FanDuel,player_points_rebounds_assists,Desmond Bane,Over,26.5,-118,2026-02-12,2026-02-10T22:46:58Z,2026-02-10 14:47:44
FanDuel,player_points_rebounds_assists,Desmond Bane,Under,26.5,-112,2026-02-12,2026-02-10T22:46:58Z,2026-02-10 14:47:44
FanDuel,player_points_rebounds_assists,Kyle Kuzma,Over,19.5,-108,2026-02-12,2026-02-10T22:46:58Z,2026-02-10 14:47:44
FanDuel,player_points_rebounds_assists,Kyle Kuzma,Under,19.5,-122,2026-02-12,2026-02-10T22:46:58Z,2026-02-10 14:47:44
FanDuel,player_points_rebounds_assists,Myles Turner,Over,19.5,-106,2026-02-12,2026-02-10T22:46:58Z,2026-02-10 14:47:44
FanDuel,player_points_rebounds_assists,Myles Turner,Under,19.5,-125,2026-02-12,2026-02-10T22:46:58Z,2026-02-10 14:47:44
FanDuel,player_points_rebounds_assists,Ryan Rollins,Over,28.5,-104,2026-02-12,2026-02-10T22:46:58Z,2026-02-10 14:47:44
FanDuel,player_points_rebounds_assists,Ryan Rollins,Under,28.5,-128,2026-02-12,2026-02-10T22:46:58Z,2026-02-10 14:47:44
FanDuel,player_points_rebounds_assists,Franz Wagner,Over,21.5,-106,2026-02-12,2026-02-10T22:46:58Z,2026-02-10 14:47:44
FanDuel,player_points_rebounds_assists,Franz Wagner,Under,21.5,-125,2026-02-12,2026-02-10T22:46:58Z,2026-02-10 14:47:44
FanDuel,player_points_rebounds_assists,Jalen Suggs,Over,24.5,-108,2026-02-12,2026-02-10T22:46:58Z,2026-02-10 14:47:44
FanDuel,player_points_rebounds_assists,Jalen Suggs,Under,24.5,-122,2026-02-12,2026-02-10T22:46:58Z,2026-02-10 14:47:44
FanDuel,player_points_rebounds_assists,Anthony Black,Over,24.5,-130,2026-02-12,2026-02-10T22:46:58Z,2026-02-10 14:47:44
FanDuel,player_points_rebounds_assists,Anthony Black,Under,24.5,-102,2026-02-12,2026-02-10T22:46:58Z,2026-02-10 14:47:44
FanDuel,player_points_rebounds_assists,Paolo Banchero,Over,33.5,-108,2026-02-12,2026-02-10T22:46:58Z,2026-02-10 14:47:44
FanDuel,player_points_rebounds_assists,Paolo Banchero,Under,33.5,-122,2026-02-12,2026-02-10T22:46:58Z,2026-02-10 14:47:44
FanDuel,player_points_rebounds_assists,Jalen Williams,Over,28.5,-120,2026-02-12,2026-02-10T22:48:18Z,2026-02-10 14:47:44
FanDuel,player_points_rebounds_assists,Jalen Williams,Under,28.5,-110,2026-02-12,2026-02-10T22:48:18Z,2026-02-10 14:47:44
FanDuel,player_points_rebounds_assists,Isaiah Hartenstein,Over,22.5,-108,2026-02-12,2026-02-10T22:48:18Z,2026-02-10 14:47:44
FanDuel,player_points_rebounds_assists,Isaiah Hartenstein,Under,22.5,-122,2026-02-12,2026-02-10T22:48:18Z,2026-02-10 14:47:44
FanDuel,player_points_rebounds_assists,Chet Holmgren,Over,29.5,-104,2026-02-12,2026-02-10T22:48:18Z,2026-02-10 14:47:44
FanDuel,player_points_rebounds_assists,Chet Holmgren,Under,29.5,-128,2026-02-12,2026-02-10T22:48:18Z,2026-02-10 14:47:44
FanDuel,player_points_rebounds_assists,Cason Wallace,Over,15.5,-125,2026-02-12,2026-02-10T22:48:18Z,2026-02-10 14:47:44
FanDuel,player_points_rebounds_assists,Cason Wallace,Under,15.5,-106,2026-02-12,2026-02-10T22:48:18Z,2026-02-10 14:47:44
DraftKings,player_points_rebounds_assists,Jalen Brunson,Over,36.5,-111,2026-02-11,2026-02-10T22:46:45Z,2026-02-10 14:47:44
DraftKings,player_points_rebounds_assists,Jalen Brunson,Under,36.5,-118,2026-02-11,2026-02-10T22:46:45Z,2026-02-10 14:47:44
DraftKings,player_points_rebounds_assists,Karl-Anthony Towns,Over,35.5,-112,2026-02-11,2026-02-10T22:46:45Z,2026-02-10 14:47:44
DraftKings,player_points_rebounds_assists,Karl-Anthony Towns,Under,35.5,-118,2026-02-11,2026-02-10T22:46:45Z,2026-02-10 14:47:44
DraftKings,player_points_rebounds_assists,Pascal Siakam,Over,32.5,-113,2026-02-11,2026-02-10T22:46:45Z,2026-02-10 14:47:44
DraftKings,player_points_rebounds_assists,Pascal Siakam,Under,32.5,-116,2026-02-11,2026-02-10T22:46:45Z,2026-02-10 14:47:44
DraftKings,player_points_rebounds_assists,Josh Hart,Over,26.5,-115,2026-02-11,2026-02-10T22:46:45Z,2026-02-10 14:47:44
DraftKings,player_points_rebounds_assists,Josh Hart,Under,26.5,-114,2026-02-11,2026-02-10T22:46:45Z,2026-02-10 14:47:44
DraftKings,player_points_rebounds_assists,Andrew Nembhard,Over,26.5,-113,2026-02-11,2026-02-10T22:46:45Z,2026-02-10 14:47:44
DraftKings,player_points_rebounds_assists,Andrew Nembhard,Under,26.5,-117,2026-02-11,2026-02-10T22:46:45Z,2026-02-10 14:47:44
DraftKings,player_points_rebounds_assists,Mikal Bridges,Over,23.5,-114,2026-02-11,2026-02-10T22:46:45Z,2026-02-10 14:47:44
DraftKings,player_points_rebounds_assists,Mikal Bridges,Under,23.5,-115,2026-02-11,2026-02-10T22:46:45Z,2026-02-10 14:47:44
DraftKings,player_points_rebounds_assists,OG Anunoby,Over,23.5,-112,2026-02-11,2026-02-10T22:46:45Z,2026-02-10 14:47:44
DraftKings,player_points_rebounds_assists,OG Anunoby,Under,23.5,-118,2026-02-11,2026-02-10T22:46:45Z,2026-02-10 14:47:44
DraftKings,player_points_rebounds_assists,Kawhi Leonard,Over,39.5,-108,2026-02-11,2026-02-10T22:47:10Z,2026-02-10 14:47:44
DraftKings,player_points_rebounds_assists,Kawhi Leonard,Under,39.5,-121,2026-02-11,2026-02-10T22:47:10Z,2026-02-10 14:47:44
DraftKings,player_points_rebounds_assists,Alperen Sengun,Over,35.5,-109,2026-02-11,2026-02-10T22:47:10Z,2026-02-10 14:47:44
DraftKings,player_points_rebounds_assists,Alperen Sengun,Under,35.5,-120,2026-02-11,2026-02-10T22:47:10Z,2026-02-10 14:47:44
DraftKings,player_points_rebounds_assists,Kevin Durant,Over,33.5,-120,2026-02-11,2026-02-10T22:47:10Z,2026-02-10 14:47:44
DraftKings,player_points_rebounds_assists,Kevin Durant,Under,33.5,-110,2026-02-11,2026-02-10T22:47:10Z,2026-02-10 14:47:44
DraftKings,player_points_rebounds_assists,Amen Thompson,Over,28.5,-109,2026-02-11,2026-02-10T22:47:10Z,2026-02-10 14:47:44
DraftKings,player_points_rebounds_assists,Amen Thompson,Under,28.5,-120,2026-02-11,2026-02-10T22:47:10Z,2026-02-10 14:47:44
DraftKings,player_points_rebounds_assists,Jabari Smith Jr,Over,22.5,-120,2026-02-11,2026-02-10T22:47:10Z,2026-02-10 14:47:44
DraftKings,player_points_rebounds_assists,Jabari Smith Jr,Under,22.5,-109,2026-02-11,2026-02-10T22:47:10Z,2026-02-10 14:47:44
DraftKings,player_points_rebounds_assists,John Collins,Over,20.5,-114,2026-02-11,2026-02-10T22:47:10Z,2026-02-10 14:47:44
DraftKings,player_points_rebounds_assists,John Collins,Under,20.5,-115,2026-02-11,2026-02-10T22:47:10Z,2026-02-10 14:47:44
DraftKings,player_points_rebounds_assists,Kris Dunn,Over,14.5,-125,2026-02-11,2026-02-10T22:47:10Z,2026-02-10 14:47:44
DraftKings,player_points_rebounds_assists,Kris Dunn,Under,14.5,-105,2026-02-11,2026-02-10T22:47:10Z,2026-02-10 14:47:44
DraftKings,player_points_rebounds_assists,Reed Sheppard,Over,14.5,-122,2026-02-11,2026-02-10T22:47:10Z,2026-02-10 14:47:44
DraftKings,player_points_rebounds_assists,Reed Sheppard,Under,14.5,-108,2026-02-11,2026-02-10T22:47:10Z,2026-02-10 14:47:44
DraftKings,player_points_rebounds_assists,Brook Lopez,Over,14.5,-107,2026-02-11,2026-02-10T22:47:10Z,2026-02-10 14:47:44
DraftKings,player_points_rebounds_assists,Brook Lopez,Under,14.5,-123,2026-02-11,2026-02-10T22:47:10Z,2026-02-10 14:47:44
DraftKings,player_points_rebounds_assists,Devin Booker,Over,35.5,-110,2026-02-11,2026-02-10T22:47:24Z,2026-02-10 14:47:44
DraftKings,player_points_rebounds_assists,Devin Booker,Under,35.5,-119,2026-02-11,2026-02-10T22:47:24Z,2026-02-10 14:47:44
DraftKings,player_points_rebounds_assists,Cooper Flagg,Over,34.5,-121,2026-02-11,2026-02-10T22:47:24Z,2026-02-10 14:47:44
DraftKings,player_points_rebounds_assists,Cooper Flagg,Under,34.5,-109,2026-02-11,2026-02-10T22:47:24Z,2026-02-10 14:47:44
DraftKings,player_points_rebounds_assists,Dillon Brooks,Over,26.5,-121,2026-02-11,2026-02-10T22:47:24Z,2026-02-10 14:47:44
DraftKings,player_points_rebounds_assists,Dillon Brooks,Under,26.5,-108,2026-02-11,2026-02-10T22:47:24Z,2026-02-10 14:47:44
DraftKings,player_points_rebounds_assists,Naji Marshall,Over,23.5,-121,2026-02-11,2026-02-10T22:47:24Z,2026-02-10 14:47:44
DraftKings,player_points_rebounds_assists,Naji Marshall,Under,23.5,-109,2026-02-11,2026-02-10T22:47:24Z,2026-02-10 14:47:44
DraftKings,player_points_rebounds_assists,Collin Gillespie,Over,21.5,-122,2026-02-11,2026-02-10T22:47:24Z,2026-02-10 14:47:44
DraftKings,player_points_rebounds_assists,Collin Gillespie,Under,21.5,-107,2026-02-11,2026-02-10T22:47:24Z,2026-02-10 14:47:44
DraftKings,player_points_rebounds_assists,P.J. Washington,Over,18.5,-119,2026-02-11,2026-02-10T22:47:24Z,2026-02-10 14:47:44
DraftKings,player_points_rebounds_assists,P.J. Washington,Under,18.5,-110,2026-02-11,2026-02-10T22:47:24Z,2026-02-10 14:47:44
DraftKings,player_points_rebounds_assists,Max Christie,Over,18.5,-115,2026-02-11,2026-02-10T22:47:24Z,2026-02-10 14:47:44
DraftKings,player_points_rebounds_assists,Max Christie,Under,18.5,-115,2026-02-11,2026-02-10T22:47:24Z,2026-02-10 14:47:44
DraftKings,player_points_rebounds_assists,Royce O'Neale,Over,18.5,-110,2026-02-11,2026-02-10T22:47:24Z,2026-02-10 14:47:44
DraftKings,player_points_rebounds_assists,Royce O'Neale,Under,18.5,-120,2026-02-11,2026-02-10T22:47:24Z,2026-02-10 14:47:44
DraftKings,player_points_rebounds_assists,Brandon Williams,Over,17.5,-125,2026-02-11,2026-02-10T22:47:24Z,2026-02-10 14:47:44
DraftKings,player_points_rebounds_assists,Brandon Williams,Under,17.5,-105,2026-02-11,2026-02-10T22:47:24Z,2026-02-10 14:47:44
DraftKings,player_points_rebounds_assists,Jordan Goodwin,Over,16.5,-113,2026-02-11,2026-02-10T22:47:24Z,2026-02-10 14:47:44
DraftKings,player_points_rebounds_assists,Jordan Goodwin,Under,16.5,-117,2026-02-11,2026-02-10T22:47:24Z,2026-02-10 14:47:44
DraftKings,player_points_rebounds_assists,Jalen Green,Over,16.5,-112,2026-02-11,2026-02-10T22:47:24Z,2026-02-10 14:47:44
DraftKings,player_points_rebounds_assists,Jalen Green,Under,16.5,-117,2026-02-11,2026-02-10T22:47:24Z,2026-02-10 14:47:44
DraftKings,player_points_rebounds_assists,Caleb Martin,Over,10.5,-130,2026-02-11,2026-02-10T22:47:24Z,2026-02-10 14:47:44
DraftKings,player_points_rebounds_assists,Caleb Martin,Under,10.5,-101,2026-02-11,2026-02-10T22:47:24Z,2026-02-10 14:47:44
DraftKings,player_points_rebounds_assists,Victor Wembanyama,Over,37.5,-113,2026-02-11,2026-02-10T22:47:41Z,2026-02-10 14:47:44
DraftKings,player_points_rebounds_assists,Victor Wembanyama,Under,37.5,-116,2026-02-11,2026-02-10T22:47:41Z,2026-02-10 14:47:44
DraftKings,player_points_rebounds_assists,Stephon Castle,Over,29.5,-113,2026-02-11,2026-02-10T22:47:41Z,2026-02-10 14:47:44
DraftKings,player_points_rebounds_assists,Stephon Castle,Under,29.5,-116,2026-02-11,2026-02-10T22:47:41Z,2026-02-10 14:47:44
DraftKings,player_points_rebounds_assists,De'Aaron Fox,Over,26.5,-126,2026-02-11,2026-02-10T22:47:41Z,2026-02-10 14:47:44
DraftKings,player_points_rebounds_assists,De'Aaron Fox,Under,26.5,-104,2026-02-11,2026-02-10T22:47:41Z,2026-02-10 14:47:44
DraftKings,player_points_rebounds_assists,Jake LaRavia,Over,21.5,-105,2026-02-11,2026-02-10T22:47:41Z,2026-02-10 14:47:44
DraftKings,player_points_rebounds_assists,Jake LaRavia,Under,21.5,-125,2026-02-11,2026-02-10T22:47:41Z,2026-02-10 14:47:44
DraftKings,player_points_rebounds_assists,Dylan Harper,Over,17.5,-108,2026-02-11,2026-02-10T22:47:41Z,2026-02-10 14:47:44
DraftKings,player_points_rebounds_assists,Dylan Harper,Under,17.5,-122,2026-02-11,2026-02-10T22:47:41Z,2026-02-10 14:47:44
BetOnline.ag,player_points_rebounds_assists,Josh Hart,Over,26.5,-108,2026-02-11,2026-02-10T22:46:54Z,2026-02-10 14:47:44
BetOnline.ag,player_points_rebounds_assists,Josh Hart,Under,26.5,-120,2026-02-11,2026-02-10T22:46:54Z,2026-02-10 14:47:44
BetOnline.ag,player_points_rebounds_assists,Pascal Siakam,Over,32.5,-112,2026-02-11,2026-02-10T22:46:54Z,2026-02-10 14:47:44
BetOnline.ag,player_points_rebounds_assists,Pascal Siakam,Under,32.5,-115,2026-02-11,2026-02-10T22:46:54Z,2026-02-10 14:47:44
BetOnline.ag,player_points_rebounds_assists,Jalen Brunson,Over,36.5,-112,2026-02-11,2026-02-10T22:46:54Z,2026-02-10 14:47:44
BetOnline.ag,player_points_rebounds_assists,Jalen Brunson,Under,36.5,-115,2026-02-11,2026-02-10T22:46:54Z,2026-02-10 14:47:44
BetOnline.ag,player_points_rebounds_assists,Karl-Anthony Towns,Over,35.5,-105,2026-02-11,2026-02-10T22:46:54Z,2026-02-10 14:47:44
BetOnline.ag,player_points_rebounds_assists,Karl-Anthony Towns,Under,35.5,-123,2026-02-11,2026-02-10T22:46:54Z,2026-02-10 14:47:44
BetOnline.ag,player_points_rebounds_assists,Mikal Bridges,Over,23.5,-112,2026-02-11,2026-02-10T22:46:54Z,2026-02-10 14:47:44
BetOnline.ag,player_points_rebounds_assists,Mikal Bridges,Under,23.5,-115,2026-02-11,2026-02-10T22:46:54Z,2026-02-10 14:47:44
BetOnline.ag,player_points_rebounds_assists,Andrew Nembhard,Over,26.5,-115,2026-02-11,2026-02-10T22:46:54Z,2026-02-10 14:47:44
BetOnline.ag,player_points_rebounds_assists,Andrew Nembhard,Under,26.5,-112,2026-02-11,2026-02-10T22:46:54Z,2026-02-10 14:47:44
BetOnline.ag,player_points_rebounds_assists,Jay Huff,Over,16.5,-112,2026-02-11,2026-02-10T22:46:54Z,2026-02-10 14:47:44
BetOnline.ag,player_points_rebounds_assists,Jay Huff,Under,16.5,-115,2026-02-11,2026-02-10T22:46:54Z,2026-02-10 14:47:44
BetOnline.ag,player_points_rebounds_assists,OG Anunoby,Over,23.5,-109,2026-02-11,2026-02-10T22:46:54Z,2026-02-10 14:47:44
BetOnline.ag,player_points_rebounds_assists,OG Anunoby,Under,23.5,-119,2026-02-11,2026-02-10T22:46:54Z,2026-02-10 14:47:44
BetOnline.ag,player_points_rebounds_assists,Landry Shamet,Over,12.5,-120,2026-02-11,2026-02-10T22:46:54Z,2026-02-10 14:47:44
BetOnline.ag,player_points_rebounds_assists,Landry Shamet,Under,12.5,-108,2026-02-11,2026-02-10T22:46:54Z,2026-02-10 14:47:44
BetOnline.ag,player_points_rebounds_assists,Aaron Nesmith,Over,20.5,-101,2026-02-11,2026-02-10T22:46:54Z,2026-02-10 14:47:44
BetOnline.ag,player_points_rebounds_assists,Aaron Nesmith,Under,20.5,-128,2026-02-11,2026-02-10T22:46:54Z,2026-02-10 14:47:44
BetOnline.ag,player_points_rebounds_assists,Ben Sheppard,Over,14.5,-101,2026-02-11,2026-02-10T22:46:54Z,2026-02-10 14:47:44
BetOnline.ag,player_points_rebounds_assists,Ben Sheppard,Under,14.5,-128,2026-02-11,2026-02-10T22:46:54Z,2026-02-10 14:47:44
BetOnline.ag,player_points_rebounds_assists,Jabari Smith Jr,Over,22.5,-110,2026-02-11,2026-02-10T22:47:08Z,2026-02-10 14:47:44
BetOnline.ag,player_points_rebounds_assists,Jabari Smith Jr,Under,22.5,-118,2026-02-11,2026-02-10T22:47:08Z,2026-02-10 14:47:44
BetOnline.ag,player_points_rebounds_assists,Tari Eason,Over,21.5,-123,2026-02-11,2026-02-10T22:47:08Z,2026-02-10 14:47:44
BetOnline.ag,player_points_rebounds_assists,Tari Eason,Under,21.5,-105,2026-02-11,2026-02-10T22:47:08Z,2026-02-10 14:47:44
BetOnline.ag,player_points_rebounds_assists,Kevin Durant,Over,33.5,-114,2026-02-11,2026-02-10T22:47:08Z,2026-02-10 14:47:44
BetOnline.ag,player_points_rebounds_assists,Kevin Durant,Under,33.5,-114,2026-02-11,2026-02-10T22:47:08Z,2026-02-10 14:47:44
BetOnline.ag,player_points_rebounds_assists,Alperen Sengun,Over,35.5,-105,2026-02-11,2026-02-10T22:47:08Z,2026-02-10 14:47:44
BetOnline.ag,player_points_rebounds_assists,Alperen Sengun,Under,35.5,-123,2026-02-11,2026-02-10T22:47:08Z,2026-02-10 14:47:44
BetOnline.ag,player_points_rebounds_assists,Brook Lopez,Over,14.5,-105,2026-02-11,2026-02-10T22:47:08Z,2026-02-10 14:47:44
BetOnline.ag,player_points_rebounds_assists,Brook Lopez,Under,14.5,-123,2026-02-11,2026-02-10T22:47:08Z,2026-02-10 14:47:44
BetOnline.ag,player_points_rebounds_assists,Amen Thompson,Over,28.5,-106,2026-02-11,2026-02-10T22:47:08Z,2026-02-10 14:47:44
BetOnline.ag,player_points_rebounds_assists,Amen Thompson,Under,28.5,-122,2026-02-11,2026-02-10T22:47:08Z,2026-02-10 14:47:44
BetOnline.ag,player_points_rebounds_assists,John Collins,Over,20.5,-111,2026-02-11,2026-02-10T22:47:08Z,2026-02-10 14:47:44
BetOnline.ag,player_points_rebounds_assists,John Collins,Under,20.5,-116,2026-02-11,2026-02-10T22:47:08Z,2026-02-10 14:47:44
BetOnline.ag,player_points_rebounds_assists,Reed Sheppard,Over,14.5,-130,2026-02-11,2026-02-10T22:47:08Z,2026-02-10 14:47:44
BetOnline.ag,player_points_rebounds_assists,Reed Sheppard,Under,14.5,100,2026-02-11,2026-02-10T22:47:08Z,2026-02-10 14:47:44
BetOnline.ag,player_points_rebounds_assists,Kawhi Leonard,Over,39.5,-108,2026-02-11,2026-02-10T22:47:08Z,2026-02-10 14:47:44
BetOnline.ag,player_points_rebounds_assists,Kawhi Leonard,Under,39.5,-120,2026-02-11,2026-02-10T22:47:08Z,2026-02-10 14:47:44
BetOnline.ag,player_points_rebounds_assists,Kris Dunn,Over,14.5,-125,2026-02-11,2026-02-10T22:47:08Z,2026-02-10 14:47:44
BetOnline.ag,player_points_rebounds_assists,Kris Dunn,Under,14.5,-103,2026-02-11,2026-02-10T22:47:08Z,2026-02-10 14:47:44
BetOnline.ag,player_points_rebounds_assists,Jordan Goodwin,Over,16.5,-109,2026-02-11,2026-02-10T22:46:51Z,2026-02-10 14:47:44
BetOnline.ag,player_points_rebounds_assists,Jordan Goodwin,Under,16.5,-119,2026-02-11,2026-02-10T22:46:51Z,2026-02-10 14:47:44
BetOnline.ag,player_points_rebounds_assists,Naji Marshall,Over,23.5,-118,2026-02-11,2026-02-10T22:46:51Z,2026-02-10 14:47:44
BetOnline.ag,player_points_rebounds_assists,Naji Marshall,Under,23.5,-110,2026-02-11,2026-02-10T22:46:51Z,2026-02-10 14:47:44
BetOnline.ag,player_points_rebounds_assists,Dillon Brooks,Over,26.5,-115,2026-02-11,2026-02-10T22:46:51Z,2026-02-10 14:47:44
BetOnline.ag,player_points_rebounds_assists,Dillon Brooks,Under,26.5,-112,2026-02-11,2026-02-10T22:46:51Z,2026-02-10 14:47:44
BetOnline.ag,player_points_rebounds_assists,Max Christie,Over,18.5,-111,2026-02-11,2026-02-10T22:46:51Z,2026-02-10 14:47:44
BetOnline.ag,player_points_rebounds_assists,Max Christie,Under,18.5,-116,2026-02-11,2026-02-10T22:46:51Z,2026-02-10 14:47:44
BetOnline.ag,player_points_rebounds_assists,Caleb Martin,Over,11.5,100,2026-02-11,2026-02-10T22:46:51Z,2026-02-10 14:47:44
BetOnline.ag,player_points_rebounds_assists,Caleb Martin,Under,11.5,-130,2026-02-11,2026-02-10T22:46:51Z,2026-02-10 14:47:44
BetOnline.ag,player_points_rebounds_assists,Jalen Green,Over,16.5,-108,2026-02-11,2026-02-10T22:46:51Z,2026-02-10 14:47:44
BetOnline.ag,player_points_rebounds_assists,Jalen Green,Under,16.5,-120,2026-02-11,2026-02-10T22:46:51Z,2026-02-10 14:47:44
BetOnline.ag,player_points_rebounds_assists,Cooper Flagg,Over,34.5,-110,2026-02-11,2026-02-10T22:46:51Z,2026-02-10 14:47:44
BetOnline.ag,player_points_rebounds_assists,Cooper Flagg,Under,34.5,-118,2026-02-11,2026-02-10T22:46:51Z,2026-02-10 14:47:44
BetOnline.ag,player_points_rebounds_assists,Brandon Williams,Over,17.5,-118,2026-02-11,2026-02-10T22:46:51Z,2026-02-10 14:47:44
BetOnline.ag,player_points_rebounds_assists,Brandon Williams,Under,17.5,-110,2026-02-11,2026-02-10T22:46:51Z,2026-02-10 14:47:44
BetOnline.ag,player_points_rebounds_assists,Royce O'Neale,Over,18.5,-105,2026-02-11,2026-02-10T22:46:51Z,2026-02-10 14:47:44
BetOnline.ag,player_points_rebounds_assists,Royce O'Neale,Under,18.5,-123,2026-02-11,2026-02-10T22:46:51Z,2026-02-10 14:47:44
BetOnline.ag,player_points_rebounds_assists,P.J. Washington,Over,19.5,100,2026-02-11,2026-02-10T22:46:51Z,2026-02-10 14:47:44
BetOnline.ag,player_points_rebounds_assists,P.J. Washington,Under,19.5,-130,2026-02-11,2026-02-10T22:46:51Z,2026-02-10 14:47:44
BetOnline.ag,player_points_rebounds_assists,Devin Booker,Over,35.5,-108,2026-02-11,2026-02-10T22:46:51Z,2026-02-10 14:47:44
BetOnline.ag,player_points_rebounds_assists,Devin Booker,Under,35.5,-120,2026-02-11,2026-02-10T22:46:51Z,2026-02-10 14:47:44
BetOnline.ag,player_points_rebounds_assists,Mark Williams,Over,23.5,102,2026-02-11,2026-02-10T22:46:51Z,2026-02-10 14:47:44
BetOnline.ag,player_points_rebounds_assists,Mark Williams,Under,23.5,-132,2026-02-11,2026-02-10T22:46:51Z,2026-02-10 14:47:44
BetOnline.ag,player_points_rebounds_assists,Oso Ighodaro,Over,12.5,-102,2026-02-11,2026-02-10T22:46:51Z,2026-02-10 14:47:44
BetOnline.ag,player_points_rebounds_assists,Oso Ighodaro,Under,12.5,-127,2026-02-11,2026-02-10T22:46:51Z,2026-02-10 14:47:44
BetOnline.ag,player_points_rebounds_assists,Collin Gillespie,Over,22.5,102,2026-02-11,2026-02-10T22:46:51Z,2026-02-10 14:47:44
BetOnline.ag,player_points_rebounds_assists,Collin Gillespie,Under,22.5,-132,2026-02-11,2026-02-10T22:46:51Z,2026-02-10 14:47:44
BetOnline.ag,player_points_rebounds_assists,Stephon Castle,Over,29.5,-106,2026-02-11,2026-02-10T22:47:39Z,2026-02-10 14:47:44
BetOnline.ag,player_points_rebounds_assists,Stephon Castle,Under,29.5,-122,2026-02-11,2026-02-10T22:47:39Z,2026-02-10 14:47:44
BetOnline.ag,player_points_rebounds_assists,De'Aaron Fox,Over,26.5,-123,2026-02-11,2026-02-10T22:47:39Z,2026-02-10 14:47:44
BetOnline.ag,player_points_rebounds_assists,De'Aaron Fox,Under,26.5,-105,2026-02-11,2026-02-10T22:47:39Z,2026-02-10 14:47:44
BetOnline.ag,player_points_rebounds_assists,Victor Wembanyama,Over,37.5,-110,2026-02-11,2026-02-10T22:47:39Z,2026-02-10 14:47:44
BetOnline.ag,player_points_rebounds_assists,Victor Wembanyama,Under,37.5,-118,2026-02-11,2026-02-10T22:47:39Z,2026-02-10 14:47:44
BetOnline.ag,player_points_rebounds_assists,Deandre Ayton,Over,20.5,-120,2026-02-11,2026-02-10T22:47:39Z,2026-02-10 14:47:44
BetOnline.ag,player_points_rebounds_assists,Deandre Ayton,Under,20.5,-108,2026-02-11,2026-02-10T22:47:39Z,2026-02-10 14:47:44
BetOnline.ag,player_points_rebounds_assists,Luke Kornet,Over,10.5,-123,2026-02-11,2026-02-10T22:47:39Z,2026-02-10 14:47:44
BetOnline.ag,player_points_rebounds_assists,Luke Kornet,Under,10.5,-104,2026-02-11,2026-02-10T22:47:39Z,2026-02-10 14:47:44
BetOnline.ag,player_points_rebounds_assists,Devin Vassell,Over,18.5,100,2026-02-11,2026-02-10T22:47:39Z,2026-02-10 14:47:44
BetOnline.ag,player_points_rebounds_assists,Devin Vassell,Under,18.5,-130,2026-02-11,2026-02-10T22:47:39Z,2026-02-10 14:47:44
BetOnline.ag,player_points_rebounds_assists,Keldon Johnson,Over,16.5,-102,2026-02-11,2026-02-10T22:47:39Z,2026-02-10 14:47:44
BetOnline.ag,player_points_rebounds_assists,Keldon Johnson,Under,16.5,-127,2026-02-11,2026-02-10T22:47:39Z,2026-02-10 14:47:44
BetOnline.ag,player_points_rebounds_assists,Julian Champagnie,Over,16.5,-111,2026-02-11,2026-02-10T22:47:39Z,2026-02-10 14:47:44
BetOnline.ag,player_points_rebounds_assists,Julian Champagnie,Under,16.5,-116,2026-02-11,2026-02-10T22:47:39Z,2026-02-10 14:47:44
BetOnline.ag,player_points_rebounds_assists,Jake LaRavia,Over,21.5,-109,2026-02-11,2026-02-10T22:47:39Z,2026-02-10 14:47:44
BetOnline.ag,player_points_rebounds_assists,Jake LaRavia,Under,21.5,-119,2026-02-11,2026-02-10T22:47:39Z,2026-02-10 14:47:44
BetOnline.ag,player_points_rebounds_assists,Harrison Barnes,Over,11.5,-123,2026-02-11,2026-02-10T22:47:39Z,2026-02-10 14:47:44
BetOnline.ag,player_points_rebounds_assists,Harrison Barnes,Under,11.5,-105,2026-02-11,2026-02-10T22:47:39Z,2026-02-10 14:47:44
BetOnline.ag,player_points_rebounds_assists,Dylan Harper,Over,17.5,-108,2026-02-11,2026-02-10T22:47:39Z,2026-02-10 14:47:44
BetOnline.ag,player_points_rebounds_assists,Dylan Harper,Under,17.5,-120,2026-02-11,2026-02-10T22:47:39Z,2026-02-10 14:47:44
BetMGM,player_points_rebounds_assists,OG Anunoby,Over,24.5,-110,2026-02-11,2026-02-10T22:47:05Z,2026-02-10 14:47:44
BetMGM,player_points_rebounds_assists,OG Anunoby,Under,24.5,-118,2026-02-11,2026-02-10T22:47:05Z,2026-02-10 14:47:44
BetMGM,player_points_rebounds_assists,Josh Hart,Over,26.5,-110,2026-02-11,2026-02-10T22:47:05Z,2026-02-10 14:47:44
BetMGM,player_points_rebounds_assists,Josh Hart,Under,26.5,-120,2026-02-11,2026-02-10T22:47:05Z,2026-02-10 14:47:44
BetMGM,player_points_rebounds_assists,Karl-Anthony Towns,Over,34.5,-120,2026-02-11,2026-02-10T22:47:05Z,2026-02-10 14:47:44
BetMGM,player_points_rebounds_assists,Karl-Anthony Towns,Under,34.5,-110,2026-02-11,2026-02-10T22:47:05Z,2026-02-10 14:47:44
BetMGM,player_points_rebounds_assists,Mikal Bridges,Over,23.5,-118,2026-02-11,2026-02-10T22:47:05Z,2026-02-10 14:47:44
BetMGM,player_points_rebounds_assists,Mikal Bridges,Under,23.5,-110,2026-02-11,2026-02-10T22:47:05Z,2026-02-10 14:47:44
BetMGM,player_points_rebounds_assists,Jalen Brunson,Over,35.5,-125,2026-02-11,2026-02-10T22:47:05Z,2026-02-10 14:47:44
BetMGM,player_points_rebounds_assists,Jalen Brunson,Under,35.5,-105,2026-02-11,2026-02-10T22:47:05Z,2026-02-10 14:47:44
BetMGM,player_points_rebounds_assists,Landry Shamet,Over,12.5,-130,2026-02-11,2026-02-10T22:47:05Z,2026-02-10 14:47:44
BetMGM,player_points_rebounds_assists,Landry Shamet,Under,12.5,-105,2026-02-11,2026-02-10T22:47:05Z,2026-02-10 14:47:44
BetMGM,player_points_rebounds_assists,Andrew Nembhard,Over,28.5,-110,2026-02-11,2026-02-10T22:47:05Z,2026-02-10 14:47:44
BetMGM,player_points_rebounds_assists,Andrew Nembhard,Under,28.5,-120,2026-02-11,2026-02-10T22:47:05Z,2026-02-10 14:47:44
BetMGM,player_points_rebounds_assists,T.J. McConnell,Over,15.5,-110,2026-02-11,2026-02-10T22:47:05Z,2026-02-10 14:47:44
BetMGM,player_points_rebounds_assists,T.J. McConnell,Under,15.5,-120,2026-02-11,2026-02-10T22:47:05Z,2026-02-10 14:47:44
BetMGM,player_points_rebounds_assists,Aaron Nesmith,Over,21.5,-115,2026-02-11,2026-02-10T22:47:05Z,2026-02-10 14:47:44
BetMGM,player_points_rebounds_assists,Aaron Nesmith,Under,21.5,-118,2026-02-11,2026-02-10T22:47:05Z,2026-02-10 14:47:44
BetMGM,player_points_rebounds_assists,Jay Huff,Over,16.5,-115,2026-02-11,2026-02-10T22:47:05Z,2026-02-10 14:47:44
BetMGM,player_points_rebounds_assists,Jay Huff,Under,16.5,-118,2026-02-11,2026-02-10T22:47:05Z,2026-02-10 14:47:44
BetMGM,player_points_rebounds_assists,Pascal Siakam,Over,34.5,100,2026-02-11,2026-02-10T22:47:05Z,2026-02-10 14:47:44
BetMGM,player_points_rebounds_assists,Pascal Siakam,Under,34.5,-135,2026-02-11,2026-02-10T22:47:05Z,2026-02-10 14:47:44
BetMGM,player_points_rebounds_assists,Ben Sheppard,Over,14.5,100,2026-02-11,2026-02-10T22:47:05Z,2026-02-10 14:47:44
BetMGM,player_points_rebounds_assists,Ben Sheppard,Under,14.5,-130,2026-02-11,2026-02-10T22:47:05Z,2026-02-10 14:47:44
BetMGM,player_points_rebounds_assists,Clint Capela,Over,7.5,-130,2026-02-11,2026-02-10T22:47:09Z,2026-02-10 14:47:44
BetMGM,player_points_rebounds_assists,Clint Capela,Under,7.5,-105,2026-02-11,2026-02-10T22:47:09Z,2026-02-10 14:47:44
BetMGM,player_points_rebounds_assists,Derrick Jones,Over,11.5,-130,2026-02-11,2026-02-10T22:47:09Z,2026-02-10 14:47:44
BetMGM,player_points_rebounds_assists,Derrick Jones,Under,11.5,-105,2026-02-11,2026-02-10T22:47:09Z,2026-02-10 14:47:44
BetMGM,player_points_rebounds_assists,Kris Dunn,Over,14.5,-118,2026-02-11,2026-02-10T22:47:09Z,2026-02-10 14:47:44
BetMGM,player_points_rebounds_assists,Kris Dunn,Under,14.5,-110,2026-02-11,2026-02-10T22:47:09Z,2026-02-10 14:47:44
BetMGM,player_points_rebounds_assists,Amen Thompson,Over,27.5,-125,2026-02-11,2026-02-10T22:47:09Z,2026-02-10 14:47:44
BetMGM,player_points_rebounds_assists,Amen Thompson,Under,27.5,-110,2026-02-11,2026-02-10T22:47:09Z,2026-02-10 14:47:44
BetMGM,player_points_rebounds_assists,Kevin Durant,Over,33.5,-105,2026-02-11,2026-02-10T22:47:09Z,2026-02-10 14:47:44
BetMGM,player_points_rebounds_assists,Kevin Durant,Under,33.5,-125,2026-02-11,2026-02-10T22:47:09Z,2026-02-10 14:47:44
BetMGM,player_points_rebounds_assists,John Collins,Over,19.5,-130,2026-02-11,2026-02-10T22:47:09Z,2026-02-10 14:47:44
BetMGM,player_points_rebounds_assists,John Collins,Under,19.5,-105,2026-02-11,2026-02-10T22:47:09Z,2026-02-10 14:47:44
BetMGM,player_points_rebounds_assists,Alperen Sengun,Over,35.5,-110,2026-02-11,2026-02-10T22:47:09Z,2026-02-10 14:47:44
BetMGM,player_points_rebounds_assists,Alperen Sengun,Under,35.5,-125,2026-02-11,2026-02-10T22:47:09Z,2026-02-10 14:47:44
BetMGM,player_points_rebounds_assists,Brook Lopez,Over,14.5,-105,2026-02-11,2026-02-10T22:47:09Z,2026-02-10 14:47:44
BetMGM,player_points_rebounds_assists,Brook Lopez,Under,14.5,-130,2026-02-11,2026-02-10T22:47:09Z,2026-02-10 14:47:44
BetMGM,player_points_rebounds_assists,Kawhi Leonard,Over,39.5,-110,2026-02-11,2026-02-10T22:47:09Z,2026-02-10 14:47:44
BetMGM,player_points_rebounds_assists,Kawhi Leonard,Under,39.5,-120,2026-02-11,2026-02-10T22:47:09Z,2026-02-10 14:47:44
BetMGM,player_points_rebounds_assists,Jabari Smith Jr,Over,21.5,-130,2026-02-11,2026-02-10T22:47:09Z,2026-02-10 14:47:44
BetMGM,player_points_rebounds_assists,Jabari Smith Jr,Under,21.5,-105,2026-02-11,2026-02-10T22:47:09Z,2026-02-10 14:47:44
BetMGM,player_points_rebounds_assists,Josh Okogie,Over,4.5,-145,2026-02-11,2026-02-10T22:47:09Z,2026-02-10 14:47:44
BetMGM,player_points_rebounds_assists,Josh Okogie,Under,4.5,105,2026-02-11,2026-02-10T22:47:09Z,2026-02-10 14:47:44
BetMGM,player_points_rebounds_assists,Dorian Finney-Smith,Over,7.5,100,2026-02-11,2026-02-10T22:47:09Z,2026-02-10 14:47:44
BetMGM,player_points_rebounds_assists,Dorian Finney-Smith,Under,7.5,-130,2026-02-11,2026-02-10T22:47:09Z,2026-02-10 14:47:44
BetMGM,player_points_rebounds_assists,Tari Eason,Over,21.5,-105,2026-02-11,2026-02-10T22:47:09Z,2026-02-10 14:47:44
BetMGM,player_points_rebounds_assists,Tari Eason,Under,21.5,-125,2026-02-11,2026-02-10T22:47:09Z,2026-02-10 14:47:44
BetMGM,player_points_rebounds_assists,Reed Sheppard,Over,15.5,-105,2026-02-11,2026-02-10T22:47:09Z,2026-02-10 14:47:44
BetMGM,player_points_rebounds_assists,Reed Sheppard,Under,15.5,-125,2026-02-11,2026-02-10T22:47:09Z,2026-02-10 14:47:44
BetMGM,player_points_rebounds_assists,Caleb Martin,Over,11.5,120,2026-02-11,2026-02-10T22:47:49Z,2026-02-10 14:47:44
BetMGM,player_points_rebounds_assists,Caleb Martin,Under,11.5,-160,2026-02-11,2026-02-10T22:47:49Z,2026-02-10 14:47:44
BetMGM,player_points_rebounds_assists,Jordan Goodwin,Over,15.5,-130,2026-02-11,2026-02-10T22:47:49Z,2026-02-10 14:47:44
BetMGM,player_points_rebounds_assists,Jordan Goodwin,Under,15.5,-105,2026-02-11,2026-02-10T22:47:49Z,2026-02-10 14:47:44
BetMGM,player_points_rebounds_assists,Royce O'Neale,Over,18.5,-115,2026-02-11,2026-02-10T22:47:49Z,2026-02-10 14:47:44
BetMGM,player_points_rebounds_assists,Royce O'Neale,Under,18.5,-115,2026-02-11,2026-02-10T22:47:49Z,2026-02-10 14:47:44
BetMGM,player_points_rebounds_assists,Collin Gillespie,Over,21.5,-110,2026-02-11,2026-02-10T22:47:49Z,2026-02-10 14:47:44
BetMGM,player_points_rebounds_assists,Collin Gillespie,Under,21.5,-118,2026-02-11,2026-02-10T22:47:49Z,2026-02-10 14:47:44
BetMGM,player_points_rebounds_assists,Devin Booker,Over,34.5,-115,2026-02-11,2026-02-10T22:47:49Z,2026-02-10 14:47:44
BetMGM,player_points_rebounds_assists,Devin Booker,Under,34.5,-115,2026-02-11,2026-02-10T22:47:49Z,2026-02-10 14:47:44
BetMGM,player_points_rebounds_assists,Cooper Flagg,Over,33.5,-120,2026-02-11,2026-02-10T22:47:49Z,2026-02-10 14:47:44
BetMGM,player_points_rebounds_assists,Cooper Flagg,Under,33.5,-110,2026-02-11,2026-02-10T22:47:49Z,2026-02-10 14:47:44
BetMGM,player_points_rebounds_assists,Dillon Brooks,Over,26.5,-125,2026-02-11,2026-02-10T22:47:49Z,2026-02-10 14:47:44
BetMGM,player_points_rebounds_assists,Dillon Brooks,Under,26.5,-110,2026-02-11,2026-02-10T22:47:49Z,2026-02-10 14:47:44
BetMGM,player_points_rebounds_assists,Klay Thompson,Over,12.5,-110,2026-02-11,2026-02-10T22:47:49Z,2026-02-10 14:47:44
BetMGM,player_points_rebounds_assists,Klay Thompson,Under,12.5,-120,2026-02-11,2026-02-10T22:47:49Z,2026-02-10 14:47:44
BetMGM,player_points_rebounds_assists,Jalen Green,Over,16.5,-105,2026-02-11,2026-02-10T22:47:49Z,2026-02-10 14:47:44
BetMGM,player_points_rebounds_assists,Jalen Green,Under,16.5,-125,2026-02-11,2026-02-10T22:47:49Z,2026-02-10 14:47:44
BetMGM,player_points_rebounds_assists,Mark Williams,Over,22.5,-135,2026-02-11,2026-02-10T22:47:49Z,2026-02-10 14:47:44
BetMGM,player_points_rebounds_assists,Mark Williams,Under,22.5,100,2026-02-11,2026-02-10T22:47:49Z,2026-02-10 14:47:44
BetMGM,player_points_rebounds_assists,Max Christie,Over,18.5,-115,2026-02-11,2026-02-10T22:47:49Z,2026-02-10 14:47:44
BetMGM,player_points_rebounds_assists,Max Christie,Under,18.5,-115,2026-02-11,2026-02-10T22:47:49Z,2026-02-10 14:47:44
BetMGM,player_points_rebounds_assists,Daniel Gafford,Over,16.5,-115,2026-02-11,2026-02-10T22:47:49Z,2026-02-10 14:47:44
BetMGM,player_points_rebounds_assists,Daniel Gafford,Under,16.5,-115,2026-02-11,2026-02-10T22:47:49Z,2026-02-10 14:47:44
BetMGM,player_points_rebounds_assists,Naji Marshall,Over,23.5,-120,2026-02-11,2026-02-10T22:47:49Z,2026-02-10 14:47:44
BetMGM,player_points_rebounds_assists,Naji Marshall,Under,23.5,-110,2026-02-11,2026-02-10T22:47:49Z,2026-02-10 14:47:44
BetMGM,player_points_rebounds_assists,P.J. Washington,Over,18.5,-120,2026-02-11,2026-02-10T22:47:49Z,2026-02-10 14:47:44
BetMGM,player_points_rebounds_assists,P.J. Washington,Under,18.5,-110,2026-02-11,2026-02-10T22:47:49Z,2026-02-10 14:47:44
BetMGM,player_points_rebounds_assists,Oso Ighodaro,Over,11.5,-135,2026-02-11,2026-02-10T22:47:49Z,2026-02-10 14:47:44
BetMGM,player_points_rebounds_assists,Oso Ighodaro,Under,11.5,100,2026-02-11,2026-02-10T22:47:49Z,2026-02-10 14:47:44
BetMGM,player_points_rebounds_assists,De'Aaron Fox,Over,25.5,-125,2026-02-11,2026-02-10T22:47:20Z,2026-02-10 14:47:44
BetMGM,player_points_rebounds_assists,De'Aaron Fox,Under,25.5,-105,2026-02-11,2026-02-10T22:47:20Z,2026-02-10 14:47:44
BetMGM,player_points_rebounds_assists,Stephon Castle,Over,28.5,-130,2026-02-11,2026-02-10T22:47:20Z,2026-02-10 14:47:44
BetMGM,player_points_rebounds_assists,Stephon Castle,Under,28.5,-105,2026-02-11,2026-02-10T22:47:20Z,2026-02-10 14:47:44
BetMGM,player_points_rebounds_assists,Devin Vassell,Over,18.5,-105,2026-02-11,2026-02-10T22:47:20Z,2026-02-10 14:47:44
BetMGM,player_points_rebounds_assists,Devin Vassell,Under,18.5,-130,2026-02-11,2026-02-10T22:47:20Z,2026-02-10 14:47:44
BetMGM,player_points_rebounds_assists,Victor Wembanyama,Over,36.5,-120,2026-02-11,2026-02-10T22:47:20Z,2026-02-10 14:47:44
BetMGM,player_points_rebounds_assists,Victor Wembanyama,Under,36.5,-110,2026-02-11,2026-02-10T22:47:20Z,2026-02-10 14:47:44
BetMGM,player_points_rebounds_assists,Luke Kornet,Over,11.5,-105,2026-02-11,2026-02-10T22:47:20Z,2026-02-10 14:47:44
BetMGM,player_points_rebounds_assists,Luke Kornet,Under,11.5,-130,2026-02-11,2026-02-10T22:47:20Z,2026-02-10 14:47:44
BetMGM,player_points_rebounds_assists,Deandre Ayton,Over,22.5,-130,2026-02-11,2026-02-10T22:47:20Z,2026-02-10 14:47:44
BetMGM,player_points_rebounds_assists,Deandre Ayton,Under,22.5,100,2026-02-11,2026-02-10T22:47:20Z,2026-02-10 14:47:44
BetMGM,player_points_rebounds_assists,Harrison Barnes,Over,12.5,-110,2026-02-11,2026-02-10T22:47:20Z,2026-02-10 14:47:44
BetMGM,player_points_rebounds_assists,Harrison Barnes,Under,12.5,-120,2026-02-11,2026-02-10T22:47:20Z,2026-02-10 14:47:44
BetMGM,player_points_rebounds_assists,Julian Champagnie,Over,14.5,-135,2026-02-11,2026-02-10T22:47:20Z,2026-02-10 14:47:44
BetMGM,player_points_rebounds_assists,Julian Champagnie,Under,14.5,100,2026-02-11,2026-02-10T22:47:20Z,2026-02-10 14:47:44
BetMGM,player_points_rebounds_assists,Jake LaRavia,Over,20.5,-130,2026-02-11,2026-02-10T22:47:20Z,2026-02-10 14:47:44
BetMGM,player_points_rebounds_assists,Jake LaRavia,Under,20.5,-105,2026-02-11,2026-02-10T22:47:20Z,2026-02-10 14:47:44
BetMGM,player_points_rebounds_assists,Rui Hachimura,Over,22.5,-110,2026-02-11,2026-02-10T22:47:20Z,2026-02-10 14:47:44
BetMGM,player_points_rebounds_assists,Rui Hachimura,Under,22.5,-120,2026-02-11,2026-02-10T22:47:20Z,2026-02-10 14:47:44
BetMGM,player_points_rebounds_assists,Jarred Vanderbilt,Over,18.5,-105,2026-02-11,2026-02-10T22:47:20Z,2026-02-10 14:47:44
BetMGM,player_points_rebounds_assists,Jarred Vanderbilt,Under,18.5,-130,2026-02-11,2026-02-10T22:47:20Z,2026-02-10 14:47:44
BetMGM,player_points_rebounds_assists,Keldon Johnson,Over,17.5,-105,2026-02-11,2026-02-10T22:47:20Z,2026-02-10 14:47:44
BetMGM,player_points_rebounds_assists,Keldon Johnson,Under,17.5,-125,2026-02-11,2026-02-10T22:47:20Z,2026-02-10 14:47:44
BetMGM,player_points_rebounds_assists,Dylan Harper,Over,17.5,110,2026-02-11,2026-02-10T22:47:20Z,2026-02-10 14:47:44
BetMGM,player_points_rebounds_assists,Dylan Harper,Under,17.5,-150,2026-02-11,2026-02-10T22:47:20Z,2026-02-10 14:47:44
BetRivers,player_points_rebounds_assists,Andrew Nembhard,Over,26.5,-127,2026-02-11,2026-02-10T22:47:29Z,2026-02-10 14:47:44
BetRivers,player_points_rebounds_assists,Andrew Nembhard,Under,26.5,-107,2026-02-11,2026-02-10T22:47:29Z,2026-02-10 14:47:44
BetRivers,player_points_rebounds_assists,Andrew Nembhard,Over,25.5,-162,2026-02-11,2026-02-10T22:47:29Z,2026-02-10 14:47:44
BetRivers,player_points_rebounds_assists,Andrew Nembhard,Under,25.5,118,2026-02-11,2026-02-10T22:47:29Z,2026-02-10 14:47:44
BetRivers,player_points_rebounds_assists,Mikal Bridges,Over,21.5,-167,2026-02-11,2026-02-10T22:47:29Z,2026-02-10 14:47:44
BetRivers,player_points_rebounds_assists,Mikal Bridges,Under,21.5,120,2026-02-11,2026-02-10T22:47:29Z,2026-02-10 14:47:44
BetRivers,player_points_rebounds_assists,Karl-Anthony Towns,Over,36.5,114,2026-02-11,2026-02-10T22:47:29Z,2026-02-10 14:47:44
BetRivers,player_points_rebounds_assists,Karl-Anthony Towns,Under,36.5,-157,2026-02-11,2026-02-10T22:47:29Z,2026-02-10 14:47:44
BetRivers,player_points_rebounds_assists,Karl-Anthony Towns,Over,33.5,-165,2026-02-11,2026-02-10T22:47:29Z,2026-02-10 14:47:44
BetRivers,player_points_rebounds_assists,Karl-Anthony Towns,Under,33.5,118,2026-02-11,2026-02-10T22:47:29Z,2026-02-10 14:47:44
BetRivers,player_points_rebounds_assists,Mikal Bridges,Over,23.5,100,2026-02-11,2026-02-10T22:47:29Z,2026-02-10 14:47:44
BetRivers,player_points_rebounds_assists,Mikal Bridges,Under,23.5,-137,2026-02-11,2026-02-10T22:47:29Z,2026-02-10 14:47:44
BetRivers,player_points_rebounds_assists,Pascal Siakam,Over,31.5,-148,2026-02-11,2026-02-10T22:47:29Z,2026-02-10 14:47:44
BetRivers,player_points_rebounds_assists,Pascal Siakam,Under,31.5,108,2026-02-11,2026-02-10T22:47:29Z,2026-02-10 14:47:44
BetRivers,player_points_rebounds_assists,Jalen Brunson,Over,36.5,-114,2026-02-11,2026-02-10T22:47:29Z,2026-02-10 14:47:44
BetRivers,player_points_rebounds_assists,Jalen Brunson,Under,36.5,-120,2026-02-11,2026-02-10T22:47:29Z,2026-02-10 14:47:44
BetRivers,player_points_rebounds_assists,Mikal Bridges,Over,22.5,-127,2026-02-11,2026-02-10T22:47:29Z,2026-02-10 14:47:44
BetRivers,player_points_rebounds_assists,Mikal Bridges,Under,22.5,-107,2026-02-11,2026-02-10T22:47:29Z,2026-02-10 14:47:44
BetRivers,player_points_rebounds_assists,Jalen Brunson,Over,35.5,-139,2026-02-11,2026-02-10T22:47:29Z,2026-02-10 14:47:44
BetRivers,player_points_rebounds_assists,Jalen Brunson,Under,35.5,102,2026-02-11,2026-02-10T22:47:29Z,2026-02-10 14:47:44
BetRivers,player_points_rebounds_assists,Josh Hart,Over,26.5,-103,2026-02-11,2026-02-10T22:47:29Z,2026-02-10 14:47:44
BetRivers,player_points_rebounds_assists,Josh Hart,Under,26.5,-134,2026-02-11,2026-02-10T22:47:29Z,2026-02-10 14:47:44
BetRivers,player_points_rebounds_assists,Pascal Siakam,Over,32.5,-121,2026-02-11,2026-02-10T22:47:29Z,2026-02-10 14:47:44
BetRivers,player_points_rebounds_assists,Pascal Siakam,Under,32.5,-113,2026-02-11,2026-02-10T22:47:29Z,2026-02-10 14:47:44
BetRivers,player_points_rebounds_assists,Andrew Nembhard,Over,27.5,-103,2026-02-11,2026-02-10T22:47:29Z,2026-02-10 14:47:44
BetRivers,player_points_rebounds_assists,Andrew Nembhard,Under,27.5,-134,2026-02-11,2026-02-10T22:47:29Z,2026-02-10 14:47:44
BetRivers,player_points_rebounds_assists,Jalen Brunson,Over,37.5,106,2026-02-11,2026-02-10T22:47:29Z,2026-02-10 14:47:44
BetRivers,player_points_rebounds_assists,Jalen Brunson,Under,37.5,-143,2026-02-11,2026-02-10T22:47:29Z,2026-02-10 14:47:44
BetRivers,player_points_rebounds_assists,Pascal Siakam,Over,33.5,100,2026-02-11,2026-02-10T22:47:29Z,2026-02-10 14:47:44
BetRivers,player_points_rebounds_assists,Pascal Siakam,Under,33.5,-136,2026-02-11,2026-02-10T22:47:29Z,2026-02-10 14:47:44
BetRivers,player_points_rebounds_assists,Andrew Nembhard,Over,28.5,123,2026-02-11,2026-02-10T22:47:29Z,2026-02-10 14:47:44
BetRivers,player_points_rebounds_assists,Andrew Nembhard,Under,28.5,-167,2026-02-11,2026-02-10T22:47:29Z,2026-02-10 14:47:44
BetRivers,player_points_rebounds_assists,Pascal Siakam,Over,34.5,120,2026-02-11,2026-02-10T22:47:29Z,2026-02-10 14:47:44
BetRivers,player_points_rebounds_assists,Pascal Siakam,Under,34.5,-167,2026-02-11,2026-02-10T22:47:29Z,2026-02-10 14:47:44
BetRivers,player_points_rebounds_assists,Josh Hart,Over,25.5,-127,2026-02-11,2026-02-10T22:47:29Z,2026-02-10 14:47:44
BetRivers,player_points_rebounds_assists,Josh Hart,Under,25.5,-107,2026-02-11,2026-02-10T22:47:29Z,2026-02-10 14:47:44
BetRivers,player_points_rebounds_assists,Karl-Anthony Towns,Over,34.5,-132,2026-02-11,2026-02-10T22:47:29Z,2026-02-10 14:47:44
BetRivers,player_points_rebounds_assists,Karl-Anthony Towns,Under,34.5,-104,2026-02-11,2026-02-10T22:47:29Z,2026-02-10 14:47:44
BetRivers,player_points_rebounds_assists,Karl-Anthony Towns,Over,35.5,-108,2026-02-11,2026-02-10T22:47:29Z,2026-02-10 14:47:44
BetRivers,player_points_rebounds_assists,Karl-Anthony Towns,Under,35.5,-127,2026-02-11,2026-02-10T22:47:29Z,2026-02-10 14:47:44
BetRivers,player_points_rebounds_assists,Josh Hart,Over,24.5,-165,2026-02-11,2026-02-10T22:47:29Z,2026-02-10 14:47:44
BetRivers,player_points_rebounds_assists,Josh Hart,Under,24.5,120,2026-02-11,2026-02-10T22:47:29Z,2026-02-10 14:47:44
BetRivers,player_points_rebounds_assists,Amen Thompson,Over,27.5,-130,2026-02-11,2026-02-10T22:47:39Z,2026-02-10 14:47:44
BetRivers,player_points_rebounds_assists,Amen Thompson,Under,27.5,-105,2026-02-11,2026-02-10T22:47:39Z,2026-02-10 14:47:44
BetRivers,player_points_rebounds_assists,Alperen Sengun,Over,34.5,-117,2026-02-11,2026-02-10T22:47:39Z,2026-02-10 14:47:44
BetRivers,player_points_rebounds_assists,Alperen Sengun,Under,34.5,-117,2026-02-11,2026-02-10T22:47:39Z,2026-02-10 14:47:44
BetRivers,player_points_rebounds_assists,Kevin Durant,Over,33.5,-114,2026-02-11,2026-02-10T22:47:39Z,2026-02-10 14:47:44
BetRivers,player_points_rebounds_assists,Kevin Durant,Under,33.5,-120,2026-02-11,2026-02-10T22:47:39Z,2026-02-10 14:47:44
BetRivers,player_points_rebounds_assists,Kawhi Leonard,Over,37.5,-159,2026-02-11,2026-02-10T22:47:39Z,2026-02-10 14:47:44
BetRivers,player_points_rebounds_assists,Kawhi Leonard,Under,37.5,115,2026-02-11,2026-02-10T22:47:39Z,2026-02-10 14:47:44
BetRivers,player_points_rebounds_assists,Kris Dunn,Over,15.5,-109,2026-02-11,2026-02-10T22:47:39Z,2026-02-10 14:47:44
BetRivers,player_points_rebounds_assists,Kris Dunn,Under,15.5,-125,2026-02-11,2026-02-10T22:47:39Z,2026-02-10 14:47:44
BetRivers,player_points_rebounds_assists,Kris Dunn,Over,14.5,-150,2026-02-11,2026-02-10T22:47:39Z,2026-02-10 14:47:44
BetRivers,player_points_rebounds_assists,Kris Dunn,Under,14.5,110,2026-02-11,2026-02-10T22:47:39Z,2026-02-10 14:47:44
BetRivers,player_points_rebounds_assists,Kevin Durant,Over,32.5,-139,2026-02-11,2026-02-10T22:47:39Z,2026-02-10 14:47:44
BetRivers,player_points_rebounds_assists,Kevin Durant,Under,32.5,102,2026-02-11,2026-02-10T22:47:39Z,2026-02-10 14:47:44
BetRivers,player_points_rebounds_assists,Amen Thompson,Over,28.5,-103,2026-02-11,2026-02-10T22:47:39Z,2026-02-10 14:47:44
BetRivers,player_points_rebounds_assists,Amen Thompson,Under,28.5,-132,2026-02-11,2026-02-10T22:47:39Z,2026-02-10 14:47:44
BetRivers,player_points_rebounds_assists,Alperen Sengun,Over,35.5,104,2026-02-11,2026-02-10T22:47:39Z,2026-02-10 14:47:44
BetRivers,player_points_rebounds_assists,Alperen Sengun,Under,35.5,-143,2026-02-11,2026-02-10T22:47:39Z,2026-02-10 14:47:44
BetRivers,player_points_rebounds_assists,Kawhi Leonard,Over,40.5,110,2026-02-11,2026-02-10T22:47:39Z,2026-02-10 14:47:44
BetRivers,player_points_rebounds_assists,Kawhi Leonard,Under,40.5,-150,2026-02-11,2026-02-10T22:47:39Z,2026-02-10 14:47:44
BetRivers,player_points_rebounds_assists,Kevin Durant,Over,34.5,110,2026-02-11,2026-02-10T22:47:39Z,2026-02-10 14:47:44
BetRivers,player_points_rebounds_assists,Kevin Durant,Under,34.5,-150,2026-02-11,2026-02-10T22:47:39Z,2026-02-10 14:47:44
BetRivers,player_points_rebounds_assists,Amen Thompson,Over,26.5,-167,2026-02-11,2026-02-10T22:47:39Z,2026-02-10 14:47:44
BetRivers,player_points_rebounds_assists,Amen Thompson,Under,26.5,120,2026-02-11,2026-02-10T22:47:39Z,2026-02-10 14:47:44
BetRivers,player_points_rebounds_assists,Kawhi Leonard,Over,38.5,-130,2026-02-11,2026-02-10T22:47:39Z,2026-02-10 14:47:44
BetRivers,player_points_rebounds_assists,Kawhi Leonard,Under,38.5,-105,2026-02-11,2026-02-10T22:47:39Z,2026-02-10 14:47:44
BetRivers,player_points_rebounds_assists,Kawhi Leonard,Over,39.5,-109,2026-02-11,2026-02-10T22:47:39Z,2026-02-10 14:47:44
BetRivers,player_points_rebounds_assists,Kawhi Leonard,Under,39.5,-125,2026-02-11,2026-02-10T22:47:39Z,2026-02-10 14:47:44
BetRivers,player_points_rebounds_assists,Alperen Sengun,Over,33.5,-143,2026-02-11,2026-02-10T22:47:39Z,2026-02-10 14:47:44
BetRivers,player_points_rebounds_assists,Alperen Sengun,Under,33.5,105,2026-02-11,2026-02-10T22:47:39Z,2026-02-10 14:47:44
BetRivers,player_points_rebounds_assists,Royce O'Neale,Over,16.5,-155,2026-02-11,2026-02-10T22:47:32Z,2026-02-10 14:47:44
BetRivers,player_points_rebounds_assists,Royce O'Neale,Under,16.5,114,2026-02-11,2026-02-10T22:47:32Z,2026-02-10 14:47:44
BetRivers,player_points_rebounds_assists,Cooper Flagg,Over,33.5,-120,2026-02-11,2026-02-10T22:47:32Z,2026-02-10 14:47:44
BetRivers,player_points_rebounds_assists,Cooper Flagg,Under,33.5,-114,2026-02-11,2026-02-10T22:47:32Z,2026-02-10 14:47:44
BetRivers,player_points_rebounds_assists,Devin Booker,Over,33.5,-137,2026-02-11,2026-02-10T22:47:32Z,2026-02-10 14:47:44
BetRivers,player_points_rebounds_assists,Devin Booker,Under,33.5,100,2026-02-11,2026-02-10T22:47:32Z,2026-02-10 14:47:44
BetRivers,player_points_rebounds_assists,Royce O'Neale,Over,17.5,-117,2026-02-11,2026-02-10T22:47:32Z,2026-02-10 14:47:44
BetRivers,player_points_rebounds_assists,Royce O'Neale,Under,17.5,-117,2026-02-11,2026-02-10T22:47:32Z,2026-02-10 14:47:44
BetRivers,player_points_rebounds_assists,Cooper Flagg,Over,32.5,-143,2026-02-11,2026-02-10T22:47:32Z,2026-02-10 14:47:44
BetRivers,player_points_rebounds_assists,Cooper Flagg,Under,32.5,106,2026-02-11,2026-02-10T22:47:32Z,2026-02-10 14:47:44
BetRivers,player_points_rebounds_assists,Devin Booker,Over,35.5,110,2026-02-11,2026-02-10T22:47:32Z,2026-02-10 14:47:44
BetRivers,player_points_rebounds_assists,Devin Booker,Under,35.5,-150,2026-02-11,2026-02-10T22:47:32Z,2026-02-10 14:47:44
BetRivers,player_points_rebounds_assists,Collin Gillespie,Over,20.5,-134,2026-02-11,2026-02-10T22:47:32Z,2026-02-10 14:47:44
BetRivers,player_points_rebounds_assists,Collin Gillespie,Under,20.5,-103,2026-02-11,2026-02-10T22:47:32Z,2026-02-10 14:47:44
BetRivers,player_points_rebounds_assists,Collin Gillespie,Over,21.5,-105,2026-02-11,2026-02-10T22:47:32Z,2026-02-10 14:47:44
BetRivers,player_points_rebounds_assists,Collin Gillespie,Under,21.5,-130,2026-02-11,2026-02-10T22:47:32Z,2026-02-10 14:47:44
BetRivers,player_points_rebounds_assists,Naji Marshall,Over,22.5,-132,2026-02-11,2026-02-10T22:47:32Z,2026-02-10 14:47:44
BetRivers,player_points_rebounds_assists,Naji Marshall,Under,22.5,-104,2026-02-11,2026-02-10T22:47:32Z,2026-02-10 14:47:44
BetRivers,player_points_rebounds_assists,Naji Marshall,Over,23.5,-105,2026-02-11,2026-02-10T22:47:32Z,2026-02-10 14:47:44
BetRivers,player_points_rebounds_assists,Naji Marshall,Under,23.5,-130,2026-02-11,2026-02-10T22:47:32Z,2026-02-10 14:47:44
BetRivers,player_points_rebounds_assists,Royce O'Neale,Over,18.5,114,2026-02-11,2026-02-10T22:47:32Z,2026-02-10 14:47:44
BetRivers,player_points_rebounds_assists,Royce O'Neale,Under,18.5,-157,2026-02-11,2026-02-10T22:47:32Z,2026-02-10 14:47:44
BetRivers,player_points_rebounds_assists,Devin Booker,Over,34.5,-113,2026-02-11,2026-02-10T22:47:32Z,2026-02-10 14:47:44
BetRivers,player_points_rebounds_assists,Devin Booker,Under,34.5,-121,2026-02-11,2026-02-10T22:47:32Z,2026-02-10 14:47:44
BetRivers,player_points_rebounds_assists,Cooper Flagg,Over,34.5,102,2026-02-11,2026-02-10T22:47:32Z,2026-02-10 14:47:44
BetRivers,player_points_rebounds_assists,Cooper Flagg,Under,34.5,-137,2026-02-11,2026-02-10T22:47:32Z,2026-02-10 14:47:44
BetRivers,player_points_rebounds_assists,Dylan Harper,Over,16.5,-129,2026-02-11,2026-02-10T22:46:44Z,2026-02-10 14:47:44
BetRivers,player_points_rebounds_assists,Dylan Harper,Under,16.5,-106,2026-02-11,2026-02-10T22:46:44Z,2026-02-10 14:47:44
BetRivers,player_points_rebounds_assists,Stephon Castle,Over,29.5,-113,2026-02-11,2026-02-10T22:46:44Z,2026-02-10 14:47:44
BetRivers,player_points_rebounds_assists,Stephon Castle,Under,29.5,-121,2026-02-11,2026-02-10T22:46:44Z,2026-02-10 14:47:44
BetRivers,player_points_rebounds_assists,Jake LaRavia,Over,21.5,-109,2026-02-11,2026-02-10T22:46:44Z,2026-02-10 14:47:44
BetRivers,player_points_rebounds_assists,Jake LaRavia,Under,21.5,-125,2026-02-11,2026-02-10T22:46:44Z,2026-02-10 14:47:44
BetRivers,player_points_rebounds_assists,De'Aaron Fox,Over,26.5,-112,2026-02-11,2026-02-10T22:46:44Z,2026-02-10 14:47:44
BetRivers,player_points_rebounds_assists,De'Aaron Fox,Under,26.5,-122,2026-02-11,2026-02-10T22:46:44Z,2026-02-10 14:47:44
BetRivers,player_points_rebounds_assists,Jake LaRavia,Over,20.5,-137,2026-02-11,2026-02-10T22:46:44Z,2026-02-10 14:47:44
BetRivers,player_points_rebounds_assists,Jake LaRavia,Under,20.5,100,2026-02-11,2026-02-10T22:46:44Z,2026-02-10 14:47:44
BetRivers,player_points_rebounds_assists,Jake LaRavia,Over,22.5,118,2026-02-11,2026-02-10T22:46:44Z,2026-02-10 14:47:44
BetRivers,player_points_rebounds_assists,Jake LaRavia,Under,22.5,-162,2026-02-11,2026-02-10T22:46:44Z,2026-02-10 14:47:44
BetRivers,player_points_rebounds_assists,Victor Wembanyama,Over,35.5,-129,2026-02-11,2026-02-10T22:46:44Z,2026-02-10 14:47:44
BetRivers,player_points_rebounds_assists,Victor Wembanyama,Under,35.5,-106,2026-02-11,2026-02-10T22:46:44Z,2026-02-10 14:47:44
BetRivers,player_points_rebounds_assists,Victor Wembanyama,Over,34.5,-159,2026-02-11,2026-02-10T22:46:44Z,2026-02-10 14:47:44
BetRivers,player_points_rebounds_assists,Victor Wembanyama,Under,34.5,116,2026-02-11,2026-02-10T22:46:44Z,2026-02-10 14:47:44
BetRivers,player_points_rebounds_assists,Stephon Castle,Over,30.5,112,2026-02-11,2026-02-10T22:46:44Z,2026-02-10 14:47:44
BetRivers,player_points_rebounds_assists,Stephon Castle,Under,30.5,-152,2026-02-11,2026-02-10T22:46:44Z,2026-02-10 14:47:44
BetRivers,player_points_rebounds_assists,De'Aaron Fox,Over,25.5,-141,2026-02-11,2026-02-10T22:46:44Z,2026-02-10 14:47:44
BetRivers,player_points_rebounds_assists,De'Aaron Fox,Under,25.5,105,2026-02-11,2026-02-10T22:46:44Z,2026-02-10 14:47:44
BetRivers,player_points_rebounds_assists,Victor Wembanyama,Over,37.5,116,2026-02-11,2026-02-10T22:46:44Z,2026-02-10 14:47:44
BetRivers,player_points_rebounds_assists,Victor Wembanyama,Under,37.5,-159,2026-02-11,2026-02-10T22:46:44Z,2026-02-10 14:47:44
BetRivers,player_points_rebounds_assists,De'Aaron Fox,Over,27.5,114,2026-02-11,2026-02-10T22:46:44Z,2026-02-10 14:47:44
BetRivers,player_points_rebounds_assists,De'Aaron Fox,Under,27.5,-157,2026-02-11,2026-02-10T22:46:44Z,2026-02-10 14:47:44
BetRivers,player_points_rebounds_assists,Stephon Castle,Over,28.5,-141,2026-02-11,2026-02-10T22:46:44Z,2026-02-10 14:47:44
BetRivers,player_points_rebounds_assists,Stephon Castle,Under,28.5,105,2026-02-11,2026-02-10T22:46:44Z,2026-02-10 14:47:44
BetRivers,player_points_rebounds_assists,Victor Wembanyama,Over,36.5,-106,2026-02-11,2026-02-10T22:46:44Z,2026-02-10 14:47:44
BetRivers,player_points_rebounds_assists,Victor Wembanyama,Under,36.5,-129,2026-02-11,2026-02-10T22:46:44Z,2026-02-10 14:47:44
BetRivers,player_points_rebounds_assists,Dylan Harper,Over,17.5,102,2026-02-11,2026-02-10T22:46:44Z,2026-02-10 14:47:44
BetRivers,player_points_rebounds_assists,Dylan Harper,Under,17.5,-137,2026-02-11,2026-02-10T22:46:44Z,2026-02-10 14:47:44
Bovada,player_points_rebounds_assists,Andrew Nembhard,Over,24.5,-185,2026-02-11,2026-02-10T22:47:30Z,2026-02-10 14:47:44
Bovada,player_points_rebounds_assists,Andrew Nembhard,Under,24.5,140,2026-02-11,2026-02-10T22:47:30Z,2026-02-10 14:47:44
Bovada,player_points_rebounds_assists,Andrew Nembhard,Over,25.5,-150,2026-02-11,2026-02-10T22:47:30Z,2026-02-10 14:47:44
Bovada,player_points_rebounds_assists,Andrew Nembhard,Under,25.5,115,2026-02-11,2026-02-10T22:47:30Z,2026-02-10 14:47:44
Bovada,player_points_rebounds_assists,Andrew Nembhard,Over,26.5,-125,2026-02-11,2026-02-10T22:47:30Z,2026-02-10 14:47:44
Bovada,player_points_rebounds_assists,Andrew Nembhard,Under,26.5,-105,2026-02-11,2026-02-10T22:47:30Z,2026-02-10 14:47:44
Bovada,player_points_rebounds_assists,Andrew Nembhard,Over,27.5,-105,2026-02-11,2026-02-10T22:47:30Z,2026-02-10 14:47:44
Bovada,player_points_rebounds_assists,Andrew Nembhard,Under,27.5,-125,2026-02-11,2026-02-10T22:47:30Z,2026-02-10 14:47:44
Bovada,player_points_rebounds_assists,Andrew Nembhard,Over,28.5,115,2026-02-11,2026-02-10T22:47:30Z,2026-02-10 14:47:44
Bovada,player_points_rebounds_assists,Andrew Nembhard,Under,28.5,-150,2026-02-11,2026-02-10T22:47:30Z,2026-02-10 14:47:44
Bovada,player_points_rebounds_assists,Jalen Brunson,Over,33.5,-185,2026-02-11,2026-02-10T22:47:30Z,2026-02-10 14:47:44
Bovada,player_points_rebounds_assists,Jalen Brunson,Under,33.5,140,2026-02-11,2026-02-10T22:47:30Z,2026-02-10 14:47:44
Bovada,player_points_rebounds_assists,Jalen Brunson,Over,34.5,-150,2026-02-11,2026-02-10T22:47:30Z,2026-02-10 14:47:44
Bovada,player_points_rebounds_assists,Jalen Brunson,Under,34.5,115,2026-02-11,2026-02-10T22:47:30Z,2026-02-10 14:47:44
Bovada,player_points_rebounds_assists,Jalen Brunson,Over,35.5,-130,2026-02-11,2026-02-10T22:47:30Z,2026-02-10 14:47:44
Bovada,player_points_rebounds_assists,Jalen Brunson,Under,35.5,100,2026-02-11,2026-02-10T22:47:30Z,2026-02-10 14:47:44
Bovada,player_points_rebounds_assists,Jalen Brunson,Over,36.5,-110,2026-02-11,2026-02-10T22:47:30Z,2026-02-10 14:47:44
Bovada,player_points_rebounds_assists,Jalen Brunson,Under,36.5,-120,2026-02-11,2026-02-10T22:47:30Z,2026-02-10 14:47:44
Bovada,player_points_rebounds_assists,Jalen Brunson,Over,37.5,105,2026-02-11,2026-02-10T22:47:30Z,2026-02-10 14:47:44
Bovada,player_points_rebounds_assists,Jalen Brunson,Under,37.5,-135,2026-02-11,2026-02-10T22:47:30Z,2026-02-10 14:47:44
Bovada,player_points_rebounds_assists,Josh Hart,Over,24.5,-170,2026-02-11,2026-02-10T22:47:30Z,2026-02-10 14:47:44
Bovada,player_points_rebounds_assists,Josh Hart,Under,24.5,130,2026-02-11,2026-02-10T22:47:30Z,2026-02-10 14:47:44
Bovada,player_points_rebounds_assists,Josh Hart,Over,25.5,-145,2026-02-11,2026-02-10T22:47:30Z,2026-02-10 14:47:44
Bovada,player_points_rebounds_assists,Josh Hart,Under,25.5,110,2026-02-11,2026-02-10T22:47:30Z,2026-02-10 14:47:44
Bovada,player_points_rebounds_assists,Josh Hart,Over,26.5,-115,2026-02-11,2026-02-10T22:47:30Z,2026-02-10 14:47:44
Bovada,player_points_rebounds_assists,Josh Hart,Under,26.5,-115,2026-02-11,2026-02-10T22:47:30Z,2026-02-10 14:47:44
Bovada,player_points_rebounds_assists,Josh Hart,Over,27.5,105,2026-02-11,2026-02-10T22:47:30Z,2026-02-10 14:47:44
Bovada,player_points_rebounds_assists,Josh Hart,Under,27.5,-135,2026-02-11,2026-02-10T22:47:30Z,2026-02-10 14:47:44
Bovada,player_points_rebounds_assists,Josh Hart,Over,28.5,125,2026-02-11,2026-02-10T22:47:30Z,2026-02-10 14:47:44
Bovada,player_points_rebounds_assists,Josh Hart,Under,28.5,-165,2026-02-11,2026-02-10T22:47:30Z,2026-02-10 14:47:44
Bovada,player_points_rebounds_assists,Karl-Anthony Towns,Over,33.5,-180,2026-02-11,2026-02-10T22:47:30Z,2026-02-10 14:47:44
Bovada,player_points_rebounds_assists,Karl-Anthony Towns,Under,33.5,135,2026-02-11,2026-02-10T22:47:30Z,2026-02-10 14:47:44
Bovada,player_points_rebounds_assists,Karl-Anthony Towns,Over,34.5,-150,2026-02-11,2026-02-10T22:47:30Z,2026-02-10 14:47:44
Bovada,player_points_rebounds_assists,Karl-Anthony Towns,Under,34.5,115,2026-02-11,2026-02-10T22:47:30Z,2026-02-10 14:47:44
Bovada,player_points_rebounds_assists,Karl-Anthony Towns,Over,35.5,-125,2026-02-11,2026-02-10T22:47:30Z,2026-02-10 14:47:44
Bovada,player_points_rebounds_assists,Karl-Anthony Towns,Under,35.5,-105,2026-02-11,2026-02-10T22:47:30Z,2026-02-10 14:47:44
Bovada,player_points_rebounds_assists,Karl-Anthony Towns,Over,36.5,-105,2026-02-11,2026-02-10T22:47:30Z,2026-02-10 14:47:44
Bovada,player_points_rebounds_assists,Karl-Anthony Towns,Under,36.5,-125,2026-02-11,2026-02-10T22:47:30Z,2026-02-10 14:47:44
Bovada,player_points_rebounds_assists,Karl-Anthony Towns,Over,37.5,110,2026-02-11,2026-02-10T22:47:30Z,2026-02-10 14:47:44
Bovada,player_points_rebounds_assists,Karl-Anthony Towns,Under,37.5,-145,2026-02-11,2026-02-10T22:47:30Z,2026-02-10 14:47:44
Bovada,player_points_rebounds_assists,Mikal Bridges,Over,20.5,-185,2026-02-11,2026-02-10T22:47:30Z,2026-02-10 14:47:44
Bovada,player_points_rebounds_assists,Mikal Bridges,Under,20.5,140,2026-02-11,2026-02-10T22:47:30Z,2026-02-10 14:47:44
Bovada,player_points_rebounds_assists,Mikal Bridges,Over,21.5,-150,2026-02-11,2026-02-10T22:47:30Z,2026-02-10 14:47:44
Bovada,player_points_rebounds_assists,Mikal Bridges,Under,21.5,115,2026-02-11,2026-02-10T22:47:30Z,2026-02-10 14:47:44
Bovada,player_points_rebounds_assists,Mikal Bridges,Over,22.5,-120,2026-02-11,2026-02-10T22:47:30Z,2026-02-10 14:47:44
Bovada,player_points_rebounds_assists,Mikal Bridges,Under,22.5,-110,2026-02-11,2026-02-10T22:47:30Z,2026-02-10 14:47:44
Bovada,player_points_rebounds_assists,Mikal Bridges,Over,23.5,100,2026-02-11,2026-02-10T22:47:30Z,2026-02-10 14:47:44
Bovada,player_points_rebounds_assists,Mikal Bridges,Under,23.5,-130,2026-02-11,2026-02-10T22:47:30Z,2026-02-10 14:47:44
Bovada,player_points_rebounds_assists,Mikal Bridges,Over,24.5,125,2026-02-11,2026-02-10T22:47:30Z,2026-02-10 14:47:44
Bovada,player_points_rebounds_assists,Mikal Bridges,Under,24.5,-165,2026-02-11,2026-02-10T22:47:30Z,2026-02-10 14:47:44
Bovada,player_points_rebounds_assists,OG Anunoby,Over,21.5,-190,2026-02-11,2026-02-10T22:47:30Z,2026-02-10 14:47:44
Bovada,player_points_rebounds_assists,OG Anunoby,Under,21.5,145,2026-02-11,2026-02-10T22:47:30Z,2026-02-10 14:47:44
Bovada,player_points_rebounds_assists,OG Anunoby,Over,22.5,-150,2026-02-11,2026-02-10T22:47:30Z,2026-02-10 14:47:44
Bovada,player_points_rebounds_assists,OG Anunoby,Under,22.5,115,2026-02-11,2026-02-10T22:47:30Z,2026-02-10 14:47:44
Bovada,player_points_rebounds_assists,OG Anunoby,Over,23.5,-125,2026-02-11,2026-02-10T22:47:30Z,2026-02-10 14:47:44
Bovada,player_points_rebounds_assists,OG Anunoby,Under,23.5,-105,2026-02-11,2026-02-10T22:47:30Z,2026-02-10 14:47:44
Bovada,player_points_rebounds_assists,OG Anunoby,Over,24.5,-105,2026-02-11,2026-02-10T22:47:30Z,2026-02-10 14:47:44
Bovada,player_points_rebounds_assists,OG Anunoby,Under,24.5,-125,2026-02-11,2026-02-10T22:47:30Z,2026-02-10 14:47:44
Bovada,player_points_rebounds_assists,OG Anunoby,Over,25.5,120,2026-02-11,2026-02-10T22:47:30Z,2026-02-10 14:47:44
Bovada,player_points_rebounds_assists,OG Anunoby,Under,25.5,-160,2026-02-11,2026-02-10T22:47:30Z,2026-02-10 14:47:44
Bovada,player_points_rebounds_assists,Pascal Siakam,Over,30.5,-165,2026-02-11,2026-02-10T22:47:30Z,2026-02-10 14:47:44
Bovada,player_points_rebounds_assists,Pascal Siakam,Under,30.5,125,2026-02-11,2026-02-10T22:47:30Z,2026-02-10 14:47:44
Bovada,player_points_rebounds_assists,Pascal Siakam,Over,31.5,-135,2026-02-11,2026-02-10T22:47:30Z,2026-02-10 14:47:44
Bovada,player_points_rebounds_assists,Pascal Siakam,Under,31.5,105,2026-02-11,2026-02-10T22:47:30Z,2026-02-10 14:47:44
Bovada,player_points_rebounds_assists,Pascal Siakam,Over,32.5,-115,2026-02-11,2026-02-10T22:47:30Z,2026-02-10 14:47:44
Bovada,player_points_rebounds_assists,Pascal Siakam,Under,32.5,-115,2026-02-11,2026-02-10T22:47:30Z,2026-02-10 14:47:44
Bovada,player_points_rebounds_assists,Pascal Siakam,Over,33.5,105,2026-02-11,2026-02-10T22:47:30Z,2026-02-10 14:47:44
Bovada,player_points_rebounds_assists,Pascal Siakam,Under,33.5,-135,2026-02-11,2026-02-10T22:47:30Z,2026-02-10 14:47:44
Bovada,player_points_rebounds_assists,Pascal Siakam,Over,34.5,120,2026-02-11,2026-02-10T22:47:30Z,2026-02-10 14:47:44
Bovada,player_points_rebounds_assists,Pascal Siakam,Under,34.5,-160,2026-02-11,2026-02-10T22:47:30Z,2026-02-10 14:47:44
Bovada,player_points_rebounds_assists,Alperen Sengun,Over,32.5,-185,2026-02-11,2026-02-10T22:47:39Z,2026-02-10 14:47:44
Bovada,player_points_rebounds_assists,Alperen Sengun,Under,32.5,140,2026-02-11,2026-02-10T22:47:39Z,2026-02-10 14:47:44
Bovada,player_points_rebounds_assists,Alperen Sengun,Over,33.5,-150,2026-02-11,2026-02-10T22:47:39Z,2026-02-10 14:47:44
Bovada,player_points_rebounds_assists,Alperen Sengun,Under,33.5,115,2026-02-11,2026-02-10T22:47:39Z,2026-02-10 14:47:44
Bovada,player_points_rebounds_assists,Alperen Sengun,Over,34.5,-130,2026-02-11,2026-02-10T22:47:39Z,2026-02-10 14:47:44
Bovada,player_points_rebounds_assists,Alperen Sengun,Under,34.5,100,2026-02-11,2026-02-10T22:47:39Z,2026-02-10 14:47:44
Bovada,player_points_rebounds_assists,Alperen Sengun,Over,35.5,-110,2026-02-11,2026-02-10T22:47:39Z,2026-02-10 14:47:44
Bovada,player_points_rebounds_assists,Alperen Sengun,Under,35.5,-120,2026-02-11,2026-02-10T22:47:39Z,2026-02-10 14:47:44
Bovada,player_points_rebounds_assists,Alperen Sengun,Over,36.5,105,2026-02-11,2026-02-10T22:47:39Z,2026-02-10 14:47:44
Bovada,player_points_rebounds_assists,Alperen Sengun,Under,36.5,-135,2026-02-11,2026-02-10T22:47:39Z,2026-02-10 14:47:44
Bovada,player_points_rebounds_assists,Amen Thompson,Over,25.5,-185,2026-02-11,2026-02-10T22:47:39Z,2026-02-10 14:47:44
Bovada,player_points_rebounds_assists,Amen Thompson,Under,25.5,140,2026-02-11,2026-02-10T22:47:39Z,2026-02-10 14:47:44
Bovada,player_points_rebounds_assists,Amen Thompson,Over,26.5,-150,2026-02-11,2026-02-10T22:47:39Z,2026-02-10 14:47:44
Bovada,player_points_rebounds_assists,Amen Thompson,Under,26.5,115,2026-02-11,2026-02-10T22:47:39Z,2026-02-10 14:47:44
Bovada,player_points_rebounds_assists,Amen Thompson,Over,27.5,-125,2026-02-11,2026-02-10T22:47:39Z,2026-02-10 14:47:44
Bovada,player_points_rebounds_assists,Amen Thompson,Under,27.5,-105,2026-02-11,2026-02-10T22:47:39Z,2026-02-10 14:47:44
Bovada,player_points_rebounds_assists,Amen Thompson,Over,28.5,-105,2026-02-11,2026-02-10T22:47:39Z,2026-02-10 14:47:44
Bovada,player_points_rebounds_assists,Amen Thompson,Under,28.5,-125,2026-02-11,2026-02-10T22:47:39Z,2026-02-10 14:47:44
Bovada,player_points_rebounds_assists,Amen Thompson,Over,29.5,115,2026-02-11,2026-02-10T22:47:39Z,2026-02-10 14:47:44
Bovada,player_points_rebounds_assists,Amen Thompson,Under,29.5,-150,2026-02-11,2026-02-10T22:47:39Z,2026-02-10 14:47:44
Bovada,player_points_rebounds_assists,Brook Lopez,Over,11.5,-245,2026-02-11,2026-02-10T22:47:39Z,2026-02-10 14:47:44
Bovada,player_points_rebounds_assists,Brook Lopez,Under,11.5,180,2026-02-11,2026-02-10T22:47:39Z,2026-02-10 14:47:44
Bovada,player_points_rebounds_assists,Brook Lopez,Over,12.5,-180,2026-02-11,2026-02-10T22:47:39Z,2026-02-10 14:47:44
Bovada,player_points_rebounds_assists,Brook Lopez,Under,12.5,135,2026-02-11,2026-02-10T22:47:39Z,2026-02-10 14:47:44
Bovada,player_points_rebounds_assists,Brook Lopez,Over,13.5,-135,2026-02-11,2026-02-10T22:47:39Z,2026-02-10 14:47:44
Bovada,player_points_rebounds_assists,Brook Lopez,Under,13.5,105,2026-02-11,2026-02-10T22:47:39Z,2026-02-10 14:47:44
Bovada,player_points_rebounds_assists,Brook Lopez,Over,14.5,-105,2026-02-11,2026-02-10T22:47:39Z,2026-02-10 14:47:44
Bovada,player_points_rebounds_assists,Brook Lopez,Under,14.5,-125,2026-02-11,2026-02-10T22:47:39Z,2026-02-10 14:47:44
Bovada,player_points_rebounds_assists,Brook Lopez,Over,15.5,120,2026-02-11,2026-02-10T22:47:39Z,2026-02-10 14:47:44
Bovada,player_points_rebounds_assists,Brook Lopez,Under,15.5,-160,2026-02-11,2026-02-10T22:47:39Z,2026-02-10 14:47:44
Bovada,player_points_rebounds_assists,Jabari Smith Jr,Over,19.5,-215,2026-02-11,2026-02-10T22:47:39Z,2026-02-10 14:47:44
Bovada,player_points_rebounds_assists,Jabari Smith Jr,Under,19.5,160,2026-02-11,2026-02-10T22:47:39Z,2026-02-10 14:47:44
Bovada,player_points_rebounds_assists,Jabari Smith Jr,Over,20.5,-170,2026-02-11,2026-02-10T22:47:39Z,2026-02-10 14:47:44
Bovada,player_points_rebounds_assists,Jabari Smith Jr,Under,20.5,130,2026-02-11,2026-02-10T22:47:39Z,2026-02-10 14:47:44
Bovada,player_points_rebounds_assists,Jabari Smith Jr,Over,21.5,-135,2026-02-11,2026-02-10T22:47:39Z,2026-02-10 14:47:44
Bovada,player_points_rebounds_assists,Jabari Smith Jr,Under,21.5,105,2026-02-11,2026-02-10T22:47:39Z,2026-02-10 14:47:44
Bovada,player_points_rebounds_assists,Jabari Smith Jr,Over,22.5,-110,2026-02-11,2026-02-10T22:47:39Z,2026-02-10 14:47:44
Bovada,player_points_rebounds_assists,Jabari Smith Jr,Under,22.5,-120,2026-02-11,2026-02-10T22:47:39Z,2026-02-10 14:47:44
Bovada,player_points_rebounds_assists,Jabari Smith Jr,Over,23.5,110,2026-02-11,2026-02-10T22:47:39Z,2026-02-10 14:47:44
Bovada,player_points_rebounds_assists,Jabari Smith Jr,Under,23.5,-145,2026-02-11,2026-02-10T22:47:39Z,2026-02-10 14:47:44
Bovada,player_points_rebounds_assists,John Collins,Over,18.5,-190,2026-02-11,2026-02-10T22:47:39Z,2026-02-10 14:47:44
Bovada,player_points_rebounds_assists,John Collins,Under,18.5,145,2026-02-11,2026-02-10T22:47:39Z,2026-02-10 14:47:44
Bovada,player_points_rebounds_assists,John Collins,Over,19.5,-150,2026-02-11,2026-02-10T22:47:39Z,2026-02-10 14:47:44
Bovada,player_points_rebounds_assists,John Collins,Under,19.5,115,2026-02-11,2026-02-10T22:47:39Z,2026-02-10 14:47:44
Bovada,player_points_rebounds_assists,John Collins,Over,20.5,-120,2026-02-11,2026-02-10T22:47:39Z,2026-02-10 14:47:44
Bovada,player_points_rebounds_assists,John Collins,Under,20.5,-110,2026-02-11,2026-02-10T22:47:39Z,2026-02-10 14:47:44
Bovada,player_points_rebounds_assists,John Collins,Over,21.5,105,2026-02-11,2026-02-10T22:47:39Z,2026-02-10 14:47:44
Bovada,player_points_rebounds_assists,John Collins,Under,21.5,-135,2026-02-11,2026-02-10T22:47:39Z,2026-02-10 14:47:44
Bovada,player_points_rebounds_assists,John Collins,Over,22.5,125,2026-02-11,2026-02-10T22:47:39Z,2026-02-10 14:47:44
Bovada,player_points_rebounds_assists,John Collins,Under,22.5,-165,2026-02-11,2026-02-10T22:47:39Z,2026-02-10 14:47:44
Bovada,player_points_rebounds_assists,Kawhi Leonard,Over,36.5,-180,2026-02-11,2026-02-10T22:47:39Z,2026-02-10 14:47:44
Bovada,player_points_rebounds_assists,Kawhi Leonard,Under,36.5,135,2026-02-11,2026-02-10T22:47:39Z,2026-02-10 14:47:44
Bovada,player_points_rebounds_assists,Kawhi Leonard,Over,37.5,-150,2026-02-11,2026-02-10T22:47:39Z,2026-02-10 14:47:44
Bovada,player_points_rebounds_assists,Kawhi Leonard,Under,37.5,115,2026-02-11,2026-02-10T22:47:39Z,2026-02-10 14:47:44
Bovada,player_points_rebounds_assists,Kawhi Leonard,Over,38.5,-130,2026-02-11,2026-02-10T22:47:39Z,2026-02-10 14:47:44
Bovada,player_points_rebounds_assists,Kawhi Leonard,Under,38.5,100,2026-02-11,2026-02-10T22:47:39Z,2026-02-10 14:47:44
Bovada,player_points_rebounds_assists,Kawhi Leonard,Over,39.5,-110,2026-02-11,2026-02-10T22:47:39Z,2026-02-10 14:47:44
Bovada,player_points_rebounds_assists,Kawhi Leonard,Under,39.5,-120,2026-02-11,2026-02-10T22:47:39Z,2026-02-10 14:47:44
Bovada,player_points_rebounds_assists,Kawhi Leonard,Over,40.5,105,2026-02-11,2026-02-10T22:47:39Z,2026-02-10 14:47:44
Bovada,player_points_rebounds_assists,Kawhi Leonard,Under,40.5,-135,2026-02-11,2026-02-10T22:47:39Z,2026-02-10 14:47:44
Bovada,player_points_rebounds_assists,Kevin Durant,Over,31.5,-170,2026-02-11,2026-02-10T22:47:39Z,2026-02-10 14:47:44
Bovada,player_points_rebounds_assists,Kevin Durant,Under,31.5,130,2026-02-11,2026-02-10T22:47:39Z,2026-02-10 14:47:44
Bovada,player_points_rebounds_assists,Kevin Durant,Over,32.5,-145,2026-02-11,2026-02-10T22:47:39Z,2026-02-10 14:47:44
Bovada,player_points_rebounds_assists,Kevin Durant,Under,32.5,110,2026-02-11,2026-02-10T22:47:39Z,2026-02-10 14:47:44
Bovada,player_points_rebounds_assists,Kevin Durant,Over,33.5,-120,2026-02-11,2026-02-10T22:47:39Z,2026-02-10 14:47:44
Bovada,player_points_rebounds_assists,Kevin Durant,Under,33.5,-110,2026-02-11,2026-02-10T22:47:39Z,2026-02-10 14:47:44
Bovada,player_points_rebounds_assists,Kevin Durant,Over,34.5,100,2026-02-11,2026-02-10T22:47:39Z,2026-02-10 14:47:44
Bovada,player_points_rebounds_assists,Kevin Durant,Under,34.5,-130,2026-02-11,2026-02-10T22:47:39Z,2026-02-10 14:47:44
Bovada,player_points_rebounds_assists,Kevin Durant,Over,35.5,115,2026-02-11,2026-02-10T22:47:39Z,2026-02-10 14:47:44
Bovada,player_points_rebounds_assists,Kevin Durant,Under,35.5,-150,2026-02-11,2026-02-10T22:47:39Z,2026-02-10 14:47:44
Bovada,player_points_rebounds_assists,Kris Dunn,Over,12.5,-210,2026-02-11,2026-02-10T22:47:39Z,2026-02-10 14:47:44
Bovada,player_points_rebounds_assists,Kris Dunn,Under,12.5,155,2026-02-11,2026-02-10T22:47:39Z,2026-02-10 14:47:44
Bovada,player_points_rebounds_assists,Kris Dunn,Over,13.5,-160,2026-02-11,2026-02-10T22:47:39Z,2026-02-10 14:47:44
Bovada,player_points_rebounds_assists,Kris Dunn,Under,13.5,120,2026-02-11,2026-02-10T22:47:39Z,2026-02-10 14:47:44
Bovada,player_points_rebounds_assists,Kris Dunn,Over,14.5,-120,2026-02-11,2026-02-10T22:47:39Z,2026-02-10 14:47:44
Bovada,player_points_rebounds_assists,Kris Dunn,Under,14.5,-110,2026-02-11,2026-02-10T22:47:39Z,2026-02-10 14:47:44
Bovada,player_points_rebounds_assists,Kris Dunn,Over,15.5,110,2026-02-11,2026-02-10T22:47:39Z,2026-02-10 14:47:44
Bovada,player_points_rebounds_assists,Kris Dunn,Under,15.5,-145,2026-02-11,2026-02-10T22:47:39Z,2026-02-10 14:47:44
Bovada,player_points_rebounds_assists,Kris Dunn,Over,16.5,135,2026-02-11,2026-02-10T22:47:39Z,2026-02-10 14:47:44
Bovada,player_points_rebounds_assists,Kris Dunn,Under,16.5,-180,2026-02-11,2026-02-10T22:47:39Z,2026-02-10 14:47:44
Bovada,player_points_rebounds_assists,Reed Sheppard,Over,12.5,-210,2026-02-11,2026-02-10T22:47:39Z,2026-02-10 14:47:44
Bovada,player_points_rebounds_assists,Reed Sheppard,Under,12.5,155,2026-02-11,2026-02-10T22:47:39Z,2026-02-10 14:47:44
Bovada,player_points_rebounds_assists,Reed Sheppard,Over,13.5,-160,2026-02-11,2026-02-10T22:47:39Z,2026-02-10 14:47:44
Bovada,player_points_rebounds_assists,Reed Sheppard,Under,13.5,120,2026-02-11,2026-02-10T22:47:39Z,2026-02-10 14:47:44
Bovada,player_points_rebounds_assists,Reed Sheppard,Over,14.5,-120,2026-02-11,2026-02-10T22:47:39Z,2026-02-10 14:47:44
Bovada,player_points_rebounds_assists,Reed Sheppard,Under,14.5,-110,2026-02-11,2026-02-10T22:47:39Z,2026-02-10 14:47:44
Bovada,player_points_rebounds_assists,Reed Sheppard,Over,15.5,110,2026-02-11,2026-02-10T22:47:39Z,2026-02-10 14:47:44
Bovada,player_points_rebounds_assists,Reed Sheppard,Under,15.5,-145,2026-02-11,2026-02-10T22:47:39Z,2026-02-10 14:47:44
Bovada,player_points_rebounds_assists,Reed Sheppard,Over,16.5,135,2026-02-11,2026-02-10T22:47:39Z,2026-02-10 14:47:44
Bovada,player_points_rebounds_assists,Reed Sheppard,Under,16.5,-180,2026-02-11,2026-02-10T22:47:39Z,2026-02-10 14:47:44
Bovada,player_points_rebounds_assists,Caleb Martin,Over,8.5,-250,2026-02-11,2026-02-10T22:47:20Z,2026-02-10 14:47:44
Bovada,player_points_rebounds_assists,Caleb Martin,Under,8.5,185,2026-02-11,2026-02-10T22:47:20Z,2026-02-10 14:47:44
Bovada,player_points_rebounds_assists,Caleb Martin,Over,9.5,-180,2026-02-11,2026-02-10T22:47:20Z,2026-02-10 14:47:44
Bovada,player_points_rebounds_assists,Caleb Martin,Under,9.5,135,2026-02-11,2026-02-10T22:47:20Z,2026-02-10 14:47:44
Bovada,player_points_rebounds_assists,Caleb Martin,Over,10.5,-130,2026-02-11,2026-02-10T22:47:20Z,2026-02-10 14:47:44
Bovada,player_points_rebounds_assists,Caleb Martin,Under,10.5,100,2026-02-11,2026-02-10T22:47:20Z,2026-02-10 14:47:44
Bovada,player_points_rebounds_assists,Caleb Martin,Over,11.5,105,2026-02-11,2026-02-10T22:47:20Z,2026-02-10 14:47:44
Bovada,player_points_rebounds_assists,Caleb Martin,Under,11.5,-135,2026-02-11,2026-02-10T22:47:20Z,2026-02-10 14:47:44
Bovada,player_points_rebounds_assists,Caleb Martin,Over,12.5,135,2026-02-11,2026-02-10T22:47:20Z,2026-02-10 14:47:44
Bovada,player_points_rebounds_assists,Caleb Martin,Under,12.5,-180,2026-02-11,2026-02-10T22:47:20Z,2026-02-10 14:47:44
Bovada,player_points_rebounds_assists,Collin Gillespie,Over,18.5,-215,2026-02-11,2026-02-10T22:47:20Z,2026-02-10 14:47:44
Bovada,player_points_rebounds_assists,Collin Gillespie,Under,18.5,160,2026-02-11,2026-02-10T22:47:20Z,2026-02-10 14:47:44
Bovada,player_points_rebounds_assists,Collin Gillespie,Over,19.5,-170,2026-02-11,2026-02-10T22:47:20Z,2026-02-10 14:47:44
Bovada,player_points_rebounds_assists,Collin Gillespie,Under,19.5,130,2026-02-11,2026-02-10T22:47:20Z,2026-02-10 14:47:44
Bovada,player_points_rebounds_assists,Collin Gillespie,Over,20.5,-135,2026-02-11,2026-02-10T22:47:20Z,2026-02-10 14:47:44
Bovada,player_points_rebounds_assists,Collin Gillespie,Under,20.5,105,2026-02-11,2026-02-10T22:47:20Z,2026-02-10 14:47:44
Bovada,player_points_rebounds_assists,Collin Gillespie,Over,21.5,-110,2026-02-11,2026-02-10T22:47:20Z,2026-02-10 14:47:44
Bovada,player_points_rebounds_assists,Collin Gillespie,Under,21.5,-120,2026-02-11,2026-02-10T22:47:20Z,2026-02-10 14:47:44
Bovada,player_points_rebounds_assists,Collin Gillespie,Over,22.5,110,2026-02-11,2026-02-10T22:47:20Z,2026-02-10 14:47:44
Bovada,player_points_rebounds_assists,Collin Gillespie,Under,22.5,-145,2026-02-11,2026-02-10T22:47:20Z,2026-02-10 14:47:44
Bovada,player_points_rebounds_assists,Cooper Flagg,Over,31.5,-180,2026-02-11,2026-02-10T22:47:20Z,2026-02-10 14:47:44
Bovada,player_points_rebounds_assists,Cooper Flagg,Under,31.5,135,2026-02-11,2026-02-10T22:47:20Z,2026-02-10 14:47:44
Bovada,player_points_rebounds_assists,Cooper Flagg,Over,32.5,-145,2026-02-11,2026-02-10T22:47:20Z,2026-02-10 14:47:44
Bovada,player_points_rebounds_assists,Cooper Flagg,Under,32.5,110,2026-02-11,2026-02-10T22:47:20Z,2026-02-10 14:47:44
Bovada,player_points_rebounds_assists,Cooper Flagg,Over,33.5,-125,2026-02-11,2026-02-10T22:47:20Z,2026-02-10 14:47:44
Bovada,player_points_rebounds_assists,Cooper Flagg,Under,33.5,-105,2026-02-11,2026-02-10T22:47:20Z,2026-02-10 14:47:44
Bovada,player_points_rebounds_assists,Cooper Flagg,Over,34.5,-105,2026-02-11,2026-02-10T22:47:20Z,2026-02-10 14:47:44
Bovada,player_points_rebounds_assists,Cooper Flagg,Under,34.5,-125,2026-02-11,2026-02-10T22:47:20Z,2026-02-10 14:47:44
Bovada,player_points_rebounds_assists,Cooper Flagg,Over,35.5,110,2026-02-11,2026-02-10T22:47:20Z,2026-02-10 14:47:44
Bovada,player_points_rebounds_assists,Cooper Flagg,Under,35.5,-145,2026-02-11,2026-02-10T22:47:20Z,2026-02-10 14:47:44
Bovada,player_points_rebounds_assists,Devin Booker,Over,32.5,-170,2026-02-11,2026-02-10T22:47:20Z,2026-02-10 14:47:44
Bovada,player_points_rebounds_assists,Devin Booker,Under,32.5,130,2026-02-11,2026-02-10T22:47:20Z,2026-02-10 14:47:44
Bovada,player_points_rebounds_assists,Devin Booker,Over,33.5,-145,2026-02-11,2026-02-10T22:47:20Z,2026-02-10 14:47:44
Bovada,player_points_rebounds_assists,Devin Booker,Under,33.5,110,2026-02-11,2026-02-10T22:47:20Z,2026-02-10 14:47:44
Bovada,player_points_rebounds_assists,Devin Booker,Over,34.5,-120,2026-02-11,2026-02-10T22:47:20Z,2026-02-10 14:47:44
Bovada,player_points_rebounds_assists,Devin Booker,Under,34.5,-110,2026-02-11,2026-02-10T22:47:20Z,2026-02-10 14:47:44
Bovada,player_points_rebounds_assists,Devin Booker,Over,35.5,100,2026-02-11,2026-02-10T22:47:20Z,2026-02-10 14:47:44
Bovada,player_points_rebounds_assists,Devin Booker,Under,35.5,-130,2026-02-11,2026-02-10T22:47:20Z,2026-02-10 14:47:44
Bovada,player_points_rebounds_assists,Devin Booker,Over,36.5,115,2026-02-11,2026-02-10T22:47:20Z,2026-02-10 14:47:44
Bovada,player_points_rebounds_assists,Devin Booker,Under,36.5,-150,2026-02-11,2026-02-10T22:47:20Z,2026-02-10 14:47:44
Bovada,player_points_rebounds_assists,Dillon Brooks,Over,23.5,-190,2026-02-11,2026-02-10T22:47:20Z,2026-02-10 14:47:44
Bovada,player_points_rebounds_assists,Dillon Brooks,Under,23.5,145,2026-02-11,2026-02-10T22:47:20Z,2026-02-10 14:47:44
Bovada,player_points_rebounds_assists,Dillon Brooks,Over,24.5,-160,2026-02-11,2026-02-10T22:47:20Z,2026-02-10 14:47:44
Bovada,player_points_rebounds_assists,Dillon Brooks,Under,24.5,120,2026-02-11,2026-02-10T22:47:20Z,2026-02-10 14:47:44
Bovada,player_points_rebounds_assists,Dillon Brooks,Over,25.5,-125,2026-02-11,2026-02-10T22:47:20Z,2026-02-10 14:47:44
Bovada,player_points_rebounds_assists,Dillon Brooks,Under,25.5,-105,2026-02-11,2026-02-10T22:47:20Z,2026-02-10 14:47:44
Bovada,player_points_rebounds_assists,Dillon Brooks,Over,26.5,-105,2026-02-11,2026-02-10T22:47:20Z,2026-02-10 14:47:44
Bovada,player_points_rebounds_assists,Dillon Brooks,Under,26.5,-125,2026-02-11,2026-02-10T22:47:20Z,2026-02-10 14:47:44
Bovada,player_points_rebounds_assists,Dillon Brooks,Over,27.5,115,2026-02-11,2026-02-10T22:47:20Z,2026-02-10 14:47:44
Bovada,player_points_rebounds_assists,Dillon Brooks,Under,27.5,-150,2026-02-11,2026-02-10T22:47:20Z,2026-02-10 14:47:44
Bovada,player_points_rebounds_assists,Jalen Green,Over,13.5,-240,2026-02-11,2026-02-10T22:47:20Z,2026-02-10 14:47:44
Bovada,player_points_rebounds_assists,Jalen Green,Under,13.5,175,2026-02-11,2026-02-10T22:47:20Z,2026-02-10 14:47:44
Bovada,player_points_rebounds_assists,Jalen Green,Over,14.5,-180,2026-02-11,2026-02-10T22:47:20Z,2026-02-10 14:47:44
Bovada,player_points_rebounds_assists,Jalen Green,Under,14.5,135,2026-02-11,2026-02-10T22:47:20Z,2026-02-10 14:47:44
Bovada,player_points_rebounds_assists,Jalen Green,Over,15.5,-135,2026-02-11,2026-02-10T22:47:20Z,2026-02-10 14:47:44
Bovada,player_points_rebounds_assists,Jalen Green,Under,15.5,105,2026-02-11,2026-02-10T22:47:20Z,2026-02-10 14:47:44
Bovada,player_points_rebounds_assists,Jalen Green,Over,16.5,-110,2026-02-11,2026-02-10T22:47:20Z,2026-02-10 14:47:44
Bovada,player_points_rebounds_assists,Jalen Green,Under,16.5,-120,2026-02-11,2026-02-10T22:47:20Z,2026-02-10 14:47:44
Bovada,player_points_rebounds_assists,Jalen Green,Over,17.5,115,2026-02-11,2026-02-10T22:47:20Z,2026-02-10 14:47:44
Bovada,player_points_rebounds_assists,Jalen Green,Under,17.5,-150,2026-02-11,2026-02-10T22:47:20Z,2026-02-10 14:47:44
Bovada,player_points_rebounds_assists,Jordan Goodwin,Over,13.5,-220,2026-02-11,2026-02-10T22:47:20Z,2026-02-10 14:47:44
Bovada,player_points_rebounds_assists,Jordan Goodwin,Under,13.5,165,2026-02-11,2026-02-10T22:47:20Z,2026-02-10 14:47:44
Bovada,player_points_rebounds_assists,Jordan Goodwin,Over,14.5,-170,2026-02-11,2026-02-10T22:47:20Z,2026-02-10 14:47:44
Bovada,player_points_rebounds_assists,Jordan Goodwin,Under,14.5,130,2026-02-11,2026-02-10T22:47:20Z,2026-02-10 14:47:44
Bovada,player_points_rebounds_assists,Jordan Goodwin,Over,15.5,-130,2026-02-11,2026-02-10T22:47:20Z,2026-02-10 14:47:44
Bovada,player_points_rebounds_assists,Jordan Goodwin,Under,15.5,100,2026-02-11,2026-02-10T22:47:20Z,2026-02-10 14:47:44
Bovada,player_points_rebounds_assists,Jordan Goodwin,Over,16.5,-105,2026-02-11,2026-02-10T22:47:20Z,2026-02-10 14:47:44
Bovada,player_points_rebounds_assists,Jordan Goodwin,Under,16.5,-125,2026-02-11,2026-02-10T22:47:20Z,2026-02-10 14:47:44
Bovada,player_points_rebounds_assists,Jordan Goodwin,Over,17.5,120,2026-02-11,2026-02-10T22:47:20Z,2026-02-10 14:47:44
Bovada,player_points_rebounds_assists,Jordan Goodwin,Under,17.5,-160,2026-02-11,2026-02-10T22:47:20Z,2026-02-10 14:47:44
Bovada,player_points_rebounds_assists,Max Christie,Over,15.5,-230,2026-02-11,2026-02-10T22:47:20Z,2026-02-10 14:47:44
Bovada,player_points_rebounds_assists,Max Christie,Under,15.5,170,2026-02-11,2026-02-10T22:47:20Z,2026-02-10 14:47:44
Bovada,player_points_rebounds_assists,Max Christie,Over,16.5,-180,2026-02-11,2026-02-10T22:47:20Z,2026-02-10 14:47:44
Bovada,player_points_rebounds_assists,Max Christie,Under,16.5,135,2026-02-11,2026-02-10T22:47:20Z,2026-02-10 14:47:44
Bovada,player_points_rebounds_assists,Max Christie,Over,17.5,-135,2026-02-11,2026-02-10T22:47:20Z,2026-02-10 14:47:44
Bovada,player_points_rebounds_assists,Max Christie,Under,17.5,105,2026-02-11,2026-02-10T22:47:20Z,2026-02-10 14:47:44
Bovada,player_points_rebounds_assists,Max Christie,Over,18.5,-110,2026-02-11,2026-02-10T22:47:20Z,2026-02-10 14:47:44
Bovada,player_points_rebounds_assists,Max Christie,Under,18.5,-120,2026-02-11,2026-02-10T22:47:20Z,2026-02-10 14:47:44
Bovada,player_points_rebounds_assists,Max Christie,Over,19.5,115,2026-02-11,2026-02-10T22:47:20Z,2026-02-10 14:47:44
Bovada,player_points_rebounds_assists,Max Christie,Under,19.5,-150,2026-02-11,2026-02-10T22:47:20Z,2026-02-10 14:47:44
Bovada,player_points_rebounds_assists,Naji Marshall,Over,21.5,-180,2026-02-11,2026-02-10T22:47:20Z,2026-02-10 14:47:44
Bovada,player_points_rebounds_assists,Naji Marshall,Under,21.5,135,2026-02-11,2026-02-10T22:47:20Z,2026-02-10 14:47:44
Bovada,player_points_rebounds_assists,Naji Marshall,Over,22.5,-145,2026-02-11,2026-02-10T22:47:20Z,2026-02-10 14:47:44
Bovada,player_points_rebounds_assists,Naji Marshall,Under,22.5,110,2026-02-11,2026-02-10T22:47:20Z,2026-02-10 14:47:44
Bovada,player_points_rebounds_assists,Naji Marshall,Over,23.5,-120,2026-02-11,2026-02-10T22:47:20Z,2026-02-10 14:47:44
Bovada,player_points_rebounds_assists,Naji Marshall,Under,23.5,-110,2026-02-11,2026-02-10T22:47:20Z,2026-02-10 14:47:44
Bovada,player_points_rebounds_assists,Naji Marshall,Over,24.5,100,2026-02-11,2026-02-10T22:47:20Z,2026-02-10 14:47:44
Bovada,player_points_rebounds_assists,Naji Marshall,Under,24.5,-130,2026-02-11,2026-02-10T22:47:20Z,2026-02-10 14:47:44
Bovada,player_points_rebounds_assists,Naji Marshall,Over,25.5,125,2026-02-11,2026-02-10T22:47:20Z,2026-02-10 14:47:44
Bovada,player_points_rebounds_assists,Naji Marshall,Under,25.5,-165,2026-02-11,2026-02-10T22:47:20Z,2026-02-10 14:47:44
Bovada,player_points_rebounds_assists,P.J. Washington,Over,15.5,-230,2026-02-11,2026-02-10T22:47:20Z,2026-02-10 14:47:44
Bovada,player_points_rebounds_assists,P.J. Washington,Under,15.5,170,2026-02-11,2026-02-10T22:47:20Z,2026-02-10 14:47:44
Bovada,player_points_rebounds_assists,P.J. Washington,Over,16.5,-180,2026-02-11,2026-02-10T22:47:20Z,2026-02-10 14:47:44
Bovada,player_points_rebounds_assists,P.J. Washington,Under,16.5,135,2026-02-11,2026-02-10T22:47:20Z,2026-02-10 14:47:44
Bovada,player_points_rebounds_assists,P.J. Washington,Over,17.5,-135,2026-02-11,2026-02-10T22:47:20Z,2026-02-10 14:47:44
Bovada,player_points_rebounds_assists,P.J. Washington,Under,17.5,105,2026-02-11,2026-02-10T22:47:20Z,2026-02-10 14:47:44
Bovada,player_points_rebounds_assists,P.J. Washington,Over,18.5,-110,2026-02-11,2026-02-10T22:47:20Z,2026-02-10 14:47:44
Bovada,player_points_rebounds_assists,P.J. Washington,Under,18.5,-120,2026-02-11,2026-02-10T22:47:20Z,2026-02-10 14:47:44
Bovada,player_points_rebounds_assists,P.J. Washington,Over,19.5,115,2026-02-11,2026-02-10T22:47:20Z,2026-02-10 14:47:44
Bovada,player_points_rebounds_assists,P.J. Washington,Under,19.5,-150,2026-02-11,2026-02-10T22:47:20Z,2026-02-10 14:47:44
Bovada,player_points_rebounds_assists,Royce O'Neale,Over,15.5,-210,2026-02-11,2026-02-10T22:47:20Z,2026-02-10 14:47:44
Bovada,player_points_rebounds_assists,Royce O'Neale,Under,15.5,155,2026-02-11,2026-02-10T22:47:20Z,2026-02-10 14:47:44
Bovada,player_points_rebounds_assists,Royce O'Neale,Over,16.5,-160,2026-02-11,2026-02-10T22:47:20Z,2026-02-10 14:47:44
Bovada,player_points_rebounds_assists,Royce O'Neale,Under,16.5,120,2026-02-11,2026-02-10T22:47:20Z,2026-02-10 14:47:44
Bovada,player_points_rebounds_assists,Royce O'Neale,Over,17.5,-125,2026-02-11,2026-02-10T22:47:20Z,2026-02-10 14:47:44
Bovada,player_points_rebounds_assists,Royce O'Neale,Under,17.5,-105,2026-02-11,2026-02-10T22:47:20Z,2026-02-10 14:47:44
Bovada,player_points_rebounds_assists,Royce O'Neale,Over,18.5,100,2026-02-11,2026-02-10T22:47:20Z,2026-02-10 14:47:44
Bovada,player_points_rebounds_assists,Royce O'Neale,Under,18.5,-130,2026-02-11,2026-02-10T22:47:20Z,2026-02-10 14:47:44
Bovada,player_points_rebounds_assists,Royce O'Neale,Over,19.5,125,2026-02-11,2026-02-10T22:47:20Z,2026-02-10 14:47:44
Bovada,player_points_rebounds_assists,Royce O'Neale,Under,19.5,-165,2026-02-11,2026-02-10T22:47:20Z,2026-02-10 14:47:44
Bovada,player_points_rebounds_assists,Brandon Williams,Over,14.5,-240,2026-02-11,2026-02-10T22:47:20Z,2026-02-10 14:47:44
Bovada,player_points_rebounds_assists,Brandon Williams,Under,14.5,175,2026-02-11,2026-02-10T22:47:20Z,2026-02-10 14:47:44
Bovada,player_points_rebounds_assists,Brandon Williams,Over,15.5,-180,2026-02-11,2026-02-10T22:47:20Z,2026-02-10 14:47:44
Bovada,player_points_rebounds_assists,Brandon Williams,Under,15.5,135,2026-02-11,2026-02-10T22:47:20Z,2026-02-10 14:47:44
Bovada,player_points_rebounds_assists,Brandon Williams,Over,16.5,-135,2026-02-11,2026-02-10T22:47:20Z,2026-02-10 14:47:44
Bovada,player_points_rebounds_assists,Brandon Williams,Under,16.5,105,2026-02-11,2026-02-10T22:47:20Z,2026-02-10 14:47:44
Bovada,player_points_rebounds_assists,Brandon Williams,Over,17.5,-110,2026-02-11,2026-02-10T22:47:20Z,2026-02-10 14:47:44
Bovada,player_points_rebounds_assists,Brandon Williams,Under,17.5,-120,2026-02-11,2026-02-10T22:47:20Z,2026-02-10 14:47:44
Bovada,player_points_rebounds_assists,Brandon Williams,Over,18.5,115,2026-02-11,2026-02-10T22:47:20Z,2026-02-10 14:47:44
Bovada,player_points_rebounds_assists,Brandon Williams,Under,18.5,-150,2026-02-11,2026-02-10T22:47:20Z,2026-02-10 14:47:44
Bovada,player_points_rebounds_assists,De'Aaron Fox,Over,24.5,-200,2026-02-11,2026-02-10T22:47:38Z,2026-02-10 14:47:44
Bovada,player_points_rebounds_assists,De'Aaron Fox,Under,24.5,150,2026-02-11,2026-02-10T22:47:38Z,2026-02-10 14:47:44
Bovada,player_points_rebounds_assists,De'Aaron Fox,Over,25.5,-160,2026-02-11,2026-02-10T22:47:38Z,2026-02-10 14:47:44
Bovada,player_points_rebounds_assists,De'Aaron Fox,Under,25.5,120,2026-02-11,2026-02-10T22:47:38Z,2026-02-10 14:47:44
Bovada,player_points_rebounds_assists,De'Aaron Fox,Over,26.5,-130,2026-02-11,2026-02-10T22:47:38Z,2026-02-10 14:47:44
Bovada,player_points_rebounds_assists,De'Aaron Fox,Under,26.5,100,2026-02-11,2026-02-10T22:47:38Z,2026-02-10 14:47:44
Bovada,player_points_rebounds_assists,De'Aaron Fox,Over,27.5,-110,2026-02-11,2026-02-10T22:47:38Z,2026-02-10 14:47:44
Bovada,player_points_rebounds_assists,De'Aaron Fox,Under,27.5,-120,2026-02-11,2026-02-10T22:47:38Z,2026-02-10 14:47:44
Bovada,player_points_rebounds_assists,De'Aaron Fox,Over,28.5,110,2026-02-11,2026-02-10T22:47:38Z,2026-02-10 14:47:44
Bovada,player_points_rebounds_assists,De'Aaron Fox,Under,28.5,-145,2026-02-11,2026-02-10T22:47:38Z,2026-02-10 14:47:44
Bovada,player_points_rebounds_assists,Dylan Harper,Over,14.5,-190,2026-02-11,2026-02-10T22:47:38Z,2026-02-10 14:47:44
Bovada,player_points_rebounds_assists,Dylan Harper,Under,14.5,145,2026-02-11,2026-02-10T22:47:38Z,2026-02-10 14:47:44
Bovada,player_points_rebounds_assists,Dylan Harper,Over,15.5,-150,2026-02-11,2026-02-10T22:47:38Z,2026-02-10 14:47:44
Bovada,player_points_rebounds_assists,Dylan Harper,Under,15.5,115,2026-02-11,2026-02-10T22:47:38Z,2026-02-10 14:47:44
Bovada,player_points_rebounds_assists,Dylan Harper,Over,16.5,-115,2026-02-11,2026-02-10T22:47:38Z,2026-02-10 14:47:44
Bovada,player_points_rebounds_assists,Dylan Harper,Under,16.5,-115,2026-02-11,2026-02-10T22:47:38Z,2026-02-10 14:47:44
Bovada,player_points_rebounds_assists,Dylan Harper,Over,17.5,110,2026-02-11,2026-02-10T22:47:38Z,2026-02-10 14:47:44
Bovada,player_points_rebounds_assists,Dylan Harper,Under,17.5,-145,2026-02-11,2026-02-10T22:47:38Z,2026-02-10 14:47:44
Bovada,player_points_rebounds_assists,Dylan Harper,Over,18.5,135,2026-02-11,2026-02-10T22:47:38Z,2026-02-10 14:47:44
Bovada,player_points_rebounds_assists,Dylan Harper,Under,18.5,-180,2026-02-11,2026-02-10T22:47:38Z,2026-02-10 14:47:44
Bovada,player_points_rebounds_assists,Stephon Castle,Over,26.5,-185,2026-02-11,2026-02-10T22:47:38Z,2026-02-10 14:47:44
Bovada,player_points_rebounds_assists,Stephon Castle,Under,26.5,140,2026-02-11,2026-02-10T22:47:38Z,2026-02-10 14:47:44
Bovada,player_points_rebounds_assists,Stephon Castle,Over,27.5,-150,2026-02-11,2026-02-10T22:47:38Z,2026-02-10 14:47:44
Bovada,player_points_rebounds_assists,Stephon Castle,Under,27.5,115,2026-02-11,2026-02-10T22:47:38Z,2026-02-10 14:47:44
Bovada,player_points_rebounds_assists,Stephon Castle,Over,29.5,-120,2026-02-11,2026-02-10T22:47:38Z,2026-02-10 14:47:44
Bovada,player_points_rebounds_assists,Stephon Castle,Under,29.5,-110,2026-02-11,2026-02-10T22:47:38Z,2026-02-10 14:47:44
Bovada,player_points_rebounds_assists,Stephon Castle,Over,29.5,-105,2026-02-11,2026-02-10T22:47:38Z,2026-02-10 14:47:44
Bovada,player_points_rebounds_assists,Stephon Castle,Under,29.5,-125,2026-02-11,2026-02-10T22:47:38Z,2026-02-10 14:47:44
Bovada,player_points_rebounds_assists,Stephon Castle,Over,30.5,115,2026-02-11,2026-02-10T22:47:38Z,2026-02-10 14:47:44
Bovada,player_points_rebounds_assists,Stephon Castle,Under,30.5,-150,2026-02-11,2026-02-10T22:47:38Z,2026-02-10 14:47:44
Bovada,player_points_rebounds_assists,Victor Wembanyama,Over,34.5,-170,2026-02-11,2026-02-10T22:47:38Z,2026-02-10 14:47:44
Bovada,player_points_rebounds_assists,Victor Wembanyama,Under,34.5,130,2026-02-11,2026-02-10T22:47:38Z,2026-02-10 14:47:44
Bovada,player_points_rebounds_assists,Victor Wembanyama,Over,35.5,-145,2026-02-11,2026-02-10T22:47:38Z,2026-02-10 14:47:44
Bovada,player_points_rebounds_assists,Victor Wembanyama,Under,35.5,110,2026-02-11,2026-02-10T22:47:38Z,2026-02-10 14:47:44
Bovada,player_points_rebounds_assists,Victor Wembanyama,Over,36.5,-125,2026-02-11,2026-02-10T22:47:38Z,2026-02-10 14:47:44
Bovada,player_points_rebounds_assists,Victor Wembanyama,Under,36.5,-105,2026-02-11,2026-02-10T22:47:38Z,2026-02-10 14:47:44
Bovada,player_points_rebounds_assists,Victor Wembanyama,Over,37.5,-105,2026-02-11,2026-02-10T22:47:38Z,2026-02-10 14:47:44
Bovada,player_points_rebounds_assists,Victor Wembanyama,Under,37.5,-125,2026-02-11,2026-02-10T22:47:38Z,2026-02-10 14:47:44
Bovada,player_points_rebounds_assists,Victor Wembanyama,Over,38.5,110,2026-02-11,2026-02-10T22:47:38Z,2026-02-10 14:47:44
Bovada,player_points_rebounds_assists,Victor Wembanyama,Under,38.5,-145,2026-02-11,2026-02-10T22:47:38Z,2026-02-10 14:47:44
FanDuel,player_points_rebounds,Pascal Siakam,Over,28.5,-115,2026-02-11,2026-02-10T22:46:47Z,2026-02-10 14:47:44
FanDuel,player_points_rebounds,Pascal Siakam,Under,28.5,-111,2026-02-11,2026-02-10T22:46:47Z,2026-02-10 14:47:44
FanDuel,player_points_rebounds,Ben Sheppard,Over,11.5,-128,2026-02-11,2026-02-10T22:46:47Z,2026-02-10 14:47:44
FanDuel,player_points_rebounds,Ben Sheppard,Under,11.5,100,2026-02-11,2026-02-10T22:46:47Z,2026-02-10 14:47:44
FanDuel,player_points_rebounds,Josh Hart,Over,21.5,-102,2026-02-11,2026-02-10T22:46:47Z,2026-02-10 14:47:44
FanDuel,player_points_rebounds,Josh Hart,Under,21.5,-125,2026-02-11,2026-02-10T22:46:47Z,2026-02-10 14:47:44
FanDuel,player_points_rebounds,Mikal Bridges,Over,19.5,-122,2026-02-11,2026-02-10T22:46:47Z,2026-02-10 14:47:44
FanDuel,player_points_rebounds,Mikal Bridges,Under,19.5,-104,2026-02-11,2026-02-10T22:46:47Z,2026-02-10 14:47:44
FanDuel,player_points_rebounds,Jalen Brunson,Over,30.5,-115,2026-02-11,2026-02-10T22:46:47Z,2026-02-10 14:47:44
FanDuel,player_points_rebounds,Jalen Brunson,Under,30.5,-111,2026-02-11,2026-02-10T22:46:47Z,2026-02-10 14:47:44
FanDuel,player_points_rebounds,Jay Huff,Over,15.5,-102,2026-02-11,2026-02-10T22:46:47Z,2026-02-10 14:47:44
FanDuel,player_points_rebounds,Jay Huff,Under,15.5,-125,2026-02-11,2026-02-10T22:46:47Z,2026-02-10 14:47:44
FanDuel,player_points_rebounds,Aaron Nesmith,Over,17.5,-122,2026-02-11,2026-02-10T22:46:47Z,2026-02-10 14:47:44
FanDuel,player_points_rebounds,Aaron Nesmith,Under,17.5,-104,2026-02-11,2026-02-10T22:46:47Z,2026-02-10 14:47:44
FanDuel,player_points_rebounds,OG Anunoby,Over,20.5,-128,2026-02-11,2026-02-10T22:46:47Z,2026-02-10 14:47:44
FanDuel,player_points_rebounds,OG Anunoby,Under,20.5,100,2026-02-11,2026-02-10T22:46:47Z,2026-02-10 14:47:44
FanDuel,player_points_rebounds,Andrew Nembhard,Over,19.5,-120,2026-02-11,2026-02-10T22:46:47Z,2026-02-10 14:47:44
FanDuel,player_points_rebounds,Andrew Nembhard,Under,19.5,-106,2026-02-11,2026-02-10T22:46:47Z,2026-02-10 14:47:44
FanDuel,player_points_rebounds,Karl-Anthony Towns,Over,32.5,-113,2026-02-11,2026-02-10T22:46:47Z,2026-02-10 14:47:44
FanDuel,player_points_rebounds,Karl-Anthony Towns,Under,32.5,-113,2026-02-11,2026-02-10T22:46:47Z,2026-02-10 14:47:44
FanDuel,player_points_rebounds,Kevin Durant,Over,29.5,-113,2026-02-11,2026-02-10T22:47:01Z,2026-02-10 14:47:44
FanDuel,player_points_rebounds,Kevin Durant,Under,29.5,-113,2026-02-11,2026-02-10T22:47:01Z,2026-02-10 14:47:44
FanDuel,player_points_rebounds,Derrick Jones,Over,11.5,-108,2026-02-11,2026-02-10T22:47:01Z,2026-02-10 14:47:44
FanDuel,player_points_rebounds,Derrick Jones,Under,11.5,-118,2026-02-11,2026-02-10T22:47:01Z,2026-02-10 14:47:44
FanDuel,player_points_rebounds,John Collins,Over,19.5,-104,2026-02-11,2026-02-10T22:47:01Z,2026-02-10 14:47:44
FanDuel,player_points_rebounds,John Collins,Under,19.5,-122,2026-02-11,2026-02-10T22:47:01Z,2026-02-10 14:47:44
FanDuel,player_points_rebounds,Kris Dunn,Over,10.5,-108,2026-02-11,2026-02-10T22:47:01Z,2026-02-10 14:47:44
FanDuel,player_points_rebounds,Kris Dunn,Under,10.5,-118,2026-02-11,2026-02-10T22:47:01Z,2026-02-10 14:47:44
FanDuel,player_points_rebounds,Kawhi Leonard,Over,34.5,-113,2026-02-11,2026-02-10T22:47:01Z,2026-02-10 14:47:44
FanDuel,player_points_rebounds,Kawhi Leonard,Under,34.5,-113,2026-02-11,2026-02-10T22:47:01Z,2026-02-10 14:47:44
FanDuel,player_points_rebounds,Amen Thompson,Over,22.5,-111,2026-02-11,2026-02-10T22:47:01Z,2026-02-10 14:47:44
FanDuel,player_points_rebounds,Amen Thompson,Under,22.5,-115,2026-02-11,2026-02-10T22:47:01Z,2026-02-10 14:47:44
FanDuel,player_points_rebounds,Reed Sheppard,Over,12.5,-108,2026-02-11,2026-02-10T22:47:01Z,2026-02-10 14:47:44
FanDuel,player_points_rebounds,Reed Sheppard,Under,12.5,-118,2026-02-11,2026-02-10T22:47:01Z,2026-02-10 14:47:44
FanDuel,player_points_rebounds,Alperen Sengun,Over,28.5,-108,2026-02-11,2026-02-10T22:47:01Z,2026-02-10 14:47:44
FanDuel,player_points_rebounds,Alperen Sengun,Under,28.5,-118,2026-02-11,2026-02-10T22:47:01Z,2026-02-10 14:47:44
FanDuel,player_points_rebounds,Tari Eason,Over,20.5,-113,2026-02-11,2026-02-10T22:47:01Z,2026-02-10 14:47:44
FanDuel,player_points_rebounds,Tari Eason,Under,20.5,-113,2026-02-11,2026-02-10T22:47:01Z,2026-02-10 14:47:44
FanDuel,player_points_rebounds,Brook Lopez,Over,12.5,-104,2026-02-11,2026-02-10T22:47:01Z,2026-02-10 14:47:44
FanDuel,player_points_rebounds,Brook Lopez,Under,12.5,-122,2026-02-11,2026-02-10T22:47:01Z,2026-02-10 14:47:44
FanDuel,player_points_rebounds,Jabari Smith Jr,Over,20.5,100,2026-02-11,2026-02-10T22:47:01Z,2026-02-10 14:47:44
FanDuel,player_points_rebounds,Jabari Smith Jr,Under,20.5,-128,2026-02-11,2026-02-10T22:47:01Z,2026-02-10 14:47:44
FanDuel,player_points_rebounds,Devin Booker,Over,28.5,-108,2026-02-11,2026-02-10T22:47:39Z,2026-02-10 14:47:44
FanDuel,player_points_rebounds,Devin Booker,Under,28.5,-118,2026-02-11,2026-02-10T22:47:39Z,2026-02-10 14:47:44
FanDuel,player_points_rebounds,Max Christie,Over,15.5,-115,2026-02-11,2026-02-10T22:47:39Z,2026-02-10 14:47:44
FanDuel,player_points_rebounds,Max Christie,Under,15.5,-111,2026-02-11,2026-02-10T22:47:39Z,2026-02-10 14:47:44
FanDuel,player_points_rebounds,Daniel Gafford,Over,15.5,-120,2026-02-11,2026-02-10T22:47:39Z,2026-02-10 14:47:44
FanDuel,player_points_rebounds,Daniel Gafford,Under,15.5,-106,2026-02-11,2026-02-10T22:47:39Z,2026-02-10 14:47:44
FanDuel,player_points_rebounds,Royce O'Neale,Over,14.5,-122,2026-02-11,2026-02-10T22:47:39Z,2026-02-10 14:47:44
FanDuel,player_points_rebounds,Royce O'Neale,Under,14.5,-104,2026-02-11,2026-02-10T22:47:39Z,2026-02-10 14:47:44
FanDuel,player_points_rebounds,Cooper Flagg,Over,29.5,-104,2026-02-11,2026-02-10T22:47:39Z,2026-02-10 14:47:44
FanDuel,player_points_rebounds,Cooper Flagg,Under,29.5,-122,2026-02-11,2026-02-10T22:47:39Z,2026-02-10 14:47:44
FanDuel,player_points_rebounds,Mark Williams,Over,21.5,-111,2026-02-11,2026-02-10T22:47:39Z,2026-02-10 14:47:44
FanDuel,player_points_rebounds,Mark Williams,Under,21.5,-115,2026-02-11,2026-02-10T22:47:39Z,2026-02-10 14:47:44
FanDuel,player_points_rebounds,Naji Marshall,Over,19.5,-113,2026-02-11,2026-02-10T22:47:39Z,2026-02-10 14:47:44
FanDuel,player_points_rebounds,Naji Marshall,Under,19.5,-113,2026-02-11,2026-02-10T22:47:39Z,2026-02-10 14:47:44
FanDuel,player_points_rebounds,Dillon Brooks,Over,24.5,-118,2026-02-11,2026-02-10T22:47:39Z,2026-02-10 14:47:44
FanDuel,player_points_rebounds,Dillon Brooks,Under,24.5,-108,2026-02-11,2026-02-10T22:47:39Z,2026-02-10 14:47:44
FanDuel,player_points_rebounds,Caleb Martin,Over,8.5,-128,2026-02-11,2026-02-10T22:47:39Z,2026-02-10 14:47:44
FanDuel,player_points_rebounds,Caleb Martin,Under,8.5,100,2026-02-11,2026-02-10T22:47:39Z,2026-02-10 14:47:44
FanDuel,player_points_rebounds,Jalen Green,Over,14.5,-102,2026-02-11,2026-02-10T22:47:39Z,2026-02-10 14:47:44
FanDuel,player_points_rebounds,Jalen Green,Under,14.5,-125,2026-02-11,2026-02-10T22:47:39Z,2026-02-10 14:47:44
FanDuel,player_points_rebounds,Jordan Goodwin,Over,13.5,-125,2026-02-11,2026-02-10T22:47:39Z,2026-02-10 14:47:44
FanDuel,player_points_rebounds,Jordan Goodwin,Under,13.5,-102,2026-02-11,2026-02-10T22:47:39Z,2026-02-10 14:47:44
FanDuel,player_points_rebounds,Collin Gillespie,Over,16.5,-115,2026-02-11,2026-02-10T22:47:39Z,2026-02-10 14:47:44
FanDuel,player_points_rebounds,Collin Gillespie,Under,16.5,-111,2026-02-11,2026-02-10T22:47:39Z,2026-02-10 14:47:44
FanDuel,player_points_rebounds,Victor Wembanyama,Over,33.5,-122,2026-02-11,2026-02-10T22:47:19Z,2026-02-10 14:47:44
FanDuel,player_points_rebounds,Victor Wembanyama,Under,33.5,-106,2026-02-11,2026-02-10T22:47:19Z,2026-02-10 14:47:44
FanDuel,player_points_rebounds,Harrison Barnes,Over,10.5,-102,2026-02-11,2026-02-10T22:47:19Z,2026-02-10 14:47:44
FanDuel,player_points_rebounds,Harrison Barnes,Under,10.5,-130,2026-02-11,2026-02-10T22:47:19Z,2026-02-10 14:47:44
FanDuel,player_points_rebounds,De'Aaron Fox,Over,20.5,-122,2026-02-11,2026-02-10T22:47:19Z,2026-02-10 14:47:44
FanDuel,player_points_rebounds,De'Aaron Fox,Under,20.5,-108,2026-02-11,2026-02-10T22:47:19Z,2026-02-10 14:47:44
FanDuel,player_points_rebounds,Deandre Ayton,Over,21.5,-112,2026-02-11,2026-02-10T22:47:19Z,2026-02-10 14:47:44
FanDuel,player_points_rebounds,Deandre Ayton,Under,21.5,-118,2026-02-11,2026-02-10T22:47:19Z,2026-02-10 14:47:44
FanDuel,player_points_rebounds,Dylan Harper,Over,13.5,-128,2026-02-11,2026-02-10T22:47:19Z,2026-02-10 14:47:44
FanDuel,player_points_rebounds,Dylan Harper,Under,13.5,-104,2026-02-11,2026-02-10T22:47:19Z,2026-02-10 14:47:44
FanDuel,player_points_rebounds,Stephon Castle,Over,21.5,-125,2026-02-11,2026-02-10T22:47:19Z,2026-02-10 14:47:44
FanDuel,player_points_rebounds,Stephon Castle,Under,21.5,-106,2026-02-11,2026-02-10T22:47:19Z,2026-02-10 14:47:44
FanDuel,player_points_rebounds,Keldon Johnson,Over,15.5,-106,2026-02-11,2026-02-10T22:47:19Z,2026-02-10 14:47:44
FanDuel,player_points_rebounds,Keldon Johnson,Under,15.5,-125,2026-02-11,2026-02-10T22:47:19Z,2026-02-10 14:47:44
FanDuel,player_points_rebounds,Devin Vassell,Over,15.5,-130,2026-02-11,2026-02-10T22:47:19Z,2026-02-10 14:47:44
FanDuel,player_points_rebounds,Devin Vassell,Under,15.5,-102,2026-02-11,2026-02-10T22:47:19Z,2026-02-10 14:47:44
FanDuel,player_points_rebounds,Jake LaRavia,Over,17.5,-125,2026-02-11,2026-02-10T22:47:19Z,2026-02-10 14:47:44
FanDuel,player_points_rebounds,Jake LaRavia,Under,17.5,-106,2026-02-11,2026-02-10T22:47:19Z,2026-02-10 14:47:44
FanDuel,player_points_rebounds,Julian Champagnie,Over,15.5,-110,2026-02-11,2026-02-10T22:47:19Z,2026-02-10 14:47:44
FanDuel,player_points_rebounds,Julian Champagnie,Under,15.5,-120,2026-02-11,2026-02-10T22:47:19Z,2026-02-10 14:47:44
FanDuel,player_points_rebounds,Desmond Bane,Over,22.5,-128,2026-02-12,2026-02-10T22:46:58Z,2026-02-10 14:47:44
FanDuel,player_points_rebounds,Desmond Bane,Under,22.5,-104,2026-02-12,2026-02-10T22:46:58Z,2026-02-10 14:47:44
FanDuel,player_points_rebounds,Kyle Kuzma,Over,16.5,-125,2026-02-12,2026-02-10T22:46:58Z,2026-02-10 14:47:44
FanDuel,player_points_rebounds,Kyle Kuzma,Under,16.5,-106,2026-02-12,2026-02-10T22:46:58Z,2026-02-10 14:47:44
FanDuel,player_points_rebounds,A.J. Green,Over,12.5,-130,2026-02-12,2026-02-10T22:46:58Z,2026-02-10 14:47:44
FanDuel,player_points_rebounds,A.J. Green,Under,12.5,-102,2026-02-12,2026-02-10T22:46:58Z,2026-02-10 14:47:44
FanDuel,player_points_rebounds,Bobby Portis,Over,18.5,-108,2026-02-12,2026-02-10T22:46:58Z,2026-02-10 14:47:44
FanDuel,player_points_rebounds,Bobby Portis,Under,18.5,-122,2026-02-12,2026-02-10T22:46:58Z,2026-02-10 14:47:44
FanDuel,player_points_rebounds,Paolo Banchero,Over,28.5,-122,2026-02-12,2026-02-10T22:46:58Z,2026-02-10 14:47:44
FanDuel,player_points_rebounds,Paolo Banchero,Under,28.5,-108,2026-02-12,2026-02-10T22:46:58Z,2026-02-10 14:47:44
FanDuel,player_points_rebounds,Myles Turner,Over,17.5,-108,2026-02-12,2026-02-10T22:46:58Z,2026-02-10 14:47:44
FanDuel,player_points_rebounds,Myles Turner,Under,17.5,-122,2026-02-12,2026-02-10T22:46:58Z,2026-02-10 14:47:44
FanDuel,player_points_rebounds,Anthony Black,Over,20.5,-118,2026-02-12,2026-02-10T22:46:58Z,2026-02-10 14:47:44
FanDuel,player_points_rebounds,Anthony Black,Under,20.5,-112,2026-02-12,2026-02-10T22:46:58Z,2026-02-10 14:47:44
FanDuel,player_points_rebounds,Jalen Suggs,Over,18.5,-112,2026-02-12,2026-02-10T22:46:58Z,2026-02-10 14:47:44
FanDuel,player_points_rebounds,Jalen Suggs,Under,18.5,-118,2026-02-12,2026-02-10T22:46:58Z,2026-02-10 14:47:44
FanDuel,player_points_rebounds,Kevin Porter Jr.,Over,23.5,-112,2026-02-12,2026-02-10T22:46:58Z,2026-02-10 14:47:44
FanDuel,player_points_rebounds,Kevin Porter Jr.,Under,23.5,-118,2026-02-12,2026-02-10T22:46:58Z,2026-02-10 14:47:44
FanDuel,player_points_rebounds,Franz Wagner,Over,17.5,-125,2026-02-12,2026-02-10T22:46:58Z,2026-02-10 14:47:44
FanDuel,player_points_rebounds,Franz Wagner,Under,17.5,-106,2026-02-12,2026-02-10T22:46:58Z,2026-02-10 14:47:44
FanDuel,player_points_rebounds,Ryan Rollins,Over,22.5,-110,2026-02-12,2026-02-10T22:46:58Z,2026-02-10 14:47:44
FanDuel,player_points_rebounds,Ryan Rollins,Under,22.5,-120,2026-02-12,2026-02-10T22:46:58Z,2026-02-10 14:47:44
FanDuel,player_points_rebounds,Wendell Carter Jr,Over,16.5,-102,2026-02-12,2026-02-10T22:46:58Z,2026-02-10 14:47:44
FanDuel,player_points_rebounds,Wendell Carter Jr,Under,16.5,-130,2026-02-12,2026-02-10T22:46:58Z,2026-02-10 14:47:44
FanDuel,player_points_rebounds,Jalen Williams,Over,23.5,-106,2026-02-12,2026-02-10T22:48:18Z,2026-02-10 14:47:44
FanDuel,player_points_rebounds,Jalen Williams,Under,23.5,-125,2026-02-12,2026-02-10T22:48:18Z,2026-02-10 14:47:44
FanDuel,player_points_rebounds,Chet Holmgren,Over,26.5,-122,2026-02-12,2026-02-10T22:48:18Z,2026-02-10 14:47:44
FanDuel,player_points_rebounds,Chet Holmgren,Under,26.5,-108,2026-02-12,2026-02-10T22:48:18Z,2026-02-10 14:47:44
FanDuel,player_points_rebounds,Isaiah Hartenstein,Over,17.5,-130,2026-02-12,2026-02-10T22:48:18Z,2026-02-10 14:47:44
FanDuel,player_points_rebounds,Isaiah Hartenstein,Under,17.5,-102,2026-02-12,2026-02-10T22:48:18Z,2026-02-10 14:47:44
FanDuel,player_points_rebounds,Cason Wallace,Over,12.5,-110,2026-02-12,2026-02-10T22:48:18Z,2026-02-10 14:47:44
FanDuel,player_points_rebounds,Cason Wallace,Under,12.5,-120,2026-02-12,2026-02-10T22:48:18Z,2026-02-10 14:47:44
FanDuel,player_points_rebounds,Luguentz Dort,Over,12.5,-130,2026-02-12,2026-02-10T22:48:18Z,2026-02-10 14:47:44
FanDuel,player_points_rebounds,Luguentz Dort,Under,12.5,-102,2026-02-12,2026-02-10T22:48:18Z,2026-02-10 14:47:44
DraftKings,player_points_rebounds,Karl-Anthony Towns,Over,32.5,-123,2026-02-11,2026-02-10T22:46:45Z,2026-02-10 14:47:44
DraftKings,player_points_rebounds,Karl-Anthony Towns,Under,32.5,-107,2026-02-11,2026-02-10T22:46:45Z,2026-02-10 14:47:44
DraftKings,player_points_rebounds,Jalen Brunson,Over,30.5,-111,2026-02-11,2026-02-10T22:46:45Z,2026-02-10 14:47:44
DraftKings,player_points_rebounds,Jalen Brunson,Under,30.5,-118,2026-02-11,2026-02-10T22:46:45Z,2026-02-10 14:47:44
DraftKings,player_points_rebounds,Pascal Siakam,Over,28.5,-121,2026-02-11,2026-02-10T22:46:45Z,2026-02-10 14:47:44
DraftKings,player_points_rebounds,Pascal Siakam,Under,28.5,-109,2026-02-11,2026-02-10T22:46:45Z,2026-02-10 14:47:44
DraftKings,player_points_rebounds,Josh Hart,Over,21.5,-115,2026-02-11,2026-02-10T22:46:45Z,2026-02-10 14:47:44
DraftKings,player_points_rebounds,Josh Hart,Under,21.5,-114,2026-02-11,2026-02-10T22:46:45Z,2026-02-10 14:47:44
DraftKings,player_points_rebounds,OG Anunoby,Over,20.5,-128,2026-02-11,2026-02-10T22:46:45Z,2026-02-10 14:47:44
DraftKings,player_points_rebounds,OG Anunoby,Under,20.5,-103,2026-02-11,2026-02-10T22:46:45Z,2026-02-10 14:47:44
DraftKings,player_points_rebounds,Mikal Bridges,Over,20.5,-103,2026-02-11,2026-02-10T22:46:45Z,2026-02-10 14:47:44
DraftKings,player_points_rebounds,Mikal Bridges,Under,20.5,-127,2026-02-11,2026-02-10T22:46:45Z,2026-02-10 14:47:44
DraftKings,player_points_rebounds,Andrew Nembhard,Over,19.5,-122,2026-02-11,2026-02-10T22:46:45Z,2026-02-10 14:47:44
DraftKings,player_points_rebounds,Andrew Nembhard,Under,19.5,-107,2026-02-11,2026-02-10T22:46:45Z,2026-02-10 14:47:44
DraftKings,player_points_rebounds,Aaron Nesmith,Over,17.5,-119,2026-02-11,2026-02-10T22:46:45Z,2026-02-10 14:47:44
DraftKings,player_points_rebounds,Aaron Nesmith,Under,17.5,-111,2026-02-11,2026-02-10T22:46:45Z,2026-02-10 14:47:44
DraftKings,player_points_rebounds,Jay Huff,Over,14.5,-130,2026-02-11,2026-02-10T22:46:45Z,2026-02-10 14:47:44
DraftKings,player_points_rebounds,Jay Huff,Under,14.5,-102,2026-02-11,2026-02-10T22:46:45Z,2026-02-10 14:47:44
DraftKings,player_points_rebounds,Ben Sheppard,Over,12.5,-104,2026-02-11,2026-02-10T22:46:45Z,2026-02-10 14:47:44
DraftKings,player_points_rebounds,Ben Sheppard,Under,12.5,-126,2026-02-11,2026-02-10T22:46:45Z,2026-02-10 14:47:44
DraftKings,player_points_rebounds,Kawhi Leonard,Over,34.5,-110,2026-02-11,2026-02-10T22:47:10Z,2026-02-10 14:47:44
DraftKings,player_points_rebounds,Kawhi Leonard,Under,34.5,-120,2026-02-11,2026-02-10T22:47:10Z,2026-02-10 14:47:44
DraftKings,player_points_rebounds,Kevin Durant,Over,29.5,-113,2026-02-11,2026-02-10T22:47:10Z,2026-02-10 14:47:44
DraftKings,player_points_rebounds,Kevin Durant,Under,29.5,-117,2026-02-11,2026-02-10T22:47:10Z,2026-02-10 14:47:44
DraftKings,player_points_rebounds,Alperen Sengun,Over,28.5,-124,2026-02-11,2026-02-10T22:47:10Z,2026-02-10 14:47:44
DraftKings,player_points_rebounds,Alperen Sengun,Under,28.5,-106,2026-02-11,2026-02-10T22:47:10Z,2026-02-10 14:47:44
DraftKings,player_points_rebounds,Amen Thompson,Over,22.5,-119,2026-02-11,2026-02-10T22:47:10Z,2026-02-10 14:47:44
DraftKings,player_points_rebounds,Amen Thompson,Under,22.5,-111,2026-02-11,2026-02-10T22:47:10Z,2026-02-10 14:47:44
DraftKings,player_points_rebounds,Jabari Smith Jr,Over,20.5,-120,2026-02-11,2026-02-10T22:47:10Z,2026-02-10 14:47:44
DraftKings,player_points_rebounds,Jabari Smith Jr,Under,20.5,-109,2026-02-11,2026-02-10T22:47:10Z,2026-02-10 14:47:44
DraftKings,player_points_rebounds,Tari Eason,Over,20.5,-105,2026-02-11,2026-02-10T22:47:10Z,2026-02-10 14:47:44
DraftKings,player_points_rebounds,Tari Eason,Under,20.5,-126,2026-02-11,2026-02-10T22:47:10Z,2026-02-10 14:47:44
DraftKings,player_points_rebounds,John Collins,Over,18.5,-118,2026-02-11,2026-02-10T22:47:10Z,2026-02-10 14:47:44
DraftKings,player_points_rebounds,John Collins,Under,18.5,-112,2026-02-11,2026-02-10T22:47:10Z,2026-02-10 14:47:44
DraftKings,player_points_rebounds,Brook Lopez,Over,12.5,-110,2026-02-11,2026-02-10T22:47:10Z,2026-02-10 14:47:44
DraftKings,player_points_rebounds,Brook Lopez,Under,12.5,-120,2026-02-11,2026-02-10T22:47:10Z,2026-02-10 14:47:44
DraftKings,player_points_rebounds,Reed Sheppard,Over,12.5,-105,2026-02-11,2026-02-10T22:47:10Z,2026-02-10 14:47:44
DraftKings,player_points_rebounds,Reed Sheppard,Under,12.5,-125,2026-02-11,2026-02-10T22:47:10Z,2026-02-10 14:47:44
DraftKings,player_points_rebounds,Derrick Jones,Over,11.5,-106,2026-02-11,2026-02-10T22:47:10Z,2026-02-10 14:47:44
DraftKings,player_points_rebounds,Derrick Jones,Under,11.5,-124,2026-02-11,2026-02-10T22:47:10Z,2026-02-10 14:47:44
DraftKings,player_points_rebounds,Kris Dunn,Over,10.5,-111,2026-02-11,2026-02-10T22:47:10Z,2026-02-10 14:47:44
DraftKings,player_points_rebounds,Kris Dunn,Under,10.5,-119,2026-02-11,2026-02-10T22:47:10Z,2026-02-10 14:47:44
DraftKings,player_points_rebounds,Cooper Flagg,Over,29.5,-124,2026-02-11,2026-02-10T22:47:24Z,2026-02-10 14:47:44
DraftKings,player_points_rebounds,Cooper Flagg,Under,29.5,-106,2026-02-11,2026-02-10T22:47:24Z,2026-02-10 14:47:44
DraftKings,player_points_rebounds,Devin Booker,Over,28.5,-123,2026-02-11,2026-02-10T22:47:24Z,2026-02-10 14:47:44
DraftKings,player_points_rebounds,Devin Booker,Under,28.5,-107,2026-02-11,2026-02-10T22:47:24Z,2026-02-10 14:47:44
DraftKings,player_points_rebounds,Dillon Brooks,Over,24.5,-120,2026-02-11,2026-02-10T22:47:24Z,2026-02-10 14:47:44
DraftKings,player_points_rebounds,Dillon Brooks,Under,24.5,-109,2026-02-11,2026-02-10T22:47:24Z,2026-02-10 14:47:44
DraftKings,player_points_rebounds,Mark Williams,Over,21.5,-117,2026-02-11,2026-02-10T22:47:24Z,2026-02-10 14:47:44
DraftKings,player_points_rebounds,Mark Williams,Under,21.5,-112,2026-02-11,2026-02-10T22:47:24Z,2026-02-10 14:47:44
DraftKings,player_points_rebounds,Naji Marshall,Over,20.5,-112,2026-02-11,2026-02-10T22:47:24Z,2026-02-10 14:47:44
DraftKings,player_points_rebounds,Naji Marshall,Under,20.5,-118,2026-02-11,2026-02-10T22:47:24Z,2026-02-10 14:47:44
DraftKings,player_points_rebounds,P.J. Washington,Over,17.5,-105,2026-02-11,2026-02-10T22:47:24Z,2026-02-10 14:47:44
DraftKings,player_points_rebounds,P.J. Washington,Under,17.5,-126,2026-02-11,2026-02-10T22:47:24Z,2026-02-10 14:47:44
DraftKings,player_points_rebounds,Collin Gillespie,Over,16.5,-122,2026-02-11,2026-02-10T22:47:24Z,2026-02-10 14:47:44
DraftKings,player_points_rebounds,Collin Gillespie,Under,16.5,-107,2026-02-11,2026-02-10T22:47:24Z,2026-02-10 14:47:44
DraftKings,player_points_rebounds,Max Christie,Over,16.5,-109,2026-02-11,2026-02-10T22:47:24Z,2026-02-10 14:47:44
DraftKings,player_points_rebounds,Max Christie,Under,16.5,-120,2026-02-11,2026-02-10T22:47:24Z,2026-02-10 14:47:44
DraftKings,player_points_rebounds,Daniel Gafford,Over,16.5,100,2026-02-11,2026-02-10T22:47:24Z,2026-02-10 14:47:44
DraftKings,player_points_rebounds,Daniel Gafford,Under,16.5,-132,2026-02-11,2026-02-10T22:47:24Z,2026-02-10 14:47:44
DraftKings,player_points_rebounds,Royce O'Neale,Over,15.5,-109,2026-02-11,2026-02-10T22:47:24Z,2026-02-10 14:47:44
DraftKings,player_points_rebounds,Royce O'Neale,Under,15.5,-121,2026-02-11,2026-02-10T22:47:24Z,2026-02-10 14:47:44
DraftKings,player_points_rebounds,Jordan Goodwin,Over,13.5,-125,2026-02-11,2026-02-10T22:47:24Z,2026-02-10 14:47:44
DraftKings,player_points_rebounds,Jordan Goodwin,Under,13.5,-105,2026-02-11,2026-02-10T22:47:24Z,2026-02-10 14:47:44
DraftKings,player_points_rebounds,Oso Ighodaro,Over,10.5,-102,2026-02-11,2026-02-10T22:47:24Z,2026-02-10 14:47:44
DraftKings,player_points_rebounds,Oso Ighodaro,Under,10.5,-129,2026-02-11,2026-02-10T22:47:24Z,2026-02-10 14:47:44
DraftKings,player_points_rebounds,Caleb Martin,Over,8.5,-131,2026-02-11,2026-02-10T22:47:24Z,2026-02-10 14:47:44
DraftKings,player_points_rebounds,Caleb Martin,Under,8.5,-101,2026-02-11,2026-02-10T22:47:24Z,2026-02-10 14:47:44
DraftKings,player_points_rebounds,Victor Wembanyama,Over,34.5,-113,2026-02-11,2026-02-10T22:47:41Z,2026-02-10 14:47:44
DraftKings,player_points_rebounds,Victor Wembanyama,Under,34.5,-117,2026-02-11,2026-02-10T22:47:41Z,2026-02-10 14:47:44
DraftKings,player_points_rebounds,Stephon Castle,Over,22.5,-105,2026-02-11,2026-02-10T22:47:41Z,2026-02-10 14:47:44
DraftKings,player_points_rebounds,Stephon Castle,Under,22.5,-126,2026-02-11,2026-02-10T22:47:41Z,2026-02-10 14:47:44
DraftKings,player_points_rebounds,De'Aaron Fox,Over,20.5,-121,2026-02-11,2026-02-10T22:47:41Z,2026-02-10 14:47:44
DraftKings,player_points_rebounds,De'Aaron Fox,Under,20.5,-108,2026-02-11,2026-02-10T22:47:41Z,2026-02-10 14:47:44
DraftKings,player_points_rebounds,Rui Hachimura,Over,20.5,-105,2026-02-11,2026-02-10T22:47:41Z,2026-02-10 14:47:44
DraftKings,player_points_rebounds,Rui Hachimura,Under,20.5,-125,2026-02-11,2026-02-10T22:47:41Z,2026-02-10 14:47:44
DraftKings,player_points_rebounds,Jake LaRavia,Over,17.5,-118,2026-02-11,2026-02-10T22:47:41Z,2026-02-10 14:47:44
DraftKings,player_points_rebounds,Jake LaRavia,Under,17.5,-111,2026-02-11,2026-02-10T22:47:41Z,2026-02-10 14:47:44
DraftKings,player_points_rebounds,Devin Vassell,Over,16.5,-103,2026-02-11,2026-02-10T22:47:41Z,2026-02-10 14:47:44
DraftKings,player_points_rebounds,Devin Vassell,Under,16.5,-127,2026-02-11,2026-02-10T22:47:41Z,2026-02-10 14:47:44
DraftKings,player_points_rebounds,Julian Champagnie,Over,14.5,-127,2026-02-11,2026-02-10T22:47:41Z,2026-02-10 14:47:44
DraftKings,player_points_rebounds,Julian Champagnie,Under,14.5,-103,2026-02-11,2026-02-10T22:47:41Z,2026-02-10 14:47:44
DraftKings,player_points_rebounds,Dylan Harper,Over,13.5,-121,2026-02-11,2026-02-10T22:47:41Z,2026-02-10 14:47:44
DraftKings,player_points_rebounds,Dylan Harper,Under,13.5,-109,2026-02-11,2026-02-10T22:47:41Z,2026-02-10 14:47:44
DraftKings,player_points_rebounds,Jaxson Hayes,Over,11.5,-120,2026-02-11,2026-02-10T22:47:41Z,2026-02-10 14:47:44
DraftKings,player_points_rebounds,Jaxson Hayes,Under,11.5,-110,2026-02-11,2026-02-10T22:47:41Z,2026-02-10 14:47:44
DraftKings,player_points_rebounds,Harrison Barnes,Over,10.5,-111,2026-02-11,2026-02-10T22:47:41Z,2026-02-10 14:47:44
DraftKings,player_points_rebounds,Harrison Barnes,Under,10.5,-119,2026-02-11,2026-02-10T22:47:41Z,2026-02-10 14:47:44
BetMGM,player_points_rebounds,OG Anunoby,Over,21.5,-120,2026-02-11,2026-02-10T22:47:05Z,2026-02-10 14:47:44
BetMGM,player_points_rebounds,OG Anunoby,Under,21.5,-110,2026-02-11,2026-02-10T22:47:05Z,2026-02-10 14:47:44
BetMGM,player_points_rebounds,Josh Hart,Over,21.5,-110,2026-02-11,2026-02-10T22:47:05Z,2026-02-10 14:47:44
BetMGM,player_points_rebounds,Josh Hart,Under,21.5,-120,2026-02-11,2026-02-10T22:47:05Z,2026-02-10 14:47:44
BetMGM,player_points_rebounds,Karl-Anthony Towns,Over,32.5,-150,2026-02-11,2026-02-10T22:47:05Z,2026-02-10 14:47:44
BetMGM,player_points_rebounds,Karl-Anthony Towns,Under,32.5,110,2026-02-11,2026-02-10T22:47:05Z,2026-02-10 14:47:44
BetMGM,player_points_rebounds,Mikal Bridges,Over,19.5,-125,2026-02-11,2026-02-10T22:47:05Z,2026-02-10 14:47:44
BetMGM,player_points_rebounds,Mikal Bridges,Under,19.5,-105,2026-02-11,2026-02-10T22:47:05Z,2026-02-10 14:47:44
BetMGM,player_points_rebounds,Jalen Brunson,Over,29.5,-125,2026-02-11,2026-02-10T22:47:05Z,2026-02-10 14:47:44
BetMGM,player_points_rebounds,Jalen Brunson,Under,29.5,-110,2026-02-11,2026-02-10T22:47:05Z,2026-02-10 14:47:44
BetMGM,player_points_rebounds,Aaron Nesmith,Over,19.5,-110,2026-02-11,2026-02-10T22:47:05Z,2026-02-10 14:47:44
BetMGM,player_points_rebounds,Aaron Nesmith,Under,19.5,-120,2026-02-11,2026-02-10T22:47:05Z,2026-02-10 14:47:44
BetMGM,player_points_rebounds,Andrew Nembhard,Over,21.5,-110,2026-02-11,2026-02-10T22:47:05Z,2026-02-10 14:47:44
BetMGM,player_points_rebounds,Andrew Nembhard,Under,21.5,-118,2026-02-11,2026-02-10T22:47:05Z,2026-02-10 14:47:44
BetMGM,player_points_rebounds,Jay Huff,Over,15.5,100,2026-02-11,2026-02-10T22:47:05Z,2026-02-10 14:47:44
BetMGM,player_points_rebounds,Jay Huff,Under,15.5,-130,2026-02-11,2026-02-10T22:47:05Z,2026-02-10 14:47:44
BetMGM,player_points_rebounds,Pascal Siakam,Over,30.5,-120,2026-02-11,2026-02-10T22:47:05Z,2026-02-10 14:47:44
BetMGM,player_points_rebounds,Pascal Siakam,Under,30.5,-110,2026-02-11,2026-02-10T22:47:05Z,2026-02-10 14:47:44
BetMGM,player_points_rebounds,Ben Sheppard,Over,11.5,-130,2026-02-11,2026-02-10T22:47:05Z,2026-02-10 14:47:44
BetMGM,player_points_rebounds,Ben Sheppard,Under,11.5,-105,2026-02-11,2026-02-10T22:47:05Z,2026-02-10 14:47:44
BetMGM,player_points_rebounds,Brook Lopez,Over,12.5,-110,2026-02-11,2026-02-10T22:47:09Z,2026-02-10 14:47:44
BetMGM,player_points_rebounds,Brook Lopez,Under,12.5,-120,2026-02-11,2026-02-10T22:47:09Z,2026-02-10 14:47:44
BetMGM,player_points_rebounds,Amen Thompson,Over,22.5,-115,2026-02-11,2026-02-10T22:47:09Z,2026-02-10 14:47:44
BetMGM,player_points_rebounds,Amen Thompson,Under,22.5,-115,2026-02-11,2026-02-10T22:47:09Z,2026-02-10 14:47:44
BetMGM,player_points_rebounds,Tari Eason,Over,19.5,-115,2026-02-11,2026-02-10T22:47:09Z,2026-02-10 14:47:44
BetMGM,player_points_rebounds,Tari Eason,Under,19.5,-115,2026-02-11,2026-02-10T22:47:09Z,2026-02-10 14:47:44
BetMGM,player_points_rebounds,Derrick Jones,Over,10.5,-125,2026-02-11,2026-02-10T22:47:09Z,2026-02-10 14:47:44
BetMGM,player_points_rebounds,Derrick Jones,Under,10.5,-105,2026-02-11,2026-02-10T22:47:09Z,2026-02-10 14:47:44
BetMGM,player_points_rebounds,Jabari Smith Jr,Over,20.5,-105,2026-02-11,2026-02-10T22:47:09Z,2026-02-10 14:47:44
BetMGM,player_points_rebounds,Jabari Smith Jr,Under,20.5,-125,2026-02-11,2026-02-10T22:47:09Z,2026-02-10 14:47:44
BetMGM,player_points_rebounds,Kris Dunn,Over,9.5,-130,2026-02-11,2026-02-10T22:47:09Z,2026-02-10 14:47:44
BetMGM,player_points_rebounds,Kris Dunn,Under,9.5,100,2026-02-11,2026-02-10T22:47:09Z,2026-02-10 14:47:44
BetMGM,player_points_rebounds,Kevin Durant,Over,28.5,-118,2026-02-11,2026-02-10T22:47:09Z,2026-02-10 14:47:44
BetMGM,player_points_rebounds,Kevin Durant,Under,28.5,-115,2026-02-11,2026-02-10T22:47:09Z,2026-02-10 14:47:44
BetMGM,player_points_rebounds,John Collins,Over,18.5,-135,2026-02-11,2026-02-10T22:47:09Z,2026-02-10 14:47:44
BetMGM,player_points_rebounds,John Collins,Under,18.5,100,2026-02-11,2026-02-10T22:47:09Z,2026-02-10 14:47:44
BetMGM,player_points_rebounds,Kawhi Leonard,Over,34.5,-110,2026-02-11,2026-02-10T22:47:09Z,2026-02-10 14:47:44
BetMGM,player_points_rebounds,Kawhi Leonard,Under,34.5,-120,2026-02-11,2026-02-10T22:47:09Z,2026-02-10 14:47:44
BetMGM,player_points_rebounds,Alperen Sengun,Over,28.5,-120,2026-02-11,2026-02-10T22:47:09Z,2026-02-10 14:47:44
BetMGM,player_points_rebounds,Alperen Sengun,Under,28.5,-110,2026-02-11,2026-02-10T22:47:09Z,2026-02-10 14:47:44
BetMGM,player_points_rebounds,Max Christie,Over,16.5,100,2026-02-11,2026-02-10T22:47:49Z,2026-02-10 14:47:44
BetMGM,player_points_rebounds,Max Christie,Under,16.5,-135,2026-02-11,2026-02-10T22:47:49Z,2026-02-10 14:47:44
BetMGM,player_points_rebounds,Naji Marshall,Over,20.5,-110,2026-02-11,2026-02-10T22:47:49Z,2026-02-10 14:47:44
BetMGM,player_points_rebounds,Naji Marshall,Under,20.5,-120,2026-02-11,2026-02-10T22:47:49Z,2026-02-10 14:47:44
BetMGM,player_points_rebounds,Royce O'Neale,Over,14.5,-135,2026-02-11,2026-02-10T22:47:49Z,2026-02-10 14:47:44
BetMGM,player_points_rebounds,Royce O'Neale,Under,14.5,100,2026-02-11,2026-02-10T22:47:49Z,2026-02-10 14:47:44
BetMGM,player_points_rebounds,Collin Gillespie,Over,16.5,-115,2026-02-11,2026-02-10T22:47:49Z,2026-02-10 14:47:44
BetMGM,player_points_rebounds,Collin Gillespie,Under,16.5,-115,2026-02-11,2026-02-10T22:47:49Z,2026-02-10 14:47:44
BetMGM,player_points_rebounds,Devin Booker,Over,28.5,-110,2026-02-11,2026-02-10T22:47:49Z,2026-02-10 14:47:44
BetMGM,player_points_rebounds,Devin Booker,Under,28.5,-118,2026-02-11,2026-02-10T22:47:49Z,2026-02-10 14:47:44
BetMGM,player_points_rebounds,Cooper Flagg,Over,28.5,-120,2026-02-11,2026-02-10T22:47:49Z,2026-02-10 14:47:44
BetMGM,player_points_rebounds,Cooper Flagg,Under,28.5,-110,2026-02-11,2026-02-10T22:47:49Z,2026-02-10 14:47:44
BetMGM,player_points_rebounds,Dillon Brooks,Over,24.5,-120,2026-02-11,2026-02-10T22:47:49Z,2026-02-10 14:47:44
BetMGM,player_points_rebounds,Dillon Brooks,Under,24.5,-110,2026-02-11,2026-02-10T22:47:49Z,2026-02-10 14:47:44
BetMGM,player_points_rebounds,Mark Williams,Over,21.5,-130,2026-02-11,2026-02-10T22:47:49Z,2026-02-10 14:47:44
BetMGM,player_points_rebounds,Mark Williams,Under,21.5,-105,2026-02-11,2026-02-10T22:47:49Z,2026-02-10 14:47:44
BetMGM,player_points_rebounds,Caleb Martin,Over,8.5,-118,2026-02-11,2026-02-10T22:47:49Z,2026-02-10 14:47:44
BetMGM,player_points_rebounds,Caleb Martin,Under,8.5,-110,2026-02-11,2026-02-10T22:47:49Z,2026-02-10 14:47:44
BetMGM,player_points_rebounds,Daniel Gafford,Over,15.5,-110,2026-02-11,2026-02-10T22:47:49Z,2026-02-10 14:47:44
BetMGM,player_points_rebounds,Daniel Gafford,Under,15.5,-118,2026-02-11,2026-02-10T22:47:49Z,2026-02-10 14:47:44
BetMGM,player_points_rebounds,De'Aaron Fox,Over,19.5,-130,2026-02-11,2026-02-10T22:47:20Z,2026-02-10 14:47:44
BetMGM,player_points_rebounds,De'Aaron Fox,Under,19.5,-105,2026-02-11,2026-02-10T22:47:20Z,2026-02-10 14:47:44
BetMGM,player_points_rebounds,Stephon Castle,Over,21.5,-125,2026-02-11,2026-02-10T22:47:20Z,2026-02-10 14:47:44
BetMGM,player_points_rebounds,Stephon Castle,Under,21.5,-105,2026-02-11,2026-02-10T22:47:20Z,2026-02-10 14:47:44
BetMGM,player_points_rebounds,Devin Vassell,Over,16.5,-105,2026-02-11,2026-02-10T22:47:20Z,2026-02-10 14:47:44
BetMGM,player_points_rebounds,Devin Vassell,Under,16.5,-130,2026-02-11,2026-02-10T22:47:20Z,2026-02-10 14:47:44
BetMGM,player_points_rebounds,Victor Wembanyama,Over,33.5,-125,2026-02-11,2026-02-10T22:47:20Z,2026-02-10 14:47:44
BetMGM,player_points_rebounds,Victor Wembanyama,Under,33.5,-105,2026-02-11,2026-02-10T22:47:20Z,2026-02-10 14:47:44
BetMGM,player_points_rebounds,Julian Champagnie,Over,13.5,-120,2026-02-11,2026-02-10T22:47:20Z,2026-02-10 14:47:44
BetMGM,player_points_rebounds,Julian Champagnie,Under,13.5,-110,2026-02-11,2026-02-10T22:47:20Z,2026-02-10 14:47:44
BetMGM,player_points_rebounds,Deandre Ayton,Over,20.5,-125,2026-02-11,2026-02-10T22:47:20Z,2026-02-10 14:47:44
BetMGM,player_points_rebounds,Deandre Ayton,Under,20.5,-110,2026-02-11,2026-02-10T22:47:20Z,2026-02-10 14:47:44
BetMGM,player_points_rebounds,Rui Hachimura,Over,20.5,-110,2026-02-11,2026-02-10T22:47:20Z,2026-02-10 14:47:44
BetMGM,player_points_rebounds,Rui Hachimura,Under,20.5,-120,2026-02-11,2026-02-10T22:47:20Z,2026-02-10 14:47:44
BetMGM,player_points_rebounds,Jarred Vanderbilt,Over,14.5,-120,2026-02-11,2026-02-10T22:47:20Z,2026-02-10 14:47:44
BetMGM,player_points_rebounds,Jarred Vanderbilt,Under,14.5,-110,2026-02-11,2026-02-10T22:47:20Z,2026-02-10 14:47:44
BetMGM,player_points_rebounds,Jake LaRavia,Over,17.5,-110,2026-02-11,2026-02-10T22:47:20Z,2026-02-10 14:47:44
BetMGM,player_points_rebounds,Jake LaRavia,Under,17.5,-120,2026-02-11,2026-02-10T22:47:20Z,2026-02-10 14:47:44
Bovada,player_points_rebounds,Aaron Nesmith,Over,16.5,-145,2026-02-11,2026-02-10T22:47:30Z,2026-02-10 14:47:44
Bovada,player_points_rebounds,Aaron Nesmith,Under,16.5,110,2026-02-11,2026-02-10T22:47:30Z,2026-02-10 14:47:44
Bovada,player_points_rebounds,Aaron Nesmith,Over,17.5,-115,2026-02-11,2026-02-10T22:47:30Z,2026-02-10 14:47:44
Bovada,player_points_rebounds,Aaron Nesmith,Under,17.5,-115,2026-02-11,2026-02-10T22:47:30Z,2026-02-10 14:47:44
Bovada,player_points_rebounds,Aaron Nesmith,Over,18.5,110,2026-02-11,2026-02-10T22:47:30Z,2026-02-10 14:47:44
Bovada,player_points_rebounds,Aaron Nesmith,Under,18.5,-145,2026-02-11,2026-02-10T22:47:30Z,2026-02-10 14:47:44
Bovada,player_points_rebounds,Andrew Nembhard,Over,18.5,-150,2026-02-11,2026-02-10T22:47:30Z,2026-02-10 14:47:44
Bovada,player_points_rebounds,Andrew Nembhard,Under,18.5,115,2026-02-11,2026-02-10T22:47:30Z,2026-02-10 14:47:44
Bovada,player_points_rebounds,Andrew Nembhard,Over,19.5,-120,2026-02-11,2026-02-10T22:47:30Z,2026-02-10 14:47:44
Bovada,player_points_rebounds,Andrew Nembhard,Under,19.5,-110,2026-02-11,2026-02-10T22:47:30Z,2026-02-10 14:47:44
Bovada,player_points_rebounds,Andrew Nembhard,Over,20.5,105,2026-02-11,2026-02-10T22:47:30Z,2026-02-10 14:47:44
Bovada,player_points_rebounds,Andrew Nembhard,Under,20.5,-135,2026-02-11,2026-02-10T22:47:30Z,2026-02-10 14:47:44
Bovada,player_points_rebounds,Jalen Brunson,Over,28.5,-160,2026-02-11,2026-02-10T22:47:30Z,2026-02-10 14:47:44
Bovada,player_points_rebounds,Jalen Brunson,Under,28.5,120,2026-02-11,2026-02-10T22:47:30Z,2026-02-10 14:47:44
Bovada,player_points_rebounds,Jalen Brunson,Over,29.5,-130,2026-02-11,2026-02-10T22:47:30Z,2026-02-10 14:47:44
Bovada,player_points_rebounds,Jalen Brunson,Under,29.5,100,2026-02-11,2026-02-10T22:47:30Z,2026-02-10 14:47:44
Bovada,player_points_rebounds,Jalen Brunson,Over,30.5,-110,2026-02-11,2026-02-10T22:47:30Z,2026-02-10 14:47:44
Bovada,player_points_rebounds,Jalen Brunson,Under,30.5,-120,2026-02-11,2026-02-10T22:47:30Z,2026-02-10 14:47:44
Bovada,player_points_rebounds,Jarace Walker,Over,17.5,-145,2026-02-11,2026-02-10T22:47:30Z,2026-02-10 14:47:44
Bovada,player_points_rebounds,Jarace Walker,Under,17.5,110,2026-02-11,2026-02-10T22:47:30Z,2026-02-10 14:47:44
Bovada,player_points_rebounds,Jarace Walker,Over,18.5,-115,2026-02-11,2026-02-10T22:47:30Z,2026-02-10 14:47:44
Bovada,player_points_rebounds,Jarace Walker,Under,18.5,-115,2026-02-11,2026-02-10T22:47:30Z,2026-02-10 14:47:44
Bovada,player_points_rebounds,Jarace Walker,Over,19.5,110,2026-02-11,2026-02-10T22:47:30Z,2026-02-10 14:47:44
Bovada,player_points_rebounds,Jarace Walker,Under,19.5,-145,2026-02-11,2026-02-10T22:47:30Z,2026-02-10 14:47:44
Bovada,player_points_rebounds,Jay Huff,Over,13.5,-160,2026-02-11,2026-02-10T22:47:30Z,2026-02-10 14:47:44
Bovada,player_points_rebounds,Jay Huff,Under,13.5,120,2026-02-11,2026-02-10T22:47:30Z,2026-02-10 14:47:44
Bovada,player_points_rebounds,Jay Huff,Over,14.5,-120,2026-02-11,2026-02-10T22:47:30Z,2026-02-10 14:47:44
Bovada,player_points_rebounds,Jay Huff,Under,14.5,-110,2026-02-11,2026-02-10T22:47:30Z,2026-02-10 14:47:44
Bovada,player_points_rebounds,Jay Huff,Over,15.5,110,2026-02-11,2026-02-10T22:47:30Z,2026-02-10 14:47:44
Bovada,player_points_rebounds,Jay Huff,Under,15.5,-145,2026-02-11,2026-02-10T22:47:30Z,2026-02-10 14:47:44
Bovada,player_points_rebounds,Josh Hart,Over,19.5,-170,2026-02-11,2026-02-10T22:47:30Z,2026-02-10 14:47:44
Bovada,player_points_rebounds,Josh Hart,Under,19.5,130,2026-02-11,2026-02-10T22:47:30Z,2026-02-10 14:47:44
Bovada,player_points_rebounds,Josh Hart,Over,20.5,-135,2026-02-11,2026-02-10T22:47:30Z,2026-02-10 14:47:44
Bovada,player_points_rebounds,Josh Hart,Under,20.5,105,2026-02-11,2026-02-10T22:47:30Z,2026-02-10 14:47:44
Bovada,player_points_rebounds,Josh Hart,Over,21.5,-110,2026-02-11,2026-02-10T22:47:30Z,2026-02-10 14:47:44
Bovada,player_points_rebounds,Josh Hart,Under,21.5,-120,2026-02-11,2026-02-10T22:47:30Z,2026-02-10 14:47:44
Bovada,player_points_rebounds,Karl-Anthony Towns,Over,31.5,-160,2026-02-11,2026-02-10T22:47:30Z,2026-02-10 14:47:44
Bovada,player_points_rebounds,Karl-Anthony Towns,Under,31.5,120,2026-02-11,2026-02-10T22:47:30Z,2026-02-10 14:47:44
Bovada,player_points_rebounds,Karl-Anthony Towns,Over,32.5,-130,2026-02-11,2026-02-10T22:47:30Z,2026-02-10 14:47:44
Bovada,player_points_rebounds,Karl-Anthony Towns,Under,32.5,100,2026-02-11,2026-02-10T22:47:30Z,2026-02-10 14:47:44
Bovada,player_points_rebounds,Karl-Anthony Towns,Over,33.5,-110,2026-02-11,2026-02-10T22:47:30Z,2026-02-10 14:47:44
Bovada,player_points_rebounds,Karl-Anthony Towns,Under,33.5,-120,2026-02-11,2026-02-10T22:47:30Z,2026-02-10 14:47:44
Bovada,player_points_rebounds,Mikal Bridges,Over,17.5,-170,2026-02-11,2026-02-10T22:47:30Z,2026-02-10 14:47:44
Bovada,player_points_rebounds,Mikal Bridges,Under,17.5,130,2026-02-11,2026-02-10T22:47:30Z,2026-02-10 14:47:44
Bovada,player_points_rebounds,Mikal Bridges,Over,18.5,-130,2026-02-11,2026-02-10T22:47:30Z,2026-02-10 14:47:44
Bovada,player_points_rebounds,Mikal Bridges,Under,18.5,100,2026-02-11,2026-02-10T22:47:30Z,2026-02-10 14:47:44
Bovada,player_points_rebounds,Mikal Bridges,Over,19.5,-105,2026-02-11,2026-02-10T22:47:30Z,2026-02-10 14:47:44
Bovada,player_points_rebounds,Mikal Bridges,Under,19.5,-125,2026-02-11,2026-02-10T22:47:30Z,2026-02-10 14:47:44
Bovada,player_points_rebounds,OG Anunoby,Over,19.5,-170,2026-02-11,2026-02-10T22:47:30Z,2026-02-10 14:47:44
Bovada,player_points_rebounds,OG Anunoby,Under,19.5,130,2026-02-11,2026-02-10T22:47:30Z,2026-02-10 14:47:44
Bovada,player_points_rebounds,OG Anunoby,Over,20.5,-135,2026-02-11,2026-02-10T22:47:30Z,2026-02-10 14:47:44
Bovada,player_points_rebounds,OG Anunoby,Under,20.5,105,2026-02-11,2026-02-10T22:47:30Z,2026-02-10 14:47:44
Bovada,player_points_rebounds,OG Anunoby,Over,21.5,-110,2026-02-11,2026-02-10T22:47:30Z,2026-02-10 14:47:44
Bovada,player_points_rebounds,OG Anunoby,Under,21.5,-120,2026-02-11,2026-02-10T22:47:30Z,2026-02-10 14:47:44
Bovada,player_points_rebounds,Pascal Siakam,Over,27.5,-145,2026-02-11,2026-02-10T22:47:30Z,2026-02-10 14:47:44
Bovada,player_points_rebounds,Pascal Siakam,Under,27.5,110,2026-02-11,2026-02-10T22:47:30Z,2026-02-10 14:47:44
Bovada,player_points_rebounds,Pascal Siakam,Over,28.5,-120,2026-02-11,2026-02-10T22:47:30Z,2026-02-10 14:47:44
Bovada,player_points_rebounds,Pascal Siakam,Under,28.5,-110,2026-02-11,2026-02-10T22:47:30Z,2026-02-10 14:47:44
Bovada,player_points_rebounds,Pascal Siakam,Over,29.5,100,2026-02-11,2026-02-10T22:47:30Z,2026-02-10 14:47:44
Bovada,player_points_rebounds,Pascal Siakam,Under,29.5,-130,2026-02-11,2026-02-10T22:47:30Z,2026-02-10 14:47:44
Bovada,player_points_rebounds,Alperen Sengun,Over,27.5,-150,2026-02-11,2026-02-10T22:47:39Z,2026-02-10 14:47:44
Bovada,player_points_rebounds,Alperen Sengun,Under,27.5,115,2026-02-11,2026-02-10T22:47:39Z,2026-02-10 14:47:44
Bovada,player_points_rebounds,Alperen Sengun,Over,28.5,-125,2026-02-11,2026-02-10T22:47:39Z,2026-02-10 14:47:44
Bovada,player_points_rebounds,Alperen Sengun,Under,28.5,-105,2026-02-11,2026-02-10T22:47:39Z,2026-02-10 14:47:44
Bovada,player_points_rebounds,Alperen Sengun,Over,29.5,-105,2026-02-11,2026-02-10T22:47:39Z,2026-02-10 14:47:44
Bovada,player_points_rebounds,Alperen Sengun,Under,29.5,-125,2026-02-11,2026-02-10T22:47:39Z,2026-02-10 14:47:44
Bovada,player_points_rebounds,Amen Thompson,Over,21.5,-150,2026-02-11,2026-02-10T22:47:39Z,2026-02-10 14:47:44
Bovada,player_points_rebounds,Amen Thompson,Under,21.5,115,2026-02-11,2026-02-10T22:47:39Z,2026-02-10 14:47:44
Bovada,player_points_rebounds,Amen Thompson,Over,22.5,-120,2026-02-11,2026-02-10T22:47:39Z,2026-02-10 14:47:44
Bovada,player_points_rebounds,Amen Thompson,Under,22.5,-110,2026-02-11,2026-02-10T22:47:39Z,2026-02-10 14:47:44
Bovada,player_points_rebounds,Amen Thompson,Over,23.5,105,2026-02-11,2026-02-10T22:47:39Z,2026-02-10 14:47:44
Bovada,player_points_rebounds,Amen Thompson,Under,23.5,-135,2026-02-11,2026-02-10T22:47:39Z,2026-02-10 14:47:44
Bovada,player_points_rebounds,Brook Lopez,Over,10.5,-200,2026-02-11,2026-02-10T22:47:39Z,2026-02-10 14:47:44
Bovada,player_points_rebounds,Brook Lopez,Under,10.5,150,2026-02-11,2026-02-10T22:47:39Z,2026-02-10 14:47:44
Bovada,player_points_rebounds,Brook Lopez,Over,11.5,-145,2026-02-11,2026-02-10T22:47:39Z,2026-02-10 14:47:44
Bovada,player_points_rebounds,Brook Lopez,Under,11.5,110,2026-02-11,2026-02-10T22:47:39Z,2026-02-10 14:47:44
Bovada,player_points_rebounds,Brook Lopez,Over,12.5,-110,2026-02-11,2026-02-10T22:47:39Z,2026-02-10 14:47:44
Bovada,player_points_rebounds,Brook Lopez,Under,12.5,-120,2026-02-11,2026-02-10T22:47:39Z,2026-02-10 14:47:44
Bovada,player_points_rebounds,Derrick Jones,Over,9.5,-210,2026-02-11,2026-02-10T22:47:39Z,2026-02-10 14:47:44
Bovada,player_points_rebounds,Derrick Jones,Under,9.5,155,2026-02-11,2026-02-10T22:47:39Z,2026-02-10 14:47:44
Bovada,player_points_rebounds,Derrick Jones,Over,10.5,-150,2026-02-11,2026-02-10T22:47:39Z,2026-02-10 14:47:44
Bovada,player_points_rebounds,Derrick Jones,Under,10.5,115,2026-02-11,2026-02-10T22:47:39Z,2026-02-10 14:47:44
Bovada,player_points_rebounds,Derrick Jones,Over,11.5,-110,2026-02-11,2026-02-10T22:47:39Z,2026-02-10 14:47:44
Bovada,player_points_rebounds,Derrick Jones,Under,11.5,-120,2026-02-11,2026-02-10T22:47:39Z,2026-02-10 14:47:44
Bovada,player_points_rebounds,Jabari Smith Jr,Over,19.5,-145,2026-02-11,2026-02-10T22:47:39Z,2026-02-10 14:47:44
Bovada,player_points_rebounds,Jabari Smith Jr,Under,19.5,110,2026-02-11,2026-02-10T22:47:39Z,2026-02-10 14:47:44
Bovada,player_points_rebounds,Jabari Smith Jr,Over,20.5,-115,2026-02-11,2026-02-10T22:47:39Z,2026-02-10 14:47:44
Bovada,player_points_rebounds,Jabari Smith Jr,Under,20.5,-115,2026-02-11,2026-02-10T22:47:39Z,2026-02-10 14:47:44
Bovada,player_points_rebounds,Jabari Smith Jr,Over,21.5,110,2026-02-11,2026-02-10T22:47:39Z,2026-02-10 14:47:44
Bovada,player_points_rebounds,Jabari Smith Jr,Under,21.5,-145,2026-02-11,2026-02-10T22:47:39Z,2026-02-10 14:47:44
Bovada,player_points_rebounds,John Collins,Over,17.5,-150,2026-02-11,2026-02-10T22:47:39Z,2026-02-10 14:47:44
Bovada,player_points_rebounds,John Collins,Under,17.5,115,2026-02-11,2026-02-10T22:47:39Z,2026-02-10 14:47:44
Bovada,player_points_rebounds,John Collins,Over,18.5,-120,2026-02-11,2026-02-10T22:47:39Z,2026-02-10 14:47:44
Bovada,player_points_rebounds,John Collins,Under,18.5,-110,2026-02-11,2026-02-10T22:47:39Z,2026-02-10 14:47:44
Bovada,player_points_rebounds,John Collins,Over,19.5,105,2026-02-11,2026-02-10T22:47:39Z,2026-02-10 14:47:44
Bovada,player_points_rebounds,John Collins,Under,19.5,-135,2026-02-11,2026-02-10T22:47:39Z,2026-02-10 14:47:44
Bovada,player_points_rebounds,Kawhi Leonard,Over,32.5,-150,2026-02-11,2026-02-10T22:47:39Z,2026-02-10 14:47:44
Bovada,player_points_rebounds,Kawhi Leonard,Under,32.5,115,2026-02-11,2026-02-10T22:47:39Z,2026-02-10 14:47:44
Bovada,player_points_rebounds,Kawhi Leonard,Over,33.5,-125,2026-02-11,2026-02-10T22:47:39Z,2026-02-10 14:47:44
Bovada,player_points_rebounds,Kawhi Leonard,Under,33.5,-105,2026-02-11,2026-02-10T22:47:39Z,2026-02-10 14:47:44
Bovada,player_points_rebounds,Kawhi Leonard,Over,34.5,-105,2026-02-11,2026-02-10T22:47:39Z,2026-02-10 14:47:44
Bovada,player_points_rebounds,Kawhi Leonard,Under,34.5,-125,2026-02-11,2026-02-10T22:47:39Z,2026-02-10 14:47:44
Bovada,player_points_rebounds,Kevin Durant,Over,28.5,-135,2026-02-11,2026-02-10T22:47:39Z,2026-02-10 14:47:44
Bovada,player_points_rebounds,Kevin Durant,Under,28.5,105,2026-02-11,2026-02-10T22:47:39Z,2026-02-10 14:47:44
Bovada,player_points_rebounds,Kevin Durant,Over,29.5,-115,2026-02-11,2026-02-10T22:47:39Z,2026-02-10 14:47:44
Bovada,player_points_rebounds,Kevin Durant,Under,29.5,-115,2026-02-11,2026-02-10T22:47:39Z,2026-02-10 14:47:44
Bovada,player_points_rebounds,Kevin Durant,Over,30.5,105,2026-02-11,2026-02-10T22:47:39Z,2026-02-10 14:47:44
Bovada,player_points_rebounds,Kevin Durant,Under,30.5,-135,2026-02-11,2026-02-10T22:47:39Z,2026-02-10 14:47:44
Bovada,player_points_rebounds,Kris Dunn,Over,8.5,-215,2026-02-11,2026-02-10T22:47:39Z,2026-02-10 14:47:44
Bovada,player_points_rebounds,Kris Dunn,Under,8.5,160,2026-02-11,2026-02-10T22:47:39Z,2026-02-10 14:47:44
Bovada,player_points_rebounds,Kris Dunn,Over,9.5,-150,2026-02-11,2026-02-10T22:47:39Z,2026-02-10 14:47:44
Bovada,player_points_rebounds,Kris Dunn,Under,9.5,115,2026-02-11,2026-02-10T22:47:39Z,2026-02-10 14:47:44
Bovada,player_points_rebounds,Kris Dunn,Over,10.5,-110,2026-02-11,2026-02-10T22:47:39Z,2026-02-10 14:47:44
Bovada,player_points_rebounds,Kris Dunn,Under,10.5,-120,2026-02-11,2026-02-10T22:47:39Z,2026-02-10 14:47:44
Bovada,player_points_rebounds,Reed Sheppard,Over,10.5,-190,2026-02-11,2026-02-10T22:47:39Z,2026-02-10 14:47:44
Bovada,player_points_rebounds,Reed Sheppard,Under,10.5,145,2026-02-11,2026-02-10T22:47:39Z,2026-02-10 14:47:44
Bovada,player_points_rebounds,Reed Sheppard,Over,11.5,-145,2026-02-11,2026-02-10T22:47:39Z,2026-02-10 14:47:44
Bovada,player_points_rebounds,Reed Sheppard,Under,11.5,110,2026-02-11,2026-02-10T22:47:39Z,2026-02-10 14:47:44
Bovada,player_points_rebounds,Reed Sheppard,Over,12.5,-105,2026-02-11,2026-02-10T22:47:39Z,2026-02-10 14:47:44
Bovada,player_points_rebounds,Reed Sheppard,Under,12.5,-125,2026-02-11,2026-02-10T22:47:39Z,2026-02-10 14:47:44
Bovada,player_points_rebounds,Tari Eason,Over,18.5,-165,2026-02-11,2026-02-10T22:47:39Z,2026-02-10 14:47:44
Bovada,player_points_rebounds,Tari Eason,Under,18.5,125,2026-02-11,2026-02-10T22:47:39Z,2026-02-10 14:47:44
Bovada,player_points_rebounds,Tari Eason,Over,19.5,-130,2026-02-11,2026-02-10T22:47:39Z,2026-02-10 14:47:44
Bovada,player_points_rebounds,Tari Eason,Under,19.5,100,2026-02-11,2026-02-10T22:47:39Z,2026-02-10 14:47:44
Bovada,player_points_rebounds,Tari Eason,Over,20.5,-105,2026-02-11,2026-02-10T22:47:39Z,2026-02-10 14:47:44
Bovada,player_points_rebounds,Tari Eason,Under,20.5,-125,2026-02-11,2026-02-10T22:47:39Z,2026-02-10 14:47:44
Bovada,player_points_rebounds,Caleb Martin,Over,7.5,-170,2026-02-11,2026-02-10T22:47:20Z,2026-02-10 14:47:44
Bovada,player_points_rebounds,Caleb Martin,Under,7.5,130,2026-02-11,2026-02-10T22:47:20Z,2026-02-10 14:47:44
Bovada,player_points_rebounds,Caleb Martin,Over,8.5,-120,2026-02-11,2026-02-10T22:47:20Z,2026-02-10 14:47:44
Bovada,player_points_rebounds,Caleb Martin,Under,8.5,-110,2026-02-11,2026-02-10T22:47:20Z,2026-02-10 14:47:44
Bovada,player_points_rebounds,Caleb Martin,Over,9.5,115,2026-02-11,2026-02-10T22:47:20Z,2026-02-10 14:47:44
Bovada,player_points_rebounds,Caleb Martin,Under,9.5,-150,2026-02-11,2026-02-10T22:47:20Z,2026-02-10 14:47:44
Bovada,player_points_rebounds,Collin Gillespie,Over,14.5,-185,2026-02-11,2026-02-10T22:47:20Z,2026-02-10 14:47:44
Bovada,player_points_rebounds,Collin Gillespie,Under,14.5,140,2026-02-11,2026-02-10T22:47:20Z,2026-02-10 14:47:44
Bovada,player_points_rebounds,Collin Gillespie,Over,15.5,-145,2026-02-11,2026-02-10T22:47:20Z,2026-02-10 14:47:44
Bovada,player_points_rebounds,Collin Gillespie,Under,15.5,110,2026-02-11,2026-02-10T22:47:20Z,2026-02-10 14:47:44
Bovada,player_points_rebounds,Collin Gillespie,Over,16.5,-110,2026-02-11,2026-02-10T22:47:20Z,2026-02-10 14:47:44
Bovada,player_points_rebounds,Collin Gillespie,Under,16.5,-120,2026-02-11,2026-02-10T22:47:20Z,2026-02-10 14:47:44
Bovada,player_points_rebounds,Cooper Flagg,Over,28.5,-135,2026-02-11,2026-02-10T22:47:20Z,2026-02-10 14:47:44
Bovada,player_points_rebounds,Cooper Flagg,Under,28.5,105,2026-02-11,2026-02-10T22:47:20Z,2026-02-10 14:47:44
Bovada,player_points_rebounds,Cooper Flagg,Over,29.5,-115,2026-02-11,2026-02-10T22:47:20Z,2026-02-10 14:47:44
Bovada,player_points_rebounds,Cooper Flagg,Under,29.5,-115,2026-02-11,2026-02-10T22:47:20Z,2026-02-10 14:47:44
Bovada,player_points_rebounds,Cooper Flagg,Over,30.5,105,2026-02-11,2026-02-10T22:47:20Z,2026-02-10 14:47:44
Bovada,player_points_rebounds,Cooper Flagg,Under,30.5,-135,2026-02-11,2026-02-10T22:47:20Z,2026-02-10 14:47:44
Bovada,player_points_rebounds,Daniel Gafford,Over,15.5,-150,2026-02-11,2026-02-10T22:47:20Z,2026-02-10 14:47:44
Bovada,player_points_rebounds,Daniel Gafford,Under,15.5,115,2026-02-11,2026-02-10T22:47:20Z,2026-02-10 14:47:44
Bovada,player_points_rebounds,Daniel Gafford,Over,16.5,-120,2026-02-11,2026-02-10T22:47:20Z,2026-02-10 14:47:44
Bovada,player_points_rebounds,Daniel Gafford,Under,16.5,-110,2026-02-11,2026-02-10T22:47:20Z,2026-02-10 14:47:44
Bovada,player_points_rebounds,Daniel Gafford,Over,17.5,105,2026-02-11,2026-02-10T22:47:20Z,2026-02-10 14:47:44
Bovada,player_points_rebounds,Daniel Gafford,Under,17.5,-135,2026-02-11,2026-02-10T22:47:20Z,2026-02-10 14:47:44
Bovada,player_points_rebounds,Devin Booker,Over,26.5,-150,2026-02-11,2026-02-10T22:47:20Z,2026-02-10 14:47:44
Bovada,player_points_rebounds,Devin Booker,Under,26.5,115,2026-02-11,2026-02-10T22:47:20Z,2026-02-10 14:47:44
Bovada,player_points_rebounds,Devin Booker,Over,27.5,-125,2026-02-11,2026-02-10T22:47:20Z,2026-02-10 14:47:44
Bovada,player_points_rebounds,Devin Booker,Under,27.5,-105,2026-02-11,2026-02-10T22:47:20Z,2026-02-10 14:47:44
Bovada,player_points_rebounds,Devin Booker,Over,28.5,-105,2026-02-11,2026-02-10T22:47:20Z,2026-02-10 14:47:44
Bovada,player_points_rebounds,Devin Booker,Under,28.5,-125,2026-02-11,2026-02-10T22:47:20Z,2026-02-10 14:47:44
Bovada,player_points_rebounds,Dillon Brooks,Over,22.5,-160,2026-02-11,2026-02-10T22:47:20Z,2026-02-10 14:47:44
Bovada,player_points_rebounds,Dillon Brooks,Under,22.5,120,2026-02-11,2026-02-10T22:47:20Z,2026-02-10 14:47:44
Bovada,player_points_rebounds,Dillon Brooks,Over,23.5,-130,2026-02-11,2026-02-10T22:47:20Z,2026-02-10 14:47:44
Bovada,player_points_rebounds,Dillon Brooks,Under,23.5,100,2026-02-11,2026-02-10T22:47:20Z,2026-02-10 14:47:44
Bovada,player_points_rebounds,Dillon Brooks,Over,24.5,-105,2026-02-11,2026-02-10T22:47:20Z,2026-02-10 14:47:44
Bovada,player_points_rebounds,Dillon Brooks,Under,24.5,-125,2026-02-11,2026-02-10T22:47:20Z,2026-02-10 14:47:44
Bovada,player_points_rebounds,Jordan Goodwin,Over,12.5,-150,2026-02-11,2026-02-10T22:47:20Z,2026-02-10 14:47:44
Bovada,player_points_rebounds,Jordan Goodwin,Under,12.5,115,2026-02-11,2026-02-10T22:47:20Z,2026-02-10 14:47:44
Bovada,player_points_rebounds,Jordan Goodwin,Over,13.5,-115,2026-02-11,2026-02-10T22:47:20Z,2026-02-10 14:47:44
Bovada,player_points_rebounds,Jordan Goodwin,Under,13.5,-115,2026-02-11,2026-02-10T22:47:20Z,2026-02-10 14:47:44
Bovada,player_points_rebounds,Jordan Goodwin,Over,14.5,115,2026-02-11,2026-02-10T22:47:20Z,2026-02-10 14:47:44
Bovada,player_points_rebounds,Jordan Goodwin,Under,14.5,-150,2026-02-11,2026-02-10T22:47:20Z,2026-02-10 14:47:44
Bovada,player_points_rebounds,Mark Williams,Over,20.5,-150,2026-02-11,2026-02-10T22:47:20Z,2026-02-10 14:47:44
Bovada,player_points_rebounds,Mark Williams,Under,20.5,115,2026-02-11,2026-02-10T22:47:20Z,2026-02-10 14:47:44
Bovada,player_points_rebounds,Mark Williams,Over,21.5,-120,2026-02-11,2026-02-10T22:47:20Z,2026-02-10 14:47:44
Bovada,player_points_rebounds,Mark Williams,Under,21.5,-110,2026-02-11,2026-02-10T22:47:20Z,2026-02-10 14:47:44
Bovada,player_points_rebounds,Mark Williams,Over,22.5,105,2026-02-11,2026-02-10T22:47:20Z,2026-02-10 14:47:44
Bovada,player_points_rebounds,Mark Williams,Under,22.5,-135,2026-02-11,2026-02-10T22:47:20Z,2026-02-10 14:47:44
Bovada,player_points_rebounds,Max Christie,Over,14.5,-170,2026-02-11,2026-02-10T22:47:20Z,2026-02-10 14:47:44
Bovada,player_points_rebounds,Max Christie,Under,14.5,130,2026-02-11,2026-02-10T22:47:20Z,2026-02-10 14:47:44
Bovada,player_points_rebounds,Max Christie,Over,15.5,-130,2026-02-11,2026-02-10T22:47:20Z,2026-02-10 14:47:44
Bovada,player_points_rebounds,Max Christie,Under,15.5,100,2026-02-11,2026-02-10T22:47:20Z,2026-02-10 14:47:44
Bovada,player_points_rebounds,Max Christie,Over,16.5,-105,2026-02-11,2026-02-10T22:47:20Z,2026-02-10 14:47:44
Bovada,player_points_rebounds,Max Christie,Under,16.5,-125,2026-02-11,2026-02-10T22:47:20Z,2026-02-10 14:47:44
Bovada,player_points_rebounds,Naji Marshall,Over,18.5,-170,2026-02-11,2026-02-10T22:47:20Z,2026-02-10 14:47:44
Bovada,player_points_rebounds,Naji Marshall,Under,18.5,130,2026-02-11,2026-02-10T22:47:20Z,2026-02-10 14:47:44
Bovada,player_points_rebounds,Naji Marshall,Over,19.5,-135,2026-02-11,2026-02-10T22:47:20Z,2026-02-10 14:47:44
Bovada,player_points_rebounds,Naji Marshall,Under,19.5,105,2026-02-11,2026-02-10T22:47:20Z,2026-02-10 14:47:44
Bovada,player_points_rebounds,Naji Marshall,Over,20.5,-110,2026-02-11,2026-02-10T22:47:20Z,2026-02-10 14:47:44
Bovada,player_points_rebounds,Naji Marshall,Under,20.5,-120,2026-02-11,2026-02-10T22:47:20Z,2026-02-10 14:47:44
Bovada,player_points_rebounds,P.J. Washington,Over,15.5,-150,2026-02-11,2026-02-10T22:47:20Z,2026-02-10 14:47:44
Bovada,player_points_rebounds,P.J. Washington,Under,15.5,115,2026-02-11,2026-02-10T22:47:20Z,2026-02-10 14:47:44
Bovada,player_points_rebounds,P.J. Washington,Over,16.5,-120,2026-02-11,2026-02-10T22:47:20Z,2026-02-10 14:47:44
Bovada,player_points_rebounds,P.J. Washington,Under,16.5,-110,2026-02-11,2026-02-10T22:47:20Z,2026-02-10 14:47:44
Bovada,player_points_rebounds,P.J. Washington,Over,17.5,105,2026-02-11,2026-02-10T22:47:20Z,2026-02-10 14:47:44
Bovada,player_points_rebounds,P.J. Washington,Under,17.5,-135,2026-02-11,2026-02-10T22:47:20Z,2026-02-10 14:47:44
Bovada,player_points_rebounds,Royce O'Neale,Over,13.5,-180,2026-02-11,2026-02-10T22:47:20Z,2026-02-10 14:47:44
Bovada,player_points_rebounds,Royce O'Neale,Under,13.5,135,2026-02-11,2026-02-10T22:47:20Z,2026-02-10 14:47:44
Bovada,player_points_rebounds,Royce O'Neale,Over,14.5,-135,2026-02-11,2026-02-10T22:47:20Z,2026-02-10 14:47:44
Bovada,player_points_rebounds,Royce O'Neale,Under,14.5,105,2026-02-11,2026-02-10T22:47:20Z,2026-02-10 14:47:44
Bovada,player_points_rebounds,Royce O'Neale,Over,15.5,-105,2026-02-11,2026-02-10T22:47:20Z,2026-02-10 14:47:44
Bovada,player_points_rebounds,Royce O'Neale,Under,15.5,-125,2026-02-11,2026-02-10T22:47:20Z,2026-02-10 14:47:44
Bovada,player_points_rebounds,De'Aaron Fox,Over,19.5,-165,2026-02-11,2026-02-10T22:47:38Z,2026-02-10 14:47:44
Bovada,player_points_rebounds,De'Aaron Fox,Under,19.5,125,2026-02-11,2026-02-10T22:47:38Z,2026-02-10 14:47:44
Bovada,player_points_rebounds,De'Aaron Fox,Over,20.5,-130,2026-02-11,2026-02-10T22:47:38Z,2026-02-10 14:47:44
Bovada,player_points_rebounds,De'Aaron Fox,Under,20.5,100,2026-02-11,2026-02-10T22:47:38Z,2026-02-10 14:47:44
Bovada,player_points_rebounds,De'Aaron Fox,Over,21.5,-105,2026-02-11,2026-02-10T22:47:38Z,2026-02-10 14:47:44
Bovada,player_points_rebounds,De'Aaron Fox,Under,21.5,-125,2026-02-11,2026-02-10T22:47:38Z,2026-02-10 14:47:44
Bovada,player_points_rebounds,Devin Vassell,Over,14.5,-180,2026-02-11,2026-02-10T22:47:38Z,2026-02-10 14:47:44
Bovada,player_points_rebounds,Devin Vassell,Under,14.5,135,2026-02-11,2026-02-10T22:47:38Z,2026-02-10 14:47:44
Bovada,player_points_rebounds,Devin Vassell,Over,15.5,-135,2026-02-11,2026-02-10T22:47:38Z,2026-02-10 14:47:44
Bovada,player_points_rebounds,Devin Vassell,Under,15.5,105,2026-02-11,2026-02-10T22:47:38Z,2026-02-10 14:47:44
Bovada,player_points_rebounds,Devin Vassell,Over,16.5,-105,2026-02-11,2026-02-10T22:47:38Z,2026-02-10 14:47:44
Bovada,player_points_rebounds,Devin Vassell,Under,16.5,-125,2026-02-11,2026-02-10T22:47:38Z,2026-02-10 14:47:44
Bovada,player_points_rebounds,Dylan Harper,Over,11.5,-185,2026-02-11,2026-02-10T22:47:38Z,2026-02-10 14:47:44
Bovada,player_points_rebounds,Dylan Harper,Under,11.5,140,2026-02-11,2026-02-10T22:47:38Z,2026-02-10 14:47:44
Bovada,player_points_rebounds,Dylan Harper,Over,12.5,-135,2026-02-11,2026-02-10T22:47:38Z,2026-02-10 14:47:44
Bovada,player_points_rebounds,Dylan Harper,Under,12.5,105,2026-02-11,2026-02-10T22:47:38Z,2026-02-10 14:47:44
Bovada,player_points_rebounds,Dylan Harper,Over,13.5,-105,2026-02-11,2026-02-10T22:47:38Z,2026-02-10 14:47:44
Bovada,player_points_rebounds,Dylan Harper,Under,13.5,-125,2026-02-11,2026-02-10T22:47:38Z,2026-02-10 14:47:44
Bovada,player_points_rebounds,Harrison Barnes,Over,9.5,-200,2026-02-11,2026-02-10T22:47:38Z,2026-02-10 14:47:44
Bovada,player_points_rebounds,Harrison Barnes,Under,9.5,150,2026-02-11,2026-02-10T22:47:38Z,2026-02-10 14:47:44
Bovada,player_points_rebounds,Harrison Barnes,Over,10.5,-125,2026-02-11,2026-02-10T22:47:38Z,2026-02-10 14:47:44
Bovada,player_points_rebounds,Harrison Barnes,Under,10.5,-105,2026-02-11,2026-02-10T22:47:38Z,2026-02-10 14:47:44
Bovada,player_points_rebounds,Harrison Barnes,Over,10.5,-145,2026-02-11,2026-02-10T22:47:38Z,2026-02-10 14:47:44
Bovada,player_points_rebounds,Harrison Barnes,Under,10.5,110,2026-02-11,2026-02-10T22:47:38Z,2026-02-10 14:47:44
Bovada,player_points_rebounds,Julian Champagnie,Over,12.5,-165,2026-02-11,2026-02-10T22:47:38Z,2026-02-10 14:47:44
Bovada,player_points_rebounds,Julian Champagnie,Under,12.5,125,2026-02-11,2026-02-10T22:47:38Z,2026-02-10 14:47:44
Bovada,player_points_rebounds,Julian Champagnie,Over,13.5,-125,2026-02-11,2026-02-10T22:47:38Z,2026-02-10 14:47:44
Bovada,player_points_rebounds,Julian Champagnie,Under,13.5,-105,2026-02-11,2026-02-10T22:47:38Z,2026-02-10 14:47:44
Bovada,player_points_rebounds,Julian Champagnie,Over,14.5,105,2026-02-11,2026-02-10T22:47:38Z,2026-02-10 14:47:44
Bovada,player_points_rebounds,Julian Champagnie,Under,14.5,-135,2026-02-11,2026-02-10T22:47:38Z,2026-02-10 14:47:44
Bovada,player_points_rebounds,Stephon Castle,Over,20.5,-150,2026-02-11,2026-02-10T22:47:38Z,2026-02-10 14:47:44
Bovada,player_points_rebounds,Stephon Castle,Under,20.5,115,2026-02-11,2026-02-10T22:47:38Z,2026-02-10 14:47:44
Bovada,player_points_rebounds,Stephon Castle,Over,22.5,-115,2026-02-11,2026-02-10T22:47:38Z,2026-02-10 14:47:44
Bovada,player_points_rebounds,Stephon Castle,Under,22.5,-115,2026-02-11,2026-02-10T22:47:38Z,2026-02-10 14:47:44
Bovada,player_points_rebounds,Stephon Castle,Over,22.5,105,2026-02-11,2026-02-10T22:47:38Z,2026-02-10 14:47:44
Bovada,player_points_rebounds,Stephon Castle,Under,22.5,-135,2026-02-11,2026-02-10T22:47:38Z,2026-02-10 14:47:44
Bovada,player_points_rebounds,Victor Wembanyama,Over,32.5,-150,2026-02-11,2026-02-10T22:47:38Z,2026-02-10 14:47:44
Bovada,player_points_rebounds,Victor Wembanyama,Under,32.5,115,2026-02-11,2026-02-10T22:47:38Z,2026-02-10 14:47:44
Bovada,player_points_rebounds,Victor Wembanyama,Over,33.5,-125,2026-02-11,2026-02-10T22:47:38Z,2026-02-10 14:47:44
Bovada,player_points_rebounds,Victor Wembanyama,Under,33.5,-105,2026-02-11,2026-02-10T22:47:38Z,2026-02-10 14:47:44
Bovada,player_points_rebounds,Victor Wembanyama,Over,34.5,-105,2026-02-11,2026-02-10T22:47:38Z,2026-02-10 14:47:44
Bovada,player_points_rebounds,Victor Wembanyama,Under,34.5,-125,2026-02-11,2026-02-10T22:47:38Z,2026-02-10 14:47:44
FanDuel,player_points_assists,Josh Hart,Over,17.5,-106,2026-02-11,2026-02-10T22:46:47Z,2026-02-10 14:47:44
FanDuel,player_points_assists,Josh Hart,Under,17.5,-125,2026-02-11,2026-02-10T22:46:47Z,2026-02-10 14:47:44
FanDuel,player_points_assists,Pascal Siakam,Over,25.5,-120,2026-02-11,2026-02-10T22:46:47Z,2026-02-10 14:47:44
FanDuel,player_points_assists,Pascal Siakam,Under,25.5,-110,2026-02-11,2026-02-10T22:46:47Z,2026-02-10 14:47:44
FanDuel,player_points_assists,Andrew Nembhard,Over,23.5,-125,2026-02-11,2026-02-10T22:46:47Z,2026-02-10 14:47:44
FanDuel,player_points_assists,Andrew Nembhard,Under,23.5,-106,2026-02-11,2026-02-10T22:46:47Z,2026-02-10 14:47:44
FanDuel,player_points_assists,Karl-Anthony Towns,Over,22.5,-110,2026-02-11,2026-02-10T22:46:47Z,2026-02-10 14:47:44
FanDuel,player_points_assists,Karl-Anthony Towns,Under,22.5,-120,2026-02-11,2026-02-10T22:46:47Z,2026-02-10 14:47:44
FanDuel,player_points_assists,Mikal Bridges,Over,19.5,-104,2026-02-11,2026-02-10T22:46:47Z,2026-02-10 14:47:44
FanDuel,player_points_assists,Mikal Bridges,Under,19.5,-128,2026-02-11,2026-02-10T22:46:47Z,2026-02-10 14:47:44
FanDuel,player_points_assists,Jalen Brunson,Over,33.5,-108,2026-02-11,2026-02-10T22:46:47Z,2026-02-10 14:47:44
FanDuel,player_points_assists,Jalen Brunson,Under,33.5,-122,2026-02-11,2026-02-10T22:46:47Z,2026-02-10 14:47:44
FanDuel,player_points_assists,Kris Dunn,Over,11.5,-130,2026-02-11,2026-02-10T22:47:01Z,2026-02-10 14:47:44
FanDuel,player_points_assists,Kris Dunn,Under,11.5,-102,2026-02-11,2026-02-10T22:47:01Z,2026-02-10 14:47:44
FanDuel,player_points_assists,Kawhi Leonard,Over,32.5,-118,2026-02-11,2026-02-10T22:47:01Z,2026-02-10 14:47:44
FanDuel,player_points_assists,Kawhi Leonard,Under,32.5,-112,2026-02-11,2026-02-10T22:47:01Z,2026-02-10 14:47:44
FanDuel,player_points_assists,Amen Thompson,Over,20.5,-130,2026-02-11,2026-02-10T22:47:01Z,2026-02-10 14:47:44
FanDuel,player_points_assists,Amen Thompson,Under,20.5,-102,2026-02-11,2026-02-10T22:47:01Z,2026-02-10 14:47:44
FanDuel,player_points_assists,Brook Lopez,Over,10.5,-102,2026-02-11,2026-02-10T22:47:01Z,2026-02-10 14:47:44
FanDuel,player_points_assists,Brook Lopez,Under,10.5,-130,2026-02-11,2026-02-10T22:47:01Z,2026-02-10 14:47:44
FanDuel,player_points_assists,Reed Sheppard,Over,12.5,-114,2026-02-11,2026-02-10T22:47:01Z,2026-02-10 14:47:44
FanDuel,player_points_assists,Reed Sheppard,Under,12.5,-114,2026-02-11,2026-02-10T22:47:01Z,2026-02-10 14:47:44
FanDuel,player_points_assists,Alperen Sengun,Over,25.5,-110,2026-02-11,2026-02-10T22:47:01Z,2026-02-10 14:47:44
FanDuel,player_points_assists,Alperen Sengun,Under,25.5,-120,2026-02-11,2026-02-10T22:47:01Z,2026-02-10 14:47:44
FanDuel,player_points_assists,Kevin Durant,Over,28.5,-128,2026-02-11,2026-02-10T22:47:01Z,2026-02-10 14:47:44
FanDuel,player_points_assists,Kevin Durant,Under,28.5,-104,2026-02-11,2026-02-10T22:47:01Z,2026-02-10 14:47:44
FanDuel,player_points_assists,Max Christie,Over,14.5,-122,2026-02-11,2026-02-10T22:47:39Z,2026-02-10 14:47:44
FanDuel,player_points_assists,Max Christie,Under,14.5,-108,2026-02-11,2026-02-10T22:47:39Z,2026-02-10 14:47:44
FanDuel,player_points_assists,Dillon Brooks,Over,22.5,-122,2026-02-11,2026-02-10T22:47:39Z,2026-02-10 14:47:44
FanDuel,player_points_assists,Dillon Brooks,Under,22.5,-108,2026-02-11,2026-02-10T22:47:39Z,2026-02-10 14:47:44
FanDuel,player_points_assists,Caleb Martin,Over,7.5,-120,2026-02-11,2026-02-10T22:47:39Z,2026-02-10 14:47:44
FanDuel,player_points_assists,Caleb Martin,Under,7.5,-110,2026-02-11,2026-02-10T22:47:39Z,2026-02-10 14:47:44
FanDuel,player_points_assists,Royce O'Neale,Over,12.5,-125,2026-02-11,2026-02-10T22:47:39Z,2026-02-10 14:47:44
FanDuel,player_points_assists,Royce O'Neale,Under,12.5,-106,2026-02-11,2026-02-10T22:47:39Z,2026-02-10 14:47:44
FanDuel,player_points_assists,Brandon Williams,Over,14.5,-120,2026-02-11,2026-02-10T22:47:39Z,2026-02-10 14:47:44
FanDuel,player_points_assists,Brandon Williams,Under,14.5,-110,2026-02-11,2026-02-10T22:47:39Z,2026-02-10 14:47:44
FanDuel,player_points_assists,Cooper Flagg,Over,26.5,-125,2026-02-11,2026-02-10T22:47:39Z,2026-02-10 14:47:44
FanDuel,player_points_assists,Cooper Flagg,Under,26.5,-106,2026-02-11,2026-02-10T22:47:39Z,2026-02-10 14:47:44
FanDuel,player_points_assists,Naji Marshall,Over,17.5,-122,2026-02-11,2026-02-10T22:47:39Z,2026-02-10 14:47:44
FanDuel,player_points_assists,Naji Marshall,Under,17.5,-108,2026-02-11,2026-02-10T22:47:39Z,2026-02-10 14:47:44
FanDuel,player_points_assists,Jalen Green,Over,13.5,-114,2026-02-11,2026-02-10T22:47:39Z,2026-02-10 14:47:44
FanDuel,player_points_assists,Jalen Green,Under,13.5,-114,2026-02-11,2026-02-10T22:47:39Z,2026-02-10 14:47:44
FanDuel,player_points_assists,Collin Gillespie,Over,17.5,-118,2026-02-11,2026-02-10T22:47:39Z,2026-02-10 14:47:44
FanDuel,player_points_assists,Collin Gillespie,Under,17.5,-112,2026-02-11,2026-02-10T22:47:39Z,2026-02-10 14:47:44
FanDuel,player_points_assists,Devin Booker,Over,30.5,-122,2026-02-11,2026-02-10T22:47:39Z,2026-02-10 14:47:44
FanDuel,player_points_assists,Devin Booker,Under,30.5,-108,2026-02-11,2026-02-10T22:47:39Z,2026-02-10 14:47:44
FanDuel,player_points_assists,Jordan Goodwin,Over,11.5,-102,2026-02-11,2026-02-10T22:47:39Z,2026-02-10 14:47:44
FanDuel,player_points_assists,Jordan Goodwin,Under,11.5,-130,2026-02-11,2026-02-10T22:47:39Z,2026-02-10 14:47:44
FanDuel,player_points_assists,P.J. Washington,Over,12.5,-130,2026-02-11,2026-02-10T22:47:39Z,2026-02-10 14:47:44
FanDuel,player_points_assists,P.J. Washington,Under,12.5,-102,2026-02-11,2026-02-10T22:47:39Z,2026-02-10 14:47:44
FanDuel,player_points_assists,Jake LaRavia,Over,16.5,-128,2026-02-11,2026-02-10T22:47:19Z,2026-02-10 14:47:44
FanDuel,player_points_assists,Jake LaRavia,Under,16.5,-104,2026-02-11,2026-02-10T22:47:19Z,2026-02-10 14:47:44
FanDuel,player_points_assists,Victor Wembanyama,Over,25.5,-118,2026-02-11,2026-02-10T22:47:19Z,2026-02-10 14:47:44
FanDuel,player_points_assists,Victor Wembanyama,Under,25.5,-112,2026-02-11,2026-02-10T22:47:19Z,2026-02-10 14:47:44
FanDuel,player_points_assists,Dylan Harper,Over,13.5,-132,2026-02-11,2026-02-10T22:47:19Z,2026-02-10 14:47:44
FanDuel,player_points_assists,Dylan Harper,Under,13.5,100,2026-02-11,2026-02-10T22:47:19Z,2026-02-10 14:47:44
FanDuel,player_points_assists,Bronny James,Over,9.5,-106,2026-02-11,2026-02-10T22:47:19Z,2026-02-10 14:47:44
FanDuel,player_points_assists,Bronny James,Under,9.5,-125,2026-02-11,2026-02-10T22:47:19Z,2026-02-10 14:47:44
FanDuel,player_points_assists,De'Aaron Fox,Over,23.5,-108,2026-02-11,2026-02-10T22:47:19Z,2026-02-10 14:47:44
FanDuel,player_points_assists,De'Aaron Fox,Under,23.5,-122,2026-02-11,2026-02-10T22:47:19Z,2026-02-10 14:47:44
FanDuel,player_points_assists,Stephon Castle,Over,23.5,-125,2026-02-11,2026-02-10T22:47:19Z,2026-02-10 14:47:44
FanDuel,player_points_assists,Stephon Castle,Under,23.5,-106,2026-02-11,2026-02-10T22:47:19Z,2026-02-10 14:47:44
FanDuel,player_points_assists,Franz Wagner,Over,17.5,-114,2026-02-12,2026-02-10T22:46:58Z,2026-02-10 14:47:44
FanDuel,player_points_assists,Franz Wagner,Under,17.5,-114,2026-02-12,2026-02-10T22:46:58Z,2026-02-10 14:47:44
FanDuel,player_points_assists,Ryan Rollins,Over,22.5,-130,2026-02-12,2026-02-10T22:46:58Z,2026-02-10 14:47:44
FanDuel,player_points_assists,Ryan Rollins,Under,22.5,-102,2026-02-12,2026-02-10T22:46:58Z,2026-02-10 14:47:44
FanDuel,player_points_assists,Jalen Suggs,Over,19.5,-120,2026-02-12,2026-02-10T22:46:58Z,2026-02-10 14:47:44
FanDuel,player_points_assists,Jalen Suggs,Under,19.5,-110,2026-02-12,2026-02-10T22:46:58Z,2026-02-10 14:47:44
FanDuel,player_points_assists,Kevin Porter Jr.,Over,25.5,-104,2026-02-12,2026-02-10T22:46:58Z,2026-02-10 14:47:44
FanDuel,player_points_assists,Kevin Porter Jr.,Under,25.5,-125,2026-02-12,2026-02-10T22:46:58Z,2026-02-10 14:47:44
FanDuel,player_points_assists,Paolo Banchero,Over,24.5,-128,2026-02-12,2026-02-10T22:46:58Z,2026-02-10 14:47:44
FanDuel,player_points_assists,Paolo Banchero,Under,24.5,-104,2026-02-12,2026-02-10T22:46:58Z,2026-02-10 14:47:44
FanDuel,player_points_assists,Desmond Bane,Over,22.5,-104,2026-02-12,2026-02-10T22:46:58Z,2026-02-10 14:47:44
FanDuel,player_points_assists,Desmond Bane,Under,22.5,-128,2026-02-12,2026-02-10T22:46:58Z,2026-02-10 14:47:44
FanDuel,player_points_assists,Anthony Black,Over,20.5,-114,2026-02-12,2026-02-10T22:46:58Z,2026-02-10 14:47:44
FanDuel,player_points_assists,Anthony Black,Under,20.5,-114,2026-02-12,2026-02-10T22:46:58Z,2026-02-10 14:47:44
FanDuel,player_points_assists,Kyle Kuzma,Over,14.5,-102,2026-02-12,2026-02-10T22:46:58Z,2026-02-10 14:47:44
FanDuel,player_points_assists,Kyle Kuzma,Under,14.5,-130,2026-02-12,2026-02-10T22:46:58Z,2026-02-10 14:47:44
FanDuel,player_points_assists,Myles Turner,Over,13.5,-118,2026-02-12,2026-02-10T22:46:58Z,2026-02-10 14:47:44
FanDuel,player_points_assists,Myles Turner,Under,13.5,-112,2026-02-12,2026-02-10T22:46:58Z,2026-02-10 14:47:44
FanDuel,player_points_assists,Chet Holmgren,Over,20.5,-106,2026-02-12,2026-02-10T22:48:18Z,2026-02-10 14:47:44
FanDuel,player_points_assists,Chet Holmgren,Under,20.5,-125,2026-02-12,2026-02-10T22:48:18Z,2026-02-10 14:47:44
FanDuel,player_points_assists,Isaiah Hartenstein,Over,13.5,-122,2026-02-12,2026-02-10T22:48:18Z,2026-02-10 14:47:44
FanDuel,player_points_assists,Isaiah Hartenstein,Under,13.5,-108,2026-02-12,2026-02-10T22:48:18Z,2026-02-10 14:47:44
FanDuel,player_points_assists,Cason Wallace,Over,12.5,-120,2026-02-12,2026-02-10T22:48:18Z,2026-02-10 14:47:44
FanDuel,player_points_assists,Cason Wallace,Under,12.5,-110,2026-02-12,2026-02-10T22:48:18Z,2026-02-10 14:47:44
FanDuel,player_points_assists,Jalen Williams,Over,24.5,-114,2026-02-12,2026-02-10T22:48:18Z,2026-02-10 14:47:44
FanDuel,player_points_assists,Jalen Williams,Under,24.5,-114,2026-02-12,2026-02-10T22:48:18Z,2026-02-10 14:47:44
DraftKings,player_points_assists,Jalen Brunson,Over,32.5,-116,2026-02-11,2026-02-10T22:46:45Z,2026-02-10 14:47:44
DraftKings,player_points_assists,Jalen Brunson,Under,32.5,-114,2026-02-11,2026-02-10T22:46:45Z,2026-02-10 14:47:44
DraftKings,player_points_assists,Pascal Siakam,Over,25.5,-121,2026-02-11,2026-02-10T22:46:45Z,2026-02-10 14:47:44
DraftKings,player_points_assists,Pascal Siakam,Under,25.5,-109,2026-02-11,2026-02-10T22:46:45Z,2026-02-10 14:47:44
DraftKings,player_points_assists,Andrew Nembhard,Over,23.5,-108,2026-02-11,2026-02-10T22:46:45Z,2026-02-10 14:47:44
DraftKings,player_points_assists,Andrew Nembhard,Under,23.5,-122,2026-02-11,2026-02-10T22:46:45Z,2026-02-10 14:47:44
DraftKings,player_points_assists,Karl-Anthony Towns,Over,22.5,-115,2026-02-11,2026-02-10T22:46:45Z,2026-02-10 14:47:44
DraftKings,player_points_assists,Karl-Anthony Towns,Under,22.5,-114,2026-02-11,2026-02-10T22:46:45Z,2026-02-10 14:47:44
DraftKings,player_points_assists,Mikal Bridges,Over,19.5,-110,2026-02-11,2026-02-10T22:46:45Z,2026-02-10 14:47:44
DraftKings,player_points_assists,Mikal Bridges,Under,19.5,-119,2026-02-11,2026-02-10T22:46:45Z,2026-02-10 14:47:44
DraftKings,player_points_assists,OG Anunoby,Over,17.5,-125,2026-02-11,2026-02-10T22:46:45Z,2026-02-10 14:47:44
DraftKings,player_points_assists,OG Anunoby,Under,17.5,-106,2026-02-11,2026-02-10T22:46:45Z,2026-02-10 14:47:44
DraftKings,player_points_assists,Josh Hart,Over,17.5,-123,2026-02-11,2026-02-10T22:46:45Z,2026-02-10 14:47:44
DraftKings,player_points_assists,Josh Hart,Under,17.5,-107,2026-02-11,2026-02-10T22:46:45Z,2026-02-10 14:47:44
DraftKings,player_points_assists,Kawhi Leonard,Over,32.5,-115,2026-02-11,2026-02-10T22:47:10Z,2026-02-10 14:47:44
DraftKings,player_points_assists,Kawhi Leonard,Under,32.5,-115,2026-02-11,2026-02-10T22:47:10Z,2026-02-10 14:47:44
DraftKings,player_points_assists,Kevin Durant,Over,28.5,-114,2026-02-11,2026-02-10T22:47:10Z,2026-02-10 14:47:44
DraftKings,player_points_assists,Kevin Durant,Under,28.5,-115,2026-02-11,2026-02-10T22:47:10Z,2026-02-10 14:47:44
DraftKings,player_points_assists,Alperen Sengun,Over,25.5,-118,2026-02-11,2026-02-10T22:47:10Z,2026-02-10 14:47:44
DraftKings,player_points_assists,Alperen Sengun,Under,25.5,-112,2026-02-11,2026-02-10T22:47:10Z,2026-02-10 14:47:44
DraftKings,player_points_assists,Amen Thompson,Over,21.5,-101,2026-02-11,2026-02-10T22:47:10Z,2026-02-10 14:47:44
DraftKings,player_points_assists,Amen Thompson,Under,21.5,-130,2026-02-11,2026-02-10T22:47:10Z,2026-02-10 14:47:44
DraftKings,player_points_assists,Reed Sheppard,Over,12.5,-112,2026-02-11,2026-02-10T22:47:10Z,2026-02-10 14:47:44
DraftKings,player_points_assists,Reed Sheppard,Under,12.5,-117,2026-02-11,2026-02-10T22:47:10Z,2026-02-10 14:47:44
DraftKings,player_points_assists,Kris Dunn,Over,11.5,-132,2026-02-11,2026-02-10T22:47:10Z,2026-02-10 14:47:44
DraftKings,player_points_assists,Kris Dunn,Under,11.5,100,2026-02-11,2026-02-10T22:47:10Z,2026-02-10 14:47:44
DraftKings,player_points_assists,Devin Booker,Over,31.5,-111,2026-02-11,2026-02-10T22:47:24Z,2026-02-10 14:47:44
DraftKings,player_points_assists,Devin Booker,Under,31.5,-119,2026-02-11,2026-02-10T22:47:24Z,2026-02-10 14:47:44
DraftKings,player_points_assists,Cooper Flagg,Over,27.5,-119,2026-02-11,2026-02-10T22:47:24Z,2026-02-10 14:47:44
DraftKings,player_points_assists,Cooper Flagg,Under,27.5,-111,2026-02-11,2026-02-10T22:47:24Z,2026-02-10 14:47:44
DraftKings,player_points_assists,Naji Marshall,Over,18.5,-118,2026-02-11,2026-02-10T22:47:24Z,2026-02-10 14:47:44
DraftKings,player_points_assists,Naji Marshall,Under,18.5,-111,2026-02-11,2026-02-10T22:47:24Z,2026-02-10 14:47:44
DraftKings,player_points_assists,Collin Gillespie,Over,17.5,-119,2026-02-11,2026-02-10T22:47:24Z,2026-02-10 14:47:44
DraftKings,player_points_assists,Collin Gillespie,Under,17.5,-110,2026-02-11,2026-02-10T22:47:24Z,2026-02-10 14:47:44
DraftKings,player_points_assists,Brandon Williams,Over,15.5,-107,2026-02-11,2026-02-10T22:47:24Z,2026-02-10 14:47:44
DraftKings,player_points_assists,Brandon Williams,Under,15.5,-123,2026-02-11,2026-02-10T22:47:24Z,2026-02-10 14:47:44
DraftKings,player_points_assists,Max Christie,Over,15.5,-105,2026-02-11,2026-02-10T22:47:24Z,2026-02-10 14:47:44
DraftKings,player_points_assists,Max Christie,Under,15.5,-125,2026-02-11,2026-02-10T22:47:24Z,2026-02-10 14:47:44
DraftKings,player_points_assists,Royce O'Neale,Over,13.5,-104,2026-02-11,2026-02-10T22:47:24Z,2026-02-10 14:47:44
DraftKings,player_points_assists,Royce O'Neale,Under,13.5,-126,2026-02-11,2026-02-10T22:47:24Z,2026-02-10 14:47:44
DraftKings,player_points_assists,P.J. Washington,Over,12.5,-129,2026-02-11,2026-02-10T22:47:24Z,2026-02-10 14:47:44
DraftKings,player_points_assists,P.J. Washington,Under,12.5,-102,2026-02-11,2026-02-10T22:47:24Z,2026-02-10 14:47:44
DraftKings,player_points_assists,Jordan Goodwin,Over,11.5,-106,2026-02-11,2026-02-10T22:47:24Z,2026-02-10 14:47:44
DraftKings,player_points_assists,Jordan Goodwin,Under,11.5,-124,2026-02-11,2026-02-10T22:47:24Z,2026-02-10 14:47:44
DraftKings,player_points_assists,Caleb Martin,Over,7.5,-105,2026-02-11,2026-02-10T22:47:24Z,2026-02-10 14:47:44
DraftKings,player_points_assists,Caleb Martin,Under,7.5,-125,2026-02-11,2026-02-10T22:47:24Z,2026-02-10 14:47:44
DraftKings,player_points_assists,Victor Wembanyama,Over,26.5,-103,2026-02-11,2026-02-10T22:47:41Z,2026-02-10 14:47:44
DraftKings,player_points_assists,Victor Wembanyama,Under,26.5,-128,2026-02-11,2026-02-10T22:47:41Z,2026-02-10 14:47:44
DraftKings,player_points_assists,Stephon Castle,Over,24.5,-104,2026-02-11,2026-02-10T22:47:41Z,2026-02-10 14:47:44
DraftKings,player_points_assists,Stephon Castle,Under,24.5,-126,2026-02-11,2026-02-10T22:47:41Z,2026-02-10 14:47:44
DraftKings,player_points_assists,De'Aaron Fox,Over,23.5,-109,2026-02-11,2026-02-10T22:47:41Z,2026-02-10 14:47:44
DraftKings,player_points_assists,De'Aaron Fox,Under,23.5,-120,2026-02-11,2026-02-10T22:47:41Z,2026-02-10 14:47:44
DraftKings,player_points_assists,Jake LaRavia,Over,16.5,-112,2026-02-11,2026-02-10T22:47:41Z,2026-02-10 14:47:44
DraftKings,player_points_assists,Jake LaRavia,Under,16.5,-118,2026-02-11,2026-02-10T22:47:41Z,2026-02-10 14:47:44
DraftKings,player_points_assists,Dylan Harper,Over,13.5,-124,2026-02-11,2026-02-10T22:47:41Z,2026-02-10 14:47:44
DraftKings,player_points_assists,Dylan Harper,Under,13.5,-106,2026-02-11,2026-02-10T22:47:41Z,2026-02-10 14:47:44
BetMGM,player_points_assists,OG Anunoby,Over,18.5,-110,2026-02-11,2026-02-10T22:47:05Z,2026-02-10 14:47:44
BetMGM,player_points_assists,OG Anunoby,Under,18.5,-118,2026-02-11,2026-02-10T22:47:05Z,2026-02-10 14:47:44
BetMGM,player_points_assists,Andrew Nembhard,Over,24.5,-118,2026-02-11,2026-02-10T22:47:05Z,2026-02-10 14:47:44
BetMGM,player_points_assists,Andrew Nembhard,Under,24.5,-110,2026-02-11,2026-02-10T22:47:05Z,2026-02-10 14:47:44
BetMGM,player_points_assists,Jalen Brunson,Over,32.5,-110,2026-02-11,2026-02-10T22:47:05Z,2026-02-10 14:47:44
BetMGM,player_points_assists,Jalen Brunson,Under,32.5,-125,2026-02-11,2026-02-10T22:47:05Z,2026-02-10 14:47:44
BetMGM,player_points_assists,Karl-Anthony Towns,Over,22.5,-105,2026-02-11,2026-02-10T22:47:05Z,2026-02-10 14:47:44
BetMGM,player_points_assists,Karl-Anthony Towns,Under,22.5,-130,2026-02-11,2026-02-10T22:47:05Z,2026-02-10 14:47:44
BetMGM,player_points_assists,Josh Hart,Over,17.5,-115,2026-02-11,2026-02-10T22:47:05Z,2026-02-10 14:47:44
BetMGM,player_points_assists,Josh Hart,Under,17.5,-115,2026-02-11,2026-02-10T22:47:05Z,2026-02-10 14:47:44
BetMGM,player_points_assists,Mikal Bridges,Over,19.5,-110,2026-02-11,2026-02-10T22:47:05Z,2026-02-10 14:47:44
BetMGM,player_points_assists,Mikal Bridges,Under,19.5,-120,2026-02-11,2026-02-10T22:47:05Z,2026-02-10 14:47:44
BetMGM,player_points_assists,Jay Huff,Over,11.5,-105,2026-02-11,2026-02-10T22:47:05Z,2026-02-10 14:47:44
BetMGM,player_points_assists,Jay Huff,Under,11.5,-125,2026-02-11,2026-02-10T22:47:05Z,2026-02-10 14:47:44
BetMGM,player_points_assists,Aaron Nesmith,Over,17.5,-105,2026-02-11,2026-02-10T22:47:05Z,2026-02-10 14:47:44
BetMGM,player_points_assists,Aaron Nesmith,Under,17.5,-130,2026-02-11,2026-02-10T22:47:05Z,2026-02-10 14:47:44
BetMGM,player_points_assists,Pascal Siakam,Over,27.5,-118,2026-02-11,2026-02-10T22:47:05Z,2026-02-10 14:47:44
BetMGM,player_points_assists,Pascal Siakam,Under,27.5,-115,2026-02-11,2026-02-10T22:47:05Z,2026-02-10 14:47:44
BetMGM,player_points_assists,Ben Sheppard,Over,10.5,-105,2026-02-11,2026-02-10T22:47:05Z,2026-02-10 14:47:44
BetMGM,player_points_assists,Ben Sheppard,Under,10.5,-130,2026-02-11,2026-02-10T22:47:05Z,2026-02-10 14:47:44
BetMGM,player_points_assists,Alperen Sengun,Over,25.5,-115,2026-02-11,2026-02-10T22:47:09Z,2026-02-10 14:47:44
BetMGM,player_points_assists,Alperen Sengun,Under,25.5,-115,2026-02-11,2026-02-10T22:47:09Z,2026-02-10 14:47:44
BetMGM,player_points_assists,Kawhi Leonard,Over,33.5,-105,2026-02-11,2026-02-10T22:47:09Z,2026-02-10 14:47:44
BetMGM,player_points_assists,Kawhi Leonard,Under,33.5,-125,2026-02-11,2026-02-10T22:47:09Z,2026-02-10 14:47:44
BetMGM,player_points_assists,Tari Eason,Over,14.5,-110,2026-02-11,2026-02-10T22:47:09Z,2026-02-10 14:47:44
BetMGM,player_points_assists,Tari Eason,Under,14.5,-118,2026-02-11,2026-02-10T22:47:09Z,2026-02-10 14:47:44
BetMGM,player_points_assists,Derrick Jones,Over,8.5,-130,2026-02-11,2026-02-10T22:47:09Z,2026-02-10 14:47:44
BetMGM,player_points_assists,Derrick Jones,Under,8.5,-105,2026-02-11,2026-02-10T22:47:09Z,2026-02-10 14:47:44
BetMGM,player_points_assists,Jabari Smith Jr,Over,15.5,-105,2026-02-11,2026-02-10T22:47:09Z,2026-02-10 14:47:44
BetMGM,player_points_assists,Jabari Smith Jr,Under,15.5,-130,2026-02-11,2026-02-10T22:47:09Z,2026-02-10 14:47:44
BetMGM,player_points_assists,John Collins,Over,14.5,-115,2026-02-11,2026-02-10T22:47:09Z,2026-02-10 14:47:44
BetMGM,player_points_assists,John Collins,Under,14.5,-115,2026-02-11,2026-02-10T22:47:09Z,2026-02-10 14:47:44
BetMGM,player_points_assists,Kevin Durant,Over,28.5,-105,2026-02-11,2026-02-10T22:47:09Z,2026-02-10 14:47:44
BetMGM,player_points_assists,Kevin Durant,Under,28.5,-125,2026-02-11,2026-02-10T22:47:09Z,2026-02-10 14:47:44
BetMGM,player_points_assists,Kris Dunn,Over,11.5,-118,2026-02-11,2026-02-10T22:47:09Z,2026-02-10 14:47:44
BetMGM,player_points_assists,Kris Dunn,Under,11.5,-110,2026-02-11,2026-02-10T22:47:09Z,2026-02-10 14:47:44
BetMGM,player_points_assists,Brook Lopez,Over,10.5,-105,2026-02-11,2026-02-10T22:47:09Z,2026-02-10 14:47:44
BetMGM,player_points_assists,Brook Lopez,Under,10.5,-130,2026-02-11,2026-02-10T22:47:09Z,2026-02-10 14:47:44
BetMGM,player_points_assists,Amen Thompson,Over,20.5,-130,2026-02-11,2026-02-10T22:47:09Z,2026-02-10 14:47:44
BetMGM,player_points_assists,Amen Thompson,Under,20.5,-105,2026-02-11,2026-02-10T22:47:09Z,2026-02-10 14:47:44
BetMGM,player_points_assists,Daniel Gafford,Over,9.5,-110,2026-02-11,2026-02-10T22:47:49Z,2026-02-10 14:47:44
BetMGM,player_points_assists,Daniel Gafford,Under,9.5,-125,2026-02-11,2026-02-10T22:47:49Z,2026-02-10 14:47:44
BetMGM,player_points_assists,Max Christie,Over,15.5,-105,2026-02-11,2026-02-10T22:47:49Z,2026-02-10 14:47:44
BetMGM,player_points_assists,Max Christie,Under,15.5,-125,2026-02-11,2026-02-10T22:47:49Z,2026-02-10 14:47:44
BetMGM,player_points_assists,Naji Marshall,Over,18.5,-110,2026-02-11,2026-02-10T22:47:49Z,2026-02-10 14:47:44
BetMGM,player_points_assists,Naji Marshall,Under,18.5,-118,2026-02-11,2026-02-10T22:47:49Z,2026-02-10 14:47:44
BetMGM,player_points_assists,Royce O'Neale,Over,13.5,-105,2026-02-11,2026-02-10T22:47:49Z,2026-02-10 14:47:44
BetMGM,player_points_assists,Royce O'Neale,Under,13.5,-125,2026-02-11,2026-02-10T22:47:49Z,2026-02-10 14:47:44
BetMGM,player_points_assists,Collin Gillespie,Over,17.5,-110,2026-02-11,2026-02-10T22:47:49Z,2026-02-10 14:47:44
BetMGM,player_points_assists,Collin Gillespie,Under,17.5,-125,2026-02-11,2026-02-10T22:47:49Z,2026-02-10 14:47:44
BetMGM,player_points_assists,Devin Booker,Over,30.5,-115,2026-02-11,2026-02-10T22:47:49Z,2026-02-10 14:47:44
BetMGM,player_points_assists,Devin Booker,Under,30.5,-115,2026-02-11,2026-02-10T22:47:49Z,2026-02-10 14:47:44
BetMGM,player_points_assists,Cooper Flagg,Over,26.5,-125,2026-02-11,2026-02-10T22:47:49Z,2026-02-10 14:47:44
BetMGM,player_points_assists,Cooper Flagg,Under,26.5,-105,2026-02-11,2026-02-10T22:47:49Z,2026-02-10 14:47:44
BetMGM,player_points_assists,Dillon Brooks,Over,22.5,-120,2026-02-11,2026-02-10T22:47:49Z,2026-02-10 14:47:44
BetMGM,player_points_assists,Dillon Brooks,Under,22.5,-110,2026-02-11,2026-02-10T22:47:49Z,2026-02-10 14:47:44
BetMGM,player_points_assists,Mark Williams,Over,13.5,-125,2026-02-11,2026-02-10T22:47:49Z,2026-02-10 14:47:44
BetMGM,player_points_assists,Mark Williams,Under,13.5,-105,2026-02-11,2026-02-10T22:47:49Z,2026-02-10 14:47:44
BetMGM,player_points_assists,Caleb Martin,Over,7.5,-120,2026-02-11,2026-02-10T22:47:49Z,2026-02-10 14:47:44
BetMGM,player_points_assists,Caleb Martin,Under,7.5,-110,2026-02-11,2026-02-10T22:47:49Z,2026-02-10 14:47:44
BetMGM,player_points_assists,Victor Wembanyama,Over,25.5,-115,2026-02-11,2026-02-10T22:47:20Z,2026-02-10 14:47:44
BetMGM,player_points_assists,Victor Wembanyama,Under,25.5,-115,2026-02-11,2026-02-10T22:47:20Z,2026-02-10 14:47:44
BetMGM,player_points_assists,De'Aaron Fox,Over,22.5,-175,2026-02-11,2026-02-10T22:47:20Z,2026-02-10 14:47:44
BetMGM,player_points_assists,De'Aaron Fox,Under,22.5,130,2026-02-11,2026-02-10T22:47:20Z,2026-02-10 14:47:44
BetMGM,player_points_assists,Stephon Castle,Over,23.5,-125,2026-02-11,2026-02-10T22:47:20Z,2026-02-10 14:47:44
BetMGM,player_points_assists,Stephon Castle,Under,23.5,-110,2026-02-11,2026-02-10T22:47:20Z,2026-02-10 14:47:44
BetMGM,player_points_assists,Devin Vassell,Over,14.5,-110,2026-02-11,2026-02-10T22:47:20Z,2026-02-10 14:47:44
BetMGM,player_points_assists,Devin Vassell,Under,14.5,-118,2026-02-11,2026-02-10T22:47:20Z,2026-02-10 14:47:44
BetMGM,player_points_assists,Julian Champagnie,Over,9.5,-125,2026-02-11,2026-02-10T22:47:20Z,2026-02-10 14:47:44
BetMGM,player_points_assists,Julian Champagnie,Under,9.5,-105,2026-02-11,2026-02-10T22:47:20Z,2026-02-10 14:47:44
BetMGM,player_points_assists,Rui Hachimura,Over,17.5,-125,2026-02-11,2026-02-10T22:47:20Z,2026-02-10 14:47:44
BetMGM,player_points_assists,Rui Hachimura,Under,17.5,-105,2026-02-11,2026-02-10T22:47:20Z,2026-02-10 14:47:44
BetMGM,player_points_assists,Deandre Ayton,Over,14.5,-115,2026-02-11,2026-02-10T22:47:20Z,2026-02-10 14:47:44
BetMGM,player_points_assists,Deandre Ayton,Under,14.5,-115,2026-02-11,2026-02-10T22:47:20Z,2026-02-10 14:47:44
BetMGM,player_points_assists,Jake LaRavia,Over,16.5,-118,2026-02-11,2026-02-10T22:47:20Z,2026-02-10 14:47:44
BetMGM,player_points_assists,Jake LaRavia,Under,16.5,-110,2026-02-11,2026-02-10T22:47:20Z,2026-02-10 14:47:44
BetMGM,player_points_assists,Jarred Vanderbilt,Over,11.5,-110,2026-02-11,2026-02-10T22:47:20Z,2026-02-10 14:47:44
BetMGM,player_points_assists,Jarred Vanderbilt,Under,11.5,-120,2026-02-11,2026-02-10T22:47:20Z,2026-02-10 14:47:44
Bovada,player_points_assists,Andrew Nembhard,Over,22.5,-160,2026-02-11,2026-02-10T22:47:30Z,2026-02-10 14:47:44
Bovada,player_points_assists,Andrew Nembhard,Under,22.5,120,2026-02-11,2026-02-10T22:47:30Z,2026-02-10 14:47:44
Bovada,player_points_assists,Andrew Nembhard,Over,23.5,-125,2026-02-11,2026-02-10T22:47:30Z,2026-02-10 14:47:44
Bovada,player_points_assists,Andrew Nembhard,Under,23.5,-105,2026-02-11,2026-02-10T22:47:30Z,2026-02-10 14:47:44
Bovada,player_points_assists,Andrew Nembhard,Over,24.5,100,2026-02-11,2026-02-10T22:47:30Z,2026-02-10 14:47:44
Bovada,player_points_assists,Andrew Nembhard,Under,24.5,-130,2026-02-11,2026-02-10T22:47:30Z,2026-02-10 14:47:44
Bovada,player_points_assists,Jalen Brunson,Over,31.5,-135,2026-02-11,2026-02-10T22:47:30Z,2026-02-10 14:47:44
Bovada,player_points_assists,Jalen Brunson,Under,31.5,105,2026-02-11,2026-02-10T22:47:30Z,2026-02-10 14:47:44
Bovada,player_points_assists,Jalen Brunson,Over,32.5,-115,2026-02-11,2026-02-10T22:47:30Z,2026-02-10 14:47:44
Bovada,player_points_assists,Jalen Brunson,Under,32.5,-115,2026-02-11,2026-02-10T22:47:30Z,2026-02-10 14:47:44
Bovada,player_points_assists,Jalen Brunson,Over,33.5,105,2026-02-11,2026-02-10T22:47:30Z,2026-02-10 14:47:44
Bovada,player_points_assists,Jalen Brunson,Under,33.5,-135,2026-02-11,2026-02-10T22:47:30Z,2026-02-10 14:47:44
Bovada,player_points_assists,Josh Hart,Over,16.5,-145,2026-02-11,2026-02-10T22:47:30Z,2026-02-10 14:47:44
Bovada,player_points_assists,Josh Hart,Under,16.5,110,2026-02-11,2026-02-10T22:47:30Z,2026-02-10 14:47:44
Bovada,player_points_assists,Josh Hart,Over,17.5,-115,2026-02-11,2026-02-10T22:47:30Z,2026-02-10 14:47:44
Bovada,player_points_assists,Josh Hart,Under,17.5,-115,2026-02-11,2026-02-10T22:47:30Z,2026-02-10 14:47:44
Bovada,player_points_assists,Josh Hart,Over,18.5,110,2026-02-11,2026-02-10T22:47:30Z,2026-02-10 14:47:44
Bovada,player_points_assists,Josh Hart,Under,18.5,-145,2026-02-11,2026-02-10T22:47:30Z,2026-02-10 14:47:44
Bovada,player_points_assists,Karl-Anthony Towns,Over,21.5,-150,2026-02-11,2026-02-10T22:47:30Z,2026-02-10 14:47:44
Bovada,player_points_assists,Karl-Anthony Towns,Under,21.5,115,2026-02-11,2026-02-10T22:47:30Z,2026-02-10 14:47:44
Bovada,player_points_assists,Karl-Anthony Towns,Over,22.5,-120,2026-02-11,2026-02-10T22:47:30Z,2026-02-10 14:47:44
Bovada,player_points_assists,Karl-Anthony Towns,Under,22.5,-110,2026-02-11,2026-02-10T22:47:30Z,2026-02-10 14:47:44
Bovada,player_points_assists,Karl-Anthony Towns,Over,23.5,105,2026-02-11,2026-02-10T22:47:30Z,2026-02-10 14:47:44
Bovada,player_points_assists,Karl-Anthony Towns,Under,23.5,-135,2026-02-11,2026-02-10T22:47:30Z,2026-02-10 14:47:44
Bovada,player_points_assists,Mikal Bridges,Over,16.5,-170,2026-02-11,2026-02-10T22:47:30Z,2026-02-10 14:47:44
Bovada,player_points_assists,Mikal Bridges,Under,16.5,130,2026-02-11,2026-02-10T22:47:30Z,2026-02-10 14:47:44
Bovada,player_points_assists,Mikal Bridges,Over,17.5,-130,2026-02-11,2026-02-10T22:47:30Z,2026-02-10 14:47:44
Bovada,player_points_assists,Mikal Bridges,Under,17.5,100,2026-02-11,2026-02-10T22:47:30Z,2026-02-10 14:47:44
Bovada,player_points_assists,Mikal Bridges,Over,18.5,-105,2026-02-11,2026-02-10T22:47:30Z,2026-02-10 14:47:44
Bovada,player_points_assists,Mikal Bridges,Under,18.5,-125,2026-02-11,2026-02-10T22:47:30Z,2026-02-10 14:47:44
Bovada,player_points_assists,OG Anunoby,Over,16.5,-170,2026-02-11,2026-02-10T22:47:30Z,2026-02-10 14:47:44
Bovada,player_points_assists,OG Anunoby,Under,16.5,130,2026-02-11,2026-02-10T22:47:30Z,2026-02-10 14:47:44
Bovada,player_points_assists,OG Anunoby,Over,17.5,-130,2026-02-11,2026-02-10T22:47:30Z,2026-02-10 14:47:44
Bovada,player_points_assists,OG Anunoby,Under,17.5,100,2026-02-11,2026-02-10T22:47:30Z,2026-02-10 14:47:44
Bovada,player_points_assists,OG Anunoby,Over,18.5,-105,2026-02-11,2026-02-10T22:47:30Z,2026-02-10 14:47:44
Bovada,player_points_assists,OG Anunoby,Under,18.5,-125,2026-02-11,2026-02-10T22:47:30Z,2026-02-10 14:47:44
Bovada,player_points_assists,Pascal Siakam,Over,24.5,-150,2026-02-11,2026-02-10T22:47:30Z,2026-02-10 14:47:44
Bovada,player_points_assists,Pascal Siakam,Under,24.5,115,2026-02-11,2026-02-10T22:47:30Z,2026-02-10 14:47:44
Bovada,player_points_assists,Pascal Siakam,Over,25.5,-125,2026-02-11,2026-02-10T22:47:30Z,2026-02-10 14:47:44
Bovada,player_points_assists,Pascal Siakam,Under,25.5,-105,2026-02-11,2026-02-10T22:47:30Z,2026-02-10 14:47:44
Bovada,player_points_assists,Pascal Siakam,Over,26.5,-105,2026-02-11,2026-02-10T22:47:30Z,2026-02-10 14:47:44
Bovada,player_points_assists,Pascal Siakam,Under,26.5,-125,2026-02-11,2026-02-10T22:47:30Z,2026-02-10 14:47:44
Bovada,player_points_assists,Alperen Sengun,Over,24.5,-145,2026-02-11,2026-02-10T22:47:39Z,2026-02-10 14:47:44
Bovada,player_points_assists,Alperen Sengun,Under,24.5,110,2026-02-11,2026-02-10T22:47:39Z,2026-02-10 14:47:44
Bovada,player_points_assists,Alperen Sengun,Over,25.5,-120,2026-02-11,2026-02-10T22:47:39Z,2026-02-10 14:47:44
Bovada,player_points_assists,Alperen Sengun,Under,25.5,-110,2026-02-11,2026-02-10T22:47:39Z,2026-02-10 14:47:44
Bovada,player_points_assists,Alperen Sengun,Over,26.5,100,2026-02-11,2026-02-10T22:47:39Z,2026-02-10 14:47:44
Bovada,player_points_assists,Alperen Sengun,Under,26.5,-130,2026-02-11,2026-02-10T22:47:39Z,2026-02-10 14:47:44
Bovada,player_points_assists,Amen Thompson,Over,19.5,-160,2026-02-11,2026-02-10T22:47:39Z,2026-02-10 14:47:44
Bovada,player_points_assists,Amen Thompson,Under,19.5,120,2026-02-11,2026-02-10T22:47:39Z,2026-02-10 14:47:44
Bovada,player_points_assists,Amen Thompson,Over,20.5,-125,2026-02-11,2026-02-10T22:47:39Z,2026-02-10 14:47:44
Bovada,player_points_assists,Amen Thompson,Under,20.5,-105,2026-02-11,2026-02-10T22:47:39Z,2026-02-10 14:47:44
Bovada,player_points_assists,Amen Thompson,Over,21.5,100,2026-02-11,2026-02-10T22:47:39Z,2026-02-10 14:47:44
Bovada,player_points_assists,Amen Thompson,Under,21.5,-130,2026-02-11,2026-02-10T22:47:39Z,2026-02-10 14:47:44
Bovada,player_points_assists,Kawhi Leonard,Over,31.5,-135,2026-02-11,2026-02-10T22:47:39Z,2026-02-10 14:47:44
Bovada,player_points_assists,Kawhi Leonard,Under,31.5,105,2026-02-11,2026-02-10T22:47:39Z,2026-02-10 14:47:44
Bovada,player_points_assists,Kawhi Leonard,Over,32.5,-115,2026-02-11,2026-02-10T22:47:39Z,2026-02-10 14:47:44
Bovada,player_points_assists,Kawhi Leonard,Under,32.5,-115,2026-02-11,2026-02-10T22:47:39Z,2026-02-10 14:47:44
Bovada,player_points_assists,Kawhi Leonard,Over,33.5,105,2026-02-11,2026-02-10T22:47:39Z,2026-02-10 14:47:44
Bovada,player_points_assists,Kawhi Leonard,Under,33.5,-135,2026-02-11,2026-02-10T22:47:39Z,2026-02-10 14:47:44
Bovada,player_points_assists,Kevin Durant,Over,27.5,-135,2026-02-11,2026-02-10T22:47:39Z,2026-02-10 14:47:44
Bovada,player_points_assists,Kevin Durant,Under,27.5,105,2026-02-11,2026-02-10T22:47:39Z,2026-02-10 14:47:44
Bovada,player_points_assists,Kevin Durant,Over,28.5,-115,2026-02-11,2026-02-10T22:47:39Z,2026-02-10 14:47:44
Bovada,player_points_assists,Kevin Durant,Under,28.5,-115,2026-02-11,2026-02-10T22:47:39Z,2026-02-10 14:47:44
Bovada,player_points_assists,Kevin Durant,Over,29.5,105,2026-02-11,2026-02-10T22:47:39Z,2026-02-10 14:47:44
Bovada,player_points_assists,Kevin Durant,Under,29.5,-135,2026-02-11,2026-02-10T22:47:39Z,2026-02-10 14:47:44
Bovada,player_points_assists,Kris Dunn,Over,10.5,-180,2026-02-11,2026-02-10T22:47:39Z,2026-02-10 14:47:44
Bovada,player_points_assists,Kris Dunn,Under,10.5,135,2026-02-11,2026-02-10T22:47:39Z,2026-02-10 14:47:44
Bovada,player_points_assists,Kris Dunn,Over,11.5,-130,2026-02-11,2026-02-10T22:47:39Z,2026-02-10 14:47:44
Bovada,player_points_assists,Kris Dunn,Under,11.5,100,2026-02-11,2026-02-10T22:47:39Z,2026-02-10 14:47:44
Bovada,player_points_assists,Kris Dunn,Over,12.5,105,2026-02-11,2026-02-10T22:47:39Z,2026-02-10 14:47:44
Bovada,player_points_assists,Kris Dunn,Under,12.5,-135,2026-02-11,2026-02-10T22:47:39Z,2026-02-10 14:47:44
Bovada,player_points_assists,Reed Sheppard,Over,10.5,-185,2026-02-11,2026-02-10T22:47:39Z,2026-02-10 14:47:44
Bovada,player_points_assists,Reed Sheppard,Under,10.5,140,2026-02-11,2026-02-10T22:47:39Z,2026-02-10 14:47:44
Bovada,player_points_assists,Reed Sheppard,Over,11.5,-135,2026-02-11,2026-02-10T22:47:39Z,2026-02-10 14:47:44
Bovada,player_points_assists,Reed Sheppard,Under,11.5,105,2026-02-11,2026-02-10T22:47:39Z,2026-02-10 14:47:44
Bovada,player_points_assists,Reed Sheppard,Over,12.5,100,2026-02-11,2026-02-10T22:47:39Z,2026-02-10 14:47:44
Bovada,player_points_assists,Reed Sheppard,Under,12.5,-130,2026-02-11,2026-02-10T22:47:39Z,2026-02-10 14:47:44
Bovada,player_points_assists,Caleb Martin,Over,6.5,-170,2026-02-11,2026-02-10T22:47:20Z,2026-02-10 14:47:44
Bovada,player_points_assists,Caleb Martin,Under,6.5,130,2026-02-11,2026-02-10T22:47:20Z,2026-02-10 14:47:44
Bovada,player_points_assists,Caleb Martin,Over,7.5,-115,2026-02-11,2026-02-10T22:47:20Z,2026-02-10 14:47:44
Bovada,player_points_assists,Caleb Martin,Under,7.5,-115,2026-02-11,2026-02-10T22:47:20Z,2026-02-10 14:47:44
Bovada,player_points_assists,Caleb Martin,Over,8.5,125,2026-02-11,2026-02-10T22:47:20Z,2026-02-10 14:47:44
Bovada,player_points_assists,Caleb Martin,Under,8.5,-165,2026-02-11,2026-02-10T22:47:20Z,2026-02-10 14:47:44
Bovada,player_points_assists,Collin Gillespie,Over,15.5,-170,2026-02-11,2026-02-10T22:47:20Z,2026-02-10 14:47:44
Bovada,player_points_assists,Collin Gillespie,Under,15.5,130,2026-02-11,2026-02-10T22:47:20Z,2026-02-10 14:47:44
Bovada,player_points_assists,Collin Gillespie,Over,16.5,-135,2026-02-11,2026-02-10T22:47:20Z,2026-02-10 14:47:44
Bovada,player_points_assists,Collin Gillespie,Under,16.5,105,2026-02-11,2026-02-10T22:47:20Z,2026-02-10 14:47:44
Bovada,player_points_assists,Collin Gillespie,Over,17.5,-105,2026-02-11,2026-02-10T22:47:20Z,2026-02-10 14:47:44
Bovada,player_points_assists,Collin Gillespie,Under,17.5,-125,2026-02-11,2026-02-10T22:47:20Z,2026-02-10 14:47:44
Bovada,player_points_assists,Cooper Flagg,Over,25.5,-165,2026-02-11,2026-02-10T22:47:20Z,2026-02-10 14:47:44
Bovada,player_points_assists,Cooper Flagg,Under,25.5,125,2026-02-11,2026-02-10T22:47:20Z,2026-02-10 14:47:44
Bovada,player_points_assists,Cooper Flagg,Over,26.5,-135,2026-02-11,2026-02-10T22:47:20Z,2026-02-10 14:47:44
Bovada,player_points_assists,Cooper Flagg,Under,26.5,105,2026-02-11,2026-02-10T22:47:20Z,2026-02-10 14:47:44
Bovada,player_points_assists,Cooper Flagg,Over,27.5,-110,2026-02-11,2026-02-10T22:47:20Z,2026-02-10 14:47:44
Bovada,player_points_assists,Cooper Flagg,Under,27.5,-120,2026-02-11,2026-02-10T22:47:20Z,2026-02-10 14:47:44
Bovada,player_points_assists,Devin Booker,Over,29.5,-145,2026-02-11,2026-02-10T22:47:20Z,2026-02-10 14:47:44
Bovada,player_points_assists,Devin Booker,Under,29.5,110,2026-02-11,2026-02-10T22:47:20Z,2026-02-10 14:47:44
Bovada,player_points_assists,Devin Booker,Over,30.5,-120,2026-02-11,2026-02-10T22:47:20Z,2026-02-10 14:47:44
Bovada,player_points_assists,Devin Booker,Under,30.5,-110,2026-02-11,2026-02-10T22:47:20Z,2026-02-10 14:47:44
Bovada,player_points_assists,Devin Booker,Over,31.5,100,2026-02-11,2026-02-10T22:47:20Z,2026-02-10 14:47:44
Bovada,player_points_assists,Devin Booker,Under,31.5,-130,2026-02-11,2026-02-10T22:47:20Z,2026-02-10 14:47:44
Bovada,player_points_assists,Dillon Brooks,Over,20.5,-165,2026-02-11,2026-02-10T22:47:20Z,2026-02-10 14:47:44
Bovada,player_points_assists,Dillon Brooks,Under,20.5,125,2026-02-11,2026-02-10T22:47:20Z,2026-02-10 14:47:44
Bovada,player_points_assists,Dillon Brooks,Over,21.5,-130,2026-02-11,2026-02-10T22:47:20Z,2026-02-10 14:47:44
Bovada,player_points_assists,Dillon Brooks,Under,21.5,100,2026-02-11,2026-02-10T22:47:20Z,2026-02-10 14:47:44
Bovada,player_points_assists,Jordan Goodwin,Over,9.5,-180,2026-02-11,2026-02-10T22:47:20Z,2026-02-10 14:47:44
Bovada,player_points_assists,Jordan Goodwin,Under,9.5,135,2026-02-11,2026-02-10T22:47:20Z,2026-02-10 14:47:44
Bovada,player_points_assists,Jordan Goodwin,Over,10.5,-130,2026-02-11,2026-02-10T22:47:20Z,2026-02-10 14:47:44
Bovada,player_points_assists,Jordan Goodwin,Under,10.5,100,2026-02-11,2026-02-10T22:47:20Z,2026-02-10 14:47:44
Bovada,player_points_assists,Jordan Goodwin,Over,11.5,105,2026-02-11,2026-02-10T22:47:20Z,2026-02-10 14:47:44
Bovada,player_points_assists,Jordan Goodwin,Under,11.5,-135,2026-02-11,2026-02-10T22:47:20Z,2026-02-10 14:47:44
Bovada,player_points_assists,Max Christie,Over,13.5,-160,2026-02-11,2026-02-10T22:47:20Z,2026-02-10 14:47:44
Bovada,player_points_assists,Max Christie,Under,13.5,120,2026-02-11,2026-02-10T22:47:20Z,2026-02-10 14:47:44
Bovada,player_points_assists,Max Christie,Over,14.5,-120,2026-02-11,2026-02-10T22:47:20Z,2026-02-10 14:47:44
Bovada,player_points_assists,Max Christie,Under,14.5,-110,2026-02-11,2026-02-10T22:47:20Z,2026-02-10 14:47:44
Bovada,player_points_assists,Max Christie,Over,15.5,110,2026-02-11,2026-02-10T22:47:20Z,2026-02-10 14:47:44
Bovada,player_points_assists,Max Christie,Under,15.5,-145,2026-02-11,2026-02-10T22:47:20Z,2026-02-10 14:47:44
Bovada,player_points_assists,Naji Marshall,Over,16.5,-180,2026-02-11,2026-02-10T22:47:20Z,2026-02-10 14:47:44
Bovada,player_points_assists,Naji Marshall,Under,16.5,135,2026-02-11,2026-02-10T22:47:20Z,2026-02-10 14:47:44
Bovada,player_points_assists,Naji Marshall,Over,17.5,-135,2026-02-11,2026-02-10T22:47:20Z,2026-02-10 14:47:44
Bovada,player_points_assists,Naji Marshall,Under,17.5,105,2026-02-11,2026-02-10T22:47:20Z,2026-02-10 14:47:44
Bovada,player_points_assists,Naji Marshall,Over,18.5,-110,2026-02-11,2026-02-10T22:47:20Z,2026-02-10 14:47:44
Bovada,player_points_assists,Naji Marshall,Under,18.5,-120,2026-02-11,2026-02-10T22:47:20Z,2026-02-10 14:47:44
Bovada,player_points_assists,P.J. Washington,Over,10.5,-200,2026-02-11,2026-02-10T22:47:20Z,2026-02-10 14:47:44
Bovada,player_points_assists,P.J. Washington,Under,10.5,150,2026-02-11,2026-02-10T22:47:20Z,2026-02-10 14:47:44
Bovada,player_points_assists,P.J. Washington,Over,11.5,-145,2026-02-11,2026-02-10T22:47:20Z,2026-02-10 14:47:44
Bovada,player_points_assists,P.J. Washington,Under,11.5,110,2026-02-11,2026-02-10T22:47:20Z,2026-02-10 14:47:44
Bovada,player_points_assists,P.J. Washington,Over,12.5,-110,2026-02-11,2026-02-10T22:47:20Z,2026-02-10 14:47:44
Bovada,player_points_assists,P.J. Washington,Under,12.5,-120,2026-02-11,2026-02-10T22:47:20Z,2026-02-10 14:47:44
Bovada,player_points_assists,Royce O'Neale,Over,11.5,-180,2026-02-11,2026-02-10T22:47:20Z,2026-02-10 14:47:44
Bovada,player_points_assists,Royce O'Neale,Under,11.5,135,2026-02-11,2026-02-10T22:47:20Z,2026-02-10 14:47:44
Bovada,player_points_assists,Royce O'Neale,Over,12.5,-130,2026-02-11,2026-02-10T22:47:20Z,2026-02-10 14:47:44
Bovada,player_points_assists,Royce O'Neale,Under,12.5,100,2026-02-11,2026-02-10T22:47:20Z,2026-02-10 14:47:44
Bovada,player_points_assists,Royce O'Neale,Over,13.5,100,2026-02-11,2026-02-10T22:47:20Z,2026-02-10 14:47:44
Bovada,player_points_assists,Royce O'Neale,Under,13.5,-130,2026-02-11,2026-02-10T22:47:20Z,2026-02-10 14:47:44
Bovada,player_points_assists,Brandon Williams,Over,13.5,-160,2026-02-11,2026-02-10T22:47:20Z,2026-02-10 14:47:44
Bovada,player_points_assists,Brandon Williams,Under,13.5,120,2026-02-11,2026-02-10T22:47:20Z,2026-02-10 14:47:44
Bovada,player_points_assists,Brandon Williams,Over,14.5,-120,2026-02-11,2026-02-10T22:47:20Z,2026-02-10 14:47:44
Bovada,player_points_assists,Brandon Williams,Under,14.5,-110,2026-02-11,2026-02-10T22:47:20Z,2026-02-10 14:47:44
Bovada,player_points_assists,Brandon Williams,Over,15.5,110,2026-02-11,2026-02-10T22:47:20Z,2026-02-10 14:47:44
Bovada,player_points_assists,Brandon Williams,Under,15.5,-145,2026-02-11,2026-02-10T22:47:20Z,2026-02-10 14:47:44
Bovada,player_points_assists,De'Aaron Fox,Over,22.5,-150,2026-02-11,2026-02-10T22:47:38Z,2026-02-10 14:47:44
Bovada,player_points_assists,De'Aaron Fox,Under,22.5,115,2026-02-11,2026-02-10T22:47:38Z,2026-02-10 14:47:44
Bovada,player_points_assists,De'Aaron Fox,Over,23.5,-120,2026-02-11,2026-02-10T22:47:38Z,2026-02-10 14:47:44
Bovada,player_points_assists,De'Aaron Fox,Under,23.5,-110,2026-02-11,2026-02-10T22:47:38Z,2026-02-10 14:47:44
Bovada,player_points_assists,De'Aaron Fox,Over,24.5,105,2026-02-11,2026-02-10T22:47:38Z,2026-02-10 14:47:44
Bovada,player_points_assists,De'Aaron Fox,Under,24.5,-135,2026-02-11,2026-02-10T22:47:38Z,2026-02-10 14:47:44
Bovada,player_points_assists,Dylan Harper,Over,11.5,-200,2026-02-11,2026-02-10T22:47:38Z,2026-02-10 14:47:44
Bovada,player_points_assists,Dylan Harper,Under,11.5,150,2026-02-11,2026-02-10T22:47:38Z,2026-02-10 14:47:44
Bovada,player_points_assists,Dylan Harper,Over,12.5,-145,2026-02-11,2026-02-10T22:47:38Z,2026-02-10 14:47:44
Bovada,player_points_assists,Dylan Harper,Under,12.5,110,2026-02-11,2026-02-10T22:47:38Z,2026-02-10 14:47:44
Bovada,player_points_assists,Dylan Harper,Over,13.5,-110,2026-02-11,2026-02-10T22:47:38Z,2026-02-10 14:47:44
Bovada,player_points_assists,Dylan Harper,Under,13.5,-120,2026-02-11,2026-02-10T22:47:38Z,2026-02-10 14:47:44
Bovada,player_points_assists,Stephon Castle,Over,23.5,-145,2026-02-11,2026-02-10T22:47:38Z,2026-02-10 14:47:44
Bovada,player_points_assists,Stephon Castle,Under,23.5,110,2026-02-11,2026-02-10T22:47:38Z,2026-02-10 14:47:44
Bovada,player_points_assists,Stephon Castle,Over,24.5,-115,2026-02-11,2026-02-10T22:47:38Z,2026-02-10 14:47:44
Bovada,player_points_assists,Stephon Castle,Under,24.5,-115,2026-02-11,2026-02-10T22:47:38Z,2026-02-10 14:47:44
Bovada,player_points_assists,Stephon Castle,Over,25.5,105,2026-02-11,2026-02-10T22:47:38Z,2026-02-10 14:47:44
Bovada,player_points_assists,Stephon Castle,Under,25.5,-135,2026-02-11,2026-02-10T22:47:38Z,2026-02-10 14:47:44
Bovada,player_points_assists,Victor Wembanyama,Over,24.5,-160,2026-02-11,2026-02-10T22:47:38Z,2026-02-10 14:47:44
Bovada,player_points_assists,Victor Wembanyama,Under,24.5,120,2026-02-11,2026-02-10T22:47:38Z,2026-02-10 14:47:44
Bovada,player_points_assists,Victor Wembanyama,Over,25.5,-125,2026-02-11,2026-02-10T22:47:38Z,2026-02-10 14:47:44
Bovada,player_points_assists,Victor Wembanyama,Under,25.5,-105,2026-02-11,2026-02-10T22:47:38Z,2026-02-10 14:47:44
Bovada,player_points_assists,Victor Wembanyama,Over,25.5,-130,2026-02-11,2026-02-10T22:47:38Z,2026-02-10 14:47:44
Bovada,player_points_assists,Victor Wembanyama,Under,25.5,100,2026-02-11,2026-02-10T22:47:38Z,2026-02-10 14:47:44
FanDuel,player_rebounds_assists,Andrew Nembhard,Over,9.5,-115,2026-02-11,2026-02-10T22:46:47Z,2026-02-10 14:47:44
FanDuel,player_rebounds_assists,Andrew Nembhard,Under,9.5,-111,2026-02-11,2026-02-10T22:46:47Z,2026-02-10 14:47:44
FanDuel,player_rebounds_assists,Pascal Siakam,Over,9.5,-138,2026-02-11,2026-02-10T22:46:47Z,2026-02-10 14:47:44
FanDuel,player_rebounds_assists,Pascal Siakam,Under,9.5,108,2026-02-11,2026-02-10T22:46:47Z,2026-02-10 14:47:44
FanDuel,player_rebounds_assists,Karl-Anthony Towns,Over,14.5,-136,2026-02-11,2026-02-10T22:46:47Z,2026-02-10 14:47:44
FanDuel,player_rebounds_assists,Karl-Anthony Towns,Under,14.5,106,2026-02-11,2026-02-10T22:46:47Z,2026-02-10 14:47:44
FanDuel,player_rebounds_assists,Josh Hart,Over,13.5,-111,2026-02-11,2026-02-10T22:46:47Z,2026-02-10 14:47:44
FanDuel,player_rebounds_assists,Josh Hart,Under,13.5,-115,2026-02-11,2026-02-10T22:46:47Z,2026-02-10 14:47:44
FanDuel,player_rebounds_assists,Jalen Brunson,Over,9.5,-122,2026-02-11,2026-02-10T22:46:47Z,2026-02-10 14:47:44
FanDuel,player_rebounds_assists,Jalen Brunson,Under,9.5,-104,2026-02-11,2026-02-10T22:46:47Z,2026-02-10 14:47:44
FanDuel,player_rebounds_assists,Mikal Bridges,Over,7.5,-115,2026-02-11,2026-02-10T22:46:47Z,2026-02-10 14:47:44
FanDuel,player_rebounds_assists,Mikal Bridges,Under,7.5,-111,2026-02-11,2026-02-10T22:46:47Z,2026-02-10 14:47:44
FanDuel,player_rebounds_assists,Kevin Durant,Over,9.5,106,2026-02-11,2026-02-10T22:47:01Z,2026-02-10 14:47:44
FanDuel,player_rebounds_assists,Kevin Durant,Under,9.5,-136,2026-02-11,2026-02-10T22:47:01Z,2026-02-10 14:47:44
FanDuel,player_rebounds_assists,Kris Dunn,Over,7.5,106,2026-02-11,2026-02-10T22:47:01Z,2026-02-10 14:47:44
FanDuel,player_rebounds_assists,Kris Dunn,Under,7.5,-136,2026-02-11,2026-02-10T22:47:01Z,2026-02-10 14:47:44
FanDuel,player_rebounds_assists,Amen Thompson,Over,12.5,-108,2026-02-11,2026-02-10T22:47:01Z,2026-02-10 14:47:44
FanDuel,player_rebounds_assists,Amen Thompson,Under,12.5,-118,2026-02-11,2026-02-10T22:47:01Z,2026-02-10 14:47:44
FanDuel,player_rebounds_assists,Alperen Sengun,Over,15.5,-106,2026-02-11,2026-02-10T22:47:01Z,2026-02-10 14:47:44
FanDuel,player_rebounds_assists,Alperen Sengun,Under,15.5,-120,2026-02-11,2026-02-10T22:47:01Z,2026-02-10 14:47:44
FanDuel,player_rebounds_assists,Brook Lopez,Over,5.5,-104,2026-02-11,2026-02-10T22:47:01Z,2026-02-10 14:47:44
FanDuel,player_rebounds_assists,Brook Lopez,Under,5.5,-122,2026-02-11,2026-02-10T22:47:01Z,2026-02-10 14:47:44
FanDuel,player_rebounds_assists,Kawhi Leonard,Over,11.5,102,2026-02-11,2026-02-10T22:47:01Z,2026-02-10 14:47:44
FanDuel,player_rebounds_assists,Kawhi Leonard,Under,11.5,-130,2026-02-11,2026-02-10T22:47:01Z,2026-02-10 14:47:44
FanDuel,player_rebounds_assists,Reed Sheppard,Over,4.5,100,2026-02-11,2026-02-10T22:47:01Z,2026-02-10 14:47:44
FanDuel,player_rebounds_assists,Reed Sheppard,Under,4.5,-128,2026-02-11,2026-02-10T22:47:01Z,2026-02-10 14:47:44
FanDuel,player_rebounds_assists,Max Christie,Over,5.5,-104,2026-02-11,2026-02-10T22:47:39Z,2026-02-10 14:47:44
FanDuel,player_rebounds_assists,Max Christie,Under,5.5,-122,2026-02-11,2026-02-10T22:47:39Z,2026-02-10 14:47:44
FanDuel,player_rebounds_assists,Royce O'Neale,Over,7.5,-128,2026-02-11,2026-02-10T22:47:39Z,2026-02-10 14:47:44
FanDuel,player_rebounds_assists,Royce O'Neale,Under,7.5,100,2026-02-11,2026-02-10T22:47:39Z,2026-02-10 14:47:44
FanDuel,player_rebounds_assists,Collin Gillespie,Over,8.5,-130,2026-02-11,2026-02-10T22:47:39Z,2026-02-10 14:47:44
FanDuel,player_rebounds_assists,Collin Gillespie,Under,8.5,102,2026-02-11,2026-02-10T22:47:39Z,2026-02-10 14:47:44
FanDuel,player_rebounds_assists,Cooper Flagg,Over,11.5,-120,2026-02-11,2026-02-10T22:47:39Z,2026-02-10 14:47:44
FanDuel,player_rebounds_assists,Cooper Flagg,Under,11.5,-106,2026-02-11,2026-02-10T22:47:39Z,2026-02-10 14:47:44
FanDuel,player_rebounds_assists,Dillon Brooks,Over,5.5,-148,2026-02-11,2026-02-10T22:47:39Z,2026-02-10 14:47:44
FanDuel,player_rebounds_assists,Dillon Brooks,Under,5.5,116,2026-02-11,2026-02-10T22:47:39Z,2026-02-10 14:47:44
FanDuel,player_rebounds_assists,Caleb Martin,Over,5.5,-122,2026-02-11,2026-02-10T22:47:39Z,2026-02-10 14:47:44
FanDuel,player_rebounds_assists,Caleb Martin,Under,5.5,-104,2026-02-11,2026-02-10T22:47:39Z,2026-02-10 14:47:44
FanDuel,player_rebounds_assists,Jalen Green,Over,4.5,-125,2026-02-11,2026-02-10T22:47:39Z,2026-02-10 14:47:44
FanDuel,player_rebounds_assists,Jalen Green,Under,4.5,-102,2026-02-11,2026-02-10T22:47:39Z,2026-02-10 14:47:44
FanDuel,player_rebounds_assists,Jordan Goodwin,Over,7.5,-113,2026-02-11,2026-02-10T22:47:39Z,2026-02-10 14:47:44
FanDuel,player_rebounds_assists,Jordan Goodwin,Under,7.5,-113,2026-02-11,2026-02-10T22:47:39Z,2026-02-10 14:47:44
FanDuel,player_rebounds_assists,Devin Booker,Over,10.5,110,2026-02-11,2026-02-10T22:47:39Z,2026-02-10 14:47:44
FanDuel,player_rebounds_assists,Devin Booker,Under,10.5,-140,2026-02-11,2026-02-10T22:47:39Z,2026-02-10 14:47:44
FanDuel,player_rebounds_assists,Victor Wembanyama,Over,13.5,-136,2026-02-11,2026-02-10T22:47:19Z,2026-02-10 14:47:44
FanDuel,player_rebounds_assists,Victor Wembanyama,Under,13.5,102,2026-02-11,2026-02-10T22:47:19Z,2026-02-10 14:47:44
FanDuel,player_rebounds_assists,De'Aaron Fox,Over,9.5,-104,2026-02-11,2026-02-10T22:47:19Z,2026-02-10 14:47:44
FanDuel,player_rebounds_assists,De'Aaron Fox,Under,9.5,-128,2026-02-11,2026-02-10T22:47:19Z,2026-02-10 14:47:44
FanDuel,player_rebounds_assists,Dylan Harper,Over,7.5,110,2026-02-11,2026-02-10T22:47:19Z,2026-02-10 14:47:44
FanDuel,player_rebounds_assists,Dylan Harper,Under,7.5,-146,2026-02-11,2026-02-10T22:47:19Z,2026-02-10 14:47:44
FanDuel,player_rebounds_assists,Stephon Castle,Over,11.5,-144,2026-02-11,2026-02-10T22:47:19Z,2026-02-10 14:47:44
FanDuel,player_rebounds_assists,Stephon Castle,Under,11.5,108,2026-02-11,2026-02-10T22:47:19Z,2026-02-10 14:47:44
FanDuel,player_rebounds_assists,Jake LaRavia,Over,7.5,-132,2026-02-11,2026-02-10T22:47:19Z,2026-02-10 14:47:44
FanDuel,player_rebounds_assists,Jake LaRavia,Under,7.5,100,2026-02-11,2026-02-10T22:47:19Z,2026-02-10 14:47:44
FanDuel,player_rebounds_assists,Paolo Banchero,Over,12.5,-122,2026-02-12,2026-02-10T22:48:05Z,2026-02-10 14:47:44
FanDuel,player_rebounds_assists,Paolo Banchero,Under,12.5,-108,2026-02-12,2026-02-10T22:48:05Z,2026-02-10 14:47:44
FanDuel,player_rebounds_assists,Desmond Bane,Over,8.5,112,2026-02-12,2026-02-10T22:48:05Z,2026-02-10 14:47:44
FanDuel,player_rebounds_assists,Desmond Bane,Under,8.5,-148,2026-02-12,2026-02-10T22:48:05Z,2026-02-10 14:47:44
FanDuel,player_rebounds_assists,Anthony Black,Over,8.5,-112,2026-02-12,2026-02-10T22:48:05Z,2026-02-10 14:47:44
FanDuel,player_rebounds_assists,Anthony Black,Under,8.5,-118,2026-02-12,2026-02-10T22:48:05Z,2026-02-10 14:47:44
FanDuel,player_rebounds_assists,Jalen Suggs,Over,9.5,-148,2026-02-12,2026-02-10T22:48:05Z,2026-02-10 14:47:44
FanDuel,player_rebounds_assists,Jalen Suggs,Under,9.5,112,2026-02-12,2026-02-10T22:48:05Z,2026-02-10 14:47:44
FanDuel,player_rebounds_assists,Kyle Kuzma,Over,7.5,-102,2026-02-12,2026-02-10T22:48:05Z,2026-02-10 14:47:44
FanDuel,player_rebounds_assists,Kyle Kuzma,Under,7.5,-130,2026-02-12,2026-02-10T22:48:05Z,2026-02-10 14:47:44
FanDuel,player_rebounds_assists,Franz Wagner,Over,6.5,-132,2026-02-12,2026-02-10T22:48:05Z,2026-02-10 14:47:44
FanDuel,player_rebounds_assists,Franz Wagner,Under,6.5,100,2026-02-12,2026-02-10T22:48:05Z,2026-02-10 14:47:44
FanDuel,player_rebounds_assists,Ryan Rollins,Over,10.5,-112,2026-02-12,2026-02-10T22:48:05Z,2026-02-10 14:47:44
FanDuel,player_rebounds_assists,Ryan Rollins,Under,10.5,-118,2026-02-12,2026-02-10T22:48:05Z,2026-02-10 14:47:44
FanDuel,player_rebounds_assists,Myles Turner,Over,7.5,116,2026-02-12,2026-02-10T22:48:05Z,2026-02-10 14:47:44
FanDuel,player_rebounds_assists,Myles Turner,Under,7.5,-154,2026-02-12,2026-02-10T22:48:05Z,2026-02-10 14:47:44
FanDuel,player_rebounds_assists,Kevin Porter Jr.,Over,12.5,104,2026-02-12,2026-02-10T22:48:05Z,2026-02-10 14:47:44
FanDuel,player_rebounds_assists,Kevin Porter Jr.,Under,12.5,-138,2026-02-12,2026-02-10T22:48:05Z,2026-02-10 14:47:44
FanDuel,player_rebounds_assists,Isaiah Hartenstein,Over,12.5,-118,2026-02-12,2026-02-10T22:48:18Z,2026-02-10 14:47:44
FanDuel,player_rebounds_assists,Isaiah Hartenstein,Under,12.5,-112,2026-02-12,2026-02-10T22:48:18Z,2026-02-10 14:47:44
FanDuel,player_rebounds_assists,Chet Holmgren,Over,10.5,-125,2026-02-12,2026-02-10T22:48:18Z,2026-02-10 14:47:44
FanDuel,player_rebounds_assists,Chet Holmgren,Under,10.5,-106,2026-02-12,2026-02-10T22:48:18Z,2026-02-10 14:47:44
FanDuel,player_rebounds_assists,Cason Wallace,Over,6.5,-104,2026-02-12,2026-02-10T22:48:18Z,2026-02-10 14:47:44
FanDuel,player_rebounds_assists,Cason Wallace,Under,6.5,-128,2026-02-12,2026-02-10T22:48:18Z,2026-02-10 14:47:44
FanDuel,player_rebounds_assists,Jalen Williams,Over,9.5,-112,2026-02-12,2026-02-10T22:48:18Z,2026-02-10 14:47:44
FanDuel,player_rebounds_assists,Jalen Williams,Under,9.5,-118,2026-02-12,2026-02-10T22:48:18Z,2026-02-10 14:47:44
DraftKings,player_rebounds_assists,Karl-Anthony Towns,Over,15.5,101,2026-02-11,2026-02-10T22:46:45Z,2026-02-10 14:47:44
DraftKings,player_rebounds_assists,Karl-Anthony Towns,Under,15.5,-133,2026-02-11,2026-02-10T22:46:45Z,2026-02-10 14:47:44
DraftKings,player_rebounds_assists,Josh Hart,Over,13.5,-119,2026-02-11,2026-02-10T22:46:45Z,2026-02-10 14:47:44
DraftKings,player_rebounds_assists,Josh Hart,Under,13.5,-111,2026-02-11,2026-02-10T22:46:45Z,2026-02-10 14:47:44
DraftKings,player_rebounds_assists,Pascal Siakam,Over,10.5,106,2026-02-11,2026-02-10T22:46:45Z,2026-02-10 14:47:44
DraftKings,player_rebounds_assists,Pascal Siakam,Under,10.5,-140,2026-02-11,2026-02-10T22:46:45Z,2026-02-10 14:47:44
DraftKings,player_rebounds_assists,Andrew Nembhard,Over,9.5,-112,2026-02-11,2026-02-10T22:46:45Z,2026-02-10 14:47:44
DraftKings,player_rebounds_assists,Andrew Nembhard,Under,9.5,-117,2026-02-11,2026-02-10T22:46:45Z,2026-02-10 14:47:44
DraftKings,player_rebounds_assists,Jalen Brunson,Over,9.5,-108,2026-02-11,2026-02-10T22:46:45Z,2026-02-10 14:47:44
DraftKings,player_rebounds_assists,Jalen Brunson,Under,9.5,-122,2026-02-11,2026-02-10T22:46:45Z,2026-02-10 14:47:44
DraftKings,player_rebounds_assists,OG Anunoby,Over,7.5,-134,2026-02-11,2026-02-10T22:46:45Z,2026-02-10 14:47:44
DraftKings,player_rebounds_assists,OG Anunoby,Under,7.5,102,2026-02-11,2026-02-10T22:46:45Z,2026-02-10 14:47:44
DraftKings,player_rebounds_assists,Mikal Bridges,Over,7.5,-112,2026-02-11,2026-02-10T22:46:45Z,2026-02-10 14:47:44
DraftKings,player_rebounds_assists,Mikal Bridges,Under,7.5,-118,2026-02-11,2026-02-10T22:46:45Z,2026-02-10 14:47:44
DraftKings,player_rebounds_assists,Alperen Sengun,Over,15.5,-126,2026-02-11,2026-02-10T22:47:10Z,2026-02-10 14:47:44
DraftKings,player_rebounds_assists,Alperen Sengun,Under,15.5,-105,2026-02-11,2026-02-10T22:47:10Z,2026-02-10 14:47:44
DraftKings,player_rebounds_assists,Amen Thompson,Over,12.5,-113,2026-02-11,2026-02-10T22:47:10Z,2026-02-10 14:47:44
DraftKings,player_rebounds_assists,Amen Thompson,Under,12.5,-116,2026-02-11,2026-02-10T22:47:10Z,2026-02-10 14:47:44
DraftKings,player_rebounds_assists,Kawhi Leonard,Over,11.5,102,2026-02-11,2026-02-10T22:47:10Z,2026-02-10 14:47:44
DraftKings,player_rebounds_assists,Kawhi Leonard,Under,11.5,-134,2026-02-11,2026-02-10T22:47:10Z,2026-02-10 14:47:44
DraftKings,player_rebounds_assists,Kevin Durant,Over,9.5,-106,2026-02-11,2026-02-10T22:47:10Z,2026-02-10 14:47:44
DraftKings,player_rebounds_assists,Kevin Durant,Under,9.5,-125,2026-02-11,2026-02-10T22:47:10Z,2026-02-10 14:47:44
DraftKings,player_rebounds_assists,Jabari Smith Jr,Over,8.5,-110,2026-02-11,2026-02-10T22:47:10Z,2026-02-10 14:47:44
DraftKings,player_rebounds_assists,Jabari Smith Jr,Under,8.5,-119,2026-02-11,2026-02-10T22:47:10Z,2026-02-10 14:47:44
DraftKings,player_rebounds_assists,Kris Dunn,Over,7.5,111,2026-02-11,2026-02-10T22:47:10Z,2026-02-10 14:47:44
DraftKings,player_rebounds_assists,Kris Dunn,Under,7.5,-147,2026-02-11,2026-02-10T22:47:10Z,2026-02-10 14:47:44
DraftKings,player_rebounds_assists,Reed Sheppard,Over,4.5,-113,2026-02-11,2026-02-10T22:47:10Z,2026-02-10 14:47:44
DraftKings,player_rebounds_assists,Reed Sheppard,Under,4.5,-116,2026-02-11,2026-02-10T22:47:10Z,2026-02-10 14:47:44
DraftKings,player_rebounds_assists,Cooper Flagg,Over,11.5,-130,2026-02-11,2026-02-10T22:47:24Z,2026-02-10 14:47:44
DraftKings,player_rebounds_assists,Cooper Flagg,Under,11.5,-101,2026-02-11,2026-02-10T22:47:24Z,2026-02-10 14:47:44
DraftKings,player_rebounds_assists,Devin Booker,Over,10.5,104,2026-02-11,2026-02-10T22:47:24Z,2026-02-10 14:47:44
DraftKings,player_rebounds_assists,Devin Booker,Under,10.5,-137,2026-02-11,2026-02-10T22:47:24Z,2026-02-10 14:47:44
DraftKings,player_rebounds_assists,Collin Gillespie,Over,9.5,110,2026-02-11,2026-02-10T22:47:24Z,2026-02-10 14:47:44
DraftKings,player_rebounds_assists,Collin Gillespie,Under,9.5,-144,2026-02-11,2026-02-10T22:47:24Z,2026-02-10 14:47:44
DraftKings,player_rebounds_assists,Naji Marshall,Over,8.5,-105,2026-02-11,2026-02-10T22:47:24Z,2026-02-10 14:47:44
DraftKings,player_rebounds_assists,Naji Marshall,Under,8.5,-125,2026-02-11,2026-02-10T22:47:24Z,2026-02-10 14:47:44
DraftKings,player_rebounds_assists,Royce O'Neale,Over,8.5,112,2026-02-11,2026-02-10T22:47:24Z,2026-02-10 14:47:44
DraftKings,player_rebounds_assists,Royce O'Neale,Under,8.5,-148,2026-02-11,2026-02-10T22:47:24Z,2026-02-10 14:47:44
DraftKings,player_rebounds_assists,Jordan Goodwin,Over,7.5,-113,2026-02-11,2026-02-10T22:47:24Z,2026-02-10 14:47:44
DraftKings,player_rebounds_assists,Jordan Goodwin,Under,7.5,-116,2026-02-11,2026-02-10T22:47:24Z,2026-02-10 14:47:44
DraftKings,player_rebounds_assists,Dillon Brooks,Over,5.5,-141,2026-02-11,2026-02-10T22:47:24Z,2026-02-10 14:47:44
DraftKings,player_rebounds_assists,Dillon Brooks,Under,5.5,107,2026-02-11,2026-02-10T22:47:24Z,2026-02-10 14:47:44
DraftKings,player_rebounds_assists,Max Christie,Over,5.5,-110,2026-02-11,2026-02-10T22:47:24Z,2026-02-10 14:47:44
DraftKings,player_rebounds_assists,Max Christie,Under,5.5,-120,2026-02-11,2026-02-10T22:47:24Z,2026-02-10 14:47:44
DraftKings,player_rebounds_assists,Caleb Martin,Over,5.5,-109,2026-02-11,2026-02-10T22:47:24Z,2026-02-10 14:47:44
DraftKings,player_rebounds_assists,Caleb Martin,Under,5.5,-121,2026-02-11,2026-02-10T22:47:24Z,2026-02-10 14:47:44
DraftKings,player_rebounds_assists,Jalen Green,Over,4.5,-129,2026-02-11,2026-02-10T22:47:24Z,2026-02-10 14:47:44
DraftKings,player_rebounds_assists,Jalen Green,Under,4.5,-102,2026-02-11,2026-02-10T22:47:24Z,2026-02-10 14:47:44
DraftKings,player_rebounds_assists,Victor Wembanyama,Over,14.5,103,2026-02-11,2026-02-10T22:47:41Z,2026-02-10 14:47:44
DraftKings,player_rebounds_assists,Victor Wembanyama,Under,14.5,-136,2026-02-11,2026-02-10T22:47:41Z,2026-02-10 14:47:44
DraftKings,player_rebounds_assists,Stephon Castle,Over,12.5,-104,2026-02-11,2026-02-10T22:47:41Z,2026-02-10 14:47:44
DraftKings,player_rebounds_assists,Stephon Castle,Under,12.5,-127,2026-02-11,2026-02-10T22:47:41Z,2026-02-10 14:47:44
DraftKings,player_rebounds_assists,De'Aaron Fox,Over,9.5,-117,2026-02-11,2026-02-10T22:47:41Z,2026-02-10 14:47:44
DraftKings,player_rebounds_assists,De'Aaron Fox,Under,9.5,-113,2026-02-11,2026-02-10T22:47:41Z,2026-02-10 14:47:44
DraftKings,player_rebounds_assists,Jake LaRavia,Over,7.5,-140,2026-02-11,2026-02-10T22:47:41Z,2026-02-10 14:47:44
DraftKings,player_rebounds_assists,Jake LaRavia,Under,7.5,106,2026-02-11,2026-02-10T22:47:41Z,2026-02-10 14:47:44
DraftKings,player_rebounds_assists,Dylan Harper,Over,6.5,-118,2026-02-11,2026-02-10T22:47:41Z,2026-02-10 14:47:44
DraftKings,player_rebounds_assists,Dylan Harper,Under,6.5,-111,2026-02-11,2026-02-10T22:47:41Z,2026-02-10 14:47:44
BetMGM,player_rebounds_assists,OG Anunoby,Over,8.5,100,2026-02-11,2026-02-10T22:47:05Z,2026-02-10 14:47:44
BetMGM,player_rebounds_assists,OG Anunoby,Under,8.5,-135,2026-02-11,2026-02-10T22:47:05Z,2026-02-10 14:47:44
BetMGM,player_rebounds_assists,Josh Hart,Over,13.5,-115,2026-02-11,2026-02-10T22:47:05Z,2026-02-10 14:47:44
BetMGM,player_rebounds_assists,Josh Hart,Under,13.5,-118,2026-02-11,2026-02-10T22:47:05Z,2026-02-10 14:47:44
BetMGM,player_rebounds_assists,Pascal Siakam,Over,10.5,-110,2026-02-11,2026-02-10T22:47:05Z,2026-02-10 14:47:44
BetMGM,player_rebounds_assists,Pascal Siakam,Under,10.5,-118,2026-02-11,2026-02-10T22:47:05Z,2026-02-10 14:47:44
BetMGM,player_rebounds_assists,Karl-Anthony Towns,Over,15.5,-105,2026-02-11,2026-02-10T22:47:05Z,2026-02-10 14:47:44
BetMGM,player_rebounds_assists,Karl-Anthony Towns,Under,15.5,-125,2026-02-11,2026-02-10T22:47:05Z,2026-02-10 14:47:44
BetMGM,player_rebounds_assists,Mikal Bridges,Over,7.5,-135,2026-02-11,2026-02-10T22:47:05Z,2026-02-10 14:47:44
BetMGM,player_rebounds_assists,Mikal Bridges,Under,7.5,100,2026-02-11,2026-02-10T22:47:05Z,2026-02-10 14:47:44
BetMGM,player_rebounds_assists,Aaron Nesmith,Over,6.5,-105,2026-02-11,2026-02-10T22:47:05Z,2026-02-10 14:47:44
BetMGM,player_rebounds_assists,Aaron Nesmith,Under,6.5,-125,2026-02-11,2026-02-10T22:47:05Z,2026-02-10 14:47:44
BetMGM,player_rebounds_assists,Andrew Nembhard,Over,10.5,-105,2026-02-11,2026-02-10T22:47:05Z,2026-02-10 14:47:44
BetMGM,player_rebounds_assists,Andrew Nembhard,Under,10.5,-130,2026-02-11,2026-02-10T22:47:05Z,2026-02-10 14:47:44
BetMGM,player_rebounds_assists,Jalen Brunson,Over,9.5,-110,2026-02-11,2026-02-10T22:47:05Z,2026-02-10 14:47:44
BetMGM,player_rebounds_assists,Jalen Brunson,Under,9.5,-118,2026-02-11,2026-02-10T22:47:05Z,2026-02-10 14:47:44
BetMGM,player_rebounds_assists,Jay Huff,Over,6.5,-105,2026-02-11,2026-02-10T22:47:05Z,2026-02-10 14:47:44
BetMGM,player_rebounds_assists,Jay Huff,Under,6.5,-125,2026-02-11,2026-02-10T22:47:05Z,2026-02-10 14:47:44
BetMGM,player_rebounds_assists,Ben Sheppard,Over,5.5,-130,2026-02-11,2026-02-10T22:47:05Z,2026-02-10 14:47:44
BetMGM,player_rebounds_assists,Ben Sheppard,Under,5.5,-105,2026-02-11,2026-02-10T22:47:05Z,2026-02-10 14:47:44
BetMGM,player_rebounds_assists,Alperen Sengun,Over,15.5,-105,2026-02-11,2026-02-10T22:47:09Z,2026-02-10 14:47:44
BetMGM,player_rebounds_assists,Alperen Sengun,Under,15.5,-125,2026-02-11,2026-02-10T22:47:09Z,2026-02-10 14:47:44
BetMGM,player_rebounds_assists,Brook Lopez,Over,5.5,100,2026-02-11,2026-02-10T22:47:09Z,2026-02-10 14:47:44
BetMGM,player_rebounds_assists,Brook Lopez,Under,5.5,-135,2026-02-11,2026-02-10T22:47:09Z,2026-02-10 14:47:44
BetMGM,player_rebounds_assists,Derrick Jones,Over,3.5,-160,2026-02-11,2026-02-10T22:47:09Z,2026-02-10 14:47:44
BetMGM,player_rebounds_assists,Derrick Jones,Under,3.5,120,2026-02-11,2026-02-10T22:47:09Z,2026-02-10 14:47:44
BetMGM,player_rebounds_assists,Jabari Smith Jr,Over,8.5,-105,2026-02-11,2026-02-10T22:47:09Z,2026-02-10 14:47:44
BetMGM,player_rebounds_assists,Jabari Smith Jr,Under,8.5,-130,2026-02-11,2026-02-10T22:47:09Z,2026-02-10 14:47:44
BetMGM,player_rebounds_assists,Kris Dunn,Over,7.5,-105,2026-02-11,2026-02-10T22:47:09Z,2026-02-10 14:47:44
BetMGM,player_rebounds_assists,Kris Dunn,Under,7.5,-125,2026-02-11,2026-02-10T22:47:09Z,2026-02-10 14:47:44
BetMGM,player_rebounds_assists,Kevin Durant,Over,9.5,-105,2026-02-11,2026-02-10T22:47:09Z,2026-02-10 14:47:44
BetMGM,player_rebounds_assists,Kevin Durant,Under,9.5,-125,2026-02-11,2026-02-10T22:47:09Z,2026-02-10 14:47:44
BetMGM,player_rebounds_assists,John Collins,Over,6.5,-110,2026-02-11,2026-02-10T22:47:09Z,2026-02-10 14:47:44
BetMGM,player_rebounds_assists,John Collins,Under,6.5,-118,2026-02-11,2026-02-10T22:47:09Z,2026-02-10 14:47:44
BetMGM,player_rebounds_assists,Tari Eason,Over,7.5,-145,2026-02-11,2026-02-10T22:47:09Z,2026-02-10 14:47:44
BetMGM,player_rebounds_assists,Tari Eason,Under,7.5,110,2026-02-11,2026-02-10T22:47:09Z,2026-02-10 14:47:44
BetMGM,player_rebounds_assists,Amen Thompson,Over,12.5,105,2026-02-11,2026-02-10T22:47:09Z,2026-02-10 14:47:44
BetMGM,player_rebounds_assists,Amen Thompson,Under,12.5,-140,2026-02-11,2026-02-10T22:47:09Z,2026-02-10 14:47:44
BetMGM,player_rebounds_assists,Kawhi Leonard,Over,10.5,-140,2026-02-11,2026-02-10T22:47:09Z,2026-02-10 14:47:44
BetMGM,player_rebounds_assists,Kawhi Leonard,Under,10.5,105,2026-02-11,2026-02-10T22:47:09Z,2026-02-10 14:47:44
BetMGM,player_rebounds_assists,Daniel Gafford,Over,8.5,110,2026-02-11,2026-02-10T22:47:49Z,2026-02-10 14:47:44
BetMGM,player_rebounds_assists,Daniel Gafford,Under,8.5,-145,2026-02-11,2026-02-10T22:47:49Z,2026-02-10 14:47:44
BetMGM,player_rebounds_assists,Max Christie,Over,5.5,-120,2026-02-11,2026-02-10T22:47:49Z,2026-02-10 14:47:44
BetMGM,player_rebounds_assists,Max Christie,Under,5.5,-110,2026-02-11,2026-02-10T22:47:49Z,2026-02-10 14:47:44
BetMGM,player_rebounds_assists,Mark Williams,Over,10.5,-105,2026-02-11,2026-02-10T22:47:49Z,2026-02-10 14:47:44
BetMGM,player_rebounds_assists,Mark Williams,Under,10.5,-130,2026-02-11,2026-02-10T22:47:49Z,2026-02-10 14:47:44
BetMGM,player_rebounds_assists,Naji Marshall,Over,8.5,-118,2026-02-11,2026-02-10T22:47:49Z,2026-02-10 14:47:44
BetMGM,player_rebounds_assists,Naji Marshall,Under,8.5,-115,2026-02-11,2026-02-10T22:47:49Z,2026-02-10 14:47:44
BetMGM,player_rebounds_assists,Royce O'Neale,Over,7.5,-120,2026-02-11,2026-02-10T22:47:49Z,2026-02-10 14:47:44
BetMGM,player_rebounds_assists,Royce O'Neale,Under,7.5,-110,2026-02-11,2026-02-10T22:47:49Z,2026-02-10 14:47:44
BetMGM,player_rebounds_assists,Collin Gillespie,Over,8.5,-135,2026-02-11,2026-02-10T22:47:49Z,2026-02-10 14:47:44
BetMGM,player_rebounds_assists,Collin Gillespie,Under,8.5,100,2026-02-11,2026-02-10T22:47:49Z,2026-02-10 14:47:44
BetMGM,player_rebounds_assists,Devin Booker,Over,9.5,-130,2026-02-11,2026-02-10T22:47:49Z,2026-02-10 14:47:44
BetMGM,player_rebounds_assists,Devin Booker,Under,9.5,-105,2026-02-11,2026-02-10T22:47:49Z,2026-02-10 14:47:44
BetMGM,player_rebounds_assists,Cooper Flagg,Over,11.5,-110,2026-02-11,2026-02-10T22:47:49Z,2026-02-10 14:47:44
BetMGM,player_rebounds_assists,Cooper Flagg,Under,11.5,-118,2026-02-11,2026-02-10T22:47:49Z,2026-02-10 14:47:44
BetMGM,player_rebounds_assists,Dillon Brooks,Over,5.5,-145,2026-02-11,2026-02-10T22:47:49Z,2026-02-10 14:47:44
BetMGM,player_rebounds_assists,Dillon Brooks,Under,5.5,105,2026-02-11,2026-02-10T22:47:49Z,2026-02-10 14:47:44
BetMGM,player_rebounds_assists,Victor Wembanyama,Over,13.5,-130,2026-02-11,2026-02-10T22:47:20Z,2026-02-10 14:47:44
BetMGM,player_rebounds_assists,Victor Wembanyama,Under,13.5,-105,2026-02-11,2026-02-10T22:47:20Z,2026-02-10 14:47:44
BetMGM,player_rebounds_assists,De'Aaron Fox,Over,9.5,-105,2026-02-11,2026-02-10T22:47:20Z,2026-02-10 14:47:44
BetMGM,player_rebounds_assists,De'Aaron Fox,Under,9.5,-125,2026-02-11,2026-02-10T22:47:20Z,2026-02-10 14:47:44
BetMGM,player_rebounds_assists,Julian Champagnie,Over,6.5,105,2026-02-11,2026-02-10T22:47:20Z,2026-02-10 14:47:44
BetMGM,player_rebounds_assists,Julian Champagnie,Under,6.5,-140,2026-02-11,2026-02-10T22:47:20Z,2026-02-10 14:47:44
BetMGM,player_rebounds_assists,Devin Vassell,Over,5.5,-115,2026-02-11,2026-02-10T22:47:20Z,2026-02-10 14:47:44
BetMGM,player_rebounds_assists,Devin Vassell,Under,5.5,-118,2026-02-11,2026-02-10T22:47:20Z,2026-02-10 14:47:44
BetMGM,player_rebounds_assists,Deandre Ayton,Over,9.5,-125,2026-02-11,2026-02-10T22:47:20Z,2026-02-10 14:47:44
BetMGM,player_rebounds_assists,Deandre Ayton,Under,9.5,-110,2026-02-11,2026-02-10T22:47:20Z,2026-02-10 14:47:44
BetMGM,player_rebounds_assists,Stephon Castle,Over,12.5,110,2026-02-11,2026-02-10T22:47:20Z,2026-02-10 14:47:44
BetMGM,player_rebounds_assists,Stephon Castle,Under,12.5,-145,2026-02-11,2026-02-10T22:47:20Z,2026-02-10 14:47:44
BetMGM,player_rebounds_assists,Jake LaRavia,Over,7.5,-145,2026-02-11,2026-02-10T22:47:20Z,2026-02-10 14:47:44
BetMGM,player_rebounds_assists,Jake LaRavia,Under,7.5,110,2026-02-11,2026-02-10T22:47:20Z,2026-02-10 14:47:44
BetMGM,player_rebounds_assists,Jarred Vanderbilt,Over,9.5,-130,2026-02-11,2026-02-10T22:47:20Z,2026-02-10 14:47:44
BetMGM,player_rebounds_assists,Jarred Vanderbilt,Under,9.5,-105,2026-02-11,2026-02-10T22:47:20Z,2026-02-10 14:47:44
BetMGM,player_rebounds_assists,Rui Hachimura,Over,6.5,110,2026-02-11,2026-02-10T22:47:20Z,2026-02-10 14:47:44
BetMGM,player_rebounds_assists,Rui Hachimura,Under,6.5,-150,2026-02-11,2026-02-10T22:47:20Z,2026-02-10 14:47:44
Bovada,player_rebounds_assists,Andrew Nembhard,Over,8.5,-200,2026-02-11,2026-02-10T22:47:30Z,2026-02-10 14:47:44
Bovada,player_rebounds_assists,Andrew Nembhard,Under,8.5,150,2026-02-11,2026-02-10T22:47:30Z,2026-02-10 14:47:44
Bovada,player_rebounds_assists,Andrew Nembhard,Over,9.5,-125,2026-02-11,2026-02-10T22:47:30Z,2026-02-10 14:47:44
Bovada,player_rebounds_assists,Andrew Nembhard,Under,9.5,-105,2026-02-11,2026-02-10T22:47:30Z,2026-02-10 14:47:44
Bovada,player_rebounds_assists,Andrew Nembhard,Over,10.5,120,2026-02-11,2026-02-10T22:47:30Z,2026-02-10 14:47:44
Bovada,player_rebounds_assists,Andrew Nembhard,Under,10.5,-160,2026-02-11,2026-02-10T22:47:30Z,2026-02-10 14:47:44
Bovada,player_rebounds_assists,Jalen Brunson,Over,7.5,-300,2026-02-11,2026-02-10T22:47:30Z,2026-02-10 14:47:44
Bovada,player_rebounds_assists,Jalen Brunson,Under,7.5,215,2026-02-11,2026-02-10T22:47:30Z,2026-02-10 14:47:44
Bovada,player_rebounds_assists,Jalen Brunson,Over,8.5,-170,2026-02-11,2026-02-10T22:47:30Z,2026-02-10 14:47:44
Bovada,player_rebounds_assists,Jalen Brunson,Under,8.5,130,2026-02-11,2026-02-10T22:47:30Z,2026-02-10 14:47:44
Bovada,player_rebounds_assists,Jalen Brunson,Over,9.5,-110,2026-02-11,2026-02-10T22:47:30Z,2026-02-10 14:47:44
Bovada,player_rebounds_assists,Jalen Brunson,Under,9.5,-120,2026-02-11,2026-02-10T22:47:30Z,2026-02-10 14:47:44
Bovada,player_rebounds_assists,Josh Hart,Over,12.5,-185,2026-02-11,2026-02-10T22:47:30Z,2026-02-10 14:47:44
Bovada,player_rebounds_assists,Josh Hart,Under,12.5,140,2026-02-11,2026-02-10T22:47:30Z,2026-02-10 14:47:44
Bovada,player_rebounds_assists,Josh Hart,Over,13.5,-125,2026-02-11,2026-02-10T22:47:30Z,2026-02-10 14:47:44
Bovada,player_rebounds_assists,Josh Hart,Under,13.5,-105,2026-02-11,2026-02-10T22:47:30Z,2026-02-10 14:47:44
Bovada,player_rebounds_assists,Josh Hart,Over,14.5,115,2026-02-11,2026-02-10T22:47:30Z,2026-02-10 14:47:44
Bovada,player_rebounds_assists,Josh Hart,Under,14.5,-150,2026-02-11,2026-02-10T22:47:30Z,2026-02-10 14:47:44
Bovada,player_rebounds_assists,Karl-Anthony Towns,Over,13.5,-230,2026-02-11,2026-02-10T22:47:30Z,2026-02-10 14:47:44
Bovada,player_rebounds_assists,Karl-Anthony Towns,Under,13.5,170,2026-02-11,2026-02-10T22:47:30Z,2026-02-10 14:47:44
Bovada,player_rebounds_assists,Karl-Anthony Towns,Over,14.5,-160,2026-02-11,2026-02-10T22:47:30Z,2026-02-10 14:47:44
Bovada,player_rebounds_assists,Karl-Anthony Towns,Under,14.5,120,2026-02-11,2026-02-10T22:47:30Z,2026-02-10 14:47:44
Bovada,player_rebounds_assists,Karl-Anthony Towns,Over,15.5,-110,2026-02-11,2026-02-10T22:47:30Z,2026-02-10 14:47:44
Bovada,player_rebounds_assists,Karl-Anthony Towns,Under,15.5,-120,2026-02-11,2026-02-10T22:47:30Z,2026-02-10 14:47:44
Bovada,player_rebounds_assists,Mikal Bridges,Over,6.5,-210,2026-02-11,2026-02-10T22:47:30Z,2026-02-10 14:47:44
Bovada,player_rebounds_assists,Mikal Bridges,Under,6.5,155,2026-02-11,2026-02-10T22:47:30Z,2026-02-10 14:47:44
Bovada,player_rebounds_assists,Mikal Bridges,Over,7.5,-120,2026-02-11,2026-02-10T22:47:30Z,2026-02-10 14:47:44
Bovada,player_rebounds_assists,Mikal Bridges,Under,7.5,-110,2026-02-11,2026-02-10T22:47:30Z,2026-02-10 14:47:44
Bovada,player_rebounds_assists,Mikal Bridges,Over,8.5,130,2026-02-11,2026-02-10T22:47:30Z,2026-02-10 14:47:44
Bovada,player_rebounds_assists,Mikal Bridges,Under,8.5,-170,2026-02-11,2026-02-10T22:47:30Z,2026-02-10 14:47:44
Bovada,player_rebounds_assists,OG Anunoby,Over,6.5,-250,2026-02-11,2026-02-10T22:47:30Z,2026-02-10 14:47:44
Bovada,player_rebounds_assists,OG Anunoby,Under,6.5,185,2026-02-11,2026-02-10T22:47:30Z,2026-02-10 14:47:44
Bovada,player_rebounds_assists,OG Anunoby,Over,7.5,-145,2026-02-11,2026-02-10T22:47:30Z,2026-02-10 14:47:44
Bovada,player_rebounds_assists,OG Anunoby,Under,7.5,110,2026-02-11,2026-02-10T22:47:30Z,2026-02-10 14:47:44
Bovada,player_rebounds_assists,OG Anunoby,Over,8.5,110,2026-02-11,2026-02-10T22:47:30Z,2026-02-10 14:47:44
Bovada,player_rebounds_assists,OG Anunoby,Under,8.5,-145,2026-02-11,2026-02-10T22:47:30Z,2026-02-10 14:47:44
Bovada,player_rebounds_assists,Pascal Siakam,Over,8.5,-250,2026-02-11,2026-02-10T22:47:30Z,2026-02-10 14:47:44
Bovada,player_rebounds_assists,Pascal Siakam,Under,8.5,185,2026-02-11,2026-02-10T22:47:30Z,2026-02-10 14:47:44
Bovada,player_rebounds_assists,Pascal Siakam,Over,9.5,-160,2026-02-11,2026-02-10T22:47:30Z,2026-02-10 14:47:44
Bovada,player_rebounds_assists,Pascal Siakam,Under,9.5,120,2026-02-11,2026-02-10T22:47:30Z,2026-02-10 14:47:44
Bovada,player_rebounds_assists,Pascal Siakam,Over,10.5,100,2026-02-11,2026-02-10T22:47:30Z,2026-02-10 14:47:44
Bovada,player_rebounds_assists,Pascal Siakam,Under,10.5,-130,2026-02-11,2026-02-10T22:47:30Z,2026-02-10 14:47:44
Bovada,player_rebounds_assists,Alperen Sengun,Over,14.5,-170,2026-02-11,2026-02-10T22:47:39Z,2026-02-10 14:47:44
Bovada,player_rebounds_assists,Alperen Sengun,Under,14.5,130,2026-02-11,2026-02-10T22:47:39Z,2026-02-10 14:47:44
Bovada,player_rebounds_assists,Alperen Sengun,Over,15.5,-120,2026-02-11,2026-02-10T22:47:39Z,2026-02-10 14:47:44
Bovada,player_rebounds_assists,Alperen Sengun,Under,15.5,-110,2026-02-11,2026-02-10T22:47:39Z,2026-02-10 14:47:44
Bovada,player_rebounds_assists,Alperen Sengun,Over,16.5,120,2026-02-11,2026-02-10T22:47:39Z,2026-02-10 14:47:44
Bovada,player_rebounds_assists,Alperen Sengun,Under,16.5,-160,2026-02-11,2026-02-10T22:47:39Z,2026-02-10 14:47:44
Bovada,player_rebounds_assists,Amen Thompson,Over,11.5,-170,2026-02-11,2026-02-10T22:47:39Z,2026-02-10 14:47:44
Bovada,player_rebounds_assists,Amen Thompson,Under,11.5,130,2026-02-11,2026-02-10T22:47:39Z,2026-02-10 14:47:44
Bovada,player_rebounds_assists,Amen Thompson,Over,12.5,-115,2026-02-11,2026-02-10T22:47:39Z,2026-02-10 14:47:44
Bovada,player_rebounds_assists,Amen Thompson,Under,12.5,-115,2026-02-11,2026-02-10T22:47:39Z,2026-02-10 14:47:44
Bovada,player_rebounds_assists,Amen Thompson,Over,13.5,125,2026-02-11,2026-02-10T22:47:39Z,2026-02-10 14:47:44
Bovada,player_rebounds_assists,Amen Thompson,Under,13.5,-165,2026-02-11,2026-02-10T22:47:39Z,2026-02-10 14:47:44
Bovada,player_rebounds_assists,Jabari Smith Jr,Over,7.5,-180,2026-02-11,2026-02-10T22:47:39Z,2026-02-10 14:47:44
Bovada,player_rebounds_assists,Jabari Smith Jr,Under,7.5,135,2026-02-11,2026-02-10T22:47:39Z,2026-02-10 14:47:44
Bovada,player_rebounds_assists,Jabari Smith Jr,Over,8.5,-110,2026-02-11,2026-02-10T22:47:39Z,2026-02-10 14:47:44
Bovada,player_rebounds_assists,Jabari Smith Jr,Under,8.5,-120,2026-02-11,2026-02-10T22:47:39Z,2026-02-10 14:47:44
Bovada,player_rebounds_assists,Jabari Smith Jr,Over,9.5,145,2026-02-11,2026-02-10T22:47:39Z,2026-02-10 14:47:44
Bovada,player_rebounds_assists,Jabari Smith Jr,Under,9.5,-190,2026-02-11,2026-02-10T22:47:39Z,2026-02-10 14:47:44
Bovada,player_rebounds_assists,Kawhi Leonard,Over,9.5,-230,2026-02-11,2026-02-10T22:47:39Z,2026-02-10 14:47:44
Bovada,player_rebounds_assists,Kawhi Leonard,Under,9.5,170,2026-02-11,2026-02-10T22:47:39Z,2026-02-10 14:47:44
Bovada,player_rebounds_assists,Kawhi Leonard,Over,10.5,-145,2026-02-11,2026-02-10T22:47:39Z,2026-02-10 14:47:44
Bovada,player_rebounds_assists,Kawhi Leonard,Under,10.5,110,2026-02-11,2026-02-10T22:47:39Z,2026-02-10 14:47:44
Bovada,player_rebounds_assists,Kawhi Leonard,Over,11.5,105,2026-02-11,2026-02-10T22:47:39Z,2026-02-10 14:47:44
Bovada,player_rebounds_assists,Kawhi Leonard,Under,11.5,-135,2026-02-11,2026-02-10T22:47:39Z,2026-02-10 14:47:44
Bovada,player_rebounds_assists,Kevin Durant,Over,7.5,-275,2026-02-11,2026-02-10T22:47:39Z,2026-02-10 14:47:44
Bovada,player_rebounds_assists,Kevin Durant,Under,7.5,200,2026-02-11,2026-02-10T22:47:39Z,2026-02-10 14:47:44
Bovada,player_rebounds_assists,Kevin Durant,Over,8.5,-165,2026-02-11,2026-02-10T22:47:39Z,2026-02-10 14:47:44
Bovada,player_rebounds_assists,Kevin Durant,Under,8.5,125,2026-02-11,2026-02-10T22:47:39Z,2026-02-10 14:47:44
Bovada,player_rebounds_assists,Kevin Durant,Over,9.5,-105,2026-02-11,2026-02-10T22:47:39Z,2026-02-10 14:47:44
Bovada,player_rebounds_assists,Kevin Durant,Under,9.5,-125,2026-02-11,2026-02-10T22:47:39Z,2026-02-10 14:47:44
Bovada,player_rebounds_assists,Kris Dunn,Over,5.5,-275,2026-02-11,2026-02-10T22:47:39Z,2026-02-10 14:47:44
Bovada,player_rebounds_assists,Kris Dunn,Under,5.5,200,2026-02-11,2026-02-10T22:47:39Z,2026-02-10 14:47:44
Bovada,player_rebounds_assists,Kris Dunn,Over,6.5,-150,2026-02-11,2026-02-10T22:47:39Z,2026-02-10 14:47:44
Bovada,player_rebounds_assists,Kris Dunn,Under,6.5,115,2026-02-11,2026-02-10T22:47:39Z,2026-02-10 14:47:44
Bovada,player_rebounds_assists,Kris Dunn,Over,7.5,110,2026-02-11,2026-02-10T22:47:39Z,2026-02-10 14:47:44
Bovada,player_rebounds_assists,Kris Dunn,Under,7.5,-145,2026-02-11,2026-02-10T22:47:39Z,2026-02-10 14:47:44
Bovada,player_rebounds_assists,Reed Sheppard,Over,3.5,-230,2026-02-11,2026-02-10T22:47:39Z,2026-02-10 14:47:44
Bovada,player_rebounds_assists,Reed Sheppard,Under,3.5,170,2026-02-11,2026-02-10T22:47:39Z,2026-02-10 14:47:44
Bovada,player_rebounds_assists,Reed Sheppard,Over,4.5,-115,2026-02-11,2026-02-10T22:47:39Z,2026-02-10 14:47:44
Bovada,player_rebounds_assists,Reed Sheppard,Under,4.5,-115,2026-02-11,2026-02-10T22:47:39Z,2026-02-10 14:47:44
Bovada,player_rebounds_assists,Reed Sheppard,Over,5.5,160,2026-02-11,2026-02-10T22:47:39Z,2026-02-10 14:47:44
Bovada,player_rebounds_assists,Reed Sheppard,Under,5.5,-215,2026-02-11,2026-02-10T22:47:39Z,2026-02-10 14:47:44
Bovada,player_rebounds_assists,Caleb Martin,Over,4.5,-220,2026-02-11,2026-02-10T22:47:20Z,2026-02-10 14:47:44
Bovada,player_rebounds_assists,Caleb Martin,Under,4.5,165,2026-02-11,2026-02-10T22:47:20Z,2026-02-10 14:47:44
Bovada,player_rebounds_assists,Caleb Martin,Over,5.5,-120,2026-02-11,2026-02-10T22:47:20Z,2026-02-10 14:47:44
Bovada,player_rebounds_assists,Caleb Martin,Under,5.5,-110,2026-02-11,2026-02-10T22:47:20Z,2026-02-10 14:47:44
Bovada,player_rebounds_assists,Caleb Martin,Over,6.5,145,2026-02-11,2026-02-10T22:47:20Z,2026-02-10 14:47:44
Bovada,player_rebounds_assists,Caleb Martin,Under,6.5,-190,2026-02-11,2026-02-10T22:47:20Z,2026-02-10 14:47:44
Bovada,player_rebounds_assists,Collin Gillespie,Over,7.5,-210,2026-02-11,2026-02-10T22:47:20Z,2026-02-10 14:47:44
Bovada,player_rebounds_assists,Collin Gillespie,Under,7.5,155,2026-02-11,2026-02-10T22:47:20Z,2026-02-10 14:47:44
Bovada,player_rebounds_assists,Collin Gillespie,Over,8.5,-125,2026-02-11,2026-02-10T22:47:20Z,2026-02-10 14:47:44
Bovada,player_rebounds_assists,Collin Gillespie,Under,8.5,-105,2026-02-11,2026-02-10T22:47:20Z,2026-02-10 14:47:44
Bovada,player_rebounds_assists,Collin Gillespie,Over,9.5,125,2026-02-11,2026-02-10T22:47:20Z,2026-02-10 14:47:44
Bovada,player_rebounds_assists,Collin Gillespie,Under,9.5,-165,2026-02-11,2026-02-10T22:47:20Z,2026-02-10 14:47:44
Bovada,player_rebounds_assists,Cooper Flagg,Over,10.5,-220,2026-02-11,2026-02-10T22:47:20Z,2026-02-10 14:47:44
Bovada,player_rebounds_assists,Cooper Flagg,Under,10.5,165,2026-02-11,2026-02-10T22:47:20Z,2026-02-10 14:47:44
Bovada,player_rebounds_assists,Cooper Flagg,Over,11.5,-135,2026-02-11,2026-02-10T22:47:20Z,2026-02-10 14:47:44
Bovada,player_rebounds_assists,Cooper Flagg,Under,11.5,105,2026-02-11,2026-02-10T22:47:20Z,2026-02-10 14:47:44
Bovada,player_rebounds_assists,Cooper Flagg,Over,12.5,105,2026-02-11,2026-02-10T22:47:20Z,2026-02-10 14:47:44
Bovada,player_rebounds_assists,Cooper Flagg,Under,12.5,-135,2026-02-11,2026-02-10T22:47:20Z,2026-02-10 14:47:44
Bovada,player_rebounds_assists,Devin Booker,Over,8.5,-230,2026-02-11,2026-02-10T22:47:20Z,2026-02-10 14:47:44
Bovada,player_rebounds_assists,Devin Booker,Under,8.5,170,2026-02-11,2026-02-10T22:47:20Z,2026-02-10 14:47:44
Bovada,player_rebounds_assists,Devin Booker,Over,9.5,-145,2026-02-11,2026-02-10T22:47:20Z,2026-02-10 14:47:44
Bovada,player_rebounds_assists,Devin Booker,Under,9.5,110,2026-02-11,2026-02-10T22:47:20Z,2026-02-10 14:47:44
Bovada,player_rebounds_assists,Devin Booker,Over,10.5,105,2026-02-11,2026-02-10T22:47:20Z,2026-02-10 14:47:44
Bovada,player_rebounds_assists,Devin Booker,Under,10.5,-135,2026-02-11,2026-02-10T22:47:20Z,2026-02-10 14:47:44
Bovada,player_rebounds_assists,Dillon Brooks,Over,4.5,-240,2026-02-11,2026-02-10T22:47:20Z,2026-02-10 14:47:44
Bovada,player_rebounds_assists,Dillon Brooks,Under,4.5,175,2026-02-11,2026-02-10T22:47:20Z,2026-02-10 14:47:44
Bovada,player_rebounds_assists,Dillon Brooks,Over,5.5,-125,2026-02-11,2026-02-10T22:47:20Z,2026-02-10 14:47:44
Bovada,player_rebounds_assists,Dillon Brooks,Under,5.5,-105,2026-02-11,2026-02-10T22:47:20Z,2026-02-10 14:47:44
Bovada,player_rebounds_assists,Dillon Brooks,Over,6.5,140,2026-02-11,2026-02-10T22:47:20Z,2026-02-10 14:47:44
Bovada,player_rebounds_assists,Dillon Brooks,Under,6.5,-185,2026-02-11,2026-02-10T22:47:20Z,2026-02-10 14:47:44
Bovada,player_rebounds_assists,Jalen Green,Over,3.5,-220,2026-02-11,2026-02-10T22:47:20Z,2026-02-10 14:47:44
Bovada,player_rebounds_assists,Jalen Green,Under,3.5,165,2026-02-11,2026-02-10T22:47:20Z,2026-02-10 14:47:44
Bovada,player_rebounds_assists,Jalen Green,Over,4.5,-110,2026-02-11,2026-02-10T22:47:20Z,2026-02-10 14:47:44
Bovada,player_rebounds_assists,Jalen Green,Under,4.5,-120,2026-02-11,2026-02-10T22:47:20Z,2026-02-10 14:47:44
Bovada,player_rebounds_assists,Jalen Green,Over,5.5,165,2026-02-11,2026-02-10T22:47:20Z,2026-02-10 14:47:44
Bovada,player_rebounds_assists,Jalen Green,Under,5.5,-220,2026-02-11,2026-02-10T22:47:20Z,2026-02-10 14:47:44
Bovada,player_rebounds_assists,Jordan Goodwin,Over,6.5,-170,2026-02-11,2026-02-10T22:47:20Z,2026-02-10 14:47:44
Bovada,player_rebounds_assists,Jordan Goodwin,Under,6.5,130,2026-02-11,2026-02-10T22:47:20Z,2026-02-10 14:47:44
Bovada,player_rebounds_assists,Jordan Goodwin,Over,7.5,100,2026-02-11,2026-02-10T22:47:20Z,2026-02-10 14:47:44
Bovada,player_rebounds_assists,Jordan Goodwin,Under,7.5,-130,2026-02-11,2026-02-10T22:47:20Z,2026-02-10 14:47:44
Bovada,player_rebounds_assists,Jordan Goodwin,Over,8.5,160,2026-02-11,2026-02-10T22:47:20Z,2026-02-10 14:47:44
Bovada,player_rebounds_assists,Jordan Goodwin,Under,8.5,-215,2026-02-11,2026-02-10T22:47:20Z,2026-02-10 14:47:44
Bovada,player_rebounds_assists,Max Christie,Over,4.5,-220,2026-02-11,2026-02-10T22:47:20Z,2026-02-10 14:47:44
Bovada,player_rebounds_assists,Max Christie,Under,4.5,165,2026-02-11,2026-02-10T22:47:20Z,2026-02-10 14:47:44
Bovada,player_rebounds_assists,Max Christie,Over,5.5,-120,2026-02-11,2026-02-10T22:47:20Z,2026-02-10 14:47:44
Bovada,player_rebounds_assists,Max Christie,Under,5.5,-110,2026-02-11,2026-02-10T22:47:20Z,2026-02-10 14:47:44
Bovada,player_rebounds_assists,Max Christie,Over,6.5,145,2026-02-11,2026-02-10T22:47:20Z,2026-02-10 14:47:44
Bovada,player_rebounds_assists,Max Christie,Under,6.5,-190,2026-02-11,2026-02-10T22:47:20Z,2026-02-10 14:47:44
Bovada,player_rebounds_assists,Naji Marshall,Over,7.5,-170,2026-02-11,2026-02-10T22:47:20Z,2026-02-10 14:47:44
Bovada,player_rebounds_assists,Naji Marshall,Under,7.5,130,2026-02-11,2026-02-10T22:47:20Z,2026-02-10 14:47:44
Bovada,player_rebounds_assists,Naji Marshall,Over,8.5,-105,2026-02-11,2026-02-10T22:47:20Z,2026-02-10 14:47:44
Bovada,player_rebounds_assists,Naji Marshall,Under,8.5,-125,2026-02-11,2026-02-10T22:47:20Z,2026-02-10 14:47:44
Bovada,player_rebounds_assists,Naji Marshall,Over,9.5,150,2026-02-11,2026-02-10T22:47:20Z,2026-02-10 14:47:44
Bovada,player_rebounds_assists,Naji Marshall,Under,9.5,-200,2026-02-11,2026-02-10T22:47:20Z,2026-02-10 14:47:44
Bovada,player_rebounds_assists,Royce O'Neale,Over,6.5,-215,2026-02-11,2026-02-10T22:47:20Z,2026-02-10 14:47:44
Bovada,player_rebounds_assists,Royce O'Neale,Under,6.5,160,2026-02-11,2026-02-10T22:47:20Z,2026-02-10 14:47:44
Bovada,player_rebounds_assists,Royce O'Neale,Over,7.5,-125,2026-02-11,2026-02-10T22:47:20Z,2026-02-10 14:47:44
Bovada,player_rebounds_assists,Royce O'Neale,Under,7.5,-105,2026-02-11,2026-02-10T22:47:20Z,2026-02-10 14:47:44
Bovada,player_rebounds_assists,Royce O'Neale,Over,8.5,130,2026-02-11,2026-02-10T22:47:20Z,2026-02-10 14:47:44
Bovada,player_rebounds_assists,Royce O'Neale,Under,8.5,-170,2026-02-11,2026-02-10T22:47:20Z,2026-02-10 14:47:44
Bovada,player_rebounds_assists,De'Aaron Fox,Over,8.5,-190,2026-02-11,2026-02-10T22:47:38Z,2026-02-10 14:47:44
Bovada,player_rebounds_assists,De'Aaron Fox,Under,8.5,145,2026-02-11,2026-02-10T22:47:38Z,2026-02-10 14:47:44
Bovada,player_rebounds_assists,De'Aaron Fox,Over,9.5,-120,2026-02-11,2026-02-10T22:47:38Z,2026-02-10 14:47:44
Bovada,player_rebounds_assists,De'Aaron Fox,Under,9.5,-110,2026-02-11,2026-02-10T22:47:38Z,2026-02-10 14:47:44
Bovada,player_rebounds_assists,De'Aaron Fox,Over,10.5,130,2026-02-11,2026-02-10T22:47:38Z,2026-02-10 14:47:44
Bovada,player_rebounds_assists,De'Aaron Fox,Under,10.5,-170,2026-02-11,2026-02-10T22:47:38Z,2026-02-10 14:47:44
Bovada,player_rebounds_assists,Dylan Harper,Over,5.5,-200,2026-02-11,2026-02-10T22:47:38Z,2026-02-10 14:47:44
Bovada,player_rebounds_assists,Dylan Harper,Under,5.5,150,2026-02-11,2026-02-10T22:47:38Z,2026-02-10 14:47:44
Bovada,player_rebounds_assists,Dylan Harper,Over,6.5,-115,2026-02-11,2026-02-10T22:47:38Z,2026-02-10 14:47:44
Bovada,player_rebounds_assists,Dylan Harper,Under,6.5,-115,2026-02-11,2026-02-10T22:47:38Z,2026-02-10 14:47:44
Bovada,player_rebounds_assists,Dylan Harper,Over,7.5,145,2026-02-11,2026-02-10T22:47:38Z,2026-02-10 14:47:44
Bovada,player_rebounds_assists,Dylan Harper,Under,7.5,-190,2026-02-11,2026-02-10T22:47:38Z,2026-02-10 14:47:44
Bovada,player_rebounds_assists,Stephon Castle,Over,10.5,-260,2026-02-11,2026-02-10T22:47:38Z,2026-02-10 14:47:44
Bovada,player_rebounds_assists,Stephon Castle,Under,10.5,190,2026-02-11,2026-02-10T22:47:38Z,2026-02-10 14:47:44
Bovada,player_rebounds_assists,Stephon Castle,Over,11.5,-165,2026-02-11,2026-02-10T22:47:38Z,2026-02-10 14:47:44
Bovada,player_rebounds_assists,Stephon Castle,Under,11.5,125,2026-02-11,2026-02-10T22:47:38Z,2026-02-10 14:47:44
Bovada,player_rebounds_assists,Stephon Castle,Over,12.5,-110,2026-02-11,2026-02-10T22:47:38Z,2026-02-10 14:47:44
Bovada,player_rebounds_assists,Stephon Castle,Under,12.5,-120,2026-02-11,2026-02-10T22:47:38Z,2026-02-10 14:47:44
Bovada,player_rebounds_assists,Victor Wembanyama,Over,12.5,-200,2026-02-11,2026-02-10T22:47:38Z,2026-02-10 14:47:44
Bovada,player_rebounds_assists,Victor Wembanyama,Under,12.5,150,2026-02-11,2026-02-10T22:47:38Z,2026-02-10 14:47:44
Bovada,player_rebounds_assists,Victor Wembanyama,Over,13.5,-135,2026-02-11,2026-02-10T22:47:38Z,2026-02-10 14:47:44
Bovada,player_rebounds_assists,Victor Wembanyama,Under,13.5,105,2026-02-11,2026-02-10T22:47:38Z,2026-02-10 14:47:44
Bovada,player_rebounds_assists,Victor Wembanyama,Over,14.5,105,2026-02-11,2026-02-10T22:47:38Z,2026-02-10 14:47:44
Bovada,player_rebounds_assists,Victor Wembanyama,Under,14.5,-135,2026-02-11,2026-02-10T22:47:38Z,2026-02-10 14:47:44
